job_id,n,q,lattice_t,beta,seed,level,status,terminal,terminal_reason,point_count,nonzero_sign_orbits,log_measured_points,predicted_log_n,ratio,log_ratio,nodes,seconds,enumeration_seconds_total,fixed_radius,solution_budget,solution_budget_reached,evaluator_strategy,predicted_bottleneck_k,predicted_bottleneck_log_n,detail,original_status
n=40:q=11:t=20:beta=14:seed=0,40,11,20,14,0,1,ok,False,,5,2,1.6094379124341003,1.7434052750629778,0.8746186093896634,-0.13396736262887754,2,1.5e-05,2.6e-05,True,10000000,False,FIRST_N_SOLUTIONS,18,11.72739593957898,,
n=40:q=11:t=20:beta=14:seed=0,40,11,20,14,0,2,ok,False,,23,11,3.1354942159291497,3.166220569956044,0.9697409024641259,-0.030726354026894498,14,8e-06,6.7e-05,True,10000000,False,FIRST_N_SOLUTIONS,18,11.72739593957898,,
n=40:q=11:t=20:beta=14:seed=0,40,11,20,14,0,3,ok,False,,79,39,4.3694478524670215,4.410652241875936,0.9596329710863497,-0.041204389408914466,53,1.6e-05,0.000103,True,10000000,False,FIRST_N_SOLUTIONS,18,11.72739593957898,,
n=40:q=11:t=20:beta=14:seed=0,40,11,20,14,0,4,ok,False,,239,119,5.476463551931511,5.550952549986317,0.9282176862029187,-0.07448899805480558,172,0.000106,0.00023,True,10000000,False,FIRST_N_SOLUTIONS,18,11.72739593957898,,
n=40:q=11:t=20:beta=14:seed=0,40,11,20,14,0,5,ok,False,,691,345,6.53813982376767,6.569601102207239,0.9690284780220597,-0.031461278439568474,517,0.00012,0.000371,True,10000000,False,FIRST_N_SOLUTIONS,18,11.72739593957898,,
n=40:q=11:t=20:beta=14:seed=0,40,11,20,14,0,6,ok,False,,1705,852,7.4413203897176174,7.446081613937357,0.9952500924407855,-0.004761224219739901,1369,0.000376,0.000764,True,10000000,False,FIRST_N_SOLUTIONS,18,11.72739593957898,,
n=40:q=11:t=20:beta=14:seed=0,40,11,20,14,0,7,ok,False,,3751,1875,8.229777750081887,8.220399671285826,1.009422190764352,0.009378078796061118,3244,0.000834,0.001624,True,10000000,False,FIRST_N_SOLUTIONS,18,11.72739593957898,,
n=40:q=11:t=20:beta=14:seed=0,40,11,20,14,0,8,ok,False,,7299,3649,8.895492631451633,8.892239989071031,1.0032579379618172,0.0032526423806018556,6893,0.001795,0.00345,True,10000000,False,FIRST_N_SOLUTIONS,18,11.72739593957898,,
n=40:q=11:t=20:beta=14:seed=0,40,11,20,14,0,9,ok,False,,13385,6692,9.501889955954454,9.503283711128788,0.9986072156513256,-0.0013937551743339327,13585,0.00352,0.007007,True,10000000,False,FIRST_N_SOLUTIONS,18,11.72739593957898,,
n=40:q=11:t=20:beta=14:seed=0,40,11,20,14,0,10,ok,False,,21955,10977,9.996750182995818,9.99513840079091,1.0016130818239861,0.0016117822049075414,24562,0.006336,0.013379,True,10000000,False,FIRST_N_SOLUTIONS,18,11.72739593957898,,
n=40:q=11:t=20:beta=14:seed=0,40,11,20,14,0,11,ok,False,,33933,16966,10.432143271199491,10.428223478051743,1.003927485584545,0.003919793147748152,24572,0.011289,0.024727,True,10000000,False,FIRST_N_SOLUTIONS,18,11.72739593957898,,
n=40:q=11:t=20:beta=14:seed=0,40,11,20,14,0,12,ok,False,,48221,24110,10.783549889802996,10.784217757945468,0.9993323548318143,-0.0006678681424716615,41539,0.021317,0.046113,True,10000000,False,FIRST_N_SOLUTIONS,18,11.72739593957898,,
n=40:q=11:t=20:beta=14:seed=0,40,11,20,14,0,13,ok,False,,63545,31772,11.05950359531617,11.062167497982704,0.9973396423735955,-0.002663902666533602,65650,0.030407,0.0766,True,10000000,False,FIRST_N_SOLUTIONS,18,11.72739593957898,,
n=40:q=11:t=20:beta=14:seed=0,40,11,20,14,0,14,ok,False,,82311,41155,11.318260035084968,11.323360949980684,0.9949120726784508,-0.005100914895715292,97423,0.046929,0.123614,True,10000000,False,FIRST_N_SOLUTIONS,18,11.72739593957898,,
n=40:q=11:t=20:beta=14:seed=0,40,11,20,14,0,15,ok,False,,96207,48103,11.474257399079313,11.477434802449837,0.9968276392333565,-0.003177403370523635,138579,0.067036,0.190729,True,10000000,False,FIRST_N_SOLUTIONS,18,11.72739593957898,,
n=40:q=11:t=20:beta=14:seed=0,40,11,20,14,0,16,ok,False,,106473,53236,11.575646710862943,11.577839706006264,0.9978094077137223,-0.0021929951433214967,186683,0.073197,0.264009,True,10000000,False,FIRST_N_SOLUTIONS,18,11.72739593957898,,
n=40:q=11:t=20:beta=14:seed=0,40,11,20,14,0,17,ok,False,,121911,60955,11.711046549298086,11.710144995450557,1.0009019603693565,0.0009015538475285467,239920,0.08288,0.346957,True,10000000,False,FIRST_N_SOLUTIONS,18,11.72739593957898,,
n=40:q=11:t=20:beta=14:seed=0,40,11,20,14,0,18,ok,False,,124257,62128,11.730107280400118,11.72739593957898,1.0027150198299264,0.0027113408211381085,300876,0.090449,0.437491,True,10000000,False,FIRST_N_SOLUTIONS,18,11.72739593957898,,
n=40:q=11:t=20:beta=14:seed=0,40,11,20,14,0,19,ok,False,,120819,60409,11.702048836883112,11.695971991735732,1.0060953466287454,0.006076845147379828,363005,0.091006,0.528578,True,10000000,False,FIRST_N_SOLUTIONS,18,11.72739593957898,,
n=40:q=11:t=20:beta=14:seed=0,40,11,20,14,0,20,ok,False,,109373,54686,11.602519337778444,11.600364265308485,1.0021573963076809,0.0021550724699590518,423415,0.083221,0.611864,True,10000000,False,FIRST_N_SOLUTIONS,18,11.72739593957898,,
n=40:q=11:t=20:beta=14:seed=0,40,11,20,14,0,21,ok,False,,96779,48389,11.480185307580555,11.485691240102508,0.9945091973437731,-0.005505932521952417,478102,0.095326,0.707266,True,10000000,False,FIRST_N_SOLUTIONS,18,11.72739593957898,,
n=40:q=11:t=20:beta=14:seed=0,40,11,20,14,0,22,ok,False,,81257,40628,11.305372250327109,11.305941943465122,0.9994304691063112,-0.0005696931380132497,526492,0.06738,0.774715,True,10000000,False,FIRST_N_SOLUTIONS,18,11.72739593957898,,
n=40:q=11:t=20:beta=14:seed=0,40,11,20,14,0,23,ok,False,,64827,32413,11.079477462225583,11.083507278644873,0.9959782923948951,-0.004029816419290455,567121,0.062097,0.836897,True,10000000,False,FIRST_N_SOLUTIONS,18,11.72739593957898,,
n=40:q=11:t=20:beta=14:seed=0,40,11,20,14,0,24,ok,False,,47469,23734,10.767832145387093,10.778265419851724,0.9896209633534967,-0.010433274464631381,599535,0.041641,0.878628,True,10000000,False,FIRST_N_SOLUTIONS,18,11.72739593957898,,
n=40:q=11:t=20:beta=14:seed=0,40,11,20,14,0,25,ok,False,,34135,17067,10.438078529852381,10.449304521991934,0.9888367841817839,-0.011225992139552332,623270,0.033119,0.911831,True,10000000,False,FIRST_N_SOLUTIONS,18,11.72739593957898,,
n=40:q=11:t=20:beta=14:seed=0,40,11,20,14,0,26,ok,False,,23367,11683,10.059080049588058,10.06301193607133,0.9960758332613523,-0.003931886483272251,640338,0.02888,0.940791,True,10000000,False,FIRST_N_SOLUTIONS,18,11.72739593957898,,
n=40:q=11:t=20:beta=14:seed=0,40,11,20,14,0,27,ok,False,,15429,7714,9.644004134443026,9.639701426031245,1.004311978352135,0.004302708411781708,652022,0.020922,0.961782,True,10000000,False,FIRST_N_SOLUTIONS,18,11.72739593957898,,
n=40:q=11:t=20:beta=14:seed=0,40,11,20,14,0,28,ok,False,,9099,4549,9.11591979635669,9.12280166113257,0.9931417610279216,-0.006881864775879265,659737,0.015542,0.977391,True,10000000,False,FIRST_N_SOLUTIONS,18,11.72739593957898,,
n=40:q=11:t=20:beta=14:seed=0,40,11,20,14,0,29,ok,False,,5437,2718,8.600982717145921,8.606856855774804,0.9941430803912977,-0.0058741386288829744,664287,0.012633,0.990112,True,10000000,False,FIRST_N_SOLUTIONS,18,11.72739593957898,,
n=40:q=11:t=20:beta=14:seed=0,40,11,20,14,0,30,ok,False,,3163,1581,8.059276223305648,8.034546973331256,1.0250375540065573,0.024729249974392076,667006,0.011311,1.001501,True,10000000,False,FIRST_N_SOLUTIONS,18,11.72739593957898,,
n=40:q=11:t=20:beta=14:seed=0,40,11,20,14,0,31,ok,False,,1665,832,7.417580402414544,7.399846862691952,1.017891712542784,0.017733539722592617,668588,0.010441,1.012009,True,10000000,False,FIRST_N_SOLUTIONS,18,11.72739593957898,,
n=40:q=11:t=20:beta=14:seed=0,40,11,20,14,0,32,ok,False,,825,412,6.715383386334681,6.702028716216674,1.0134442420152252,0.01335467011800695,669421,0.010012,1.022085,True,10000000,False,FIRST_N_SOLUTIONS,18,11.72739593957898,,
n=40:q=11:t=20:beta=14:seed=0,40,11,20,14,0,33,ok,False,,401,200,5.993961427306569,5.995764590722644,0.9981984613063849,-0.0018031634160742271,669834,0.009617,1.031758,True,10000000,False,FIRST_N_SOLUTIONS,18,11.72739593957898,,
n=40:q=11:t=20:beta=14:seed=0,40,11,20,14,0,34,ok,False,,177,88,5.176149732573829,5.218478422707847,0.9585546613269331,-0.042328690134017855,670035,0.009621,1.041427,True,10000000,False,FIRST_N_SOLUTIONS,18,11.72739593957898,,
n=40:q=11:t=20:beta=14:seed=0,40,11,20,14,0,35,ok,False,,93,46,4.532599493153256,4.433292903894952,1.1044048463215315,0.09930658925830471,670124,0.009396,1.050879,True,10000000,False,FIRST_N_SOLUTIONS,18,11.72739593957898,,
n=40:q=11:t=20:beta=14:seed=0,40,11,20,14,0,36,ok,False,,51,25,3.9318256327243257,3.624328600702711,1.3600167719955878,0.3074970320216148,670171,0.009462,1.060367,True,10000000,False,FIRST_N_SOLUTIONS,18,11.72739593957898,,
n=40:q=11:t=20:beta=14:seed=0,40,11,20,14,0,37,ok,False,,19,9,2.9444389791664403,2.7547085554898345,1.2089236565316281,0.18973042367660575,670197,0.009399,1.069802,True,10000000,False,FIRST_N_SOLUTIONS,18,11.72739593957898,,
n=40:q=11:t=20:beta=14:seed=0,40,11,20,14,0,38,ok,False,,9,4,2.1972245773362196,1.8560217746122305,1.4066384820531745,0.34120280272398906,670207,0.009445,1.079289,True,10000000,False,FIRST_N_SOLUTIONS,18,11.72739593957898,,
n=40:q=11:t=20:beta=14:seed=0,40,11,20,14,0,39,ok,False,,3,1,1.0986122886681098,0.930425353297899,1.183157764011107,0.1681869353702108,670212,0.009346,1.088671,True,10000000,False,FIRST_N_SOLUTIONS,18,11.72739593957898,,
n=40:q=11:t=20:beta=14:seed=0,40,11,20,14,0,40,ok,True,rank_complete,5,2,1.6094379124341003,-7.105427357601002e-15,5.000000000000035,1.6094379124341074,670214,0.009422,1.098124,True,10000000,False,FIRST_N_SOLUTIONS,18,11.72739593957898,,
n=40:q=11:t=20:beta=14:seed=1,40,11,20,14,1,1,ok,False,,5,2,1.6094379124341003,1.6463272678424992,0.9637827668004728,-0.03688935540839888,2,1.3e-05,2.4e-05,True,10000000,False,FIRST_N_SOLUTIONS,18,11.985575152757438,,
n=40:q=11:t=20:beta=14:seed=1,40,11,20,14,1,2,ok,False,,23,11,3.1354942159291497,3.1310723852608464,1.0044316213871807,0.0044218306683032615,14,7e-06,6.1e-05,True,10000000,False,FIRST_N_SOLUTIONS,18,11.985575152757438,,
n=40:q=11:t=20:beta=14:seed=1,40,11,20,14,1,3,ok,False,,75,37,4.31748811353631,4.386698870208759,0.9331299959797718,-0.06921075667244914,51,1.5e-05,9.8e-05,True,10000000,False,FIRST_N_SOLUTIONS,18,11.985575152757438,,
n=40:q=11:t=20:beta=14:seed=1,40,11,20,14,1,4,ok,False,,237,118,5.4680601411351315,5.526162529029193,0.943553334052054,-0.058102387894061636,169,9.6e-05,0.000211,True,10000000,False,FIRST_N_SOLUTIONS,18,11.985575152757438,,
n=40:q=11:t=20:beta=14:seed=1,40,11,20,14,1,5,ok,False,,667,333,6.502790045915623,6.539207404250435,0.9642377768192277,-0.036417358334811745,502,0.000122,0.000353,True,10000000,False,FIRST_N_SOLUTIONS,18,11.985575152757438,,
n=40:q=11:t=20:beta=14:seed=1,40,11,20,14,1,6,ok,False,,1679,839,7.425953657077541,7.433634247583539,0.9923488298591512,-0.0076805905059984525,1341,0.000364,0.000736,True,10000000,False,FIRST_N_SOLUTIONS,18,11.985575152757438,,
n=40:q=11:t=20:beta=14:seed=1,40,11,20,14,1,7,ok,False,,3849,1924,8.255568653283746,8.259498423433826,0.9960779412919308,-0.003929770150080003,3265,0.00083,0.001586,True,10000000,False,FIRST_N_SOLUTIONS,18,11.985575152757438,,
n=40:q=11:t=20:beta=14:seed=1,40,11,20,14,1,8,ok,False,,7987,3993,8.985570498917388,8.993351381398337,0.9922493102257584,-0.007780882480949103,7258,0.001905,0.003517,True,10000000,False,FIRST_N_SOLUTIONS,18,11.985575152757438,,
n=40:q=11:t=20:beta=14:seed=1,40,11,20,14,1,9,ok,False,,15019,7509,9.61707134520558,9.6209710491216,0.9961078900546774,-0.003899703916019348,14767,0.003981,0.007535,True,10000000,False,FIRST_N_SOLUTIONS,18,11.985575152757438,,
n=40:q=11:t=20:beta=14:seed=1,40,11,20,14,1,10,ok,False,,25383,12691,10.141834937592611,10.139538445920056,1.002299130629283,0.0022964916725545237,27458,0.008017,0.015599,True,10000000,False,FIRST_N_SOLUTIONS,18,11.985575152757438,,
n=40:q=11:t=20:beta=14:seed=1,40,11,20,14,1,11,ok,False,,41497,20748,10.633376414449176,10.632579914203635,1.000796817536096,0.0007965002455403436,27468,0.015095,0.030741,True,10000000,False,FIRST_N_SOLUTIONS,18,11.985575152757438,,
n=40:q=11:t=20:beta=14:seed=1,40,11,20,14,1,12,ok,False,,60583,30291,11.011769604649245,11.012214070853723,0.9995556325559934,-0.00044446620447757823,48217,0.028163,0.058968,True,10000000,False,FIRST_N_SOLUTIONS,18,11.985575152757438,,
n=40:q=11:t=20:beta=14:seed=1,40,11,20,14,1,13,ok,False,,85091,42545,11.351476551036857,11.352214920646157,0.9992619029184607,-0.0007383696092997383,78509,0.044064,0.103104,True,10000000,False,FIRST_N_SOLUTIONS,18,11.985575152757438,,
n=40:q=11:t=20:beta=14:seed=1,40,11,20,14,1,14,ok,False,,111921,55960,11.625548544252984,11.625122068392729,1.0004265668140144,0.00042647586025523765,121055,0.068684,0.171871,True,10000000,False,FIRST_N_SOLUTIONS,18,11.985575152757438,,
n=40:q=11:t=20:beta=14:seed=1,40,11,20,14,1,15,ok,False,,139393,69696,11.8450525608397,11.843989961517472,1.0010631640809078,0.001062599322228408,177016,0.096097,0.268053,True,10000000,False,FIRST_N_SOLUTIONS,18,11.985575152757438,,
n=40:q=11:t=20:beta=14:seed=1,40,11,20,14,1,16,ok,False,,150961,75480,11.924776804291822,11.924165402725714,1.0006115885101425,0.0006114015661076166,246713,0.10211,0.370243,True,10000000,False,FIRST_N_SOLUTIONS,18,11.985575152757438,,
n=40:q=11:t=20:beta=14:seed=1,40,11,20,14,1,17,ok,False,,157309,78654,11.965967302921385,11.965335495101208,1.000632007452779,0.0006318078201772437,322194,0.115065,0.485416,True,10000000,False,FIRST_N_SOLUTIONS,18,11.985575152757438,,
n=40:q=11:t=20:beta=14:seed=1,40,11,20,14,1,18,ok,False,,160509,80254,11.986105294746432,11.985575152757438,1.0005302825390945,0.0005301419889942593,400849,0.12459,0.61009,True,10000000,False,FIRST_N_SOLUTIONS,18,11.985575152757438,,
n=40:q=11:t=20:beta=14:seed=1,40,11,20,14,1,19,ok,False,,152223,76111,11.933101829944086,11.933170345541576,0.9999314867496493,-6.851559749065927e-05,481104,0.120769,0.730962,True,10000000,False,FIRST_N_SOLUTIONS,18,11.985575152757438,,
n=40:q=11:t=20:beta=14:seed=1,40,11,20,14,1,20,ok,False,,143545,71772,11.87440385387328,11.87729851012519,0.9971095292260186,-0.002894656251909211,557216,0.13926,0.870311,True,10000000,False,FIRST_N_SOLUTIONS,18,11.985575152757438,,
n=40:q=11:t=20:beta=14:seed=1,40,11,20,14,1,21,ok,False,,127473,63736,11.755659856449425,11.758109358462455,0.9975534955689981,-0.0024495020130306244,628989,0.125777,0.996151,True,10000000,False,FIRST_N_SOLUTIONS,18,11.985575152757438,,
n=40:q=11:t=20:beta=14:seed=1,40,11,20,14,1,22,ok,False,,100571,50285,11.51861922471215,11.521122849708178,0.9974995064591581,-0.0025036249960272983,692726,0.095809,1.092048,True,10000000,False,FIRST_N_SOLUTIONS,18,11.985575152757438,,
n=40:q=11:t=20:beta=14:seed=1,40,11,20,14,1,23,ok,False,,78737,39368,11.273868463695703,11.273463622954832,1.0004049226999427,0.00040484074087032695,743012,0.07067,1.162781,True,10000000,False,FIRST_N_SOLUTIONS,18,11.985575152757438,,
n=40:q=11:t=20:beta=14:seed=1,40,11,20,14,1,24,ok,False,,58585,29292,10.978233970102256,10.976157700042162,1.0020784270013143,0.002076270060094032,782381,0.063329,1.226187,True,10000000,False,FIRST_N_SOLUTIONS,18,11.985575152757438,,
n=40:q=11:t=20:beta=14:seed=1,40,11,20,14,1,25,ok,False,,41705,20852,10.638376304675711,10.640160982454653,0.9982169138114799,-0.0017846777789412016,811674,0.050442,1.276721,True,10000000,False,FIRST_N_SOLUTIONS,18,11.985575152757438,,
n=40:q=11:t=20:beta=14:seed=1,40,11,20,14,1,26,ok,False,,29261,14630,10.284010850340083,10.28004075902254,1.0039779825696187,0.003970091317542668,832527,0.030513,1.30731,True,10000000,False,FIRST_N_SOLUTIONS,18,11.985575152757438,,
n=40:q=11:t=20:beta=14:seed=1,40,11,20,14,1,27,ok,False,,19203,9601,9.862821795810113,9.854835305456334,1.0080184674394073,0.00798649035377963,847158,0.024384,1.331751,True,10000000,False,FIRST_N_SOLUTIONS,18,11.985575152757438,,
n=40:q=11:t=20:beta=14:seed=1,40,11,20,14,1,28,ok,False,,11807,5903,9.37644785490711,9.366464310295392,1.0100335464532337,0.009983544611717576,856760,0.019967,1.351802,True,10000000,False,FIRST_N_SOLUTIONS,18,11.985575152757438,,
n=40:q=11:t=20:beta=14:seed=1,40,11,20,14,1,29,ok,False,,6973,3486,8.84980082722101,8.83204579703716,1.0179135877402492,0.017755030183849385,862664,0.016514,1.368384,True,10000000,False,FIRST_N_SOLUTIONS,18,11.985575152757438,,
n=40:q=11:t=20:beta=14:seed=1,40,11,20,14,1,30,ok,False,,3863,1931,8.259199362666282,8.233961445414703,1.025559089700993,0.025237917251578423,866151,0.014322,1.382794,True,10000000,False,FIRST_N_SOLUTIONS,18,11.985575152757438,,
n=40:q=11:t=20:beta=14:seed=1,40,11,20,14,1,31,ok,False,,1971,985,7.58629630715272,7.579728887703354,1.0065890322359847,0.006567419449366341,868083,0.013223,1.396068,True,10000000,False,FIRST_N_SOLUTIONS,18,11.985575152757438,,
n=40:q=11:t=20:beta=14:seed=1,40,11,20,14,1,32,ok,False,,965,482,6.872128101338986,6.8965873386625915,0.9758374658545289,-0.024459237323605443,869069,0.012601,1.408714,True,10000000,False,FIRST_N_SOLUTIONS,18,11.985575152757438,,
n=40:q=11:t=20:beta=14:seed=1,40,11,20,14,1,33,ok,False,,477,238,6.1675164908883415,6.170631021485988,0.9968903145213793,-0.0031145305976467696,869552,0.012317,1.421076,True,10000000,False,FIRST_N_SOLUTIONS,18,11.985575152757438,,
n=40:q=11:t=20:beta=14:seed=1,40,11,20,14,1,34,ok,False,,213,106,5.3612921657094255,5.397145175398947,0.9647820966809548,-0.03585300968952154,869791,0.012158,1.433265,True,10000000,False,FIRST_N_SOLUTIONS,18,11.985575152757438,,
n=40:q=11:t=20:beta=14:seed=1,40,11,20,14,1,35,ok,False,,115,57,4.74493212836325,4.5806657618565865,1.1785281937254561,0.1642663665066637,869898,0.012181,1.445482,True,10000000,False,FIRST_N_SOLUTIONS,18,11.985575152757438,,
n=40:q=11:t=20:beta=14:seed=1,40,11,20,14,1,36,ok,False,,43,21,3.7612001156935624,3.696365209233946,1.0669828578650822,0.06483490645961654,869956,0.012196,1.457716,True,10000000,False,FIRST_N_SOLUTIONS,18,11.985575152757438,,
n=40:q=11:t=20:beta=14:seed=1,40,11,20,14,1,37,ok,False,,27,13,3.295836866004329,2.8479101530466338,1.5650639925394163,0.44792671295769537,869978,0.012484,1.470231,True,10000000,False,FIRST_N_SOLUTIONS,18,11.985575152757438,,
n=40:q=11:t=20:beta=14:seed=1,40,11,20,14,1,38,ok,False,,11,5,2.3978952727983707,1.9354335673755614,1.58797831219351,0.4624617054228093,869992,0.012545,1.482805,True,10000000,False,FIRST_N_SOLUTIONS,18,11.985575152757438,,
n=40:q=11:t=20:beta=14:seed=1,40,11,20,14,1,39,ok,False,,5,2,1.6094379124341003,0.9950312190379051,1.8485595115699944,0.6144066933961951,869998,0.012399,1.495255,True,10000000,False,FIRST_N_SOLUTIONS,18,11.985575152757438,,
n=40:q=11:t=20:beta=14:seed=1,40,11,20,14,1,40,ok,True,rank_complete,3,1,1.0986122886681098,-7.105427357601002e-15,3.0000000000000218,1.0986122886681169,870001,0.013472,1.508766,True,10000000,False,FIRST_N_SOLUTIONS,18,11.985575152757438,,
n=40:q=11:t=20:beta=14:seed=2,40,11,20,14,2,1,ok,False,,7,3,1.9459101490553132,1.837011046107051,1.1150498394241948,0.10889910294826222,3,2.4e-05,4.1e-05,True,10000000,False,FIRST_N_SOLUTIONS,18,12.035870748273405,,
n=40:q=11:t=20:beta=14:seed=2,40,11,20,14,2,2,ok,False,,31,15,3.4339872044851463,3.2965837011876706,1.1472909908328839,0.13740350329747564,19,2e-05,0.000114,True,10000000,False,FIRST_N_SOLUTIONS,18,12.035870748273405,,
n=40:q=11:t=20:beta=14:seed=2,40,11,20,14,2,3,ok,False,,99,49,4.59511985013459,4.614294126387168,0.9810083808798752,-0.019174276252578615,68,3.3e-05,0.000233,True,10000000,False,FIRST_N_SOLUTIONS,18,12.035870748273405,,
n=40:q=11:t=20:beta=14:seed=2,40,11,20,14,2,4,ok,False,,299,149,5.700443573390687,5.712258185436754,0.9882549064355329,-0.011814612046067374,217,0.000172,0.000442,True,10000000,False,FIRST_N_SOLUTIONS,18,12.035870748273405,,
n=40:q=11:t=20:beta=14:seed=2,40,11,20,14,2,5,ok,False,,815,407,6.703188113240863,6.695900650650641,1.0073140807660914,0.007287462590221949,624,0.000254,0.000735,True,10000000,False,FIRST_N_SOLUTIONS,18,12.035870748273405,,
n=40:q=11:t=20:beta=14:seed=2,40,11,20,14,2,6,ok,False,,1895,947,7.546974117516527,7.5496225827011205,0.9973550389051541,-0.002648465184593718,1571,0.000628,0.001407,True,10000000,False,FIRST_N_SOLUTIONS,18,12.035870748273405,,
n=40:q=11:t=20:beta=14:seed=2,40,11,20,14,2,7,ok,False,,4155,2077,8.332067707289548,8.326925241441785,1.0051557110198095,0.0051424658477632335,3648,0.001386,0.002852,True,10000000,False,FIRST_N_SOLUTIONS,18,12.035870748273405,,
n=40:q=11:t=20:beta=14:seed=2,40,11,20,14,2,8,ok,False,,8437,4218,9.040382074165628,9.038347632210245,1.0020365128365418,0.0020344419553826043,7866,0.003074,0.005977,True,10000000,False,FIRST_N_SOLUTIONS,18,12.035870748273405,,
n=40:q=11:t=20:beta=14:seed=2,40,11,20,14,2,9,ok,False,,15555,7777,9.652137409331738,9.655656513993781,0.9964870801296644,-0.003519104662043304,15643,0.006321,0.012358,True,10000000,False,FIRST_N_SOLUTIONS,18,12.035870748273405,,
n=40:q=11:t=20:beta=14:seed=2,40,11,20,14,2,10,ok,False,,25443,12721,10.14419593502981,10.142028039137461,1.0021702474776726,0.0021678958923487812,28364,0.012406,0.024855,True,10000000,False,FIRST_N_SOLUTIONS,18,12.035870748273405,,
n=40:q=11:t=20:beta=14:seed=2,40,11,20,14,2,11,ok,False,,40743,20371,10.615039324772178,10.616822141794664,0.9982187712517745,-0.0017828170224856166,28374,0.022636,0.047616,True,10000000,False,FIRST_N_SOLUTIONS,18,12.035870748273405,,
n=40:q=11:t=20:beta=14:seed=2,40,11,20,14,2,12,ok,False,,58979,29489,10.984936727325564,10.98556171551689,0.9993752070731119,-0.0006249881913262811,48746,0.028692,0.076418,True,10000000,False,FIRST_N_SOLUTIONS,18,12.035870748273405,,
n=40:q=11:t=20:beta=14:seed=2,40,11,20,14,2,13,ok,False,,80529,40264,11.296372646979968,11.298282766819597,0.9980917032782963,-0.0019101198396285213,78236,0.040604,0.117106,True,10000000,False,FIRST_N_SOLUTIONS,18,12.035870748273405,,
n=40:q=11:t=20:beta=14:seed=2,40,11,20,14,2,14,ok,False,,105245,52622,11.564046244477943,11.56376522153311,1.0002810624354799,0.00028102294483289825,118501,0.064305,0.181502,True,10000000,False,FIRST_N_SOLUTIONS,18,12.035870748273405,,
n=40:q=11:t=20:beta=14:seed=2,40,11,20,14,2,15,ok,False,,128075,64037,11.760371308807404,11.760064712869557,1.000306642943185,0.0003065959378467653,171124,0.078183,0.259777,True,10000000,False,FIRST_N_SOLUTIONS,18,12.035870748273405,,
n=40:q=11:t=20:beta=14:seed=2,40,11,20,14,2,16,ok,False,,146777,73388,11.896669707138306,11.89634933632371,1.0003204221388073,0.00032037081459712624,235162,0.100439,0.360307,True,10000000,False,FIRST_N_SOLUTIONS,18,12.035870748273405,,
n=40:q=11:t=20:beta=14:seed=2,40,11,20,14,2,17,ok,False,,164369,82184,12.009869179346815,12.006654528859594,1.003219823017239,0.003214650487221249,308551,0.117193,0.477579,True,10000000,False,FIRST_N_SOLUTIONS,18,12.035870748273405,,
n=40:q=11:t=20:beta=14:seed=2,40,11,20,14,2,18,ok,False,,169331,84665,12.039610658270012,12.035870748273405,1.0037469121864642,0.003739909996607338,390736,0.134232,0.611895,True,10000000,False,FIRST_N_SOLUTIONS,18,12.035870748273405,,
n=40:q=11:t=20:beta=14:seed=2,40,11,20,14,2,19,ok,False,,160495,80247,11.986018068418979,11.983169052527803,1.0028530781938887,0.00284901589117581,475402,0.125195,0.737142,True,10000000,False,FIRST_N_SOLUTIONS,18,12.035870748273405,,
n=40:q=11:t=20:beta=14:seed=2,40,11,20,14,2,20,ok,False,,147049,73524,11.898521143550994,11.899949955654655,0.9985722081623717,-0.0014288121036614143,555650,0.143292,0.880495,True,10000000,False,FIRST_N_SOLUTIONS,18,12.035870748273405,,
n=40:q=11:t=20:beta=14:seed=2,40,11,20,14,2,21,ok,False,,124053,62026,11.72846417262438,11.730960948903324,0.9975063380744624,-0.0024967762789440684,629175,0.123844,1.004421,True,10000000,False,FIRST_N_SOLUTIONS,18,12.035870748273405,,
n=40:q=11:t=20:beta=14:seed=2,40,11,20,14,2,22,ok,False,,105847,52923,11.569749934167982,11.573337039278396,0.9964193208652761,-0.003587105110414157,691202,0.094891,1.099408,True,10000000,False,FIRST_N_SOLUTIONS,18,12.035870748273405,,
n=40:q=11:t=20:beta=14:seed=2,40,11,20,14,2,23,ok,False,,82665,41332,11.322551574985445,11.320667580501102,1.0018857703169963,0.0018839944843431766,744126,0.081275,1.180752,True,10000000,False,FIRST_N_SOLUTIONS,18,12.035870748273405,,
n=40:q=11:t=20:beta=14:seed=2,40,11,20,14,2,24,ok,False,,60595,30297,11.011967660402588,11.013690267137065,0.9982788761009344,-0.0017226067344768836,785459,0.069332,1.250175,True,10000000,False,FIRST_N_SOLUTIONS,18,12.035870748273405,,
n=40:q=11:t=20:beta=14:seed=2,40,11,20,14,2,25,ok,False,,42697,21348,10.661883939137294,10.665661091170513,0.9962299724326354,-0.0037771520332192665,815757,0.040829,1.291059,True,10000000,False,FIRST_N_SOLUTIONS,18,12.035870748273405,,
n=40:q=11:t=20:beta=14:seed=2,40,11,20,14,2,26,ok,False,,28617,14308,10.261756225813318,10.268851139780537,0.99293019551658,-0.00709491396721873,837106,0.032757,1.323865,True,10000000,False,FIRST_N_SOLUTIONS,18,12.035870748273405,,
n=40:q=11:t=20:beta=14:seed=2,40,11,20,14,2,27,ok,False,,19049,9524,9.854769885738698,9.867076477362982,0.9877688247844212,-0.01230659162428438,851415,0.024215,1.348138,True,10000000,False,FIRST_N_SOLUTIONS,18,12.035870748273405,,
n=40:q=11:t=20:beta=14:seed=2,40,11,20,14,2,28,ok,False,,11591,5795,9.357984213888745,9.368872397296819,0.9891708783082669,-0.01088818340807407,860940,0.018702,1.366927,True,10000000,False,FIRST_N_SOLUTIONS,18,12.035870748273405,,
n=40:q=11:t=20:beta=14:seed=2,40,11,20,14,2,29,ok,False,,6633,3316,8.799812469525556,8.8199580198029,0.9800560155001959,-0.02014555027734488,866736,0.015631,1.382621,True,10000000,False,FIRST_N_SOLUTIONS,18,12.035870748273405,,
n=40:q=11:t=20:beta=14:seed=2,40,11,20,14,2,30,ok,False,,3703,1851,8.216898580913613,8.211310517732993,1.0056037055289115,0.005588063180619329,870053,0.013809,1.396484,True,10000000,False,FIRST_N_SOLUTIONS,18,12.035870748273405,,
n=40:q=11:t=20:beta=14:seed=2,40,11,20,14,2,31,ok,False,,2075,1037,7.637716432664798,7.602688697543812,1.0356484322358652,0.03502773512098667,871905,0.013065,1.409604,True,10000000,False,FIRST_N_SOLUTIONS,18,12.035870748273405,,
n=40:q=11:t=20:beta=14:seed=2,40,11,20,14,2,32,ok,False,,1043,521,6.949856455000773,6.891958910049823,1.0596064281201667,0.057897544950949786,872943,0.012544,1.422199,True,10000000,False,FIRST_N_SOLUTIONS,18,12.035870748273405,,
n=40:q=11:t=20:beta=14:seed=2,40,11,20,14,2,33,ok,False,,479,239,6.171700597410915,6.146555463433252,1.025463939385304,0.025145133977662937,873465,0.012411,1.434664,True,10000000,False,FIRST_N_SOLUTIONS,18,12.035870748273405,,
n=40:q=11:t=20:beta=14:seed=2,40,11,20,14,2,34,ok,False,,207,103,5.332718793265369,5.3683519375903614,0.9649942421692005,-0.03563314432499265,873705,0.012506,1.447207,True,10000000,False,FIRST_N_SOLUTIONS,18,12.035870748273405,,
n=40:q=11:t=20:beta=14:seed=2,40,11,20,14,2,35,ok,False,,77,38,4.343805421853684,4.562663402381489,0.8034358135817363,-0.21885798052780459,873809,0.012458,1.459715,True,10000000,False,FIRST_N_SOLUTIONS,18,12.035870748273405,,
n=40:q=11:t=20:beta=14:seed=2,40,11,20,14,2,36,ok,False,,27,13,3.295836866004329,3.705483383799404,0.663884880156362,-0.40964651779507477,873848,0.012364,1.472122,True,10000000,False,FIRST_N_SOLUTIONS,18,12.035870748273405,,
n=40:q=11:t=20:beta=14:seed=2,40,11,20,14,2,37,ok,False,,13,6,2.5649493574615367,2.8674813415530664,0.7389448534011499,-0.3025319840915297,873862,0.014239,1.486398,True,10000000,False,FIRST_N_SOLUTIONS,18,12.035870748273405,,
n=40:q=11:t=20:beta=14:seed=2,40,11,20,14,2,38,ok,False,,3,1,1.0986122886681098,1.9734143377770792,0.41694454605455594,-0.8748020491089694,873869,0.014828,1.501288,True,10000000,False,FIRST_N_SOLUTIONS,18,12.035870748273405,,
n=40:q=11:t=20:beta=14:seed=2,40,11,20,14,2,39,ok,False,,1,0,0.0,1.0099577006127447,0.3642343861370278,-1.0099577006127447,873871,0.014776,1.516111,True,10000000,False,FIRST_N_SOLUTIONS,18,12.035870748273405,,
n=40:q=11:t=20:beta=14:seed=2,40,11,20,14,2,40,ok,True,rank_complete,1,0,0.0,-7.105427357601002e-15,1.000000000000007,7.105427357601002e-15,873872,0.014887,1.531073,True,10000000,False,FIRST_N_SOLUTIONS,18,12.035870748273405,,
n=40:q=11:t=20:beta=2:seed=0,40,11,20,2,0,1,ok,False,,5,2,1.6094379124341003,1.771984481982952,0.84997650628127,-0.16254656954885172,2,4e-05,5.6e-05,True,10000000,False,FIRST_N_SOLUTIONS,19,12.982450513895762,,
n=40:q=11:t=20:beta=2:seed=0,40,11,20,2,0,2,ok,False,,25,12,3.2188758248682006,3.288319050212065,0.9329130977013526,-0.0694432253438646,15,3e-05,0.000129,True,10000000,False,FIRST_N_SOLUTIONS,19,12.982450513895762,,
n=40:q=11:t=20:beta=2:seed=0,40,11,20,2,0,3,ok,False,,113,56,4.727387818712341,4.749951792237387,0.9776886890008103,-0.022563973525046244,71,2.8e-05,0.000188,True,10000000,False,FIRST_N_SOLUTIONS,19,12.982450513895762,,
n=40:q=11:t=20:beta=2:seed=0,40,11,20,2,0,4,ok,False,,393,196,5.973809611869261,5.995251120582241,0.9787867262901919,-0.021441508712979562,267,0.000129,0.000345,True,10000000,False,FIRST_N_SOLUTIONS,19,12.982450513895762,,
n=40:q=11:t=20:beta=2:seed=0,40,11,20,2,0,5,ok,False,,1207,603,7.095893221097532,7.09305548439357,1.0028417668900624,0.002837736703961369,870,0.000242,0.000621,True,10000000,False,FIRST_N_SOLUTIONS,19,12.982450513895762,,
n=40:q=11:t=20:beta=2:seed=0,40,11,20,2,0,6,ok,False,,3151,1575,8.055475141757274,8.056639565774645,0.9988362536612139,-0.0011644240173716014,2445,0.000687,0.001341,True,10000000,False,FIRST_N_SOLUTIONS,19,12.982450513895762,,
n=40:q=11:t=20:beta=2:seed=0,40,11,20,2,0,7,ok,False,,6795,3397,8.823942326585245,8.825176145191325,0.998766942235151,-0.0012338186060798506,5842,0.001597,0.002983,True,10000000,False,FIRST_N_SOLUTIONS,19,12.982450513895762,,
n=40:q=11:t=20:beta=2:seed=0,40,11,20,2,0,8,ok,False,,13699,6849,9.52507811645139,9.523456872255906,1.001622559122364,0.0016212441954834844,12691,0.003625,0.006664,True,10000000,False,FIRST_N_SOLUTIONS,19,12.982450513895762,,
n=40:q=11:t=20:beta=2:seed=0,40,11,20,2,0,9,ok,False,,25449,12724,10.144431728475844,10.137208527999197,1.0072493507140945,0.007223200476646596,25415,0.007472,0.014211,True,10000000,False,FIRST_N_SOLUTIONS,19,12.982450513895762,,
n=40:q=11:t=20:beta=2:seed=0,40,11,20,2,0,10,ok,False,,44677,22338,10.70721410679279,10.705654902747645,1.001560420235787,0.0015592040451455347,47753,0.01506,0.029343,True,10000000,False,FIRST_N_SOLUTIONS,19,12.982450513895762,,
n=40:q=11:t=20:beta=2:seed=0,40,11,20,2,0,11,ok,False,,82063,41031,11.315242523943574,11.31349147011795,1.0017525878156093,0.001751053825623572,47763,0.03299,0.062388,True,10000000,False,FIRST_N_SOLUTIONS,19,12.982450513895762,,
n=40:q=11:t=20:beta=2:seed=0,40,11,20,2,0,12,ok,False,,127151,63575,11.75313063554604,11.755950645129722,0.9971839629083105,-0.002820009583683003,88795,0.06389,0.126357,True,10000000,False,FIRST_N_SOLUTIONS,19,12.982450513895762,,
n=40:q=11:t=20:beta=2:seed=0,40,11,20,2,0,13,ok,False,,185285,92642,12.12965045918572,12.131209311589338,0.9984423619756962,-0.0015588524036171947,152371,0.138298,0.264722,True,10000000,False,FIRST_N_SOLUTIONS,19,12.982450513895762,,
n=40:q=11:t=20:beta=2:seed=0,40,11,20,2,0,14,ok,False,,252659,126329,12.439796032488125,12.439602553551152,1.0001934976552298,0.00019347893697307939,245014,0.228455,0.493295,True,10000000,False,FIRST_N_SOLUTIONS,19,12.982450513895762,,
n=40:q=11:t=20:beta=2:seed=0,40,11,20,2,0,15,ok,False,,329057,164528,12.703986267020701,12.703912060920453,1.0000742088535883,7.420610024766461e-05,371344,0.246619,0.740014,True,10000000,False,FIRST_N_SOLUTIONS,19,12.982450513895762,,
n=40:q=11:t=20:beta=2:seed=0,40,11,20,2,0,16,ok,False,,386423,193211,12.864687903358552,12.864427022183056,1.0002609152079494,0.0002608811754960527,535873,0.312075,1.052182,True,10000000,False,FIRST_N_SOLUTIONS,19,12.982450513895762,,
n=40:q=11:t=20:beta=2:seed=0,40,11,20,2,0,17,ok,False,,427553,213776,12.965833536282675,12.965356217231918,1.0004774329856225,0.00047731905075742986,729085,0.36091,1.413157,True,10000000,False,FIRST_N_SOLUTIONS,19,12.982450513895762,,
n=40:q=11:t=20:beta=2:seed=0,40,11,20,2,0,18,ok,False,,433431,216715,12.979487892983743,12.979397772179839,1.0000901248649054,9.012080390391475e-05,942862,0.371978,1.785212,True,10000000,False,FIRST_N_SOLUTIONS,19,12.982450513895762,,
n=40:q=11:t=20:beta=2:seed=0,40,11,20,2,0,19,ok,False,,434849,217424,12.982754123371711,12.982450513895762,1.0003036555699711,0.000303609475949429,1159578,0.372673,2.157978,True,10000000,False,FIRST_N_SOLUTIONS,19,12.982450513895762,,
n=40:q=11:t=20:beta=2:seed=0,40,11,20,2,0,20,ok,False,,375305,187652,12.83549430770956,12.835278679582245,1.0002156513767302,0.00021562812731446002,1377003,0.372569,2.530624,True,10000000,False,FIRST_N_SOLUTIONS,19,12.982450513895762,,
n=40:q=11:t=20:beta=2:seed=0,40,11,20,2,0,21,ok,False,,323541,161770,12.687081123686845,12.688027799333007,0.99905377230986,-0.0009466756461620207,1564656,0.29259,2.82331,True,10000000,False,FIRST_N_SOLUTIONS,19,12.982450513895762,,
n=40:q=11:t=20:beta=2:seed=0,40,11,20,2,0,22,ok,False,,255391,127695,12.45055098311864,12.448638596776302,1.0019142161193273,0.001912386342338479,1726427,0.229496,3.052888,True,10000000,False,FIRST_N_SOLUTIONS,19,12.982450513895762,,
n=40:q=11:t=20:beta=2:seed=0,40,11,20,2,0,23,ok,False,,200655,100327,12.209342294397796,12.208114210730447,1.0012288380708887,0.001228083667349722,1854123,0.207705,3.260674,True,10000000,False,FIRST_N_SOLUTIONS,19,12.982450513895762,,
n=40:q=11:t=20:beta=2:seed=0,40,11,20,2,0,24,ok,False,,147533,73766,11.901807158552012,11.90231138076524,0.9994959048854287,-0.0005042222132285445,1954451,0.162321,3.42309,True,10000000,False,FIRST_N_SOLUTIONS,19,12.982450513895762,,
n=40:q=11:t=20:beta=2:seed=0,40,11,20,2,0,25,ok,False,,99253,49626,11.505427424792872,11.509413213258192,0.9960221442466549,-0.003985788465319828,2028218,0.114931,3.538107,True,10000000,False,FIRST_N_SOLUTIONS,19,12.982450513895762,,
n=40:q=11:t=20:beta=2:seed=0,40,11,20,2,0,26,ok,False,,60977,30488,11.018252022874206,11.025472327840234,0.9928056988131626,-0.0072203049660277685,2077845,0.086915,3.625099,True,10000000,False,FIRST_N_SOLUTIONS,19,12.982450513895762,,
n=40:q=11:t=20:beta=2:seed=0,40,11,20,2,0,27,ok,False,,37685,18842,10.53701741627757,10.54752555335024,0.9895468805202609,-0.010508137072671175,2108334,0.062211,3.687403,True,10000000,False,FIRST_N_SOLUTIONS,19,12.982450513895762,,
n=40:q=11:t=20:beta=2:seed=0,40,11,20,2,0,28,ok,False,,22777,11388,10.033506533859862,10.037936226307103,0.9955801041696761,-0.004429692447240896,2127177,0.046658,3.734152,True,10000000,False,FIRST_N_SOLUTIONS,19,12.982450513895762,,
n=40:q=11:t=20:beta=2:seed=0,40,11,20,2,0,29,ok,False,,12923,6461,9.466763948525191,9.465161564045474,1.001603668983726,0.0016023844797175002,2138566,0.038086,3.772331,True,10000000,False,FIRST_N_SOLUTIONS,19,12.982450513895762,,
n=40:q=11:t=20:beta=2:seed=0,40,11,20,2,0,30,ok,False,,7531,3765,8.926783114101351,8.930407177430975,0.9963824956620912,-0.003624063329624505,2145028,0.033704,3.806117,True,10000000,False,FIRST_N_SOLUTIONS,19,12.982450513895762,,
n=40:q=11:t=20:beta=2:seed=0,40,11,20,2,0,31,ok,False,,4209,2104,8.344980368770571,8.339760981341108,1.0052330321607499,0.0052193874294630405,2148794,0.03134,3.837533,True,10000000,False,FIRST_N_SOLUTIONS,19,12.982450513895762,,
n=40:q=11:t=20:beta=2:seed=0,40,11,20,2,0,32,ok,False,,2185,1092,7.68937110752969,7.646840393531825,1.0434481043443644,0.042530713997865455,2150899,0.030024,3.867626,True,10000000,False,FIRST_N_SOLUTIONS,19,12.982450513895762,,
n=40:q=11:t=20:beta=2:seed=0,40,11,20,2,0,33,ok,False,,1109,554,7.011213987350367,6.933751910855918,1.0805412537693022,0.07746207649444958,2151992,0.029122,3.896806,True,10000000,False,FIRST_N_SOLUTIONS,19,12.982450513895762,,
n=40:q=11:t=20:beta=2:seed=0,40,11,20,2,0,34,ok,False,,491,245,6.19644412779452,6.092410103186921,1.1096382092779378,0.10403402460759903,2152547,0.02892,3.925787,True,10000000,False,FIRST_N_SOLUTIONS,19,12.982450513895762,,
n=40:q=11:t=20:beta=2:seed=0,40,11,20,2,0,35,ok,False,,215,107,5.3706380281276624,5.206749711631744,1.1780827353372343,0.1638883164959184,2152793,0.028997,3.954833,True,10000000,False,FIRST_N_SOLUTIONS,19,12.982450513895762,,
n=40:q=11:t=20:beta=2:seed=0,40,11,20,2,0,36,ok,False,,91,45,4.51085950651685,4.191685084031356,1.375991307800149,0.319174422485494,2152901,0.02864,3.983521,True,10000000,False,FIRST_N_SOLUTIONS,19,12.982450513895762,,
n=40:q=11:t=20:beta=2:seed=0,40,11,20,2,0,37,ok,False,,35,17,3.5553480614894135,3.151856749041194,1.497042226490599,0.40349131244821956,2152947,0.02858,4.012139,True,10000000,False,FIRST_N_SOLUTIONS,19,12.982450513895762,,
n=40:q=11:t=20:beta=2:seed=0,40,11,20,2,0,38,ok,False,,13,6,2.5649493574615367,2.073370754076606,1.634895034792862,0.49157860338493053,2152965,0.028639,4.040816,True,10000000,False,FIRST_N_SOLUTIONS,19,12.982450513895762,,
n=40:q=11:t=20:beta=2:seed=0,40,11,20,2,0,39,ok,False,,11,5,2.3978952727983707,1.0385369075327162,3.893694170691459,1.3593583652656545,2152972,0.028395,4.069248,True,10000000,False,FIRST_N_SOLUTIONS,19,12.982450513895762,,
n=40:q=11:t=20:beta=2:seed=0,40,11,20,2,0,40,ok,True,rank_complete,5,2,1.6094379124341003,-7.105427357601002e-15,5.000000000000035,1.6094379124341074,2152978,0.028496,4.097781,True,10000000,False,FIRST_N_SOLUTIONS,19,12.982450513895762,,
n=40:q=11:t=20:beta=2:seed=1,40,11,20,2,1,1,ok,False,,7,3,1.9459101490553132,1.955846872045611,0.9901124831242155,-0.009936722990297797,3,5.9e-05,8.1e-05,True,10000000,False,FIRST_N_SOLUTIONS,18,14.7703293826383,,
n=40:q=11:t=20:beta=2:seed=1,40,11,20,2,1,2,ok,False,,37,18,3.6109179126442243,3.6063134335720637,1.004615095974771,0.004604479072160661,22,4.8e-05,0.00018,True,10000000,False,FIRST_N_SOLUTIONS,18,14.7703293826383,,
n=40:q=11:t=20:beta=2:seed=1,40,11,20,2,1,3,ok,False,,153,76,5.030437921392435,5.015004239849403,1.0155533958908058,0.015433681543032485,98,4.4e-05,0.000259,True,10000000,False,FIRST_N_SOLUTIONS,18,14.7703293826383,,
n=40:q=11:t=20:beta=2:seed=1,40,11,20,2,1,4,ok,False,,557,278,6.322565239927284,6.330001972331587,0.9925908516693108,-0.007436732404302759,376,0.000226,0.000515,True,10000000,False,FIRST_N_SOLUTIONS,18,14.7703293826383,,
n=40:q=11:t=20:beta=2:seed=1,40,11,20,2,1,5,ok,False,,1919,959,7.5595594960077,7.564161184271128,0.9954088832821405,-0.004601688263427661,1335,0.000563,0.001113,True,10000000,False,FIRST_N_SOLUTIONS,18,14.7703293826383,,
n=40:q=11:t=20:beta=2:seed=1,40,11,20,2,1,6,ok,False,,5569,2784,8.624970783589669,8.62343333830206,1.0015386277625338,0.0015374452876084632,4119,0.001777,0.002937,True,10000000,False,FIRST_N_SOLUTIONS,18,14.7703293826383,,
n=40:q=11:t=20:beta=2:seed=1,40,11,20,2,1,7,ok,False,,14529,7264,9.583901931071338,9.587138572644497,0.9967685907046533,-0.003236641573158394,11383,0.005088,0.008075,True,10000000,False,FIRST_N_SOLUTIONS,18,14.7703293826383,,
n=40:q=11:t=20:beta=2:seed=1,40,11,20,2,1,8,ok,False,,35325,17662,10.472346207552729,10.474756508631389,0.9975926013645958,-0.0024103010786600265,29045,0.014518,0.02265,True,10000000,False,FIRST_N_SOLUTIONS,18,14.7703293826383,,
n=40:q=11:t=20:beta=2:seed=1,40,11,20,2,1,9,ok,False,,74115,37057,11.21337321994796,11.212190382659976,1.0011835371159081,0.001182837287982963,66102,0.033802,0.056534,True,10000000,False,FIRST_N_SOLUTIONS,18,14.7703293826383,,
n=40:q=11:t=20:beta=2:seed=1,40,11,20,2,1,10,ok,False,,155629,77814,11.955230248682042,11.957200262932535,0.9980319249539521,-0.001970014250492369,143916,0.071658,0.128259,True,10000000,False,FIRST_N_SOLUTIONS,18,14.7703293826383,,
n=40:q=11:t=20:beta=2:seed=1,40,11,20,2,1,11,ok,False,,312251,156125,12.651562630544746,12.652345046965502,0.9992178895871574,-0.0007824164207566042,143926,0.197011,0.325348,True,10000000,False,FIRST_N_SOLUTIONS,18,14.7703293826383,,
n=40:q=11:t=20:beta=2:seed=1,40,11,20,2,1,12,ok,False,,545249,272624,13.208997850041102,13.209727792982946,0.9992703234016965,-0.0007299429418434755,300052,0.394753,0.720187,True,10000000,False,FIRST_N_SOLUTIONS,18,14.7703293826383,,
n=40:q=11:t=20:beta=2:seed=1,40,11,20,2,1,13,ok,False,,844753,422376,13.646799555916783,13.646522439291301,1.0002771550258405,0.00027711662548135507,572677,0.678654,1.398941,True,10000000,False,FIRST_N_SOLUTIONS,18,14.7703293826383,,
n=40:q=11:t=20:beta=2:seed=1,40,11,20,2,1,14,ok,False,,1198447,599223,13.99653710993466,13.995465673229884,1.0010720108981352,0.0010714367047768292,995054,1.077181,2.476223,True,10000000,False,FIRST_N_SOLUTIONS,18,14.7703293826383,,
n=40:q=11:t=20:beta=2:seed=1,40,11,20,2,1,15,ok,False,,1654507,827253,14.319013637220317,14.318171275091792,1.0008427170151435,0.0008423621285249538,1594278,1.60768,4.08399,True,10000000,False,FIRST_N_SOLUTIONS,18,14.7703293826383,,
n=40:q=11:t=20:beta=2:seed=1,40,11,20,2,1,16,ok,False,,2076951,1038475,14.546411510861136,14.54655493243136,0.9998565887141581,-0.000143421570223623,2421532,2.163683,6.247771,True,10000000,False,FIRST_N_SOLUTIONS,18,14.7703293826383,,
n=40:q=11:t=20:beta=2:seed=1,40,11,20,2,1,17,ok,False,,2468555,1234277,14.719143517170133,14.71957916680364,0.9995644452480154,-0.0004356496335073956,3460008,2.715561,8.963407,True,10000000,False,FIRST_N_SOLUTIONS,18,14.7703293826383,,
n=40:q=11:t=20:beta=2:seed=1,40,11,20,2,1,18,ok,False,,2598945,1299472,14.77061615141433,14.7703293826383,1.0002868098981266,0.0002867687760303994,4694286,2.99102,11.954538,True,10000000,False,FIRST_N_SOLUTIONS,18,14.7703293826383,,
n=40:q=11:t=20:beta=2:seed=1,40,11,20,2,1,19,ok,False,,2472701,1236350,14.72082163341141,14.721218750930749,0.9996029613213858,-0.00039711751933957373,5993759,2.886825,14.841466,True,10000000,False,FIRST_N_SOLUTIONS,18,14.7703293826383,,
n=40:q=11:t=20:beta=2:seed=1,40,11,20,2,1,20,ok,False,,2195127,1097563,14.601750461587587,14.60209284292215,0.9996576772712367,-0.0003423813345637683,7230110,2.530591,17.372138,True,10000000,False,FIRST_N_SOLUTIONS,18,14.7703293826383,,
n=40:q=11:t=20:beta=2:seed=1,40,11,20,2,1,21,ok,False,,1858915,929457,14.435503542150968,14.435568469832393,0.9999350744263312,-6.492768142507543e-05,8327674,2.002543,19.374766,True,10000000,False,FIRST_N_SOLUTIONS,18,14.7703293826383,,
n=40:q=11:t=20:beta=2:seed=1,40,11,20,2,1,22,ok,False,,1585887,792943,14.276654430214933,14.276155675118623,1.0004988794953131,0.0004987550963093668,9257132,1.739526,21.114387,True,10000000,False,FIRST_N_SOLUTIONS,18,14.7703293826383,,
n=40:q=11:t=20:beta=2:seed=1,40,11,20,2,1,23,ok,False,,1315705,657852,14.089883201605126,14.088725394716665,1.001158477405608,0.0011578068884610104,10050076,1.426636,22.541108,True,10000000,False,FIRST_N_SOLUTIONS,18,14.7703293826383,,
n=40:q=11:t=20:beta=2:seed=1,40,11,20,2,1,24,ok,False,,965683,482841,13.780590901989353,13.77940437153967,1.00118723465543,0.0011865304496829765,10707929,1.086989,23.628186,True,10000000,False,FIRST_N_SOLUTIONS,18,14.7703293826383,,
n=40:q=11:t=20:beta=2:seed=1,40,11,20,2,1,25,ok,False,,697263,348631,13.454917949991437,13.454460141641011,1.0004579131606621,0.00045780835042563695,11190771,0.880953,24.509221,True,10000000,False,FIRST_N_SOLUTIONS,18,14.7703293826383,,
n=40:q=11:t=20:beta=2:seed=1,40,11,20,2,1,26,ok,False,,446025,223012,13.008130283242904,13.005813174772822,1.0023197950405378,0.002317108470082374,11539403,0.623656,25.132958,True,10000000,False,FIRST_N_SOLUTIONS,18,14.7703293826383,,
n=40:q=11:t=20:beta=2:seed=1,40,11,20,2,1,27,ok,False,,252469,126234,12.439043747883192,12.435343560317865,1.0037070417106033,0.0037001875653270844,11762416,0.397824,25.530856,True,10000000,False,FIRST_N_SOLUTIONS,18,14.7703293826383,,
n=40:q=11:t=20:beta=2:seed=1,40,11,20,2,1,28,ok,False,,128769,64384,11.76577538045372,11.760781370498478,1.005006500807449,0.004994009955241907,11888651,0.276818,25.80775,True,10000000,False,FIRST_N_SOLUTIONS,18,14.7703293826383,,
n=40:q=11:t=20:beta=2:seed=1,40,11,20,2,1,29,ok,False,,70193,35096,11.159003869942307,11.153384751564001,1.0056349352357008,0.005619118378305643,11953036,0.217173,26.024999,True,10000000,False,FIRST_N_SOLUTIONS,18,14.7703293826383,,
n=40:q=11:t=20:beta=2:seed=1,40,11,20,2,1,30,ok,False,,33299,16649,10.413282645487595,10.410676020348305,1.002610025340306,0.0026066251392897755,11988133,0.183773,26.208841,True,10000000,False,FIRST_N_SOLUTIONS,18,14.7703293826383,,
n=40:q=11:t=20:beta=2:seed=1,40,11,20,2,1,31,ok,False,,15517,7758,9.649691476083484,9.647517541436617,1.002176299356056,0.002173934646867437,12004783,0.169385,26.378329,True,10000000,False,FIRST_N_SOLUTIONS,18,14.7703293826383,,
n=40:q=11:t=20:beta=2:seed=1,40,11,20,2,1,32,ok,False,,6473,3236,8.77539495854551,8.779364798250377,0.9960380296919155,-0.003969839704867084,12012542,0.163422,26.541824,True,10000000,False,FIRST_N_SOLUTIONS,18,14.7703293826383,,
n=40:q=11:t=20:beta=2:seed=1,40,11,20,2,1,33,ok,False,,2403,1201,7.784473235736469,7.789591734323125,0.9948945786058574,-0.005118498586655917,12015779,0.159558,26.701478,True,10000000,False,FIRST_N_SOLUTIONS,18,14.7703293826383,,
n=40:q=11:t=20:beta=2:seed=1,40,11,20,2,1,34,ok,False,,957,478,6.863803391452954,6.833100060006629,1.03117953996113,0.03070333144632542,12016981,0.158074,26.859626,True,10000000,False,FIRST_N_SOLUTIONS,18,14.7703293826383,,
n=40:q=11:t=20:beta=2:seed=1,40,11,20,2,1,35,ok,False,,337,168,5.820082930352362,5.870411133579815,0.9509172791599007,-0.05032820322745302,12017460,0.15794,27.01763,True,10000000,False,FIRST_N_SOLUTIONS,18,14.7703293826383,,
n=40:q=11:t=20:beta=2:seed=1,40,11,20,2,1,36,ok,False,,109,54,4.6913478822291435,4.778928602429289,0.9161449172650272,-0.08758072020014573,12017629,0.157594,27.175277,True,10000000,False,FIRST_N_SOLUTIONS,18,14.7703293826383,,
n=40:q=11:t=20:beta=2:seed=1,40,11,20,2,1,37,ok,False,,45,22,3.8066624897703196,3.690556156731887,1.1231152900454082,0.11610633303843265,12017684,0.157261,27.332591,True,10000000,False,FIRST_N_SOLUTIONS,18,14.7703293826383,,
n=40:q=11:t=20:beta=2:seed=1,40,11,20,2,1,38,ok,False,,15,7,2.70805020110221,2.513845891358997,1.214344359997455,0.1942043097432129,12017707,0.157254,27.48989,True,10000000,False,FIRST_N_SOLUTIONS,18,14.7703293826383,,
n=40:q=11:t=20:beta=2:seed=1,40,11,20,2,1,39,ok,False,,13,6,2.5649493574615367,1.2594532836722365,3.68951891343277,1.3054960737893002,12017715,0.156424,27.646351,True,10000000,False,FIRST_N_SOLUTIONS,18,14.7703293826383,,
n=40:q=11:t=20:beta=2:seed=1,40,11,20,2,1,40,ok,True,rank_complete,3,1,1.0986122886681098,-7.105427357601002e-15,3.0000000000000218,1.0986122886681169,12017722,0.156146,27.802538,True,10000000,False,FIRST_N_SOLUTIONS,18,14.7703293826383,,
n=40:q=11:t=20:beta=2:seed=2,40,11,20,2,2,1,ok,False,,5,2,1.6094379124341003,1.7856839690770094,0.8384116611959185,-0.17624605664290915,2,4.8e-05,6.2e-05,True,10000000,False,FIRST_N_SOLUTIONS,19,14.208279044964865,,
n=40:q=11:t=20:beta=2:seed=2,40,11,20,2,2,2,ok,False,,27,13,3.295836866004329,3.3811305399135696,0.9182425809125891,-0.08529367390924047,16,3.3e-05,0.000131,True,10000000,False,FIRST_N_SOLUTIONS,19,14.208279044964865,,
n=40:q=11:t=20:beta=2:seed=2,40,11,20,2,2,3,ok,False,,119,59,4.77912349311153,4.8171103514470515,0.9627255926247897,-0.037986858335521845,75,2.9e-05,0.000184,True,10000000,False,FIRST_N_SOLUTIONS,19,14.208279044964865,,
n=40:q=11:t=20:beta=2:seed=2,40,11,20,2,2,4,ok,False,,421,210,6.042632833682381,6.034303394902248,1.0083642250716798,0.008329438780132925,285,0.000135,0.000338,True,10000000,False,FIRST_N_SOLUTIONS,19,14.208279044964865,,
n=40:q=11:t=20:beta=2:seed=2,40,11,20,2,2,5,ok,False,,1345,672,7.20414929203594,7.2009094837059555,1.0032450621812832,0.0032398083299840508,957,0.000266,0.00063,True,10000000,False,FIRST_N_SOLUTIONS,19,14.208279044964865,,
n=40:q=11:t=20:beta=2:seed=2,40,11,20,2,2,6,ok,False,,3933,1966,8.27715777243181,8.286119190369412,0.9910786158922451,-0.008961417937602079,2923,0.000842,0.001496,True,10000000,False,FIRST_N_SOLUTIONS,19,14.208279044964865,,
n=40:q=11:t=20:beta=2:seed=2,40,11,20,2,2,7,ok,False,,10267,5133,9.236690147298965,9.246634370788556,0.9901050568140869,-0.009944223489590343,8056,0.002482,0.00401,True,10000000,False,FIRST_N_SOLUTIONS,19,14.208279044964865,,
n=40:q=11:t=20:beta=2:seed=2,40,11,20,2,2,8,ok,False,,24731,12365,10.115812796414458,10.117494542600618,0.9983196671565522,-0.0016817461861595717,20421,0.00677,0.01082,True,10000000,False,FIRST_N_SOLUTIONS,19,14.208279044964865,,
n=40:q=11:t=20:beta=2:seed=2,40,11,20,2,2,9,ok,False,,54083,27041,10.898275182551036,10.897091644252454,1.0011842389564252,0.0011835382985818654,47462,0.017827,0.028718,True,10000000,False,FIRST_N_SOLUTIONS,19,14.208279044964865,,
n=40:q=11:t=20:beta=2:seed=2,40,11,20,2,2,10,ok,False,,102303,51151,11.53569427702293,11.534746675423715,1.0009480507154602,0.00094760159921492,98613,0.04677,0.075575,True,10000000,False,FIRST_N_SOLUTIONS,19,14.208279044964865,,
n=40:q=11:t=20:beta=2:seed=2,40,11,20,2,2,11,ok,False,,180311,90155,12.102438416759139,12.101431082858177,1.001007841432159,0.0010073339009615268,98623,0.094767,0.170414,True,10000000,False,FIRST_N_SOLUTIONS,19,14.208279044964865,,
n=40:q=11:t=20:beta=2:seed=2,40,11,20,2,2,12,ok,False,,281783,140891,12.548892550154326,12.546318002326883,1.0025778648216768,0.002574547827443041,188779,0.191368,0.361842,True,10000000,False,FIRST_N_SOLUTIONS,19,14.208279044964865,,
n=40:q=11:t=20:beta=2:seed=2,40,11,20,2,2,13,ok,False,,420703,210351,12.949682400525376,12.949057708687597,1.0006248869983607,0.0006246918377783572,329671,0.292072,0.654,True,10000000,False,FIRST_N_SOLUTIONS,19,14.208279044964865,,
n=40:q=11:t=20:beta=2:seed=2,40,11,20,2,2,14,ok,False,,624409,312204,13.34456088135682,13.344472017579582,1.0000888677257405,8.886377723804628e-05,540023,0.523722,1.177823,True,10000000,False,FIRST_N_SOLUTIONS,19,14.208279044964865,,
n=40:q=11:t=20:beta=2:seed=2,40,11,20,2,2,15,ok,False,,871159,435579,13.677579787969126,13.678307004663267,0.9992730476638332,-0.0007272166941412195,852228,0.730581,1.908506,True,10000000,False,FIRST_N_SOLUTIONS,19,14.208279044964865,,
n=40:q=11:t=20:beta=2:seed=2,40,11,20,2,2,16,ok,False,,1054655,527327,13.868724257193485,13.869343591602027,0.9993808573394253,-0.000619334408542116,1287808,0.96721,2.875801,True,10000000,False,FIRST_N_SOLUTIONS,19,14.208279044964865,,
n=40:q=11:t=20:beta=2:seed=2,40,11,20,2,2,17,ok,False,,1231969,615984,14.024124260421363,14.024671580347695,0.9994528298258971,-0.0005473199263317241,1815136,1.25997,4.135859,True,10000000,False,FIRST_N_SOLUTIONS,19,14.208279044964865,,
n=40:q=11:t=20:beta=2:seed=2,40,11,20,2,2,18,ok,False,,1442841,721420,14.182124644574776,14.18247939661051,0.9996453108813285,-0.0003547520357347622,2431121,1.497679,5.633623,True,10000000,False,FIRST_N_SOLUTIONS,19,14.208279044964865,,
n=40:q=11:t=20:beta=2:seed=2,40,11,20,2,2,19,ok,False,,1480221,740110,14.207701958916855,14.208279044964865,0.9994230804341175,-0.0005770860480094342,3152542,1.623346,7.257053,True,10000000,False,FIRST_N_SOLUTIONS,19,14.208279044964865,,
n=40:q=11:t=20:beta=2:seed=2,40,11,20,2,2,20,ok,False,,1455273,727636,14.190704069853615,14.190825853915738,0.9998782233532542,-0.00012178406212370874,3892653,1.884479,9.141611,True,10000000,False,FIRST_N_SOLUTIONS,19,14.208279044964865,,
n=40:q=11:t=20:beta=2:seed=2,40,11,20,2,2,21,ok,False,,1302899,651449,14.080102339672116,14.080576226469688,0.9995262254690421,-0.00047388679757176533,4620290,1.492986,10.634698,True,10000000,False,FIRST_N_SOLUTIONS,19,14.208279044964865,,
n=40:q=11:t=20:beta=2:seed=2,40,11,20,2,2,22,ok,False,,1068863,534431,13.882106024638132,13.881719952591123,1.0003861465824135,0.00038607204700902287,5271740,1.355246,11.990035,True,10000000,False,FIRST_N_SOLUTIONS,19,14.208279044964865,,
n=40:q=11:t=20:beta=2:seed=2,40,11,20,2,2,23,ok,False,,808289,404144,13.602674946820724,13.603730110698976,0.9989453926114061,-0.0010551638782523298,5806172,1.019018,13.009163,True,10000000,False,FIRST_N_SOLUTIONS,19,14.208279044964865,,
n=40:q=11:t=20:beta=2:seed=2,40,11,20,2,2,24,ok,False,,576261,288130,13.264315962047897,13.263291625655075,1.0010248612045243,0.0010243363928221783,6210317,0.75267,13.761935,True,10000000,False,FIRST_N_SOLUTIONS,19,14.208279044964865,,
n=40:q=11:t=20:beta=2:seed=2,40,11,20,2,2,25,ok,False,,391609,195804,12.878019172009738,12.87820866332402,0.9998105266380628,-0.000189491314282364,6498448,0.509451,14.271473,True,10000000,False,FIRST_N_SOLUTIONS,19,14.208279044964865,,
n=40:q=11:t=20:beta=2:seed=2,40,11,20,2,2,26,ok,False,,257603,128801,12.459174919107255,12.46252488300961,0.9966556409662689,-0.003349963902355313,6694253,0.463195,14.734749,True,10000000,False,FIRST_N_SOLUTIONS,19,14.208279044964865,,
n=40:q=11:t=20:beta=2:seed=2,40,11,20,2,2,27,ok,False,,146201,73100,11.892737666219704,11.896522133468142,0.9962226848226344,-0.0037844672484386166,6823055,0.28528,15.020131,True,10000000,False,FIRST_N_SOLUTIONS,19,14.208279044964865,,
n=40:q=11:t=20:beta=2:seed=2,40,11,20,2,2,28,ok,False,,82793,41396,11.324098795736752,11.328664703201728,0.995444500443972,-0.004565907464975538,6896156,0.190439,15.210662,True,10000000,False,FIRST_N_SOLUTIONS,19,14.208279044964865,,
n=40:q=11:t=20:beta=2:seed=2,40,11,20,2,2,29,ok,False,,46063,23031,10.737765303689605,10.739605763119968,0.9981612331765432,-0.0018404594303635946,6937553,0.135894,15.346656,True,10000000,False,FIRST_N_SOLUTIONS,19,14.208279044964865,,
n=40:q=11:t=20:beta=2:seed=2,40,11,20,2,2,30,ok,False,,21889,10944,9.993739506513155,9.994338983567403,0.9994007025962208,-0.0005994770542478989,6960585,0.111117,15.457834,True,10000000,False,FIRST_N_SOLUTIONS,19,14.208279044964865,,
n=40:q=11:t=20:beta=2:seed=2,40,11,20,2,2,31,ok,False,,9697,4848,9.179571838304547,9.18743881700506,0.9921638849887312,-0.007866978700512561,6971530,0.102726,15.560641,True,10000000,False,FIRST_N_SOLUTIONS,19,14.208279044964865,,
n=40:q=11:t=20:beta=2:seed=2,40,11,20,2,2,32,ok,False,,4053,2026,8.307212626628308,8.324534798848731,0.9828269940682268,-0.01732217222042287,6976379,0.097509,15.658238,True,10000000,False,FIRST_N_SOLUTIONS,19,14.208279044964865,,
n=40:q=11:t=20:beta=2:seed=2,40,11,20,2,2,33,ok,False,,1623,811,7.392031567514591,7.386869097354442,1.0051758186697688,0.005162470160149368,6978406,0.096369,15.754666,True,10000000,False,FIRST_N_SOLUTIONS,19,14.208279044964865,,
n=40:q=11:t=20:beta=2:seed=2,40,11,20,2,2,34,ok,False,,645,322,6.4692503167957724,6.439091652877728,1.0306180428783807,0.030158663918044226,6979218,0.094304,15.84906,True,10000000,False,FIRST_N_SOLUTIONS,19,14.208279044964865,,
n=40:q=11:t=20:beta=2:seed=2,40,11,20,2,2,35,ok,False,,269,134,5.594711379601839,5.512312102467767,1.085889294048869,0.0823992771340718,6979541,0.094095,15.943222,True,10000000,False,FIRST_N_SOLUTIONS,19,14.208279044964865,,
n=40:q=11:t=20:beta=2:seed=2,40,11,20,2,2,36,ok,False,,87,43,4.465908118654584,4.5109306454365665,0.955975946528812,-0.04502252678198282,6979676,0.094155,16.037454,True,10000000,False,FIRST_N_SOLUTIONS,19,14.208279044964865,,
n=40:q=11:t=20:beta=2:seed=2,40,11,20,2,2,37,ok,False,,37,18,3.6109179126442243,3.489648370640026,1.1289291651908273,0.12126954200419826,6979720,0.094062,16.131577,True,10000000,False,FIRST_N_SOLUTIONS,19,14.208279044964865,,
n=40:q=11:t=20:beta=2:seed=2,40,11,20,2,2,38,ok,False,,11,5,2.3978952727983707,2.3585113137286626,1.040169789611437,0.03938395906970804,6979739,0.095173,16.226814,True,10000000,False,FIRST_N_SOLUTIONS,19,14.208279044964865,,
n=40:q=11:t=20:beta=2:seed=2,40,11,20,2,2,39,ok,False,,3,1,1.0986122886681098,1.2126902546668248,0.8921883928115789,-0.114077965998715,6979745,0.094462,16.321341,True,10000000,False,FIRST_N_SOLUTIONS,19,14.208279044964865,,
n=40:q=11:t=20:beta=2:seed=2,40,11,20,2,2,40,ok,True,rank_complete,1,0,0.0,-7.105427357601002e-15,1.000000000000007,7.105427357601002e-15,6979747,0.093171,16.414554,True,10000000,False,FIRST_N_SOLUTIONS,19,14.208279044964865,,
n=40:q=11:t=20:beta=7:seed=0,40,11,20,7,0,1,ok,False,,5,2,1.6094379124341003,1.771984481982952,0.84997650628127,-0.16254656954885172,2,2.9e-05,4.5e-05,True,10000000,False,FIRST_N_SOLUTIONS,17,12.386856144808489,,
n=40:q=11:t=20:beta=7:seed=0,40,11,20,7,0,2,ok,False,,25,12,3.2188758248682006,3.2672462394866835,0.9527807977696372,-0.048370414618482904,15,1.6e-05,0.000112,True,10000000,False,FIRST_N_SOLUTIONS,17,12.386856144808489,,
n=40:q=11:t=20:beta=7:seed=0,40,11,20,7,0,3,ok,False,,89,44,4.48863636973214,4.533302500145802,0.9563167136048237,-0.04466613041366241,59,2.8e-05,0.000178,True,10000000,False,FIRST_N_SOLUTIONS,17,12.386856144808489,,
n=40:q=11:t=20:beta=7:seed=0,40,11,20,7,0,4,ok,False,,299,149,5.700443573390687,5.7042095347715085,0.9962411209583446,-0.0037659613808216363,208,0.000359,0.000572,True,10000000,False,FIRST_N_SOLUTIONS,17,12.386856144808489,,
n=40:q=11:t=20:beta=7:seed=0,40,11,20,7,0,5,ok,False,,823,411,6.71295620067707,6.725791054496992,0.9872471616558443,-0.01283485381992211,619,0.000248,0.000859,True,10000000,False,FIRST_N_SOLUTIONS,17,12.386856144808489,,
n=40:q=11:t=20:beta=7:seed=0,40,11,20,7,0,6,ok,False,,2183,1091,7.688455356549944,7.694168716774887,0.9943029299788873,-0.005713360224943287,1710,0.000687,0.001586,True,10000000,False,FIRST_N_SOLUTIONS,17,12.386856144808489,,
n=40:q=11:t=20:beta=7:seed=0,40,11,20,7,0,7,ok,False,,5415,2707,8.596928159435091,8.591330234743662,1.0056136223496213,0.005597924691429057,4417,0.001792,0.003417,True,10000000,False,FIRST_N_SOLUTIONS,17,12.386856144808489,,
n=40:q=11:t=20:beta=7:seed=0,40,11,20,7,0,8,ok,False,,11717,5858,9.368796057668156,9.366447058182398,1.0023517605465366,0.00234899948575773,10275,0.003399,0.006859,True,10000000,False,FIRST_N_SOLUTIONS,17,12.386856144808489,,
n=40:q=11:t=20:beta=7:seed=0,40,11,20,7,0,9,ok,False,,22123,11061,10.004373070309986,10.002308206971762,1.002066996636598,0.002064863338224754,21336,0.008237,0.015155,True,10000000,False,FIRST_N_SOLUTIONS,17,12.386856144808489,,
n=40:q=11:t=20:beta=7:seed=0,40,11,20,7,0,10,ok,False,,37829,18914,10.540831283230636,10.540477311419016,1.0003540344670343,0.00035397181162011293,40250,0.016798,0.032041,True,10000000,False,FIRST_N_SOLUTIONS,17,12.386856144808489,,
n=40:q=11:t=20:beta=7:seed=0,40,11,20,7,0,11,ok,False,,60857,30428,11.016282128775599,11.014836132705335,1.0014470420266695,0.001445996070263078,40260,0.030566,0.062715,True,10000000,False,FIRST_N_SOLUTIONS,17,12.386856144808489,,
n=40:q=11:t=20:beta=7:seed=0,40,11,20,7,0,12,ok,False,,88217,44108,11.387554967186363,11.38703533961863,1.0005197625975255,0.0005196275677334938,70689,0.047589,0.110401,True,10000000,False,FIRST_N_SOLUTIONS,17,12.386856144808489,,
n=40:q=11:t=20:beta=7:seed=0,40,11,20,7,0,13,ok,False,,118885,59442,11.685911918286504,11.688238210858076,0.9976764111500364,-0.0023262925715723526,114798,0.075032,0.185534,True,10000000,False,FIRST_N_SOLUTIONS,17,12.386856144808489,,
n=40:q=11:t=20:beta=7:seed=0,40,11,20,7,0,14,ok,False,,156073,78036,11.958079125495766,11.959048679176218,0.999030916184852,-0.000969553680452151,174241,0.118515,0.305734,True,10000000,False,FIRST_N_SOLUTIONS,17,12.386856144808489,,
n=40:q=11:t=20:beta=7:seed=0,40,11,20,7,0,15,ok,False,,191243,95621,12.161300149711748,12.161255227898842,1.0000449228219057,4.492181290594033e-05,252278,0.147551,0.453367,True,10000000,False,FIRST_N_SOLUTIONS,17,12.386856144808489,,
n=40:q=11:t=20:beta=7:seed=0,40,11,20,7,0,16,ok,False,,214991,107495,12.278351445768509,12.280452589368744,0.9979010622567678,-0.002101143600235389,347900,0.163855,0.617318,True,10000000,False,FIRST_N_SOLUTIONS,17,12.386856144808489,,
n=40:q=11:t=20:beta=7:seed=0,40,11,20,7,0,17,ok,False,,239081,119540,12.384557685629794,12.386856144808489,0.997704180256005,-0.002298459178694756,455396,0.200779,0.818182,True,10000000,False,FIRST_N_SOLUTIONS,17,12.386856144808489,,
n=40:q=11:t=20:beta=7:seed=0,40,11,20,7,0,18,ok,False,,237387,118693,12.377446999759423,12.380048426323166,0.99740195421409,-0.002601426563742848,574937,0.193637,1.011907,True,10000000,False,FIRST_N_SOLUTIONS,17,12.386856144808489,,
n=40:q=11:t=20:beta=7:seed=0,40,11,20,7,0,19,ok,False,,223187,111593,12.315765264065462,12.314754743157419,1.0010110316563219,0.0010105209080428779,693631,0.184977,1.196974,True,10000000,False,FIRST_N_SOLUTIONS,17,12.386856144808489,,
n=40:q=11:t=20:beta=7:seed=0,40,11,20,7,0,20,ok,False,,201251,100625,12.212308164212564,12.21165624810719,1.0006521286488628,0.000651916105374184,805225,0.192923,1.389977,True,10000000,False,FIRST_N_SOLUTIONS,17,12.386856144808489,,
n=40:q=11:t=20:beta=7:seed=0,40,11,20,7,0,21,ok,False,,171237,85618,12.05080384083422,12.050837524101741,0.9999663172997539,-3.3683267520956406e-05,905851,0.15185,1.541917,True,10000000,False,FIRST_N_SOLUTIONS,17,12.386856144808489,,
n=40:q=11:t=20:beta=7:seed=0,40,11,20,7,0,22,ok,False,,136725,68362,11.825726888214973,11.826736995634963,0.9989904025667815,-0.0010101074199901916,991470,0.135678,1.677683,True,10000000,False,FIRST_N_SOLUTIONS,17,12.386856144808489,,
n=40:q=11:t=20:beta=7:seed=0,40,11,20,7,0,23,ok,False,,97831,48915,11.490996779212582,11.493891054633263,0.9971099089565372,-0.002894275420681325,1059833,0.096963,1.774737,True,10000000,False,FIRST_N_SOLUTIONS,17,12.386856144808489,,
n=40:q=11:t=20:beta=7:seed=0,40,11,20,7,0,24,ok,False,,67843,33921,11.124951491186147,11.125403666344369,0.9995479270575585,-0.00045217515822137955,1108749,0.065923,1.840751,True,10000000,False,FIRST_N_SOLUTIONS,17,12.386856144808489,,
n=40:q=11:t=20:beta=7:seed=0,40,11,20,7,0,25,ok,False,,46523,23261,10.747702092945403,10.75535745884526,0.9923738617832475,-0.007655365899857713,1142671,0.05314,1.893958,True,10000000,False,FIRST_N_SOLUTIONS,17,12.386856144808489,,
n=40:q=11:t=20:beta=7:seed=0,40,11,20,7,0,26,ok,False,,32273,16136,10.3819862463277,10.385377076862522,0.9966149118387315,-0.003390830534820921,1165933,0.040223,1.934262,True,10000000,False,FIRST_N_SOLUTIONS,17,12.386856144808489,,
n=40:q=11:t=20:beta=7:seed=0,40,11,20,7,0,27,ok,False,,20109,10054,9.908922755026067,9.90606938099306,1.0028574487793633,0.0028533740330072277,1182070,0.028817,1.96316,True,10000000,False,FIRST_N_SOLUTIONS,17,12.386856144808489,,
n=40:q=11:t=20:beta=7:seed=0,40,11,20,7,0,28,ok,False,,11639,5819,9.362116806941977,9.367707543764187,0.9944248622632318,-0.005590736822210118,1192125,0.02378,1.987025,True,10000000,False,FIRST_N_SOLUTIONS,17,12.386856144808489,,
n=40:q=11:t=20:beta=7:seed=0,40,11,20,7,0,29,ok,False,,6863,3431,8.833899942908635,8.843704325060493,0.9902435241112281,-0.009804382151857638,1197945,0.020832,2.007914,True,10000000,False,FIRST_N_SOLUTIONS,17,12.386856144808489,,
n=40:q=11:t=20:beta=7:seed=0,40,11,20,7,0,30,ok,False,,3837,1918,8.252446090246952,8.251293336309285,1.0011534186138658,0.001152753937667228,1201377,0.02067,2.028655,True,10000000,False,FIRST_N_SOLUTIONS,17,12.386856144808489,,
n=40:q=11:t=20:beta=7:seed=0,40,11,20,7,0,31,ok,False,,2053,1026,7.627057417018934,7.628642842408773,0.9984158307330766,-0.0015854253898393011,1203296,0.021681,2.050418,True,10000000,False,FIRST_N_SOLUTIONS,17,12.386856144808489,,
n=40:q=11:t=20:beta=7:seed=0,40,11,20,7,0,32,ok,False,,1027,513,6.934397209928558,6.901231786451895,1.0337215269071107,0.03316542347666296,1204323,0.021119,2.071643,True,10000000,False,FIRST_N_SOLUTIONS,17,12.386856144808489,,
n=40:q=11:t=20:beta=7:seed=0,40,11,20,7,0,33,ok,False,,515,257,6.244166900663736,6.240061543057202,1.0041137961308417,0.004105357606534632,1204837,0.024431,2.096191,True,10000000,False,FIRST_N_SOLUTIONS,17,12.386856144808489,,
n=40:q=11:t=20:beta=7:seed=0,40,11,20,7,0,34,ok,False,,239,119,5.476463551931511,5.45537122022926,1.0213163471610986,0.02109233170225089,1205095,0.030868,2.127211,True,10000000,False,FIRST_N_SOLUTIONS,17,12.386856144808489,,
n=40:q=11:t=20:beta=7:seed=0,40,11,20,7,0,35,ok,False,,113,56,4.727387818712341,4.641181782878249,1.0900308905941245,0.08620603583409192,1205215,0.020094,2.147418,True,10000000,False,FIRST_N_SOLUTIONS,17,12.386856144808489,,
n=40:q=11:t=20:beta=7:seed=0,40,11,20,7,0,36,ok,False,,47,23,3.8501476017100584,3.7546337900696756,1.1002240178274705,0.09551381164038286,1205272,0.01639,2.163849,True,10000000,False,FIRST_N_SOLUTIONS,17,12.386856144808489,,
n=40:q=11:t=20:beta=7:seed=0,40,11,20,7,0,37,ok,False,,27,13,3.295836866004329,2.8777390227751525,1.5190692977766636,0.41809784322917665,1205296,0.01629,2.18017,True,10000000,False,FIRST_N_SOLUTIONS,17,12.386856144808489,,
n=40:q=11:t=20:beta=7:seed=0,40,11,20,7,0,38,ok,False,,19,9,2.9444389791664403,1.9771043914258897,2.6309226120685434,0.9673345877405506,1205310,0.016518,2.196719,True,10000000,False,FIRST_N_SOLUTIONS,17,12.386856144808489,,
n=40:q=11:t=20:beta=7:seed=0,40,11,20,7,0,39,ok,False,,13,6,2.5649493574615367,0.9950312190379051,4.806254730081986,1.5699181384236316,1205320,0.016339,2.213098,True,10000000,False,FIRST_N_SOLUTIONS,17,12.386856144808489,,
n=40:q=11:t=20:beta=7:seed=0,40,11,20,7,0,40,ok,True,rank_complete,5,2,1.6094379124341003,-7.105427357601002e-15,5.000000000000035,1.6094379124341074,1205327,0.016387,2.22953,True,10000000,False,FIRST_N_SOLUTIONS,17,12.386856144808489,,
n=40:q=11:t=20:beta=7:seed=1,40,11,20,7,1,1,ok,False,,7,3,1.9459101490553132,1.79901809261809,1.158228932924348,0.14689205643722314,3,3.3e-05,5.1e-05,True,10000000,False,FIRST_N_SOLUTIONS,18,12.246312175571974,,
n=40:q=11:t=20:beta=7:seed=1,40,11,20,7,1,2,ok,False,,27,13,3.295836866004329,3.3089204873907017,0.9870015971274655,-0.013083621386372535,17,1.8e-05,0.000123,True,10000000,False,FIRST_N_SOLUTIONS,18,12.246312175571974,,
n=40:q=11:t=20:beta=7:seed=1,40,11,20,7,1,3,ok,False,,87,43,4.465908118654584,4.525696875288354,0.9419634961085359,-0.059788756633770035,60,2.7e-05,0.000189,True,10000000,False,FIRST_N_SOLUTIONS,18,12.246312175571974,,
n=40:q=11:t=20:beta=7:seed=1,40,11,20,7,1,4,ok,False,,289,144,5.666426688112432,5.6746325576920595,0.9918277066646229,-0.008205869579627212,204,0.000177,0.000401,True,10000000,False,FIRST_N_SOLUTIONS,18,12.246312175571974,,
n=40:q=11:t=20:beta=7:seed=1,40,11,20,7,1,5,ok,False,,829,414,6.720220155135295,6.7072285744919435,1.0130763378729022,0.012991580643351597,618,0.000412,0.000851,True,10000000,False,FIRST_N_SOLUTIONS,18,12.246312175571974,,
n=40:q=11:t=20:beta=7:seed=1,40,11,20,7,1,6,ok,False,,1975,987,7.5883236773352225,7.5940292612202605,0.9943106620465032,-0.005705583885037946,1605,0.000639,0.001531,True,10000000,False,FIRST_N_SOLUTIONS,18,12.246312175571974,,
n=40:q=11:t=20:beta=7:seed=1,40,11,20,7,1,7,ok,False,,4435,2217,8.39728289474368,8.403353851664413,0.9939474341023772,-0.006070956920732229,3822,0.001453,0.003031,True,10000000,False,FIRST_N_SOLUTIONS,18,12.246312175571974,,
n=40:q=11:t=20:beta=7:seed=1,40,11,20,7,1,8,ok,False,,8787,4393,9.081028635495842,9.085301318756446,0.995736431664169,-0.004272683260603927,8215,0.003086,0.006181,True,10000000,False,FIRST_N_SOLUTIONS,18,12.246312175571974,,
n=40:q=11:t=20:beta=7:seed=1,40,11,20,7,1,9,ok,False,,16449,8224,9.708019964072157,9.711031346058206,0.996993147676695,-0.003011381986048889,16439,0.006476,0.01272,True,10000000,False,FIRST_N_SOLUTIONS,18,12.246312175571974,,
n=40:q=11:t=20:beta=7:seed=1,40,11,20,7,1,10,ok,False,,28317,14158,10.251217609993054,10.247717691379844,1.003506050479951,0.0034999186132100846,30597,0.011659,0.024475,True,10000000,False,FIRST_N_SOLUTIONS,18,12.246312175571974,,
n=40:q=11:t=20:beta=7:seed=1,40,11,20,7,1,11,ok,False,,45445,22722,10.72425808255287,10.721170896487592,1.0030919563318155,0.0030871860652776917,30607,0.017618,0.042177,True,10000000,False,FIRST_N_SOLUTIONS,18,12.246312175571974,,
n=40:q=11:t=20:beta=7:seed=1,40,11,20,7,1,12,ok,False,,67943,33971,11.126424397348472,11.123417764614672,1.0030111571873188,0.0030066327338005294,53330,0.030303,0.072539,True,10000000,False,FIRST_N_SOLUTIONS,18,12.246312175571974,,
n=40:q=11:t=20:beta=7:seed=1,40,11,20,7,1,13,ok,False,,90781,45390,11.416205291591996,11.414276067412768,1.0019310863295048,0.0019292241792285836,87302,0.044092,0.116708,True,10000000,False,FIRST_N_SOLUTIONS,18,12.246312175571974,,
n=40:q=11:t=20:beta=7:seed=1,40,11,20,7,1,14,ok,False,,123813,61906,11.726527641797215,11.726403526894897,1.0001241226048916,0.00012411490231833966,132693,0.078444,0.195227,True,10000000,False,FIRST_N_SOLUTIONS,18,12.246312175571974,,
n=40:q=11:t=20:beta=7:seed=1,40,11,20,7,1,15,ok,False,,149907,74953,11.917770380798913,11.916934313150918,1.0008364172499749,0.0008360676479952645,194600,0.113253,0.308555,True,10000000,False,FIRST_N_SOLUTIONS,18,12.246312175571974,,
n=40:q=11:t=20:beta=7:seed=1,40,11,20,7,1,16,ok,False,,184039,92019,12.122902970653252,12.125072040452537,0.9978332809326711,-0.002169069799284884,269554,0.146977,0.4556,True,10000000,False,FIRST_N_SOLUTIONS,18,12.246312175571974,,
n=40:q=11:t=20:beta=7:seed=1,40,11,20,7,1,17,ok,False,,198267,99133,12.197369886136006,12.200108373814574,0.9972652585583595,-0.0027384876785685464,361574,0.155979,0.611666,True,10000000,False,FIRST_N_SOLUTIONS,18,12.246312175571974,,
n=40:q=11:t=20:beta=7:seed=1,40,11,20,7,1,18,ok,False,,208125,104062,12.245894139716846,12.246312175571974,0.9995820515096854,-0.0004180358551284513,460708,0.184917,0.79666,True,10000000,False,FIRST_N_SOLUTIONS,18,12.246312175571974,,
n=40:q=11:t=20:beta=7:seed=1,40,11,20,7,1,19,ok,False,,197769,98884,12.194854961924666,12.19432587938821,1.0005292225253088,0.0005290825364561158,564771,0.169747,0.966486,True,10000000,False,FIRST_N_SOLUTIONS,18,12.246312175571974,,
n=40:q=11:t=20:beta=7:seed=1,40,11,20,7,1,20,ok,False,,185691,92845,12.13183928089976,12.12884162507801,1.0030021532847881,0.0029976558217494897,663656,0.195593,1.162137,True,10000000,False,FIRST_N_SOLUTIONS,18,12.246312175571974,,
n=40:q=11:t=20:beta=7:seed=1,40,11,20,7,1,21,ok,False,,160873,80436,11.988370512808718,11.985422834620735,1.0029520268631147,0.002947678187982916,756502,0.146114,1.308349,True,10000000,False,FIRST_N_SOLUTIONS,18,12.246312175571974,,
n=40:q=11:t=20:beta=7:seed=1,40,11,20,7,1,22,ok,False,,135071,67535,11.813555845095923,11.813561015779978,0.9999948293293128,-5.1706840551446476e-06,836939,0.141714,1.45013,True,10000000,False,FIRST_N_SOLUTIONS,18,12.246312175571974,,
n=40:q=11:t=20:beta=7:seed=1,40,11,20,7,1,23,ok,False,,104055,52027,11.552674884487512,11.552755183995917,0.9999197037155149,-8.029950840438005e-05,904475,0.113658,1.563872,True,10000000,False,FIRST_N_SOLUTIONS,18,12.246312175571974,,
n=40:q=11:t=20:beta=7:seed=1,40,11,20,7,1,24,ok,False,,75697,37848,11.234493808521355,11.238047439517551,0.9964526756776904,-0.003553630996195878,956503,0.076725,1.640689,True,10000000,False,FIRST_N_SOLUTIONS,18,12.246312175571974,,
n=40:q=11:t=20:beta=7:seed=1,40,11,20,7,1,25,ok,False,,51817,25908,10.855473559734735,10.863822743433523,0.9916855739355391,-0.008349183698788565,994352,0.059746,1.700522,True,10000000,False,FIRST_N_SOLUTIONS,18,12.246312175571974,,
n=40:q=11:t=20:beta=7:seed=1,40,11,20,7,1,26,ok,False,,33603,16801,10.422370627679848,10.431023584095989,0.9913843726646664,-0.008652956416140611,1020261,0.042437,1.743049,True,10000000,False,FIRST_N_SOLUTIONS,18,12.246312175571974,,
n=40:q=11:t=20:beta=7:seed=1,40,11,20,7,1,27,ok,False,,21439,10719,9.972966972305931,9.979410563925605,0.9935771237990264,-0.006443591619673228,1037063,0.030298,1.773404,True,10000000,False,FIRST_N_SOLUTIONS,18,12.246312175571974,,
n=40:q=11:t=20:beta=7:seed=1,40,11,20,7,1,28,ok,False,,12793,6396,9.456653425317034,9.45608319839874,1.0005703895285696,0.0005702269182936703,1047783,0.023064,1.796565,True,10000000,False,FIRST_N_SOLUTIONS,18,12.246312175571974,,
n=40:q=11:t=20:beta=7:seed=1,40,11,20,7,1,29,ok,False,,6919,3459,8.842026529498812,8.839870503072454,1.0021583523225972,0.0021560264263573714,1054180,0.018862,1.815511,True,10000000,False,FIRST_N_SOLUTIONS,18,12.246312175571974,,
n=40:q=11:t=20:beta=7:seed=1,40,11,20,7,1,30,ok,False,,3729,1864,8.22389538017882,8.224799101964027,0.9990966864483399,-0.0009037217852068125,1057640,0.016662,1.83225,True,10000000,False,FIRST_N_SOLUTIONS,18,12.246312175571974,,
n=40:q=11:t=20:beta=7:seed=1,40,11,20,7,1,31,ok,False,,1991,995,7.596392304064196,7.612200722659935,0.9843158786108124,-0.015808418595739226,1059505,0.015991,1.848297,True,10000000,False,FIRST_N_SOLUTIONS,18,12.246312175571974,,
n=40:q=11:t=20:beta=7:seed=1,40,11,20,7,1,32,ok,False,,937,468,6.842683282238422,6.915952586819401,0.9293505179703894,-0.07326930458097891,1060501,0.015168,1.863522,True,10000000,False,FIRST_N_SOLUTIONS,18,12.246312175571974,,
n=40:q=11:t=20:beta=7:seed=1,40,11,20,7,1,33,ok,False,,463,231,6.137727054086234,6.163603745157914,0.9744552412322052,-0.025876691071680114,1060970,0.014929,1.878521,True,10000000,False,FIRST_N_SOLUTIONS,18,12.246312175571974,,
n=40:q=11:t=20:beta=7:seed=1,40,11,20,7,1,34,ok,False,,239,119,5.476463551931511,5.4244375741356095,1.0534031072488477,0.05202597779590157,1061202,0.014905,1.893485,True,10000000,False,FIRST_N_SOLUTIONS,18,12.246312175571974,,
n=40:q=11:t=20:beta=7:seed=1,40,11,20,7,1,35,ok,False,,101,50,4.61512051684126,4.634436750671043,0.9808691291910584,-0.01931623382978298,1061322,0.014593,1.908115,True,10000000,False,FIRST_N_SOLUTIONS,18,12.246312175571974,,
n=40:q=11:t=20:beta=7:seed=1,40,11,20,7,1,36,ok,False,,43,21,3.7612001156935624,3.7568488685611072,1.0043607275538236,0.0043512471324551605,1061373,0.014545,1.922718,True,10000000,False,FIRST_N_SOLUTIONS,18,12.246312175571974,,
n=40:q=11:t=20:beta=7:seed=1,40,11,20,7,1,37,ok,False,,25,12,3.2188758248682006,2.8232629707582078,1.4852941806901314,0.3956128541099928,1061395,0.014497,1.937274,True,10000000,False,FIRST_N_SOLUTIONS,18,12.246312175571974,,
n=40:q=11:t=20:beta=7:seed=1,40,11,20,7,1,38,ok,False,,9,4,2.1972245773362196,1.9238110127353565,1.3144437398324655,0.2734135646008631,1061408,0.014471,1.951798,True,10000000,False,FIRST_N_SOLUTIONS,18,12.246312175571974,,
n=40:q=11:t=20:beta=7:seed=1,40,11,20,7,1,39,ok,False,,7,3,1.9459101490553132,0.9950312190379051,2.587983316197992,0.9508789300174081,1061413,0.014405,1.966234,True,10000000,False,FIRST_N_SOLUTIONS,18,12.246312175571974,,
n=40:q=11:t=20:beta=7:seed=1,40,11,20,7,1,40,ok,True,rank_complete,3,1,1.0986122886681098,-7.105427357601002e-15,3.0000000000000218,1.0986122886681169,1061417,0.01446,1.980736,True,10000000,False,FIRST_N_SOLUTIONS,18,12.246312175571974,,
n=40:q=11:t=20:beta=7:seed=2,40,11,20,7,2,1,ok,False,,5,2,1.6094379124341003,1.7856839690770094,0.8384116611959185,-0.17624605664290915,2,4.6e-05,6.4e-05,True,10000000,False,FIRST_N_SOLUTIONS,17,12.147304970085063,,
n=40:q=11:t=20:beta=7:seed=2,40,11,20,7,2,2,ok,False,,23,11,3.1354942159291497,3.2400286362091753,0.9007437930197093,-0.10453442028002558,14,2.1e-05,0.000139,True,10000000,False,FIRST_N_SOLUTIONS,17,12.147304970085063,,
n=40:q=11:t=20:beta=7:seed=2,40,11,20,7,2,3,ok,False,,95,47,4.553876891600541,4.572696346575682,0.9813565252876254,-0.018819454975140815,61,3.1e-05,0.000212,True,10000000,False,FIRST_N_SOLUTIONS,17,12.147304970085063,,
n=40:q=11:t=20:beta=7:seed=2,40,11,20,7,2,4,ok,False,,285,142,5.652489180268651,5.708203103470861,0.9458096713936965,-0.05571392320221058,203,0.000174,0.000424,True,10000000,False,FIRST_N_SOLUTIONS,17,12.147304970085063,,
n=40:q=11:t=20:beta=7:seed=2,40,11,20,7,2,5,ok,False,,817,408,6.705639094860003,6.708060053420969,0.9975819695957527,-0.0024209585609655804,611,0.000431,0.000895,True,10000000,False,FIRST_N_SOLUTIONS,17,12.147304970085063,,
n=40:q=11:t=20:beta=7:seed=2,40,11,20,7,2,6,ok,False,,2097,1048,7.64826303090192,7.641100594214173,1.0071881482866434,0.007162436687747409,1659,0.000665,0.001602,True,10000000,False,FIRST_N_SOLUTIONS,17,12.147304970085063,,
n=40:q=11:t=20:beta=7:seed=2,40,11,20,7,2,7,ok,False,,4629,2314,8.44009614103127,8.438286330124761,1.001811449602696,0.001809810906509668,3973,0.001547,0.003192,True,10000000,False,FIRST_N_SOLUTIONS,17,12.147304970085063,,
n=40:q=11:t=20:beta=7:seed=2,40,11,20,7,2,8,ok,False,,9841,4920,9.194312610898985,9.189587353563152,1.0047364389693727,0.004725257335833177,8893,0.003732,0.006985,True,10000000,False,FIRST_N_SOLUTIONS,17,12.147304970085063,,
n=40:q=11:t=20:beta=7:seed=2,40,11,20,7,2,9,ok,False,,18445,9222,9.822548610030776,9.818252949807615,1.0043048997968227,0.0042956602231605245,18115,0.007951,0.015005,True,10000000,False,FIRST_N_SOLUTIONS,17,12.147304970085063,,
n=40:q=11:t=20:beta=7:seed=2,40,11,20,7,2,10,ok,False,,30069,15034,10.311250019692975,10.310098828398143,1.001151854169872,0.0011511912948325431,33149,0.01476,0.029843,True,10000000,False,FIRST_N_SOLUTIONS,17,12.147304970085063,,
n=40:q=11:t=20:beta=7:seed=2,40,11,20,7,2,11,ok,False,,48505,24252,10.789422164395384,10.793210477129804,0.9962188538696317,-0.0037883127344198186,33159,0.026063,0.055998,True,10000000,False,FIRST_N_SOLUTIONS,17,12.147304970085063,,
n=40:q=11:t=20:beta=7:seed=2,40,11,20,7,2,12,ok,False,,71689,35844,11.180092597802776,11.18224696651601,0.9978479502734267,-0.002154368713233268,57412,0.044395,0.100484,True,10000000,False,FIRST_N_SOLUTIONS,17,12.147304970085063,,
n=40:q=11:t=20:beta=7:seed=2,40,11,20,7,2,13,ok,False,,96971,48485,11.482167243713192,11.483733493687197,0.9984349759553651,-0.0015662499740045632,93257,0.068041,0.168684,True,10000000,False,FIRST_N_SOLUTIONS,17,12.147304970085063,,
n=40:q=11:t=20:beta=7:seed=2,40,11,20,7,2,14,ok,False,,124505,62252,11.732101154723052,11.73308539898553,0.9990162399470333,-0.0009842442624776737,141743,0.107369,0.276218,True,10000000,False,FIRST_N_SOLUTIONS,17,12.147304970085063,,
n=40:q=11:t=20:beta=7:seed=2,40,11,20,7,2,15,ok,False,,152683,76341,11.936119155605086,11.934211277855304,1.0019096989065328,0.001907877749781406,203996,0.113938,0.390244,True,10000000,False,FIRST_N_SOLUTIONS,17,12.147304970085063,,
n=40:q=11:t=20:beta=7:seed=2,40,11,20,7,2,16,ok,False,,173983,86991,12.066712872274172,12.067815098027747,0.9988983814741095,-0.0011022257535753255,280338,0.132104,0.522444,True,10000000,False,FIRST_N_SOLUTIONS,17,12.147304970085063,,
n=40:q=11:t=20:beta=7:seed=2,40,11,20,7,2,17,ok,False,,188619,94309,12.1474843864191,12.147304970085063,1.0001794324301099,0.00017941633403673052,367330,0.144553,0.667079,True,10000000,False,FIRST_N_SOLUTIONS,17,12.147304970085063,,
n=40:q=11:t=20:beta=7:seed=2,40,11,20,7,2,18,ok,False,,186053,93026,12.133786858342429,12.133013197354751,1.0007739603405337,0.0007736609876776157,461640,0.165064,0.832215,True,10000000,False,FIRST_N_SOLUTIONS,17,12.147304970085063,,
n=40:q=11:t=20:beta=7:seed=2,40,11,20,7,2,19,ok,False,,178893,89446,12.094543140726818,12.093433673733362,1.001110082679635,0.0011094669934568202,554667,0.144979,0.977269,True,10000000,False,FIRST_N_SOLUTIONS,17,12.147304970085063,,
n=40:q=11:t=20:beta=7:seed=2,40,11,20,7,2,20,ok,False,,155419,77709,11.953879974564178,11.953298390547921,1.0005817531690309,0.0005815840162561869,644114,0.140786,1.118127,True,10000000,False,FIRST_N_SOLUTIONS,17,12.147304970085063,,
n=40:q=11:t=20:beta=7:seed=2,40,11,20,7,2,21,ok,False,,124979,62489,11.735901002170857,11.732883946171828,1.0030216118931237,0.003017055999029239,721824,0.142421,1.260635,True,10000000,False,FIRST_N_SOLUTIONS,17,12.147304970085063,,
n=40:q=11:t=20:beta=7:seed=2,40,11,20,7,2,22,ok,False,,102079,51039,11.533502302292389,11.528891769422696,1.0046211777295688,0.004610532869692818,784314,0.095301,1.356033,True,10000000,False,FIRST_N_SOLUTIONS,17,12.147304970085063,,
n=40:q=11:t=20:beta=7:seed=2,40,11,20,7,2,23,ok,False,,75333,37666,11.229673564797762,11.226930488152139,1.0027468423227588,0.0027430766456237876,835354,0.075495,1.431614,True,10000000,False,FIRST_N_SOLUTIONS,17,12.147304970085063,,
n=40:q=11:t=20:beta=7:seed=2,40,11,20,7,2,24,ok,False,,59301,29650,10.990381448250039,10.991167440351138,0.9992143167097799,-0.0007859921010986426,873021,0.059437,1.491122,True,10000000,False,FIRST_N_SOLUTIONS,17,12.147304970085063,,
n=40:q=11:t=20:beta=7:seed=2,40,11,20,7,2,25,ok,False,,41411,20705,10.631301825004375,10.634672731010092,0.9966347691193708,-0.0033709060057169893,902672,0.041833,1.533048,True,10000000,False,FIRST_N_SOLUTIONS,17,12.147304970085063,,
n=40:q=11:t=20:beta=7:seed=2,40,11,20,7,2,26,ok,False,,27569,13784,10.224447232050629,10.228591318967855,0.995864487961859,-0.0041440869172255645,923378,0.0341,1.567234,True,10000000,False,FIRST_N_SOLUTIONS,17,12.147304970085063,,
n=40:q=11:t=20:beta=7:seed=2,40,11,20,7,2,27,ok,False,,17713,8856,9.782054112252597,9.787482972570253,0.9945858493136361,-0.005428860317655548,937163,0.026775,1.594074,True,10000000,False,FIRST_N_SOLUTIONS,17,12.147304970085063,,
n=40:q=11:t=20:beta=7:seed=2,40,11,20,7,2,28,ok,False,,10277,5138,9.237663667625073,9.245823238369386,0.9918736281953221,-0.008159570744313172,946020,0.019829,1.613985,True,10000000,False,FIRST_N_SOLUTIONS,17,12.147304970085063,,
n=40:q=11:t=20:beta=7:seed=2,40,11,20,7,2,29,ok,False,,5953,2976,8.69165057315339,8.69027655565569,1.0013749618922319,0.0013740174977012742,951159,0.016561,1.630603,True,10000000,False,FIRST_N_SOLUTIONS,17,12.147304970085063,,
n=40:q=11:t=20:beta=7:seed=2,40,11,20,7,2,30,ok,False,,3391,1695,8.128880142125638,8.117270925284966,1.011676865327028,0.011609216840671621,954136,0.014933,1.645593,True,10000000,False,FIRST_N_SOLUTIONS,17,12.147304970085063,,
n=40:q=11:t=20:beta=7:seed=2,40,11,20,7,2,31,ok,False,,1839,919,7.516977224604321,7.494576446570534,1.0226535594333461,0.022400778033786928,955832,0.014088,1.659758,True,10000000,False,FIRST_N_SOLUTIONS,17,12.147304970085063,,
n=40:q=11:t=20:beta=7:seed=2,40,11,20,7,2,32,ok,False,,901,450,6.803505257608338,6.796252935522048,1.0072786838636112,0.007252322086289453,956752,0.013564,1.673384,True,10000000,False,FIRST_N_SOLUTIONS,17,12.147304970085063,,
n=40:q=11:t=20:beta=7:seed=2,40,11,20,7,2,33,ok,False,,463,231,6.137727054086234,6.129014278255411,1.0087508425374052,0.00871277583082275,957203,0.013414,1.686839,True,10000000,False,FIRST_N_SOLUTIONS,17,12.147304970085063,,
n=40:q=11:t=20:beta=7:seed=2,40,11,20,7,2,34,ok,False,,235,117,5.459585514144159,5.357453977181457,1.10752914316673,0.10213153696270183,957435,0.013363,1.700268,True,10000000,False,FIRST_N_SOLUTIONS,17,12.147304970085063,,
n=40:q=11:t=20:beta=7:seed=2,40,11,20,7,2,35,ok,False,,89,44,4.48863636973214,4.574162662473221,0.9180290052378961,-0.08552629274108092,957553,0.013484,1.713796,True,10000000,False,FIRST_N_SOLUTIONS,17,12.147304970085063,,
n=40:q=11:t=20:beta=7:seed=2,40,11,20,7,2,36,ok,False,,39,19,3.6635616461296463,3.7712013705214247,0.897951048021056,-0.10763972439177838,957598,0.013914,1.727764,True,10000000,False,FIRST_N_SOLUTIONS,17,12.147304970085063,,
n=40:q=11:t=20:beta=7:seed=2,40,11,20,7,2,37,ok,False,,13,6,2.5649493574615367,2.9068242999169414,0.7104370446664036,-0.3418749424554046,957618,0.01453,1.74233,True,10000000,False,FIRST_N_SOLUTIONS,17,12.147304970085063,,
n=40:q=11:t=20:beta=7:seed=2,40,11,20,7,2,38,ok,False,,3,1,1.0986122886681098,1.9960426335711432,0.4076157470051386,-0.8974303449030334,957625,0.016583,1.758964,True,10000000,False,FIRST_N_SOLUTIONS,17,12.147304970085063,,
n=40:q=11:t=20:beta=7:seed=2,40,11,20,7,2,39,ok,False,,1,0,0.0,1.0099577006127447,0.3642343861370278,-1.0099577006127447,957627,0.016251,1.775282,True,10000000,False,FIRST_N_SOLUTIONS,17,12.147304970085063,,
n=40:q=11:t=20:beta=7:seed=2,40,11,20,7,2,40,ok,True,rank_complete,1,0,0.0,-7.105427357601002e-15,1.000000000000007,7.105427357601002e-15,957628,0.016219,1.79157,True,10000000,False,FIRST_N_SOLUTIONS,17,12.147304970085063,,
n=40:q=11:t=30:beta=14:seed=0,40,11,30,14,0,1,ok,False,,5,2,1.6094379124341003,1.7309913774515127,0.8855437064734919,-0.12155346501741238,2,1.6e-05,2.8e-05,True,10000000,False,FIRST_N_SOLUTIONS,18,12.056882479961455,,
n=40:q=11:t=30:beta=14:seed=0,40,11,30,14,0,2,ok,False,,23,11,3.1354942159291497,3.173262939896914,0.962935619069421,-0.037768723967764206,14,8e-06,6.6e-05,True,10000000,False,FIRST_N_SOLUTIONS,18,12.056882479961455,,
n=40:q=11:t=30:beta=14:seed=0,40,11,30,14,0,3,ok,False,,89,44,4.48863636973214,4.454583730568236,1.0346390678301849,0.034052639163904,58,1.6e-05,0.000101,True,10000000,False,FIRST_N_SOLUTIONS,18,12.056882479961455,,
n=40:q=11:t=30:beta=14:seed=0,40,11,30,14,0,4,ok,False,,267,133,5.58724865840025,5.587999799107606,0.9992491413282044,-0.0007511407073561571,191,0.000106,0.000223,True,10000000,False,FIRST_N_SOLUTIONS,18,12.056882479961455,,
n=40:q=11:t=30:beta=14:seed=0,40,11,30,14,0,5,ok,False,,725,362,6.586171654854675,6.559716221119185,1.0268084852234143,0.026455433735489642,553,0.000125,0.000372,True,10000000,False,FIRST_N_SOLUTIONS,18,12.056882479961455,,
n=40:q=11:t=30:beta=14:seed=0,40,11,30,14,0,6,ok,False,,1725,862,7.45298232946546,7.453820350200335,0.9991623303064342,-0.0008380207348750446,1415,0.000361,0.000753,True,10000000,False,FIRST_N_SOLUTIONS,18,12.056882479961455,,
n=40:q=11:t=30:beta=14:seed=0,40,11,30,14,0,7,ok,False,,3703,1851,8.216898580913613,8.219260920119076,0.9976404489218644,-0.0023623392054634706,3266,0.000773,0.001545,True,10000000,False,FIRST_N_SOLUTIONS,18,12.056882479961455,,
n=40:q=11:t=30:beta=14:seed=0,40,11,30,14,0,8,ok,False,,7275,3637,8.892199092039693,8.888004137685735,1.0042037654914384,0.0041949543539576695,6903,0.001665,0.003237,True,10000000,False,FIRST_N_SOLUTIONS,18,12.056882479961455,,
n=40:q=11:t=30:beta=14:seed=0,40,11,30,14,0,9,ok,False,,13309,6654,9.496195777086555,9.50393088148339,0.9922947345378555,-0.007735104396834558,13557,0.003479,0.006746,True,10000000,False,FIRST_N_SOLUTIONS,18,12.056882479961455,,
n=40:q=11:t=30:beta=14:seed=0,40,11,30,14,0,10,ok,False,,22335,11167,10.01391023378622,10.015972402639793,0.9979399559557941,-0.002062168853573354,24724,0.006357,0.013143,True,10000000,False,FIRST_N_SOLUTIONS,18,12.056882479961455,,
n=40:q=11:t=30:beta=14:seed=0,40,11,30,14,0,11,ok,False,,35433,17716,10.475398868279957,10.481694231828524,0.993724410735342,-0.006295363548566968,24734,0.010415,0.023602,True,10000000,False,FIRST_N_SOLUTIONS,18,12.056882479961455,,
n=40:q=11:t=30:beta=14:seed=0,40,11,30,14,0,12,ok,False,,55331,27665,10.921088609106748,10.924197298530906,0.9968961375476625,-0.0031086894241578733,42451,0.019733,0.043395,True,10000000,False,FIRST_N_SOLUTIONS,18,12.056882479961455,,
n=40:q=11:t=30:beta=14:seed=0,40,11,30,14,0,13,ok,False,,78317,39158,11.268519972078524,11.274190086660113,0.9943459301785622,-0.0056701145815889475,70117,0.036864,0.080311,True,10000000,False,FIRST_N_SOLUTIONS,18,12.056882479961455,,
n=40:q=11:t=30:beta=14:seed=0,40,11,30,14,0,14,ok,False,,103495,51747,11.54727858134189,11.55204729952412,0.9952426341018721,-0.004768718182228682,109276,0.062669,0.143072,True,10000000,False,FIRST_N_SOLUTIONS,18,12.056882479961455,,
n=40:q=11:t=30:beta=14:seed=0,40,11,30,14,0,15,ok,False,,126585,63292,11.748669298260177,11.753204137995219,0.9954754271252841,-0.0045348397350419845,161024,0.09429,0.237445,True,10000000,False,FIRST_N_SOLUTIONS,18,12.056882479961455,,
n=40:q=11:t=30:beta=14:seed=0,40,11,30,14,0,16,ok,False,,156039,78019,11.95786125498688,11.961134587918984,0.9967320185814513,-0.003273332932103301,224317,0.106035,0.343578,True,10000000,False,FIRST_N_SOLUTIONS,18,12.056882479961455,,
n=40:q=11:t=30:beta=14:seed=0,40,11,30,14,0,17,ok,False,,168517,84258,12.034791913893194,12.033591087109755,1.0012015480646033,0.001200826783438913,302337,0.118268,0.461934,True,10000000,False,FIRST_N_SOLUTIONS,18,12.056882479961455,,
n=40:q=11:t=30:beta=14:seed=0,40,11,30,14,0,18,ok,False,,172809,86404,12.059942217329136,12.056882479961455,1.0030644231419206,0.003059737367680171,386596,0.130739,0.592771,True,10000000,False,FIRST_N_SOLUTIONS,18,12.056882479961455,,
n=40:q=11:t=30:beta=14:seed=0,40,11,30,14,0,19,ok,False,,160887,80443,11.98845753419117,11.986965497061885,1.0014931507704787,0.0014920371292852508,473001,0.155874,0.748715,True,10000000,False,FIRST_N_SOLUTIONS,18,12.056882479961455,,
n=40:q=11:t=30:beta=14:seed=0,40,11,30,14,0,20,ok,False,,144701,72350,11.88242482344573,11.884063823737119,0.9983623421360753,-0.001639000291389081,553445,0.127516,0.876293,True,10000000,False,FIRST_N_SOLUTIONS,18,12.056882479961455,,
n=40:q=11:t=30:beta=14:seed=0,40,11,30,14,0,21,ok,False,,127087,63543,11.75262717027844,11.755022642728246,0.9976073944047096,-0.0023954724498054247,625796,0.114663,0.991021,True,10000000,False,FIRST_N_SOLUTIONS,18,12.056882479961455,,
n=40:q=11:t=30:beta=14:seed=0,40,11,30,14,0,22,ok,False,,106171,53085,11.572806280819812,11.575441480735527,0.9973682691756633,-0.0026351999157157024,689340,0.096643,1.087757,True,10000000,False,FIRST_N_SOLUTIONS,18,12.056882479961455,,
n=40:q=11:t=30:beta=14:seed=0,40,11,30,14,0,23,ok,False,,82915,41457,11.325571265648199,11.326803317715893,0.9987687065968514,-0.001232052067694056,742426,0.07192,1.159754,True,10000000,False,FIRST_N_SOLUTIONS,18,12.056882479961455,,
n=40:q=11:t=30:beta=14:seed=0,40,11,30,14,0,24,ok,False,,61459,30729,11.026125564806906,11.030372081489887,0.9957624870196884,-0.004246516682981039,783884,0.0652,1.225029,True,10000000,False,FIRST_N_SOLUTIONS,18,12.056882479961455,,
n=40:q=11:t=30:beta=14:seed=0,40,11,30,14,0,25,ok,False,,43837,21918,10.688233488623478,10.692678181156111,0.9955651704951021,-0.004444692532633354,814614,0.051363,1.276476,True,10000000,False,FIRST_N_SOLUTIONS,18,12.056882479961455,,
n=40:q=11:t=30:beta=14:seed=0,40,11,30,14,0,26,ok,False,,29453,14726,10.29055105146374,10.299212762013447,0.9913756939914404,-0.008661710549706214,836533,0.032019,1.308575,True,10000000,False,FIRST_N_SOLUTIONS,18,12.056882479961455,,
n=40:q=11:t=30:beta=14:seed=0,40,11,30,14,0,27,ok,False,,18027,9013,9.799625913002037,9.8108473633595,0.988841275273179,-0.01122145035746236,851260,0.031655,1.340301,True,10000000,False,FIRST_N_SOLUTIONS,18,12.056882479961455,,
n=40:q=11:t=30:beta=14:seed=0,40,11,30,14,0,28,ok,False,,11103,5551,9.314970621054266,9.32032497404343,0.9946599560089359,-0.005354352989163758,860274,0.023594,1.36402,True,10000000,False,FIRST_N_SOLUTIONS,18,12.056882479961455,,
n=40:q=11:t=30:beta=14:seed=0,40,11,30,14,0,29,ok,False,,6563,3281,8.789203094473724,8.772584119113262,1.0167578387205323,0.016618975360461974,865826,0.019914,1.384031,True,10000000,False,FIRST_N_SOLUTIONS,18,12.056882479961455,,
n=40:q=11:t=30:beta=14:seed=0,40,11,30,14,0,30,ok,False,,3611,1805,8.191740021277457,8.168638030107807,1.0233709090207415,0.02310199116964995,869108,0.014095,1.398242,True,10000000,False,FIRST_N_SOLUTIONS,18,12.056882479961455,,
n=40:q=11:t=30:beta=14:seed=0,40,11,30,14,0,31,ok,False,,1895,947,7.546974117516527,7.517307875344457,1.0301106690734734,0.0296662421720697,870914,0.013107,1.411409,True,10000000,False,FIRST_N_SOLUTIONS,18,12.056882479961455,,
n=40:q=11:t=30:beta=14:seed=0,40,11,30,14,0,32,ok,False,,987,493,6.894670039433482,6.786410702135413,1.11433669698502,0.10825933729806891,871862,0.012824,1.424282,True,10000000,False,FIRST_N_SOLUTIONS,18,12.056882479961455,,
n=40:q=11:t=30:beta=14:seed=0,40,11,30,14,0,33,ok,False,,457,228,6.124683390894205,6.041865535376701,1.0863439189756041,0.08281785551750431,872356,0.012549,1.436869,True,10000000,False,FIRST_N_SOLUTIONS,18,12.056882479961455,,
n=40:q=11:t=30:beta=14:seed=0,40,11,30,14,0,34,ok,False,,181,90,5.198497031265826,5.240693268176145,0.9586816333906617,-0.042196236910318596,872585,0.014678,1.451578,True,10000000,False,FIRST_N_SOLUTIONS,18,12.056882479961455,,
n=40:q=11:t=30:beta=14:seed=0,40,11,30,14,0,35,ok,False,,91,45,4.51085950651685,4.434678792551836,1.0791575753813532,0.07618071396501414,872676,0.014933,1.466567,True,10000000,False,FIRST_N_SOLUTIONS,18,12.056882479961455,,
n=40:q=11:t=30:beta=14:seed=0,40,11,30,14,0,36,ok,False,,33,16,3.4965075614664802,3.592240414903351,0.908706741528518,-0.09573285343687088,872722,0.014833,1.481475,True,10000000,False,FIRST_N_SOLUTIONS,18,12.056882479961455,,
n=40:q=11:t=30:beta=14:seed=0,40,11,30,14,0,37,ok,False,,17,8,2.833213344056216,2.710968375671257,1.1300308897187958,0.12224496838495913,872739,0.015111,1.49665,True,10000000,False,FIRST_N_SOLUTIONS,18,12.056882479961455,,
n=40:q=11:t=30:beta=14:seed=0,40,11,30,14,0,38,ok,False,,9,4,2.1972245773362196,1.8602617830605936,1.4006869491964955,0.3369627942756259,872748,0.015064,1.511774,True,10000000,False,FIRST_N_SOLUTIONS,18,12.056882479961455,,
n=40:q=11:t=30:beta=14:seed=0,40,11,30,14,0,39,ok,False,,3,1,1.0986122886681098,0.9646681142198759,1.1433289908912592,0.13394417444823392,872753,0.015982,1.527808,True,10000000,False,FIRST_N_SOLUTIONS,18,12.056882479961455,,
n=40:q=11:t=30:beta=14:seed=0,40,11,30,14,0,40,ok,True,rank_complete,1,0,0.0,0.0,1.0,0.0,872755,0.01246,1.54032,True,10000000,False,FIRST_N_SOLUTIONS,18,12.056882479961455,,
n=40:q=11:t=30:beta=14:seed=1,40,11,30,14,1,1,ok,False,,5,2,1.6094379124341003,1.7309913774515127,0.8855437064734919,-0.12155346501741238,2,1.4e-05,2.3e-05,True,10000000,False,FIRST_N_SOLUTIONS,18,11.750024599004892,,
n=40:q=11:t=30:beta=14:seed=1,40,11,30,14,1,2,ok,False,,25,12,3.2188758248682006,3.240028636209175,0.9790693402388148,-0.021152811340974242,15,8e-06,6.2e-05,True,10000000,False,FIRST_N_SOLUTIONS,18,11.750024599004892,,
n=40:q=11:t=30:beta=14:seed=1,40,11,30,14,1,3,ok,False,,93,46,4.532599493153256,4.554864508040048,0.9779810211753484,-0.022265014886791334,61,1.8e-05,9.9e-05,True,10000000,False,FIRST_N_SOLUTIONS,18,11.750024599004892,,
n=40:q=11:t=30:beta=14:seed=1,40,11,30,14,1,4,ok,False,,279,139,5.631211781821365,5.656508599908135,0.9750204653648642,-0.025296818086769868,200,9.7e-05,0.000212,True,10000000,False,FIRST_N_SOLUTIONS,18,11.750024599004892,,
n=40:q=11:t=30:beta=14:seed=1,40,11,30,14,1,5,ok,False,,783,391,6.663132695990803,6.638756290219226,1.024675939248545,0.024376405771576515,591,0.00014,0.000372,True,10000000,False,FIRST_N_SOLUTIONS,18,11.750024599004892,,
n=40:q=11:t=30:beta=14:seed=1,40,11,30,14,1,6,ok,False,,1789,894,7.489412083508719,7.4766711152277185,1.0128224802298862,0.012740968281000242,1485,0.000363,0.000753,True,10000000,False,FIRST_N_SOLUTIONS,18,11.750024599004892,,
n=40:q=11:t=30:beta=14:seed=1,40,11,30,14,1,7,ok,False,,4009,2004,8.296297112642508,8.283402128919214,1.0129784825452184,0.012894983723294118,3489,0.000833,0.001604,True,10000000,False,FIRST_N_SOLUTIONS,18,11.750024599004892,,
n=40:q=11:t=30:beta=14:seed=1,40,11,30,14,1,8,ok,False,,7453,3726,8.916371914881694,8.916249839606994,1.0001220827261892,0.00012207527469954016,7215,0.001703,0.00333,True,10000000,False,FIRST_N_SOLUTIONS,18,11.750024599004892,,
n=40:q=11:t=30:beta=14:seed=1,40,11,30,14,1,9,ok,False,,13267,6633,9.493035027916918,9.49428021135754,0.9987555914786064,-0.0012451834406217444,13848,0.00338,0.00674,True,10000000,False,FIRST_N_SOLUTIONS,18,11.750024599004892,,
n=40:q=11:t=30:beta=14:seed=1,40,11,30,14,1,10,ok,False,,22275,11137,10.01122025233901,10.013767729210064,0.9974557651945364,-0.0025474768710544993,24985,0.006286,0.013056,True,10000000,False,FIRST_N_SOLUTIONS,18,11.750024599004892,,
n=40:q=11:t=30:beta=14:seed=1,40,11,30,14,1,11,ok,False,,36451,18225,10.503724171902725,10.503200374875323,1.0005239342330197,0.0005237970274016845,24995,0.012127,0.025225,True,10000000,False,FIRST_N_SOLUTIONS,18,11.750024599004892,,
n=40:q=11:t=30:beta=14:seed=1,40,11,30,14,1,12,ok,False,,52225,26112,10.863316586424766,10.864543805085663,0.9987735340639725,-0.0012272186608974778,43221,0.021845,0.047124,True,10000000,False,FIRST_N_SOLUTIONS,18,11.750024599004892,,
n=40:q=11:t=30:beta=14:seed=1,40,11,30,14,1,13,ok,False,,67321,33660,11.117227502621036,11.115306196497162,1.00192315301511,0.0019213061238740892,69334,0.031762,0.07896,True,10000000,False,FIRST_N_SOLUTIONS,18,11.750024599004892,,
n=40:q=11:t=30:beta=14:seed=1,40,11,30,14,1,14,ok,False,,83767,41883,11.335794414163257,11.334322444297946,1.0014730537446999,0.0014719698653102853,102995,0.05002,0.129061,True,10000000,False,FIRST_N_SOLUTIONS,18,11.750024599004892,,
n=40:q=11:t=30:beta=14:seed=1,40,11,30,14,1,15,ok,False,,98627,49313,11.499100336776529,11.49843038889901,1.000670172342722,0.0006699478775189505,144879,0.061211,0.190359,True,10000000,False,FIRST_N_SOLUTIONS,18,11.750024599004892,,
n=40:q=11:t=30:beta=14:seed=1,40,11,30,14,1,16,ok,False,,108835,54417,11.597588252848938,11.59951538739859,0.9980747211818617,-0.0019271345496516545,194193,0.071382,0.261805,True,10000000,False,FIRST_N_SOLUTIONS,18,11.750024599004892,,
n=40:q=11:t=30:beta=14:seed=1,40,11,30,14,1,17,ok,False,,119883,59941,11.694271546142504,11.69700842493122,0.9972668630496058,-0.0027368787887152024,248611,0.086336,0.348234,True,10000000,False,FIRST_N_SOLUTIONS,18,11.750024599004892,,
n=40:q=11:t=30:beta=14:seed=1,40,11,30,14,1,18,ok,False,,126697,63348,11.749553688049424,11.750024599004892,0.9995291999056939,-0.00047091095546747397,308553,0.093591,0.441887,True,10000000,False,FIRST_N_SOLUTIONS,18,11.750024599004892,,
n=40:q=11:t=30:beta=14:seed=1,40,11,30,14,1,19,ok,False,,118835,59417,11.685491255315467,11.684671261367264,1.0008203302351526,0.0008199939482036456,371902,0.09635,0.538334,True,10000000,False,FIRST_N_SOLUTIONS,18,11.750024599004892,,
n=40:q=11:t=30:beta=14:seed=1,40,11,30,14,1,20,ok,False,,105735,52867,11.568691242876085,11.56823041940384,1.0004609296676936,0.00046082347224540854,431320,0.087382,0.625796,True,10000000,False,FIRST_N_SOLUTIONS,18,11.750024599004892,,
n=40:q=11:t=30:beta=14:seed=1,40,11,30,14,1,21,ok,False,,93771,46885,11.448610918748404,11.44778130701895,1.000829955952449,0.0008296117294541716,484188,0.107923,0.733783,True,10000000,False,FIRST_N_SOLUTIONS,18,11.750024599004892,,
n=40:q=11:t=30:beta=14:seed=1,40,11,30,14,1,22,ok,False,,74695,37347,11.221168434476418,11.227773132545543,0.9934170650099521,-0.0066046980691254475,531074,0.065812,0.799691,True,10000000,False,FIRST_N_SOLUTIONS,18,11.750024599004892,,
n=40:q=11:t=30:beta=14:seed=1,40,11,30,14,1,23,ok,False,,59813,29906,10.998978307617005,11.004135291396118,0.9948562906332902,-0.005156983779112778,568422,0.059974,0.859748,True,10000000,False,FIRST_N_SOLUTIONS,18,11.750024599004892,,
n=40:q=11:t=30:beta=14:seed=1,40,11,30,14,1,24,ok,False,,44507,22253,10.70340175915424,10.713431522655021,0.9900203668386884,-0.010029763500781996,598329,0.039789,0.899648,True,10000000,False,FIRST_N_SOLUTIONS,18,11.750024599004892,,
n=40:q=11:t=30:beta=14:seed=1,40,11,30,14,1,25,ok,False,,31937,15968,10.37152049124621,10.379496187736784,0.9920560249870335,-0.007975696490573725,620583,0.03569,0.935453,True,10000000,False,FIRST_N_SOLUTIONS,18,11.750024599004892,,
n=40:q=11:t=30:beta=14:seed=1,40,11,30,14,1,26,ok,False,,21479,10739,9.974830992604263,9.98303233115979,0.9918322006700451,-0.008201338555528181,636552,0.029571,0.965134,True,10000000,False,FIRST_N_SOLUTIONS,18,11.750024599004892,,
n=40:q=11:t=30:beta=14:seed=1,40,11,30,14,1,27,ok,False,,13561,6780,9.514953305087944,9.513345445023575,1.0016091533644187,0.0016078600643698593,647292,0.020736,0.985995,True,10000000,False,FIRST_N_SOLUTIONS,18,11.750024599004892,,
n=40:q=11:t=30:beta=14:seed=1,40,11,30,14,1,28,ok,False,,7973,3986,8.983816112502495,8.98393514799588,0.9998809715910593,-0.00011903549338398989,654073,0.015891,1.001959,True,10000000,False,FIRST_N_SOLUTIONS,18,11.750024599004892,,
n=40:q=11:t=30:beta=14:seed=1,40,11,30,14,1,29,ok,False,,4771,2385,8.470311205516108,8.489094147815514,0.9813923578943813,-0.018782942299406358,658060,0.01462,1.016682,True,10000000,False,FIRST_N_SOLUTIONS,18,11.750024599004892,,
n=40:q=11:t=30:beta=14:seed=1,40,11,30,14,1,30,ok,False,,2655,1327,7.884199933676039,7.896806573873661,0.9874724906173026,-0.012606640197621921,660446,0.013036,1.029809,True,10000000,False,FIRST_N_SOLUTIONS,18,11.750024599004892,,
n=40:q=11:t=30:beta=14:seed=1,40,11,30,14,1,31,ok,False,,1391,695,7.237778191923443,7.263214969344439,0.9748840116988797,-0.025436777420996037,661774,0.012003,1.04191,True,10000000,False,FIRST_N_SOLUTIONS,18,11.750024599004892,,
n=40:q=11:t=30:beta=14:seed=1,40,11,30,14,1,32,ok,False,,719,359,6.577861357721047,6.583581363932012,0.9942963218774716,-0.005720006210965245,662470,0.011715,1.053716,True,10000000,False,FIRST_N_SOLUTIONS,18,11.750024599004892,,
n=40:q=11:t=30:beta=14:seed=1,40,11,30,14,1,33,ok,False,,365,182,5.8998973535824915,5.89962439541582,1.0002729954231413,0.0002729581666711667,662830,0.011376,1.065158,True,10000000,False,FIRST_N_SOLUTIONS,18,11.750024599004892,,
n=40:q=11:t=30:beta=14:seed=1,40,11,30,14,1,34,ok,False,,161,80,5.081404364984463,5.189884543034708,0.8971966788282016,-0.1084801780502449,663013,0.011969,1.077209,True,10000000,False,FIRST_N_SOLUTIONS,18,11.750024599004892,,
n=40:q=11:t=30:beta=14:seed=1,40,11,30,14,1,35,ok,False,,75,37,4.31748811353631,4.411954105498481,0.9098586766081824,-0.09446599196217065,663094,0.013736,1.091038,True,10000000,False,FIRST_N_SOLUTIONS,18,11.750024599004892,,
n=40:q=11:t=30:beta=14:seed=1,40,11,30,14,1,36,ok,False,,37,18,3.6109179126442243,3.654371609669141,0.9574768870930298,-0.04345369702491686,663132,0.013777,1.104921,True,10000000,False,FIRST_N_SOLUTIONS,18,11.750024599004892,,
n=40:q=11:t=30:beta=14:seed=1,40,11,30,14,1,37,ok,False,,13,6,2.5649493574615367,2.766707268139612,0.8172927618450617,-0.20175791067807536,663151,0.009814,1.114817,True,10000000,False,FIRST_N_SOLUTIONS,18,11.750024599004892,,
n=40:q=11:t=30:beta=14:seed=1,40,11,30,14,1,38,ok,False,,9,4,2.1972245773362196,1.872821722224515,1.38320442586637,0.32440285511170464,663158,0.009081,1.123987,True,10000000,False,FIRST_N_SOLUTIONS,18,11.750024599004892,,
n=40:q=11:t=30:beta=14:seed=1,40,11,30,14,1,39,ok,False,,5,2,1.6094379124341003,0.9548638785256855,1.9243226465734689,0.6545740339084147,663163,0.009181,1.133226,True,10000000,False,FIRST_N_SOLUTIONS,18,11.750024599004892,,
n=40:q=11:t=30:beta=14:seed=1,40,11,30,14,1,40,ok,True,rank_complete,3,1,1.0986122886681098,0.0,3.0000000000000004,1.0986122886681098,663166,0.009034,1.142299,True,10000000,False,FIRST_N_SOLUTIONS,18,11.750024599004892,,
n=40:q=11:t=30:beta=14:seed=2,40,11,30,14,2,1,ok,False,,5,2,1.6094379124341003,1.6783111196225995,0.9334450266946094,-0.06887320718849921,2,1.1e-05,2e-05,True,10000000,False,FIRST_N_SOLUTIONS,18,12.041798633555679,,
n=40:q=11:t=30:beta=14:seed=2,40,11,30,14,2,2,ok,False,,25,12,3.2188758248682006,3.2253934450591184,0.9935035734265784,-0.006517620190917839,15,7e-06,5.4e-05,True,10000000,False,FIRST_N_SOLUTIONS,18,12.041798633555679,,
n=40:q=11:t=30:beta=14:seed=2,40,11,30,14,2,3,ok,False,,93,46,4.532599493153256,4.521349426880496,1.011313586246152,0.01125006627276015,61,1.9e-05,9.3e-05,True,10000000,False,FIRST_N_SOLUTIONS,18,12.041798633555679,,
n=40:q=11:t=30:beta=14:seed=2,40,11,30,14,2,4,ok,False,,291,145,5.673323267171493,5.657826913231779,1.015617045050586,0.015496353939713714,206,9.8e-05,0.000208,True,10000000,False,FIRST_N_SOLUTIONS,18,12.041798633555679,,
n=40:q=11:t=30:beta=14:seed=2,40,11,30,14,2,5,ok,False,,733,366,6.597145701886651,6.615006278015047,0.982297978598537,-0.017860576128395422,572,0.000133,0.000364,True,10000000,False,FIRST_N_SOLUTIONS,18,12.041798633555679,,
n=40:q=11:t=30:beta=14:seed=2,40,11,30,14,2,6,ok,False,,1799,899,7.4949862339505335,7.497734920725492,0.9972550874057298,-0.002748686774958209,1471,0.000378,0.000762,True,10000000,False,FIRST_N_SOLUTIONS,18,12.041798633555679,,
n=40:q=11:t=30:beta=14:seed=2,40,11,30,14,2,7,ok,False,,3735,1867,8.225503097566918,8.231622750644386,0.9938990338608018,-0.006119653077467646,3338,0.000789,0.001569,True,10000000,False,FIRST_N_SOLUTIONS,18,12.041798633555679,,
n=40:q=11:t=30:beta=14:seed=2,40,11,30,14,2,8,ok,False,,7325,3662,8.899048433885268,8.899747289223338,0.9993013888044445,-0.0006988553380704587,7000,0.001688,0.003284,True,10000000,False,FIRST_N_SOLUTIONS,18,12.041798633555679,,
n=40:q=11:t=30:beta=14:seed=2,40,11,30,14,2,9,ok,False,,12315,6157,9.418573310554638,9.417782671284055,1.0007909519082006,0.0007906392705834264,13157,0.00317,0.006482,True,10000000,False,FIRST_N_SOLUTIONS,18,12.041798633555679,,
n=40:q=11:t=30:beta=14:seed=2,40,11,30,14,2,10,ok,False,,20039,10019,9.905435653754145,9.899893650883616,1.0055573881771107,0.0055420028705288615,23176,0.005728,0.012244,True,10000000,False,FIRST_N_SOLUTIONS,18,12.041798633555679,,
n=40:q=11:t=30:beta=14:seed=2,40,11,30,14,2,11,ok,False,,30797,15398,10.335172561620322,10.333425045997984,1.001749043417582,0.0017475156223376587,23186,0.010481,0.02277,True,10000000,False,FIRST_N_SOLUTIONS,18,12.041798633555679,,
n=40:q=11:t=30:beta=14:seed=2,40,11,30,14,2,12,ok,False,,48627,24313,10.791934211180285,10.795998113558571,0.9959443440982433,-0.004063902378286244,38585,0.020491,0.043327,True,10000000,False,FIRST_N_SOLUTIONS,18,12.041798633555679,,
n=40:q=11:t=30:beta=14:seed=2,40,11,30,14,2,13,ok,False,,69811,34905,11.15354686945718,11.1555283840176,0.9980204473434957,-0.001981514560419839,62899,0.034447,0.077843,True,10000000,False,FIRST_N_SOLUTIONS,18,12.041798633555679,,
n=40:q=11:t=30:beta=14:seed=2,40,11,30,14,2,14,ok,False,,94881,47440,11.460378753805015,11.459856815856426,1.0005220741819008,0.000521937948589013,97805,0.05568,0.133607,True,10000000,False,FIRST_N_SOLUTIONS,18,12.041798633555679,,
n=40:q=11:t=30:beta=14:seed=2,40,11,30,14,2,15,ok,False,,122081,61040,11.71244003783467,11.712129800300637,1.0003102856626729,0.00031023753403225385,145246,0.08436,0.218059,True,10000000,False,FIRST_N_SOLUTIONS,18,12.041798633555679,,
n=40:q=11:t=30:beta=14:seed=2,40,11,30,14,2,16,ok,False,,146401,73200,11.894104711087113,11.894071029013297,1.0000336826410636,3.3682073816265756e-05,206287,0.098599,0.31672,True,10000000,False,FIRST_N_SOLUTIONS,18,12.041798633555679,,
n=40:q=11:t=30:beta=14:seed=2,40,11,30,14,2,17,ok,False,,169023,84511,12.037790079319727,12.03746752861261,1.0003226027321905,0.0003225507071178413,279488,0.130977,0.447787,True,10000000,False,FIRST_N_SOLUTIONS,18,12.041798633555679,,
n=40:q=11:t=30:beta=14:seed=2,40,11,30,14,2,18,ok,False,,169763,84881,12.042158625699201,12.041798633555679,1.0003600569484703,0.00035999214352244735,364000,0.134037,0.581908,True,10000000,False,FIRST_N_SOLUTIONS,18,12.041798633555679,,
n=40:q=11:t=30:beta=14:seed=2,40,11,30,14,2,19,ok,False,,161407,80703,11.991684404385566,11.988386968085145,1.00330287882398,0.0032974363004214524,448882,0.128015,0.709989,True,10000000,False,FIRST_N_SOLUTIONS,18,12.041798633555679,,
n=40:q=11:t=30:beta=14:seed=2,40,11,30,14,2,20,ok,False,,148419,74209,11.90779463386499,11.906532392522927,1.0012630383039502,0.0012622413420633194,529586,0.132586,0.842642,True,10000000,False,FIRST_N_SOLUTIONS,18,12.041798633555679,,
n=40:q=11:t=30:beta=14:seed=2,40,11,30,14,2,21,ok,False,,127467,63733,11.755612786550616,11.75617154392448,0.9994413987019658,-0.0005587573738647933,603796,0.119683,0.962406,True,10000000,False,FIRST_N_SOLUTIONS,18,12.041798633555679,,
n=40:q=11:t=30:beta=14:seed=2,40,11,30,14,2,22,ok,False,,99905,49952,11.511975013434233,11.515363807745636,0.9966169411714193,-0.003388794311403487,667530,0.102578,1.065095,True,10000000,False,FIRST_N_SOLUTIONS,18,12.041798633555679,,
n=40:q=11:t=30:beta=14:seed=2,40,11,30,14,2,23,ok,False,,76289,38144,11.242284039120532,11.245430803064913,0.996858181928089,-0.003146763944380737,717483,0.067469,1.132696,True,10000000,False,FIRST_N_SOLUTIONS,18,12.041798633555679,,
n=40:q=11:t=30:beta=14:seed=2,40,11,30,14,2,24,ok,False,,57763,28881,10.964103711276094,10.966700154068,0.9974069250502453,-0.002596442791906739,755628,0.05542,1.188201,True,10000000,False,FIRST_N_SOLUTIONS,18,12.041798633555679,,
n=40:q=11:t=30:beta=14:seed=2,40,11,30,14,2,25,ok,False,,41711,20855,10.638520161969526,10.638092364640073,1.00042788884778,0.00042779732945241733,784510,0.051493,1.239764,True,10000000,False,FIRST_N_SOLUTIONS,18,12.041798633555679,,
n=40:q=11:t=30:beta=14:seed=2,40,11,30,14,2,26,ok,False,,29203,14601,10.282026722705035,10.282777942875072,0.9992490619251928,-0.0007512201700361487,805366,0.03832,1.278188,True,10000000,False,FIRST_N_SOLUTIONS,18,12.041798633555679,,
n=40:q=11:t=30:beta=14:seed=2,40,11,30,14,2,27,ok,False,,19253,9626,9.865422171729335,9.866942474714605,0.9984808520898847,-0.0015203029852699501,819968,0.024664,1.302926,True,10000000,False,FIRST_N_SOLUTIONS,18,12.041798633555679,,
n=40:q=11:t=30:beta=14:seed=2,40,11,30,14,2,28,ok,False,,11913,5956,9.38538551979936,9.384495085696123,1.000890830657376,0.00089043410323697,829595,0.019381,1.322384,True,10000000,False,FIRST_N_SOLUTIONS,18,12.041798633555679,,
n=40:q=11:t=30:beta=14:seed=2,40,11,30,14,2,29,ok,False,,7173,3586,8.878079256126435,8.87295826682277,1.0051341239806642,0.005120989303664558,835552,0.020339,1.342809,True,10000000,False,FIRST_N_SOLUTIONS,18,12.041798633555679,,
n=40:q=11:t=30:beta=14:seed=2,40,11,30,14,2,30,ok,False,,3993,1996,8.292298107063221,8.279496456125813,1.0128839428532952,0.012801650937408482,839139,0.020225,1.363133,True,10000000,False,FIRST_N_SOLUTIONS,18,12.041798633555679,,
n=40:q=11:t=30:beta=14:seed=2,40,11,30,14,2,31,ok,False,,2147,1073,7.671826797878781,7.602449281068978,1.0718407706875175,0.0693775168098032,841136,0.013271,1.376458,True,10000000,False,FIRST_N_SOLUTIONS,18,12.041798633555679,,
n=40:q=11:t=30:beta=14:seed=2,40,11,30,14,2,32,ok,False,,1179,589,7.072421900537371,6.9841297927601715,1.092307146843798,0.08829210777719965,842210,0.012557,1.389071,True,10000000,False,FIRST_N_SOLUTIONS,18,12.041798633555679,,
n=40:q=11:t=30:beta=14:seed=2,40,11,30,14,2,33,ok,False,,551,275,6.311734809152915,6.236982536550315,1.077617162520766,0.0747522726026002,842800,0.012141,1.401263,True,10000000,False,FIRST_N_SOLUTIONS,18,12.041798633555679,,
n=40:q=11:t=30:beta=14:seed=2,40,11,30,14,2,34,ok,False,,273,136,5.60947179518496,5.46693030546632,1.1532009259467775,0.14254148971863945,843076,0.012417,1.413737,True,10000000,False,FIRST_N_SOLUTIONS,18,12.041798633555679,,
n=40:q=11:t=30:beta=14:seed=2,40,11,30,14,2,35,ok,False,,105,52,4.653960350157523,4.6266370036587645,1.027700052258411,0.02732334649875856,843213,0.011873,1.425651,True,10000000,False,FIRST_N_SOLUTIONS,18,12.041798633555679,,
n=40:q=11:t=30:beta=14:seed=2,40,11,30,14,2,36,ok,False,,51,25,3.9318256327243257,3.777206257476074,1.1672136061551637,0.15461937524825187,843266,0.011881,1.437578,True,10000000,False,FIRST_N_SOLUTIONS,18,12.041798633555679,,
n=40:q=11:t=30:beta=14:seed=2,40,11,30,14,2,37,ok,False,,27,13,3.295836866004329,2.863999458992737,1.5400846878310193,0.43183740701159223,843292,0.011844,1.449457,True,10000000,False,FIRST_N_SOLUTIONS,18,12.041798633555679,,
n=40:q=11:t=30:beta=14:seed=2,40,11,30,14,2,38,ok,False,,15,7,2.70805020110221,1.9296790281530747,2.177921916698475,0.7783711729491354,843306,0.01202,1.461504,True,10000000,False,FIRST_N_SOLUTIONS,18,12.041798633555679,,
n=40:q=11:t=30:beta=14:seed=2,40,11,30,14,2,39,ok,False,,7,3,1.9459101490553132,0.9837180373360184,2.6174278835202496,0.9621921117192949,843314,0.012054,1.473604,True,10000000,False,FIRST_N_SOLUTIONS,18,12.041798633555679,,
n=40:q=11:t=30:beta=14:seed=2,40,11,30,14,2,40,ok,True,rank_complete,7,3,1.9459101490553132,0.0,6.999999999999999,1.9459101490553132,843318,0.012133,1.485767,True,10000000,False,FIRST_N_SOLUTIONS,18,12.041798633555679,,
n=40:q=11:t=30:beta=2:seed=0,40,11,30,2,0,1,ok,False,,5,2,1.6094379124341003,1.7309913774515127,0.8855437064734919,-0.12155346501741238,2,6.7e-05,8.3e-05,True,10000000,False,FIRST_N_SOLUTIONS,18,13.702870492792194,,
n=40:q=11:t=30:beta=2:seed=0,40,11,30,2,0,2,ok,False,,25,12,3.2188758248682006,3.240028636209175,0.9790693402388148,-0.021152811340974242,15,5.1e-05,0.000181,True,10000000,False,FIRST_N_SOLUTIONS,18,13.702870492792194,,
n=40:q=11:t=30:beta=2:seed=0,40,11,30,2,0,3,ok,False,,109,54,4.6913478822291435,4.723381209971935,0.9684743044788111,-0.03203332774279133,69,4e-05,0.000267,True,10000000,False,FIRST_N_SOLUTIONS,18,13.702870492792194,,
n=40:q=11:t=30:beta=2:seed=0,40,11,30,2,0,4,ok,False,,387,193,5.958424693029782,5.9620197115608,0.9964114358112909,-0.0035950185310182903,262,0.000165,0.000471,True,10000000,False,FIRST_N_SOLUTIONS,18,13.702870492792194,,
n=40:q=11:t=30:beta=2:seed=0,40,11,30,2,0,5,ok,False,,1091,545,6.994849985833071,6.991457110779644,1.003398637369087,0.0033928750534268914,807,0.000337,0.000846,True,10000000,False,FIRST_N_SOLUTIONS,18,13.702870492792194,,
n=40:q=11:t=30:beta=2:seed=0,40,11,30,2,0,6,ok,False,,2969,1484,7.99598047476376,8.000349702166412,0.9956403037850347,-0.004369227402651887,2291,0.000983,0.001868,True,10000000,False,FIRST_N_SOLUTIONS,18,13.702870492792194,,
n=40:q=11:t=30:beta=2:seed=0,40,11,30,2,0,7,ok,False,,7929,3964,8.978282203272398,8.981730263278044,0.9965578777267428,-0.003448060005645459,6255,0.002719,0.004628,True,10000000,False,FIRST_N_SOLUTIONS,18,13.702870492792194,,
n=40:q=11:t=30:beta=2:seed=0,40,11,30,2,0,8,ok,False,,20689,10344,9.937357437043744,9.934975252202282,1.0023850244981862,0.0023821848414620206,16599,0.008024,0.012706,True,10000000,False,FIRST_N_SOLUTIONS,18,13.702870492792194,,
n=40:q=11:t=30:beta=2:seed=0,40,11,30,2,0,9,ok,False,,45243,22621,10.719803241028794,10.720671485917416,0.9991321319269074,-0.0008682448886219163,39220,0.01592,0.02871,True,10000000,False,FIRST_N_SOLUTIONS,18,13.702870492792194,,
n=40:q=11:t=30:beta=2:seed=0,40,11,30,2,0,10,ok,False,,93375,46687,11.444378922435119,11.445561392239696,0.9988182290373616,-0.0011824698045774795,85907,0.039021,0.067825,True,10000000,False,FIRST_N_SOLUTIONS,18,13.702870492792194,,
n=40:q=11:t=30:beta=2:seed=0,40,11,30,2,0,11,ok,False,,173553,86776,12.064238307225231,12.062839820845035,1.0013994647182853,0.001398486380196573,85917,0.093776,0.16166,True,10000000,False,FIRST_N_SOLUTIONS,18,13.702870492792194,,
n=40:q=11:t=30:beta=2:seed=0,40,11,30,2,0,12,ok,False,,273687,136843,12.519740396640966,12.52084189655702,0.9988991065122982,-0.0011014999160536831,172694,0.196521,0.358268,True,10000000,False,FIRST_N_SOLUTIONS,18,13.702870492792194,,
n=40:q=11:t=30:beta=2:seed=0,40,11,30,2,0,13,ok,False,,428001,214000,12.966880811009803,12.967598045920052,0.9992830222412259,-0.0007172349102493314,309538,0.326366,0.684749,True,10000000,False,FIRST_N_SOLUTIONS,18,13.702870492792194,,
n=40:q=11:t=30:beta=2:seed=0,40,11,30,2,0,14,ok,False,,571607,285803,13.256206971288966,13.2566150649273,0.9995919896205498,-0.0004080936383328293,523539,0.461413,1.146275,True,10000000,False,FIRST_N_SOLUTIONS,18,13.702870492792194,,
n=40:q=11:t=30:beta=2:seed=0,40,11,30,2,0,15,ok,False,,701631,350815,13.461162903784633,13.46171046147246,0.9994525921945255,-0.000547557687827549,809343,0.56821,1.714569,True,10000000,False,FIRST_N_SOLUTIONS,18,13.702870492792194,,
n=40:q=11:t=30:beta=2:seed=0,40,11,30,2,0,16,ok,False,,824583,412291,13.622633082986153,13.623621699995574,0.9990118715113748,-0.000988617009420878,1160159,0.754413,2.469078,True,10000000,False,FIRST_N_SOLUTIONS,18,13.702870492792194,,
n=40:q=11:t=30:beta=2:seed=0,40,11,30,2,0,17,ok,False,,881357,440678,13.689218044177709,13.6890119835674,1.0002060818422542,0.0002060606103082563,1572451,0.813177,3.282365,True,10000000,False,FIRST_N_SOLUTIONS,18,13.702870492792194,,
n=40:q=11:t=30:beta=2:seed=0,40,11,30,2,0,18,ok,False,,893991,446995,13.703450986990884,13.702870492792194,1.0005806627180542,0.0005804941986902179,2013130,0.836976,4.11943,True,10000000,False,FIRST_N_SOLUTIONS,18,13.702870492792194,,
n=40:q=11:t=30:beta=2:seed=0,40,11,30,2,0,19,ok,False,,787453,393726,13.57655896536117,13.576759488548515,0.9997994969160852,-0.00020052318734542496,2460126,0.727589,4.847094,True,10000000,False,FIRST_N_SOLUTIONS,18,13.702870492792194,,
n=40:q=11:t=30:beta=2:seed=0,40,11,30,2,0,20,ok,False,,694929,347464,13.451564961055036,13.451968493287307,0.9995965491759096,-0.0004035322322710755,2853853,0.676494,5.523676,True,10000000,False,FIRST_N_SOLUTIONS,18,13.702870492792194,,
n=40:q=11:t=30:beta=2:seed=0,40,11,30,2,0,21,ok,False,,577459,288729,13.266392723186778,13.26583881913809,1.0005540574818637,0.0005539040486883806,3201318,0.575472,6.09924,True,10000000,False,FIRST_N_SOLUTIONS,18,13.702870492792194,,
n=40:q=11:t=30:beta=2:seed=0,40,11,30,2,0,22,ok,False,,441609,220804,12.998180154172127,12.996991993689896,1.0011888666245392,0.0011881604822310265,3490048,0.443295,6.542617,True,10000000,False,FIRST_N_SOLUTIONS,18,13.702870492792194,,
n=40:q=11:t=30:beta=2:seed=0,40,11,30,2,0,23,ok,False,,333073,166536,12.716116964156779,12.715383661215789,1.000733571873324,0.0007333029409899439,3710853,0.356049,6.898753,True,10000000,False,FIRST_N_SOLUTIONS,18,13.702870492792194,,
n=40:q=11:t=30:beta=2:seed=0,40,11,30,2,0,24,ok,False,,240505,120252,12.390496158332633,12.387741099667167,1.0027588573273019,0.0027550586654658815,3877390,0.328852,7.227702,True,10000000,False,FIRST_N_SOLUTIONS,18,13.702870492792194,,
n=40:q=11:t=30:beta=2:seed=0,40,11,30,2,0,25,ok,False,,172531,86265,12.058332209452546,12.06089621980648,0.9974392739130489,-0.002564010353934165,3997643,0.224585,7.452411,True,10000000,False,FIRST_N_SOLUTIONS,18,13.702870492792194,,
n=40:q=11:t=30:beta=2:seed=0,40,11,30,2,0,26,ok,False,,116943,58471,11.66944191558223,11.676076093954812,0.9933877792050955,-0.006634178372582511,4083909,0.172816,7.625316,True,10000000,False,FIRST_N_SOLUTIONS,18,13.702870492792194,,
n=40:q=11:t=30:beta=2:seed=0,40,11,30,2,0,27,ok,False,,68191,34095,11.130067870314047,11.140766116566859,0.9893587764548161,-0.010698246252811572,4142381,0.118227,7.743637,True,10000000,False,FIRST_N_SOLUTIONS,18,13.702870492792194,,
n=40:q=11:t=30:beta=2:seed=0,40,11,30,2,0,28,ok,False,,38843,19421,10.567283159381214,10.570505653883949,0.9967826921598489,-0.0032224945027348184,4176477,0.087276,7.831003,True,10000000,False,FIRST_N_SOLUTIONS,18,13.702870492792194,,
n=40:q=11:t=30:beta=2:seed=0,40,11,30,2,0,29,ok,False,,18963,9481,9.850244991140409,9.861778521615207,0.9885327257205596,-0.011533530474798326,4195899,0.070474,7.901554,True,10000000,False,FIRST_N_SOLUTIONS,18,13.702870492792194,,
n=40:q=11:t=30:beta=2:seed=0,40,11,30,2,0,30,ok,False,,9187,4593,9.125544720271467,9.123158108834033,1.0023894616615183,0.0023866114374335723,4205381,0.062761,7.964397,True,10000000,False,FIRST_N_SOLUTIONS,18,13.702870492792194,,
n=40:q=11:t=30:beta=2:seed=0,40,11,30,2,0,31,ok,False,,4571,2285,8.427487278331744,8.427208227378756,1.0002790898913274,0.0002790509529884133,4209975,0.059631,8.0241,True,10000000,False,FIRST_N_SOLUTIONS,18,13.702870492792194,,
n=40:q=11:t=30:beta=2:seed=0,40,11,30,2,0,32,ok,False,,2079,1039,7.639642287858013,7.632245384726893,1.007424327796582,0.0073969031311200695,4212261,0.05844,8.08262,True,10000000,False,FIRST_N_SOLUTIONS,18,13.702870492792194,,
n=40:q=11:t=30:beta=2:seed=0,40,11,30,2,0,33,ok,False,,883,441,6.78332520060396,6.768319682102067,1.0151186665345442,0.015005518501892467,4213301,0.058078,8.14077,True,10000000,False,FIRST_N_SOLUTIONS,18,13.702870492792194,,
n=40:q=11:t=30:beta=2:seed=0,40,11,30,2,0,34,ok,False,,359,179,5.883322388488279,5.876933607793575,1.0064092324848892,0.006388780694703833,4213743,0.057524,8.198368,True,10000000,False,FIRST_N_SOLUTIONS,18,13.702870492792194,,
n=40:q=11:t=30:beta=2:seed=0,40,11,30,2,0,35,ok,False,,169,84,5.1298987149230735,4.915230843903743,1.2394501712748538,0.21466787101933082,4213923,0.057007,8.255447,True,10000000,False,FIRST_N_SOLUTIONS,18,13.702870492792194,,
n=40:q=11:t=30:beta=2:seed=0,40,11,30,2,0,36,ok,False,,73,36,4.290459441148391,3.927935234890249,1.436952003796283,0.36252420625814175,4214008,0.05691,8.312397,True,10000000,False,FIRST_N_SOLUTIONS,18,13.702870492792194,,
n=40:q=11:t=30:beta=2:seed=0,40,11,30,2,0,37,ok,False,,29,14,3.367295829986474,2.9715322901712824,1.4855180101547034,0.39576353981519174,4214045,0.056516,8.368948,True,10000000,False,FIRST_N_SOLUTIONS,18,13.702870492792194,,
n=40:q=11:t=30:beta=2:seed=0,40,11,30,2,0,38,ok,False,,7,3,1.9459101490553132,2.0302439970133292,0.9191243570793965,-0.08433384795801602,4214060,0.05681,8.425796,True,10000000,False,FIRST_N_SOLUTIONS,18,13.702870492792194,,
n=40:q=11:t=30:beta=2:seed=0,40,11,30,2,0,39,ok,False,,1,0,0.0,1.0451988929034286,0.35162187732671807,-1.0451988929034286,4214064,0.056354,8.482193,True,10000000,False,FIRST_N_SOLUTIONS,18,13.702870492792194,,
n=40:q=11:t=30:beta=2:seed=0,40,11,30,2,0,40,ok,True,rank_complete,1,0,0.0,0.0,1.0,0.0,4214065,0.056515,8.538746,True,10000000,False,FIRST_N_SOLUTIONS,18,13.702870492792194,,
n=40:q=11:t=30:beta=2:seed=1,40,11,30,2,1,1,ok,False,,5,2,1.6094379124341003,1.7309913774515127,0.8855437064734919,-0.12155346501741238,2,6.7e-05,8.3e-05,True,10000000,False,FIRST_N_SOLUTIONS,18,12.995399560020541,,
n=40:q=11:t=30:beta=2:seed=1,40,11,30,2,1,2,ok,False,,23,11,3.1354942159291497,3.2635071277530607,0.8798420187060869,-0.12801291182391106,14,0.000234,0.000367,True,10000000,False,FIRST_N_SOLUTIONS,18,12.995399560020541,,
n=40:q=11:t=30:beta=2:seed=1,40,11,30,2,1,3,ok,False,,97,48,4.574710978503383,4.605724166504702,0.9694627877151962,-0.031013188001319136,62,3.3e-05,0.000447,True,10000000,False,FIRST_N_SOLUTIONS,18,12.995399560020541,,
n=40:q=11:t=30:beta=2:seed=1,40,11,30,2,1,4,ok,False,,327,163,5.7899601708972535,5.841095109738527,0.9501504496809196,-0.0511349388412734,225,0.000168,0.000652,True,10000000,False,FIRST_N_SOLUTIONS,18,12.995399560020541,,
n=40:q=11:t=30:beta=2:seed=1,40,11,30,2,1,5,ok,False,,941,470,6.846943139585379,6.877292514573387,0.9701065433726548,-0.030349374988007938,695,0.00029,0.00098,True,10000000,False,FIRST_N_SOLUTIONS,18,12.995399560020541,,
n=40:q=11:t=30:beta=2:seed=1,40,11,30,2,1,6,ok,False,,2577,1288,7.854381210652365,7.863760607547899,0.990664452446978,-0.009379396895534242,1983,0.000821,0.001842,True,10000000,False,FIRST_N_SOLUTIONS,18,12.995399560020541,,
n=40:q=11:t=30:beta=2:seed=1,40,11,30,2,1,7,ok,False,,6337,3168,8.754160749323518,8.757180703421062,0.996984601376903,-0.0030199540975441863,5151,0.002165,0.004049,True,10000000,False,FIRST_N_SOLUTIONS,18,12.995399560020541,,
n=40:q=11:t=30:beta=2:seed=1,40,11,30,2,1,8,ok,False,,14479,7239,9.58045460278142,9.581207360761404,0.9992475252712275,-0.0007527579799830875,12390,0.005455,0.009574,True,10000000,False,FIRST_N_SOLUTIONS,18,12.995399560020541,,
n=40:q=11:t=30:beta=2:seed=1,40,11,30,2,1,9,ok,False,,29413,14706,10.289192032466138,10.289413954405033,0.9997781026839572,-0.00022192193889480905,27096,0.012691,0.022352,True,10000000,False,FIRST_N_SOLUTIONS,18,12.995399560020541,,
n=40:q=11:t=30:beta=2:seed=1,40,11,30,2,1,10,ok,False,,52321,26160,10.865153099098274,10.866757493003444,0.9983968924467009,-0.0016043939051701983,53256,0.027721,0.050182,True,10000000,False,FIRST_N_SOLUTIONS,18,12.995399560020541,,
n=40:q=11:t=30:beta=2:seed=1,40,11,30,2,1,11,ok,False,,87005,43502,11.373720867249679,11.37170177991743,1.0020211270616426,0.002019087332248759,53266,0.052101,0.102397,True,10000000,False,FIRST_N_SOLUTIONS,18,12.995399560020541,,
n=40:q=11:t=30:beta=2:seed=1,40,11,30,2,1,12,ok,False,,134747,67373,11.811154225072574,11.811872861875802,0.9992816213543554,-0.0007186368032279233,96769,0.06696,0.169453,True,10000000,False,FIRST_N_SOLUTIONS,18,12.995399560020541,,
n=40:q=11:t=30:beta=2:seed=1,40,11,30,2,1,13,ok,False,,199525,99762,12.203694820744209,12.204425882807186,0.9992692050977853,-0.000731062062977017,164143,0.117053,0.286589,True,10000000,False,FIRST_N_SOLUTIONS,18,12.995399560020541,,
n=40:q=11:t=30:beta=2:seed=1,40,11,30,2,1,14,ok,False,,274197,137098,12.521602105131462,12.521670029751263,0.999932077687024,-6.792461980076325e-05,263906,0.200297,0.486948,True,10000000,False,FIRST_N_SOLUTIONS,18,12.995399560020541,,
n=40:q=11:t=30:beta=2:seed=1,40,11,30,2,1,15,ok,False,,344107,172053,12.748707934502226,12.747114813641168,1.0015943905522644,0.001593120861057784,401005,0.273303,0.76033,True,10000000,False,FIRST_N_SOLUTIONS,18,12.995399560020541,,
n=40:q=11:t=30:beta=2:seed=1,40,11,30,2,1,16,ok,False,,387517,193758,12.867514997780978,12.86719775428626,1.0003172938217577,0.000317243494718511,573059,0.320141,1.080541,True,10000000,False,FIRST_N_SOLUTIONS,18,12.995399560020541,,
n=40:q=11:t=30:beta=2:seed=1,40,11,30,2,1,17,ok,False,,409393,204696,12.922430853870674,12.922353373647486,1.0000774832248585,7.748022318843084e-05,766818,0.362031,1.442647,True,10000000,False,FIRST_N_SOLUTIONS,18,12.995399560020541,,
n=40:q=11:t=30:beta=2:seed=1,40,11,30,2,1,18,ok,False,,440289,220144,12.995186608465607,12.995399560020541,0.9997870711176391,-0.00021295155493383788,971515,0.389829,1.832548,True,10000000,False,FIRST_N_SOLUTIONS,18,12.995399560020541,,
n=40:q=11:t=30:beta=2:seed=1,40,11,30,2,1,19,ok,False,,418855,209427,12.945280076958479,12.946332165310917,0.9989484648984729,-0.0010520883524378633,1191660,0.40974,2.242362,True,10000000,False,FIRST_N_SOLUTIONS,18,12.995399560020541,,
n=40:q=11:t=30:beta=2:seed=1,40,11,30,2,1,20,ok,False,,396361,198180,12.89008069112858,12.890479916082214,0.9996008547260439,-0.00039922495363420296,1401088,0.404902,2.647367,True,10000000,False,FIRST_N_SOLUTIONS,18,12.995399560020541,,
n=40:q=11:t=30:beta=2:seed=1,40,11,30,2,1,21,ok,False,,362069,181034,12.79959008037937,12.800020458737464,0.9995697142413861,-0.0004303783580947851,1599269,0.347707,2.995166,True,10000000,False,FIRST_N_SOLUTIONS,18,12.995399560020541,,
n=40:q=11:t=30:beta=2:seed=1,40,11,30,2,1,22,ok,False,,307899,153949,12.637527086099588,12.636334409315175,1.0011933883062127,0.0011926767844130381,1780304,0.296334,3.291565,True,10000000,False,FIRST_N_SOLUTIONS,18,12.995399560020541,,
n=40:q=11:t=30:beta=2:seed=1,40,11,30,2,1,23,ok,False,,243565,121782,12.403139126334263,12.399972443117804,1.0031717024544702,0.0031666832164596315,1934254,0.282617,3.574276,True,10000000,False,FIRST_N_SOLUTIONS,18,12.995399560020541,,
n=40:q=11:t=30:beta=2:seed=1,40,11,30,2,1,24,ok,False,,170061,85030,12.043912475200043,12.039723987168841,1.0041972720067731,0.004188488031202198,2056037,0.204659,3.779036,True,10000000,False,FIRST_N_SOLUTIONS,18,12.995399560020541,,
n=40:q=11:t=30:beta=2:seed=1,40,11,30,2,1,25,ok,False,,129809,64904,11.773819418290616,11.767320102587888,1.0065204820858518,0.00649931570272777,2141068,0.151738,3.930876,True,10000000,False,FIRST_N_SOLUTIONS,18,12.995399560020541,,
n=40:q=11:t=30:beta=2:seed=1,40,11,30,2,1,26,ok,False,,84927,42463,11.349547342942829,11.347038926445883,1.0025115652058143,0.0025084164969459977,2205973,0.119607,4.05058,True,10000000,False,FIRST_N_SOLUTIONS,18,12.995399560020541,,
n=40:q=11:t=30:beta=2:seed=1,40,11,30,2,1,27,ok,False,,52779,26389,10.873868663307157,10.880950297676662,0.9929433813176844,-0.007081634369505707,2248437,0.073743,4.12438,True,10000000,False,FIRST_N_SOLUTIONS,18,12.995399560020541,,
n=40:q=11:t=30:beta=2:seed=1,40,11,30,2,1,28,ok,False,,29713,14856,10.299339939461232,10.29777525962114,1.0015659045902903,0.0015646798400918982,2274827,0.058521,4.18299,True,10000000,False,FIRST_N_SOLUTIONS,18,12.995399560020541,,
n=40:q=11:t=30:beta=2:seed=1,40,11,30,2,1,29,ok,False,,14395,7197,9.574636203046277,9.572159609062318,1.002479663276113,0.002476593983958608,2289684,0.045235,4.228339,True,10000000,False,FIRST_N_SOLUTIONS,18,12.995399560020541,,
n=40:q=11:t=30:beta=2:seed=1,40,11,30,2,1,30,ok,False,,6847,3423,8.831565879121063,8.827259165787417,1.0043160005511902,0.004306713333646073,2296882,0.037586,4.266026,True,10000000,False,FIRST_N_SOLUTIONS,18,12.995399560020541,,
n=40:q=11:t=30:beta=2:seed=1,40,11,30,2,1,31,ok,False,,3515,1757,8.164794804244766,8.143694377096914,1.0213246152054951,0.021100427147851875,2300306,0.035324,4.301447,True,10000000,False,FIRST_N_SOLUTIONS,18,12.995399560020541,,
n=40:q=11:t=30:beta=2:seed=1,40,11,30,2,1,32,ok,False,,1729,864,7.455298485683291,7.433579178263024,1.021956888492129,0.021719307420267064,2302064,0.033664,4.335176,True,10000000,False,FIRST_N_SOLUTIONS,18,12.995399560020541,,
n=40:q=11:t=30:beta=2:seed=1,40,11,30,2,1,33,ok,False,,823,411,6.71295620067707,6.631126120030821,1.0852713855488885,0.08183008064624886,2302929,0.032224,4.36748,True,10000000,False,FIRST_N_SOLUTIONS,18,12.995399560020541,,
n=40:q=11:t=30:beta=2:seed=1,40,11,30,2,1,34,ok,False,,353,176,5.8664680569332965,5.80339579892744,1.0651037987273286,0.0630722580058567,2303341,0.031926,4.399473,True,10000000,False,FIRST_N_SOLUTIONS,18,12.995399560020541,,
n=40:q=11:t=30:beta=2:seed=1,40,11,30,2,1,35,ok,False,,129,64,4.859812404361672,4.851854991084174,1.0079891576356599,0.007957413277497771,2303518,0.031858,4.431397,True,10000000,False,FIRST_N_SOLUTIONS,18,12.995399560020541,,
n=40:q=11:t=30:beta=2:seed=1,40,11,30,2,1,36,ok,False,,55,27,4.007333185232471,3.884964019989887,1.1301712447199626,0.12236916524258401,2303583,0.031699,4.463152,True,10000000,False,FIRST_N_SOLUTIONS,18,12.995399560020541,,
n=40:q=11:t=30:beta=2:seed=1,40,11,30,2,1,37,ok,False,,27,13,3.295836866004329,2.9328389583635612,1.437632851193694,0.3629979076407679,2303611,0.031419,4.494618,True,10000000,False,FIRST_N_SOLUTIONS,18,12.995399560020541,,
n=40:q=11:t=30:beta=2:seed=1,40,11,30,2,1,38,ok,False,,11,5,2.3978952727983707,1.962177909851036,1.5460717558263146,0.43571736294733476,2303625,0.031455,4.526117,True,10000000,False,FIRST_N_SOLUTIONS,18,12.995399560020541,,
n=40:q=11:t=30:beta=2:seed=1,40,11,30,2,1,39,ok,False,,3,1,1.0986122886681098,1.0065530557526046,1.096429764889043,0.09205923291550522,2303631,0.031322,4.557496,True,10000000,False,FIRST_N_SOLUTIONS,18,12.995399560020541,,
n=40:q=11:t=30:beta=2:seed=1,40,11,30,2,1,40,ok,True,rank_complete,3,1,1.0986122886681098,0.0,3.0000000000000004,1.0986122886681098,2303633,0.031209,4.588745,True,10000000,False,FIRST_N_SOLUTIONS,18,12.995399560020541,,
n=40:q=11:t=30:beta=2:seed=2,40,11,30,2,2,1,ok,False,,7,3,1.9459101490553132,1.8221521558484899,1.1317419486152853,0.12375799320682335,3,3.6e-05,4.6e-05,True,10000000,False,FIRST_N_SOLUTIONS,19,13.467046788189482,,
n=40:q=11:t=30:beta=2:seed=2,40,11,30,2,2,2,ok,False,,29,14,3.367295829986474,3.388654397943141,0.9788679109682521,-0.021358567956666796,18,3e-05,0.000106,True,10000000,False,FIRST_N_SOLUTIONS,19,13.467046788189482,,
n=40:q=11:t=30:beta=2:seed=2,40,11,30,2,2,3,ok,False,,115,57,4.74493212836325,4.757924394348047,0.9870917691735163,-0.012992265984796525,75,2.2e-05,0.000149,True,10000000,False,FIRST_N_SOLUTIONS,19,13.467046788189482,,
n=40:q=11:t=30:beta=2:seed=2,40,11,30,2,2,4,ok,False,,397,198,5.983936280687191,5.976749782372105,1.0072123831640913,0.0071864983150859985,273,0.000128,0.000293,True,10000000,False,FIRST_N_SOLUTIONS,19,13.467046788189482,,
n=40:q=11:t=30:beta=2:seed=2,40,11,30,2,2,5,ok,False,,1107,553,7.009408932708637,7.017793664659284,0.9916503218735706,-0.00838473195064715,826,0.000197,0.000512,True,10000000,False,FIRST_N_SOLUTIONS,19,13.467046788189482,,
n=40:q=11:t=30:beta=2:seed=2,40,11,30,2,2,6,ok,False,,3057,1528,8.025189321890835,8.037893247525467,0.9873764285973108,-0.012703925634632185,2354,0.000592,0.001124,True,10000000,False,FIRST_N_SOLUTIONS,19,13.467046788189482,,
n=40:q=11:t=30:beta=2:seed=2,40,11,30,2,2,7,ok,False,,7989,3994,8.985820874482043,8.988185225771186,0.997638441587818,-0.0023643512891435847,6348,0.001757,0.002906,True,10000000,False,FIRST_N_SOLUTIONS,19,13.467046788189482,,
n=40:q=11:t=30:beta=2:seed=2,40,11,30,2,2,8,ok,False,,18297,9148,9.814492390964565,9.810496267551166,1.0040041185608848,0.003996123413399388,15496,0.004972,0.007914,True,10000000,False,FIRST_N_SOLUTIONS,19,13.467046788189482,,
n=40:q=11:t=30:beta=2:seed=2,40,11,30,2,2,9,ok,False,,35283,17641,10.471156540519146,10.47207068500189,0.9990862732200338,-0.0009141444827438505,33137,0.011138,0.019089,True,10000000,False,FIRST_N_SOLUTIONS,19,13.467046788189482,,
n=40:q=11:t=30:beta=2:seed=2,40,11,30,2,2,10,ok,False,,66903,33451,11.110999088160227,11.109940784139376,1.0010588642221556,0.0010583040208516081,66588,0.025753,0.04492,True,10000000,False,FIRST_N_SOLUTIONS,19,13.467046788189482,,
n=40:q=11:t=30:beta=2:seed=2,40,11,30,2,2,11,ok,False,,120359,60179,11.698234222301357,11.69620886789371,1.0020274068232753,0.002025354407647839,66598,0.05574,0.100747,True,10000000,False,FIRST_N_SOLUTIONS,19,13.467046788189482,,
n=40:q=11:t=30:beta=2:seed=2,40,11,30,2,2,12,ok,False,,199571,99785,12.20392534172264,12.203719145332382,1.0002062176501942,0.00020619639025731828,126778,0.105088,0.205916,True,10000000,False,FIRST_N_SOLUTIONS,19,13.467046788189482,,
n=40:q=11:t=30:beta=2:seed=2,40,11,30,2,2,13,ok,False,,299055,149527,12.608382781945037,12.609354403367462,0.9990288504488307,-0.0009716214224244624,226564,0.192513,0.398518,True,10000000,False,FIRST_N_SOLUTIONS,19,13.467046788189482,,
n=40:q=11:t=30:beta=2:seed=2,40,11,30,2,2,14,ok,False,,417419,208709,12.941845792474242,12.943256471588509,0.9985903154258008,-0.001410679114266955,376092,0.328625,0.727234,True,10000000,False,FIRST_N_SOLUTIONS,19,13.467046788189482,,
n=40:q=11:t=30:beta=2:seed=2,40,11,30,2,2,15,ok,False,,511551,255775,13.1452025661483,13.145531398069643,0.9996712221379467,-0.0003288319213439195,584802,0.405223,1.132534,True,10000000,False,FIRST_N_SOLUTIONS,19,13.467046788189482,,
n=40:q=11:t=30:beta=2:seed=2,40,11,30,2,2,16,ok,False,,608113,304056,13.318115998942512,13.316589077279769,1.001528088001185,0.0015269216627427085,840578,0.524325,1.656954,True,10000000,False,FIRST_N_SOLUTIONS,19,13.467046788189482,,
n=40:q=11:t=30:beta=2:seed=2,40,11,30,2,2,17,ok,False,,625461,312730,13.346244256825349,13.345735786767364,1.0005085993507983,0.0005084700579853774,1144635,0.54729,2.204333,True,10000000,False,FIRST_N_SOLUTIONS,19,13.467046788189482,,
n=40:q=11:t=30:beta=2:seed=2,40,11,30,2,2,18,ok,False,,681389,340694,13.431888640844182,13.432232478522806,0.999656221426776,-0.0003438376786242259,1457366,0.6503,2.854704,True,10000000,False,FIRST_N_SOLUTIONS,19,13.467046788189482,,
n=40:q=11:t=30:beta=2:seed=2,40,11,30,2,2,19,ok,False,,705595,352797,13.466796697481811,13.467046788189482,0.9997499405624041,-0.0002500907076701253,1798061,0.704548,3.559346,True,10000000,False,FIRST_N_SOLUTIONS,19,13.467046788189482,,
n=40:q=11:t=30:beta=2:seed=2,40,11,30,2,2,20,ok,False,,635139,317569,13.361599151558032,13.36197127240002,0.9996279483863856,-0.00037212084198756656,2150859,0.659689,4.219128,True,10000000,False,FIRST_N_SOLUTIONS,19,13.467046788189482,,
n=40:q=11:t=30:beta=2:seed=2,40,11,30,2,2,21,ok,False,,513479,256739,13.148964411701446,13.149334940983053,0.9996295393558894,-0.00037052928160719034,2468429,0.540483,4.759701,True,10000000,False,FIRST_N_SOLUTIONS,19,13.467046788189482,,
n=40:q=11:t=30:beta=2:seed=2,40,11,30,2,2,22,ok,False,,435681,217840,12.98466560316753,12.983717182585174,1.0009488704753744,0.0009484205823557801,2725169,0.481765,5.241537,True,10000000,False,FIRST_N_SOLUTIONS,19,13.467046788189482,,
n=40:q=11:t=30:beta=2:seed=2,40,11,30,2,2,23,ok,False,,341449,170724,12.740953605698463,12.740342245656194,1.0006115469609091,0.0006113600422690268,2943010,0.38183,5.623462,True,10000000,False,FIRST_N_SOLUTIONS,19,13.467046788189482,,
n=40:q=11:t=30:beta=2:seed=2,40,11,30,2,2,24,ok,False,,246239,123119,12.414057887985837,12.416682338135494,0.9973789907088582,-0.002624450149657065,3113735,0.268924,5.89247,True,10000000,False,FIRST_N_SOLUTIONS,19,13.467046788189482,,
n=40:q=11:t=30:beta=2:seed=2,40,11,30,2,2,25,ok,False,,175139,87569,12.073335223341974,12.075825989102881,0.9975123336223176,-0.00249076576090701,3236855,0.238806,6.131361,True,10000000,False,FIRST_N_SOLUTIONS,19,13.467046788189482,,
n=40:q=11:t=30:beta=2:seed=2,40,11,30,2,2,26,ok,False,,110959,55479,11.616916042691434,11.617337203668342,0.9995789276989273,-0.00042116097690758636,3324425,0.179137,6.310609,True,10000000,False,FIRST_N_SOLUTIONS,19,13.467046788189482,,
n=40:q=11:t=30:beta=2:seed=2,40,11,30,2,2,27,ok,False,,73981,36990,11.21156358246189,11.20754118393318,1.004030499231448,0.004022398528709559,3379905,0.115785,6.426476,True,10000000,False,FIRST_N_SOLUTIONS,19,13.467046788189482,,
n=40:q=11:t=30:beta=2:seed=2,40,11,30,2,2,28,ok,False,,44081,22040,10.69378412959488,10.68830127768242,1.0054979102533117,0.005482851912459452,3416896,0.086838,6.513398,True,10000000,False,FIRST_N_SOLUTIONS,19,13.467046788189482,,
n=40:q=11:t=30:beta=2:seed=2,40,11,30,2,2,29,ok,False,,22769,11384,10.033155240658164,10.023485530478979,1.009716612883279,0.009669710179185387,3438937,0.066744,6.580234,True,10000000,False,FIRST_N_SOLUTIONS,19,13.467046788189482,,
n=40:q=11:t=30:beta=2:seed=2,40,11,30,2,2,30,ok,False,,11887,5943,9.383200644980624,9.372005195812491,1.0112583527345618,0.011195449168132754,3450322,0.055471,6.635792,True,10000000,False,FIRST_N_SOLUTIONS,19,13.467046788189482,,
n=40:q=11:t=30:beta=2:seed=2,40,11,30,2,2,31,ok,False,,5403,2701,8.594709633844065,8.594416274931731,1.0002934019462675,0.0002933589123337299,3456266,0.050852,6.686719,True,10000000,False,FIRST_N_SOLUTIONS,19,13.467046788189482,,
n=40:q=11:t=30:beta=2:seed=2,40,11,30,2,2,32,ok,False,,2409,1204,7.786967002614872,7.785541652657422,1.0014263662515013,0.0014253499574499173,3458968,0.048547,6.735341,True,10000000,False,FIRST_N_SOLUTIONS,19,13.467046788189482,,
n=40:q=11:t=30:beta=2:seed=2,40,11,30,2,2,33,ok,False,,963,481,6.870053411798126,6.859598538194717,1.0105097167538764,0.010454873603408465,3460173,0.047432,6.782842,True,10000000,False,FIRST_N_SOLUTIONS,19,13.467046788189482,,
n=40:q=11:t=30:beta=2:seed=2,40,11,30,2,2,34,ok,False,,405,202,6.003887067106539,6.02482211901733,0.9792825650354676,-0.020935051910790925,3460655,0.052538,6.835439,True,10000000,False,FIRST_N_SOLUTIONS,19,13.467046788189482,,
n=40:q=11:t=30:beta=2:seed=2,40,11,30,2,2,35,ok,False,,155,77,5.043425116919247,5.09771771728046,0.9471549280784416,-0.05429260036121342,3460858,0.054403,6.889896,True,10000000,False,FIRST_N_SOLUTIONS,19,13.467046788189482,,
n=40:q=11:t=30:beta=2:seed=2,40,11,30,2,2,36,ok,False,,69,34,4.23410650459726,4.104504879443461,1.1383747930980328,0.12960162515379903,3460936,0.053958,6.943916,True,10000000,False,FIRST_N_SOLUTIONS,19,13.467046788189482,,
n=40:q=11:t=30:beta=2:seed=2,40,11,30,2,2,37,ok,False,,31,15,3.4339872044851463,3.0977801718346427,1.3996287636698572,0.33620703265050356,3460971,0.052696,6.996666,True,10000000,False,FIRST_N_SOLUTIONS,19,13.467046788189482,,
n=40:q=11:t=30:beta=2:seed=2,40,11,30,2,2,38,ok,False,,13,6,2.5649493574615367,2.077899086915494,1.6275084230592756,0.4870502705460429,3460987,0.05275,7.049467,True,10000000,False,FIRST_N_SOLUTIONS,19,13.467046788189482,,
n=40:q=11:t=30:beta=2:seed=2,40,11,30,2,2,39,ok,False,,9,4,2.1972245773362196,1.0451988929034286,3.164596895940463,1.152025684432791,3460994,0.052272,7.10179,True,10000000,False,FIRST_N_SOLUTIONS,19,13.467046788189482,,
n=40:q=11:t=30:beta=2:seed=2,40,11,30,2,2,40,ok,True,rank_complete,7,3,1.9459101490553132,0.0,6.999999999999999,1.9459101490553132,3460999,0.052956,7.15479,True,10000000,False,FIRST_N_SOLUTIONS,19,13.467046788189482,,
n=40:q=11:t=30:beta=7:seed=0,40,11,30,7,0,1,ok,False,,5,2,1.6094379124341003,1.7309913774515127,0.8855437064734919,-0.12155346501741238,2,1.6e-05,3.8e-05,True,10000000,False,FIRST_N_SOLUTIONS,19,12.229666670978563,,
n=40:q=11:t=30:beta=7:seed=0,40,11,30,7,0,2,ok,False,,23,11,3.1354942159291497,3.189480577773491,0.9474450278164541,-0.053986361844341246,14,1.1e-05,0.000101,True,10000000,False,FIRST_N_SOLUTIONS,19,12.229666670978563,,
n=40:q=11:t=30:beta=7:seed=0,40,11,30,7,0,3,ok,False,,89,44,4.48863636973214,4.531744811715034,0.9578075178886094,-0.043108441982893986,58,2.2e-05,0.000162,True,10000000,False,FIRST_N_SOLUTIONS,19,12.229666670978563,,
n=40:q=11:t=30:beta=7:seed=0,40,11,30,7,0,4,ok,False,,269,134,5.594711379601839,5.633360012703964,0.9620886958847674,-0.03864863310212474,192,0.000138,0.000332,True,10000000,False,FIRST_N_SOLUTIONS,19,12.229666670978563,,
n=40:q=11:t=30:beta=7:seed=0,40,11,30,7,0,5,ok,False,,741,370,6.608000625296087,6.6108525427008455,0.9971521454484578,-0.0028519174047589857,562,0.000216,0.000586,True,10000000,False,FIRST_N_SOLUTIONS,19,12.229666670978563,,
n=40:q=11:t=30:beta=7:seed=0,40,11,30,7,0,6,ok,False,,1821,910,7.507141079727608,7.4859359425143435,1.0214315637719593,0.02120513721326489,1472,0.00054,0.001192,True,10000000,False,FIRST_N_SOLUTIONS,19,12.229666670978563,,
n=40:q=11:t=30:beta=7:seed=0,40,11,30,7,0,7,ok,False,,4111,2055,8.321421586897879,8.315758161305684,1.0056794931049806,0.005663425592194571,3527,0.001286,0.002515,True,10000000,False,FIRST_N_SOLUTIONS,19,12.229666670978563,,
n=40:q=11:t=30:beta=7:seed=0,40,11,30,7,0,8,ok,False,,8751,4375,9.076923258535832,9.065378882705417,1.0116112693037058,0.011544375830414566,7902,0.003031,0.005606,True,10000000,False,FIRST_N_SOLUTIONS,19,12.229666670978563,,
n=40:q=11:t=30:beta=7:seed=0,40,11,30,7,0,9,ok,False,,16743,8371,9.725735539456544,9.725984643718617,0.9997509267618176,-0.0002491042620729189,16273,0.006457,0.012134,True,10000000,False,FIRST_N_SOLUTIONS,19,12.229666670978563,,
n=40:q=11:t=30:beta=7:seed=0,40,11,30,7,0,10,ok,False,,28105,14052,10.243702775436175,10.245022605129527,0.9986810408988037,-0.0013198296933527587,30325,0.019416,0.031623,True,10000000,False,FIRST_N_SOLUTIONS,19,12.229666670978563,,
n=40:q=11:t=30:beta=7:seed=0,40,11,30,7,0,11,ok,False,,45101,22550,10.716659698193956,10.719365290127996,0.9972980648811233,-0.0027055919340401857,30335,0.023805,0.055531,True,10000000,False,FIRST_N_SOLUTIONS,19,12.229666670978563,,
n=40:q=11:t=30:beta=7:seed=0,40,11,30,7,0,12,ok,False,,66531,33265,11.105423283436139,11.103536379366712,1.0018886853931293,0.001886904069426265,52886,0.039886,0.095514,True,10000000,False,FIRST_N_SOLUTIONS,19,12.229666670978563,,
n=40:q=11:t=30:beta=7:seed=0,40,11,30,7,0,13,ok,False,,98865,49432,11.50151056215493,11.499975950582666,1.0015357896911778,0.0015346115722643106,86152,0.073007,0.168653,True,10000000,False,FIRST_N_SOLUTIONS,19,12.229666670978563,,
n=40:q=11:t=30:beta=7:seed=0,40,11,30,7,0,14,ok,False,,128827,64413,11.766225698012844,11.76707457412823,0.9991514840780166,-0.000848876115385977,135585,0.079735,0.248536,True,10000000,False,FIRST_N_SOLUTIONS,19,12.229666670978563,,
n=40:q=11:t=30:beta=7:seed=0,40,11,30,7,0,15,ok,False,,161323,80661,11.99116384539262,11.99006697857358,1.001097468597453,0.0010968668190400876,199999,0.118741,0.367353,True,10000000,False,FIRST_N_SOLUTIONS,19,12.229666670978563,,
n=40:q=11:t=30:beta=7:seed=0,40,11,30,7,0,16,ok,False,,179703,89851,12.099060767123117,12.099555684510285,0.9995052050642395,-0.0004949173871686696,280661,0.126977,0.49442,True,10000000,False,FIRST_N_SOLUTIONS,19,12.229666670978563,,
n=40:q=11:t=30:beta=7:seed=0,40,11,30,7,0,17,ok,False,,193233,96616,12.17165199362804,12.172102883278576,0.9995492119849254,-0.0004508896505370785,370513,0.139354,0.633861,True,10000000,False,FIRST_N_SOLUTIONS,19,12.229666670978563,,
n=40:q=11:t=30:beta=7:seed=0,40,11,30,7,0,18,ok,False,,194613,97306,12.17876825020267,12.18003851102451,0.99873054561794,-0.0012702608218386757,467130,0.161083,0.795032,True,10000000,False,FIRST_N_SOLUTIONS,19,12.229666670978563,,
n=40:q=11:t=30:beta=7:seed=0,40,11,30,7,0,19,ok,False,,204845,102422,12.230008874573643,12.229666670978563,1.00034226215341,0.0003422035950801927,564437,0.163519,0.958643,True,10000000,False,FIRST_N_SOLUTIONS,19,12.229666670978563,,
n=40:q=11:t=30:beta=7:seed=0,40,11,30,7,0,20,ok,False,,185485,92742,12.130729295226383,12.130285047302213,1.000444346616893,0.0004442479241699715,666860,0.156927,1.115649,True,10000000,False,FIRST_N_SOLUTIONS,19,12.229666670978563,,
n=40:q=11:t=30:beta=7:seed=0,40,11,30,7,0,21,ok,False,,166593,83296,12.023308991025425,12.022754805876215,1.0005543387381715,0.0005541851492107952,759603,0.156682,1.272409,True,10000000,False,FIRST_N_SOLUTIONS,19,12.229666670978563,,
n=40:q=11:t=30:beta=7:seed=0,40,11,30,7,0,22,ok,False,,138327,69163,11.837375726364115,11.839679656663328,0.9976987217111254,-0.002303930299213164,842900,0.140841,1.413347,True,10000000,False,FIRST_N_SOLUTIONS,19,12.229666670978563,,
n=40:q=11:t=30:beta=7:seed=0,40,11,30,7,0,23,ok,False,,101789,50894,11.530657322250374,11.533156145030532,0.9975042966786196,-0.0024988227801578944,912064,0.104606,1.518044,True,10000000,False,FIRST_N_SOLUTIONS,19,12.229666670978563,,
n=40:q=11:t=30:beta=7:seed=0,40,11,30,7,0,24,ok,False,,74009,37004,11.211941986412619,11.216291371835979,0.9956600594553193,-0.004349385423360275,962959,0.078267,1.59639,True,10000000,False,FIRST_N_SOLUTIONS,19,12.229666670978563,,
n=40:q=11:t=30:beta=7:seed=0,40,11,30,7,0,25,ok,False,,50799,25399,10.83563194833345,10.837434673026024,0.9981988992396038,-0.0018027246925740315,999964,0.055406,1.651859,True,10000000,False,FIRST_N_SOLUTIONS,19,12.229666670978563,,
n=40:q=11:t=30:beta=7:seed=0,40,11,30,7,0,26,ok,False,,32715,16357,10.395588967303839,10.399160635016756,0.9964347031051367,-0.0035716677129169483,1025364,0.040891,1.692841,True,10000000,False,FIRST_N_SOLUTIONS,19,12.229666670978563,,
n=40:q=11:t=30:beta=7:seed=0,40,11,30,7,0,27,ok,False,,20381,10190,9.922358373286379,9.910576647329371,1.0118514038633946,0.011781725957007438,1041722,0.027388,1.720288,True,10000000,False,FIRST_N_SOLUTIONS,19,12.229666670978563,,
n=40:q=11:t=30:beta=7:seed=0,40,11,30,7,0,28,ok,False,,12933,6466,9.467537463415244,9.450915687892568,1.0167606858113993,0.016621775522676074,1051913,0.022539,1.742919,True,10000000,False,FIRST_N_SOLUTIONS,19,12.229666670978563,,
n=40:q=11:t=30:beta=7:seed=0,40,11,30,7,0,29,ok,False,,7403,3701,8.909640602443098,8.890550930139028,1.0192730450819094,0.01908967230406944,1058380,0.019212,1.762188,True,10000000,False,FIRST_N_SOLUTIONS,19,12.229666670978563,,
n=40:q=11:t=30:beta=7:seed=0,40,11,30,7,0,30,ok,False,,3961,1980,8.284251797621916,8.265803700747846,1.0186193142709619,0.018448096874070785,1062082,0.017006,1.77926,True,10000000,False,FIRST_N_SOLUTIONS,19,12.229666670978563,,
n=40:q=11:t=30:beta=7:seed=0,40,11,30,7,0,31,ok,False,,2193,1096,7.693025748417888,7.665420038582326,1.0279902780470327,0.02760570983556221,1064063,0.015987,1.79531,True,10000000,False,FIRST_N_SOLUTIONS,19,12.229666670978563,,
n=40:q=11:t=30:beta=7:seed=0,40,11,30,7,0,32,ok,False,,1099,549,7.002155954403621,6.9652848539333405,1.0375592713160884,0.03687110047028064,1065160,0.015301,1.810675,True,10000000,False,FIRST_N_SOLUTIONS,19,12.229666670978563,,
n=40:q=11:t=30:beta=7:seed=0,40,11,30,7,0,33,ok,False,,497,248,6.208590026096629,6.213250523905643,0.9953503454593504,-0.004660497809013897,1065710,0.014894,1.825621,True,10000000,False,FIRST_N_SOLUTIONS,19,12.229666670978563,,
n=40:q=11:t=30:beta=7:seed=0,40,11,30,7,0,34,ok,False,,243,121,5.493061443340548,5.4305195924925584,1.0645390098458862,0.0625418508479898,1065959,0.014981,1.840641,True,10000000,False,FIRST_N_SOLUTIONS,19,12.229666670978563,,
n=40:q=11:t=30:beta=7:seed=0,40,11,30,7,0,35,ok,False,,101,50,4.61512051684126,4.608326552660685,1.0068170955100209,0.006793964180574541,1066081,0.014842,1.855535,True,10000000,False,FIRST_N_SOLUTIONS,19,12.229666670978563,,
n=40:q=11:t=30:beta=7:seed=0,40,11,30,7,0,36,ok,False,,37,18,3.6109179126442243,3.7253523187436812,0.8918704377602961,-0.11443440609945688,1066132,0.014713,1.870307,True,10000000,False,FIRST_N_SOLUTIONS,19,12.229666670978563,,
n=40:q=11:t=30:beta=7:seed=0,40,11,30,7,0,37,ok,False,,25,12,3.2188758248682006,2.8863349901808846,1.3945068422731488,0.332540834687316,1066151,0.014651,1.884991,True,10000000,False,FIRST_N_SOLUTIONS,19,12.229666670978563,,
n=40:q=11:t=30:beta=7:seed=0,40,11,30,7,0,38,ok,False,,5,2,1.6094379124341003,1.9740032164520187,0.6944984809703013,-0.3645653040179184,1066164,0.014755,1.899779,True,10000000,False,FIRST_N_SOLUTIONS,19,12.229666670978563,,
n=40:q=11:t=30:beta=7:seed=0,40,11,30,7,0,39,ok,False,,1,0,0.0,1.015402844302315,0.36225646748051205,-1.015402844302315,1066167,0.014719,1.914535,True,10000000,False,FIRST_N_SOLUTIONS,19,12.229666670978563,,
n=40:q=11:t=30:beta=7:seed=0,40,11,30,7,0,40,ok,True,rank_complete,1,0,0.0,0.0,1.0,0.0,1066168,0.014828,1.929423,True,10000000,False,FIRST_N_SOLUTIONS,19,12.229666670978563,,
n=40:q=11:t=30:beta=7:seed=1,40,11,30,7,1,1,ok,False,,5,2,1.6094379124341003,1.6783111196225995,0.9334450266946094,-0.06887320718849921,2,2.6e-05,3.7e-05,True,10000000,False,FIRST_N_SOLUTIONS,18,12.114534688252935,,
n=40:q=11:t=30:beta=7:seed=1,40,11,30,7,1,2,ok,False,,23,11,3.1354942159291497,3.115057763974708,1.0206467060789064,0.020436451954441548,14,8e-06,7.3e-05,True,10000000,False,FIRST_N_SOLUTIONS,18,12.114534688252935,,
n=40:q=11:t=30:beta=7:seed=1,40,11,30,7,1,3,ok,False,,75,37,4.31748811353631,4.328240056735265,0.989305652336195,-0.01075194319895445,51,1.2e-05,0.000105,True,10000000,False,FIRST_N_SOLUTIONS,18,12.114534688252935,,
n=40:q=11:t=30:beta=7:seed=1,40,11,30,7,1,4,ok,False,,221,110,5.3981627015177525,5.460629141635971,0.9394445899338277,-0.06246644011821889,161,9.9e-05,0.000221,True,10000000,False,FIRST_N_SOLUTIONS,18,12.114534688252935,,
n=40:q=11:t=30:beta=7:seed=1,40,11,30,7,1,5,ok,False,,657,328,6.48768401848461,6.500771081112809,0.9869982006221306,-0.013087062628199142,489,0.000113,0.000352,True,10000000,False,FIRST_N_SOLUTIONS,18,12.114534688252935,,
n=40:q=11:t=30:beta=7:seed=1,40,11,30,7,1,6,ok,False,,1633,816,7.398174092970465,7.4065318636463475,0.9916770583907929,-0.008357770675882392,1305,0.000366,0.000736,True,10000000,False,FIRST_N_SOLUTIONS,18,12.114534688252935,,
n=40:q=11:t=30:beta=7:seed=1,40,11,30,7,1,7,ok,False,,3657,1828,8.204398418149381,8.199752751104585,1.0046564748860043,0.004645667044796298,3133,0.000807,0.001563,True,10000000,False,FIRST_N_SOLUTIONS,18,12.114534688252935,,
n=40:q=11:t=30:beta=7:seed=1,40,11,30,7,1,8,ok,False,,7647,3823,8.942068693044225,8.932488640178732,1.0096260884623263,0.009580052865493016,6956,0.001874,0.003468,True,10000000,False,FIRST_N_SOLUTIONS,18,12.114534688252935,,
n=40:q=11:t=30:beta=7:seed=1,40,11,30,7,1,9,ok,False,,14559,7279,9.585964638073326,9.5776807191106,1.0083183255609525,0.008283918962726844,14235,0.004014,0.00752,True,10000000,False,FIRST_N_SOLUTIONS,18,12.114534688252935,,
n=40:q=11:t=30:beta=7:seed=1,40,11,30,7,1,10,ok,False,,24919,12459,10.123385843685309,10.122426519350247,1.0009597846338318,0.0009593243350618508,26694,0.008503,0.016074,True,10000000,False,FIRST_N_SOLUTIONS,18,12.114534688252935,,
n=40:q=11:t=30:beta=7:seed=1,40,11,30,7,1,11,ok,False,,39683,19841,10.588678163379617,10.591927438166033,0.9967559983940192,-0.003249274786416123,26704,0.018932,0.035075,True,10000000,False,FIRST_N_SOLUTIONS,18,12.114534688252935,,
n=40:q=11:t=30:beta=7:seed=1,40,11,30,7,1,12,ok,False,,58433,29216,10.975636077718386,10.978813329702625,0.9968277901394008,-0.0031772519842387936,46546,0.031737,0.066935,True,10000000,False,FIRST_N_SOLUTIONS,18,12.114534688252935,,
n=40:q=11:t=30:beta=7:seed=1,40,11,30,7,1,13,ok,False,,82793,41396,11.324098795736752,11.329507928122773,0.9946054706288198,-0.0054091323860205875,75763,0.047922,0.114975,True,10000000,False,FIRST_N_SOLUTIONS,18,12.114534688252935,,
n=40:q=11:t=30:beta=7:seed=1,40,11,30,7,1,14,ok,False,,109903,54951,11.607353437562363,11.609041381149094,0.998313480188848,-0.0016879435867309667,117160,0.063713,0.178776,True,10000000,False,FIRST_N_SOLUTIONS,18,12.114534688252935,,
n=40:q=11:t=30:beta=7:seed=1,40,11,30,7,1,15,ok,False,,133893,66946,11.804796252493462,11.803224597337653,1.001572890853052,0.0015716551558089265,172112,0.10459,0.283434,True,10000000,False,FIRST_N_SOLUTIONS,18,12.114534688252935,,
n=40:q=11:t=30:beta=7:seed=1,40,11,30,7,1,16,ok,False,,164199,82099,12.008834385847937,12.005928612072704,1.0029099996279816,0.0029057737752324897,239059,0.114167,0.39768,True,10000000,False,FIRST_N_SOLUTIONS,18,12.114534688252935,,
n=40:q=11:t=30:beta=7:seed=1,40,11,30,7,1,17,ok,False,,179107,89553,12.095738671595473,12.094766962870573,1.0009721809867784,0.0009717087249008216,321159,0.13103,0.528806,True,10000000,False,FIRST_N_SOLUTIONS,18,12.114534688252935,,
n=40:q=11:t=30:beta=7:seed=1,40,11,30,7,1,18,ok,False,,182663,91331,12.115398204067876,12.114534688252935,1.0008638887520611,0.0008635158149417066,410713,0.160159,0.689024,True,10000000,False,FIRST_N_SOLUTIONS,18,12.114534688252935,,
n=40:q=11:t=30:beta=7:seed=1,40,11,30,7,1,19,ok,False,,182071,91035,12.112151999875962,12.111623216216238,1.0005289234904498,0.0005287836597247519,502045,0.150192,0.839301,True,10000000,False,FIRST_N_SOLUTIONS,18,12.114534688252935,,
n=40:q=11:t=30:beta=7:seed=1,40,11,30,7,1,20,ok,False,,162873,81436,12.00072603499642,12.000170059276154,1.0005561303034134,0.0005559757202657778,593081,0.149688,0.989067,True,10000000,False,FIRST_N_SOLUTIONS,18,12.114534688252935,,
n=40:q=11:t=30:beta=7:seed=1,40,11,30,7,1,21,ok,False,,132335,66167,11.793091865380347,11.793461662291342,0.9996302714554551,-0.000369796910995035,674518,0.181035,1.170194,True,10000000,False,FIRST_N_SOLUTIONS,18,12.114534688252935,,
n=40:q=11:t=30:beta=7:seed=1,40,11,30,7,1,22,ok,False,,102761,51380,11.540161182589472,11.54186354134658,0.9982990894336649,-0.0017023587571074472,740686,0.099281,1.269577,True,10000000,False,FIRST_N_SOLUTIONS,18,12.114534688252935,,
n=40:q=11:t=30:beta=7:seed=1,40,11,30,7,1,23,ok,False,,80171,40085,11.29191713245303,11.291167036464273,1.0007503773811055,0.0007500959887565273,792067,0.079649,1.349305,True,10000000,False,FIRST_N_SOLUTIONS,18,12.114534688252935,,
n=40:q=11:t=30:beta=7:seed=1,40,11,30,7,1,24,ok,False,,60123,30061,11.004147742821537,11.009310097474383,0.9948509474001194,-0.005162354652846091,832153,0.057638,1.407004,True,10000000,False,FIRST_N_SOLUTIONS,18,12.114534688252935,,
n=40:q=11:t=30:beta=7:seed=1,40,11,30,7,1,25,ok,False,,41623,20811,10.636408178080352,10.635500636805155,1.0009079532153882,0.000907541275196877,862215,0.044637,1.451734,True,10000000,False,FIRST_N_SOLUTIONS,18,12.114534688252935,,
n=40:q=11:t=30:beta=7:seed=1,40,11,30,7,1,26,ok,False,,28347,14173,10.252276483450736,10.24709581395664,1.0051941123666328,0.005180669494095014,883027,0.032534,1.484331,True,10000000,False,FIRST_N_SOLUTIONS,18,12.114534688252935,,
n=40:q=11:t=30:beta=7:seed=1,40,11,30,7,1,27,ok,False,,19099,9549,9.857391256643155,9.853981198828542,1.003415878676373,0.003410057814612344,897201,0.025909,1.510312,True,10000000,False,FIRST_N_SOLUTIONS,18,12.114534688252935,,
n=40:q=11:t=30:beta=7:seed=1,40,11,30,7,1,28,ok,False,,11561,5780,9.355392643675321,9.342984929340332,1.0124850093766107,0.012407714334988995,906751,0.020053,1.530444,True,10000000,False,FIRST_N_SOLUTIONS,18,12.114534688252935,,
n=40:q=11:t=30:beta=7:seed=1,40,11,30,7,1,29,ok,False,,6499,3249,8.77940359789435,8.766627933948627,1.012857621388703,0.012775663945722826,912532,0.016813,1.54733,True,10000000,False,FIRST_N_SOLUTIONS,18,12.114534688252935,,
n=40:q=11:t=30:beta=7:seed=1,40,11,30,7,1,30,ok,False,,3621,1810,8.19450550976564,8.18977347754128,1.0047432459698047,0.004732032224360694,915782,0.014995,1.562383,True,10000000,False,FIRST_N_SOLUTIONS,18,12.114534688252935,,
n=40:q=11:t=30:beta=7:seed=1,40,11,30,7,1,31,ok,False,,1895,947,7.546974117516527,7.556182304603325,0.990834078438805,-0.009208187086798603,917593,0.0143,1.576749,True,10000000,False,FIRST_N_SOLUTIONS,18,12.114534688252935,,
n=40:q=11:t=30:beta=7:seed=1,40,11,30,7,1,32,ok,False,,943,471,6.849066282633458,6.8394030102658405,1.0097101125389119,0.009663272367617104,918541,0.013981,1.590785,True,10000000,False,FIRST_N_SOLUTIONS,18,12.114534688252935,,
n=40:q=11:t=30:beta=7:seed=1,40,11,30,7,1,33,ok,False,,469,234,6.150602768446279,6.105175498473244,1.0464748916990438,0.045427269973035145,919013,0.015648,1.606478,True,10000000,False,FIRST_N_SOLUTIONS,18,12.114534688252935,,
n=40:q=11:t=30:beta=7:seed=1,40,11,30,7,1,34,ok,False,,231,115,5.442417710521793,5.331857771274841,1.1169032933881262,0.11055993924695251,919248,0.016216,1.62274,True,10000000,False,FIRST_N_SOLUTIONS,18,12.114534688252935,,
n=40:q=11:t=30:beta=7:seed=1,40,11,30,7,1,35,ok,False,,101,50,4.61512051684126,4.497467535421819,1.1248536984972106,0.11765298141944047,919364,0.015999,1.638804,True,10000000,False,FIRST_N_SOLUTIONS,18,12.114534688252935,,
n=40:q=11:t=30:beta=7:seed=1,40,11,30,7,1,36,ok,False,,45,22,3.8066624897703196,3.7043053022147276,1.1077790859733394,0.10235718755559198,919415,0.015857,1.654722,True,10000000,False,FIRST_N_SOLUTIONS,18,12.114534688252935,,
n=40:q=11:t=30:beta=7:seed=1,40,11,30,7,1,37,ok,False,,15,7,2.70805020110221,2.843867736171262,0.8730019101902403,-0.13581753506905203,919438,0.015829,1.67061,True,10000000,False,FIRST_N_SOLUTIONS,18,12.114534688252935,,
n=40:q=11:t=30:beta=7:seed=1,40,11,30,7,1,38,ok,False,,5,2,1.6094379124341003,1.9129578734444124,0.738215153464439,-0.3035199610103121,919446,0.01448,1.685156,True,10000000,False,FIRST_N_SOLUTIONS,18,12.114534688252935,,
n=40:q=11:t=30:beta=7:seed=1,40,11,30,7,1,39,ok,False,,5,2,1.6094379124341003,0.9646681142198759,1.9055483181520982,0.6447697982142244,919449,0.012862,1.698047,True,10000000,False,FIRST_N_SOLUTIONS,18,12.114534688252935,,
n=40:q=11:t=30:beta=7:seed=1,40,11,30,7,1,40,ok,True,rank_complete,3,1,1.0986122886681098,0.0,3.0000000000000004,1.0986122886681098,919452,0.014167,1.712251,True,10000000,False,FIRST_N_SOLUTIONS,18,12.114534688252935,,
n=40:q=11:t=30:beta=7:seed=2,40,11,30,7,2,1,ok,False,,5,2,1.6094379124341003,1.6783111196225995,0.9334450266946094,-0.06887320718849921,2,1.9e-05,3.1e-05,True,10000000,False,FIRST_N_SOLUTIONS,18,12.003767128881222,,
n=40:q=11:t=30:beta=7:seed=2,40,11,30,7,2,2,ok,False,,21,10,3.044522437723423,3.1272534905367877,0.9205987063605611,-0.08273105281336468,13,9e-06,6.9e-05,True,10000000,False,FIRST_N_SOLUTIONS,18,12.003767128881222,,
n=40:q=11:t=30:beta=7:seed=2,40,11,30,7,2,3,ok,False,,81,40,4.394449154672439,4.410040187328137,0.9845298783028008,-0.015591032655698278,53,1.4e-05,0.000104,True,10000000,False,FIRST_N_SOLUTIONS,18,12.003767128881222,,
n=40:q=11:t=30:beta=7:seed=2,40,11,30,7,2,4,ok,False,,251,125,5.5254529391317835,5.515956852502047,1.009541317519155,0.009496086629736666,178,0.000104,0.000225,True,10000000,False,FIRST_N_SOLUTIONS,18,12.003767128881222,,
n=40:q=11:t=30:beta=7:seed=2,40,11,30,7,2,5,ok,False,,649,324,6.47543271670409,6.456024383799033,1.0195978989993495,0.019408332905057613,502,0.00034,0.000587,True,10000000,False,FIRST_N_SOLUTIONS,18,12.003767128881222,,
n=40:q=11:t=30:beta=7:seed=2,40,11,30,7,2,6,ok,False,,1585,792,7.368339686311381,7.347167622395888,1.021397782220333,0.021172063915492423,1294,0.000354,0.000962,True,10000000,False,FIRST_N_SOLUTIONS,18,12.003767128881222,,
n=40:q=11:t=30:beta=7:seed=2,40,11,30,7,2,7,ok,False,,3179,1589,8.064321960910803,8.070786508384527,0.9935563027599936,-0.00646454747372438,2883,0.000698,0.001678,True,10000000,False,FIRST_N_SOLUTIONS,18,12.003767128881222,,
n=40:q=11:t=30:beta=7:seed=2,40,11,30,7,2,8,ok,False,,6737,3368,8.81537000096066,8.822159884040492,0.9932331160929498,-0.006789883079830972,6251,0.001642,0.003347,True,10000000,False,FIRST_N_SOLUTIONS,18,12.003767128881222,,
n=40:q=11:t=30:beta=7:seed=2,40,11,30,7,2,9,ok,False,,13043,6521,9.476006870370282,9.482025839586138,0.9939991084914493,-0.006018969215855208,12772,0.003503,0.006887,True,10000000,False,FIRST_N_SOLUTIONS,18,12.003767128881222,,
n=40:q=11:t=30:beta=7:seed=2,40,11,30,7,2,10,ok,False,,22935,11467,10.040419407031273,10.038719938076044,1.0017009138710076,0.0016994689552287667,24239,0.006867,0.013807,True,10000000,False,FIRST_N_SOLUTIONS,18,12.003767128881222,,
n=40:q=11:t=30:beta=7:seed=2,40,11,30,7,2,11,ok,False,,34987,17493,10.462731842903445,10.462095153817149,1.0006368918158148,0.0006366890862956609,24249,0.012238,0.026094,True,10000000,False,FIRST_N_SOLUTIONS,18,12.003767128881222,,
n=40:q=11:t=30:beta=7:seed=2,40,11,30,7,2,12,ok,False,,50831,25415,10.836261683668637,10.835108603167974,1.0011537455535784,0.00115308050066254,41743,0.021749,0.047927,True,10000000,False,FIRST_N_SOLUTIONS,18,12.003767128881222,,
n=40:q=11:t=30:beta=7:seed=2,40,11,30,7,2,13,ok,False,,73817,36908,11.209344336365069,11.209200836389591,1.0001435102720915,0.00014349997547746796,67159,0.04155,0.089542,True,10000000,False,FIRST_N_SOLUTIONS,18,12.003767128881222,,
n=40:q=11:t=30:beta=7:seed=2,40,11,30,7,2,14,ok,False,,103629,51814,11.54857249241637,11.544763493410688,1.003816262461633,0.003808999005682878,104068,0.068712,0.158343,True,10000000,False,FIRST_N_SOLUTIONS,18,12.003767128881222,,
n=40:q=11:t=30:beta=7:seed=2,40,11,30,7,2,15,ok,False,,131079,65539,11.783555473854753,11.777952916943647,1.0056182805836185,0.005602556911105339,155883,0.089552,0.247948,True,10000000,False,FIRST_N_SOLUTIONS,18,12.003767128881222,,
n=40:q=11:t=30:beta=7:seed=2,40,11,30,7,2,16,ok,False,,147463,73731,11.901332575836898,11.898256568570641,1.0030807430311122,0.003076007266257008,221423,0.099538,0.347584,True,10000000,False,FIRST_N_SOLUTIONS,18,12.003767128881222,,
n=40:q=11:t=30:beta=7:seed=2,40,11,30,7,2,17,ok,False,,156479,78239,11.960677094655177,11.959125381668418,1.0015529175163027,0.0015517129867586021,295155,0.107932,0.455587,True,10000000,False,FIRST_N_SOLUTIONS,18,12.003767128881222,,
n=40:q=11:t=30:beta=7:seed=2,40,11,30,7,2,18,ok,False,,162861,81430,12.000652355245425,12.003767128881222,0.9968900722390305,-0.0031147736357972633,373395,0.137858,0.59352,True,10000000,False,FIRST_N_SOLUTIONS,18,12.003767128881222,,
n=40:q=11:t=30:beta=7:seed=2,40,11,30,7,2,19,ok,False,,159369,79684,11.978977547127336,11.982100140010441,0.9968822773394916,-0.0031225928831055683,454826,0.120676,0.714274,True,10000000,False,FIRST_N_SOLUTIONS,18,12.003767128881222,,
n=40:q=11:t=30:beta=7:seed=2,40,11,30,7,2,20,ok,False,,149873,74936,11.917543547787066,11.921431623291234,0.9961194732748183,-0.0038880755041681425,534511,0.127713,0.842047,True,10000000,False,FIRST_N_SOLUTIONS,18,12.003767128881222,,
n=40:q=11:t=30:beta=7:seed=2,40,11,30,7,2,21,ok,False,,131759,65879,11.788729775265951,11.79253368530064,0.9962033156662115,-0.00380391003468894,609448,0.189811,1.031949,True,10000000,False,FIRST_N_SOLUTIONS,18,12.003767128881222,,
n=40:q=11:t=30:beta=7:seed=2,40,11,30,7,2,22,ok,False,,112033,56016,11.626548749735692,11.63067158561401,0.9958856513417101,-0.004122835878318298,675328,0.105673,1.137718,True,10000000,False,FIRST_N_SOLUTIONS,18,12.003767128881222,,
n=40:q=11:t=30:beta=7:seed=2,40,11,30,7,2,23,ok,False,,94095,47047,11.452060189198953,11.451572585464362,1.000487722632616,0.00048760373459089124,731345,0.088777,1.226569,True,10000000,False,FIRST_N_SOLUTIONS,18,12.003767128881222,,
n=40:q=11:t=30:beta=7:seed=2,40,11,30,7,2,24,ok,False,,70349,35174,11.161223847800425,11.160689500964274,1.0005344896248534,0.0005343468361509451,778393,0.066496,1.293135,True,10000000,False,FIRST_N_SOLUTIONS,18,12.003767128881222,,
n=40:q=11:t=30:beta=7:seed=2,40,11,30,7,2,25,ok,False,,49879,24939,10.817355351477529,10.817708788708671,0.9996466252204379,-0.0003534372311424505,813568,0.051021,1.344242,True,10000000,False,FIRST_N_SOLUTIONS,18,12.003767128881222,,
n=40:q=11:t=30:beta=7:seed=2,40,11,30,7,2,26,ok,False,,34909,17454,10.460499954601437,10.466146138150513,0.994369726188076,-0.005646183549076866,838508,0.035452,1.37975,True,10000000,False,FIRST_N_SOLUTIONS,18,12.003767128881222,,
n=40:q=11:t=30:beta=7:seed=2,40,11,30,7,2,27,ok,False,,22733,11366,10.031572892299346,10.029737640266418,1.0018369371386466,0.00183525203292767,855963,0.028431,1.408237,True,10000000,False,FIRST_N_SOLUTIONS,18,12.003767128881222,,
n=40:q=11:t=30:beta=7:seed=2,40,11,30,7,2,28,ok,False,,13589,6794,9.517015920920498,9.507190178882091,1.0098741731355638,0.009825742038406915,867330,0.020614,1.428912,True,10000000,False,FIRST_N_SOLUTIONS,18,12.003767128881222,,
n=40:q=11:t=30:beta=7:seed=2,40,11,30,7,2,29,ok,False,,7937,3968,8.979290649090876,8.935413668097482,1.0448538101041127,0.0438769809933941,874125,0.01691,1.445876,True,10000000,False,FIRST_N_SOLUTIONS,18,12.003767128881222,,
n=40:q=11:t=30:beta=7:seed=2,40,11,30,7,2,30,ok,False,,4625,2312,8.439231649946526,8.385617132270298,1.055077809908584,0.0536145176762286,878094,0.015358,1.461287,True,10000000,False,FIRST_N_SOLUTIONS,18,12.003767128881222,,
n=40:q=11:t=30:beta=7:seed=2,40,11,30,7,2,31,ok,False,,2449,1224,7.803435056952168,7.743014061020247,1.0622836695236935,0.06042099593192063,880407,0.015702,1.47704,True,10000000,False,FIRST_N_SOLUTIONS,18,12.003767128881222,,
n=40:q=11:t=30:beta=7:seed=2,40,11,30,7,2,32,ok,False,,1163,581,7.0587581525186645,7.021582249486308,1.0378755702422042,0.03717590303235685,881632,0.01669,1.4938,True,10000000,False,FIRST_N_SOLUTIONS,18,12.003767128881222,,
n=40:q=11:t=30:beta=7:seed=2,40,11,30,7,2,33,ok,False,,573,286,6.35088571671474,6.281716436781267,1.071617597150793,0.06916927993347333,882214,0.015641,1.50953,True,10000000,False,FIRST_N_SOLUTIONS,18,12.003767128881222,,
n=40:q=11:t=30:beta=7:seed=2,40,11,30,7,2,34,ok,False,,281,140,5.638354669333745,5.53122530047056,1.1130782428322321,0.1071293688631858,882501,0.015755,1.525368,True,10000000,False,FIRST_N_SOLUTIONS,18,12.003767128881222,,
n=40:q=11:t=30:beta=7:seed=2,40,11,30,7,2,35,ok,False,,139,69,4.9344739331306915,4.677738217408304,1.2927034404152602,0.25673571572238707,882642,0.015233,1.540681,True,10000000,False,FIRST_N_SOLUTIONS,18,12.003767128881222,,
n=40:q=11:t=30:beta=7:seed=2,40,11,30,7,2,36,ok,False,,67,33,4.204692619390966,3.8644622196675584,1.4052713273928672,0.3402303997234073,882712,0.015036,1.555803,True,10000000,False,FIRST_N_SOLUTIONS,18,12.003767128881222,,
n=40:q=11:t=30:beta=7:seed=2,40,11,30,7,2,37,ok,False,,27,13,3.295836866004329,3.003337008473153,1.3397725456880596,0.29249985753117613,882746,0.01791,1.573751,True,10000000,False,FIRST_N_SOLUTIONS,18,12.003767128881222,,
n=40:q=11:t=30:beta=7:seed=2,40,11,30,7,2,38,ok,False,,11,5,2.3978952727983707,2.0256777552316976,1.4509485537694198,0.3722175175666731,882760,0.019053,1.59289,True,10000000,False,FIRST_N_SOLUTIONS,18,12.003767128881222,,
n=40:q=11:t=30:beta=7:seed=2,40,11,30,7,2,39,ok,False,,9,4,2.1972245773362196,1.0326459323378998,3.2045723361108434,1.1645786449983198,882766,0.019435,1.612394,True,10000000,False,FIRST_N_SOLUTIONS,18,12.003767128881222,,
n=40:q=11:t=30:beta=7:seed=2,40,11,30,7,2,40,ok,True,rank_complete,7,3,1.9459101490553132,0.0,6.999999999999999,1.9459101490553132,882771,0.019338,1.63183,True,10000000,False,FIRST_N_SOLUTIONS,18,12.003767128881222,,
n=40:q=347:t=20:beta=14:seed=0,40,347,20,14,0,1,ok,False,,5,2,1.6094379124341003,1.750558472888597,0.8683846125429397,-0.14112056045449672,2,1.9e-05,3.1e-05,True,10000000,False,FIRST_N_SOLUTIONS,18,11.93894656736228,,
n=40:q=347:t=20:beta=14:seed=0,40,347,20,14,0,2,ok,False,,23,11,3.1354942159291497,3.197793120129819,0.9396019938302242,-0.06229890420066919,14,8e-06,7.6e-05,True,10000000,False,FIRST_N_SOLUTIONS,18,11.93894656736228,,
n=40:q=347:t=20:beta=14:seed=0,40,347,20,14,0,3,ok,False,,89,44,4.48863636973214,4.475555980782095,1.0131663114621619,0.013080388950045041,58,1.7e-05,0.000114,True,10000000,False,FIRST_N_SOLUTIONS,18,11.93894656736228,,
n=40:q=347:t=20:beta=14:seed=0,40,347,20,14,0,4,ok,False,,277,138,5.6240175061873385,5.5960246325636405,1.028388355712904,0.027992873623698067,196,0.000105,0.000237,True,10000000,False,FIRST_N_SOLUTIONS,18,11.93894656736228,,
n=40:q=347:t=20:beta=14:seed=0,40,347,20,14,0,5,ok,False,,785,392,6.665683717782408,6.657186775152846,1.0085331441079053,0.008496942629562021,588,0.00015,0.000412,True,10000000,False,FIRST_N_SOLUTIONS,18,11.93894656736228,,
n=40:q=347:t=20:beta=14:seed=0,40,347,20,14,0,6,ok,False,,1885,942,7.541683099882111,7.536340734812802,1.0053566609481732,0.005342365069309629,1530,0.000389,0.000821,True,10000000,False,FIRST_N_SOLUTIONS,18,11.93894656736228,,
n=40:q=347:t=20:beta=14:seed=0,40,347,20,14,0,7,ok,False,,4253,2126,8.355379895253634,8.360233214429073,0.9951584391480807,-0.004853319175438742,3656,0.000948,0.001793,True,10000000,False,FIRST_N_SOLUTIONS,18,11.93894656736228,,
n=40:q=347:t=20:beta=14:seed=0,40,347,20,14,0,8,ok,False,,8309,4154,9.02509454366498,9.017542727501286,1.0075804030430227,0.007551816163694269,7810,0.002086,0.003923,True,10000000,False,FIRST_N_SOLUTIONS,18,11.93894656736228,,
n=40:q=347:t=20:beta=14:seed=0,40,347,20,14,0,9,ok,False,,15183,7591,9.627931659882188,9.62082939787673,1.007127542883289,0.007102262005458826,15401,0.00422,0.008184,True,10000000,False,FIRST_N_SOLUTIONS,18,11.93894656736228,,
n=40:q=347:t=20:beta=14:seed=0,40,347,20,14,0,10,ok,False,,25471,12735,10.145295829079494,10.141382557558128,1.0039209383659187,0.003913271521366113,28136,0.008032,0.01628,True,10000000,False,FIRST_N_SOLUTIONS,18,11.93894656736228,,
n=40:q=347:t=20:beta=14:seed=0,40,347,20,14,0,11,ok,False,,38875,19437,10.568106649481535,10.567073266363515,1.001033917242324,0.001033383118020481,28146,0.014935,0.031286,True,10000000,False,FIRST_N_SOLUTIONS,18,11.93894656736228,,
n=40:q=347:t=20:beta=14:seed=0,40,347,20,14,0,12,ok,False,,55819,27909,10.929869592203938,10.932638940146052,0.9972344831645256,-0.002769347942114919,47584,0.025671,0.057052,True,10000000,False,FIRST_N_SOLUTIONS,18,11.93894656736228,,
n=40:q=347:t=20:beta=14:seed=0,40,347,20,14,0,13,ok,False,,76487,38243,11.244876070733577,11.247235552851947,0.9976432992715865,-0.0023594821183703374,75494,0.041231,0.098351,True,10000000,False,FIRST_N_SOLUTIONS,18,11.93894656736228,,
n=40:q=347:t=20:beta=14:seed=0,40,347,20,14,0,14,ok,False,,97153,48576,11.484042334411154,11.485653302208533,0.9983903291147213,-0.001610967797379459,113738,0.065775,0.164215,True,10000000,False,FIRST_N_SOLUTIONS,18,11.93894656736228,,
n=40:q=347:t=20:beta=14:seed=0,40,347,20,14,0,15,ok,False,,115801,57900,11.659628479662329,11.660575823580984,0.9990531046699277,-0.0009473439186553634,162315,0.077932,0.24223,True,10000000,False,FIRST_N_SOLUTIONS,18,11.93894656736228,,
n=40:q=347:t=20:beta=14:seed=0,40,347,20,14,0,16,ok,False,,129969,64984,11.775051239462785,11.775832929611163,0.9992186152917748,-0.0007816901483774785,220216,0.090267,0.332601,True,10000000,False,FIRST_N_SOLUTIONS,18,11.93894656736228,,
n=40:q=347:t=20:beta=14:seed=0,40,347,20,14,0,17,ok,False,,143253,71626,11.872367576766074,11.870243472922446,1.0021263613503064,0.0021241038436272675,285201,0.103641,0.43633,True,10000000,False,FIRST_N_SOLUTIONS,18,11.93894656736228,,
n=40:q=347:t=20:beta=14:seed=0,40,347,20,14,0,18,ok,False,,153327,76663,11.940328174596294,11.93894656736228,1.001382562092985,0.0013816072340144814,356828,0.117131,0.553538,True,10000000,False,FIRST_N_SOLUTIONS,18,11.93894656736228,,
n=40:q=347:t=20:beta=14:seed=0,40,347,20,14,0,19,ok,False,,145373,72686,11.887058132202684,11.88734790714885,0.9997102670345382,-0.00028977494616633237,433492,0.131338,0.684945,True,10000000,False,FIRST_N_SOLUTIONS,18,11.93894656736228,,
n=40:q=347:t=20:beta=14:seed=0,40,347,20,14,0,20,ok,False,,138069,69034,11.835508839180992,11.835541109933516,0.9999677297681716,-3.227075252354439e-05,506179,0.121353,0.806379,True,10000000,False,FIRST_N_SOLUTIONS,18,11.93894656736228,,
n=40:q=347:t=20:beta=14:seed=0,40,347,20,14,0,21,ok,False,,118277,59138,11.680784610100622,11.684955889561564,0.9958374082414186,-0.004171279460942756,575214,0.108988,0.915473,True,10000000,False,FIRST_N_SOLUTIONS,18,11.93894656736228,,
n=40:q=347:t=20:beta=14:seed=0,40,347,20,14,0,22,ok,False,,97901,48950,11.49171204297103,11.492884315580902,0.9988284142332495,-0.0011722726098710723,634353,0.08582,1.001374,True,10000000,False,FIRST_N_SOLUTIONS,18,11.93894656736228,,
n=40:q=347:t=20:beta=14:seed=0,40,347,20,14,0,23,ok,False,,74955,37477,11.224643212446415,11.224717892830647,0.9999253224042783,-7.468038423219525e-05,683304,0.066176,1.067615,True,10000000,False,FIRST_N_SOLUTIONS,18,11.93894656736228,,
n=40:q=347:t=20:beta=14:seed=0,40,347,20,14,0,24,ok,False,,55271,27635,10.920003637661642,10.917852138906937,1.0021538148889058,0.0021514987547046616,720782,0.049588,1.117266,True,10000000,False,FIRST_N_SOLUTIONS,18,11.93894656736228,,
n=40:q=347:t=20:beta=14:seed=0,40,347,20,14,0,25,ok,False,,37399,18699,10.529399245077244,10.531447555068993,0.9979537863635884,-0.002048309991749875,748418,0.044829,1.162155,True,10000000,False,FIRST_N_SOLUTIONS,18,11.93894656736228,,
n=40:q=347:t=20:beta=14:seed=0,40,347,20,14,0,26,ok,False,,24501,12250,10.106469212026385,10.114806845230362,0.9916970284607679,-0.00833763320397729,767118,0.035214,1.197457,True,10000000,False,FIRST_N_SOLUTIONS,18,11.93894656736228,,
n=40:q=347:t=20:beta=14:seed=0,40,347,20,14,0,27,ok,False,,16243,8121,9.695417325719395,9.697624684357066,0.9977950757868612,-0.002207358637670964,779369,0.024128,1.221689,True,10000000,False,FIRST_N_SOLUTIONS,18,11.93894656736228,,
n=40:q=347:t=20:beta=14:seed=0,40,347,20,14,0,28,ok,False,,9791,4895,9.189218875354072,9.181508162386976,1.0077405170687035,0.007710712967096356,787491,0.016689,1.23843,True,10000000,False,FIRST_N_SOLUTIONS,18,11.93894656736228,,
n=40:q=347:t=20:beta=14:seed=0,40,347,20,14,0,29,ok,False,,5797,2898,8.665095821339733,8.645829133183682,1.0194534885385915,0.01926668815605126,792387,0.01739,1.255886,True,10000000,False,FIRST_N_SOLUTIONS,18,11.93894656736228,,
n=40:q=347:t=20:beta=14:seed=0,40,347,20,14,0,30,ok,False,,3125,1562,8.047189562170502,8.040262680664725,1.0069509278394446,0.006926881505776805,795286,0.016026,1.272004,True,10000000,False,FIRST_N_SOLUTIONS,18,11.93894656736228,,
n=40:q=347:t=20:beta=14:seed=0,40,347,20,14,0,31,ok,False,,1675,837,7.423568444259167,7.4187021421560075,1.0048781617810267,0.004866302103159192,796849,0.014744,1.286858,True,10000000,False,FIRST_N_SOLUTIONS,18,11.93894656736228,,
n=40:q=347:t=20:beta=14:seed=0,40,347,20,14,0,32,ok,False,,909,454,6.812345094177479,6.741757285423631,1.073138796274088,0.07058780875384763,797687,0.01433,1.301277,True,10000000,False,FIRST_N_SOLUTIONS,18,11.93894656736228,,
n=40:q=347:t=20:beta=14:seed=0,40,347,20,14,0,33,ok,False,,443,221,6.093569770045136,6.019299282293446,1.077098107943139,0.07427048775168998,798142,0.013931,1.315275,True,10000000,False,FIRST_N_SOLUTIONS,18,11.93894656736228,,
n=40:q=347:t=20:beta=14:seed=0,40,347,20,14,0,34,ok,False,,191,95,5.25227342804663,5.289061078129663,0.9638807936251927,-0.036787650083033085,798364,0.013044,1.328415,True,10000000,False,FIRST_N_SOLUTIONS,18,11.93894656736228,,
n=40:q=347:t=20:beta=14:seed=0,40,347,20,14,0,35,ok,False,,69,34,4.23410650459726,4.547491229891634,0.7309686363415171,-0.313384725294374,798460,0.011016,1.339486,True,10000000,False,FIRST_N_SOLUTIONS,18,11.93894656736228,,
n=40:q=347:t=20:beta=14:seed=0,40,347,20,14,0,36,ok,False,,21,10,3.044522437723423,3.681952578641301,0.5286492339262928,-0.637430140917878,798495,0.011117,1.350637,True,10000000,False,FIRST_N_SOLUTIONS,18,11.93894656736228,,
n=40:q=347:t=20:beta=14:seed=0,40,347,20,14,0,37,ok,False,,9,4,2.1972245773362196,2.8086754800600175,0.5425630914511285,-0.611450902723798,798506,0.0112,1.361885,True,10000000,False,FIRST_N_SOLUTIONS,18,11.93894656736228,,
n=40:q=347:t=20:beta=14:seed=0,40,347,20,14,0,38,ok,False,,1,0,0.0,1.8900392120650764,0.15106588511491298,-1.8900392120650764,798511,0.011222,1.37314,True,10000000,False,FIRST_N_SOLUTIONS,18,11.93894656736228,,
n=40:q=347:t=20:beta=14:seed=0,40,347,20,14,0,39,ok,False,,1,0,0.0,0.9571267353999104,0.3839946205795682,-0.9571267353999104,798512,0.01246,1.385635,True,10000000,False,FIRST_N_SOLUTIONS,18,11.93894656736228,,
n=40:q=347:t=20:beta=14:seed=0,40,347,20,14,0,40,ok,True,rank_complete,1,0,0.0,0.0,1.0,0.0,798513,0.013625,1.399302,True,10000000,False,FIRST_N_SOLUTIONS,18,11.93894656736228,,
n=40:q=347:t=20:beta=14:seed=1,40,347,20,14,1,1,ok,False,,5,2,1.6094379124341003,1.6699473765037425,0.941284860590777,-0.060509464069642194,2,2.6e-05,6.2e-05,True,10000000,False,FIRST_N_SOLUTIONS,17,11.922820933222361,,
n=40:q=347:t=20:beta=14:seed=1,40,347,20,14,1,2,ok,False,,23,11,3.1354942159291497,3.136259199166031,0.9992353092881979,-0.0007649832368814558,14,1.7e-05,0.00016,True,10000000,False,FIRST_N_SOLUTIONS,17,11.922820933222361,,
n=40:q=347:t=20:beta=14:seed=1,40,347,20,14,1,3,ok,False,,81,40,4.394449154672439,4.407148810950439,0.9873806440684139,-0.012699656277999516,54,3.2e-05,0.000261,True,10000000,False,FIRST_N_SOLUTIONS,17,11.922820933222361,,
n=40:q=347:t=20:beta=14:seed=1,40,347,20,14,1,4,ok,False,,261,130,5.564520407322694,5.574320711921821,0.9902475618896454,-0.009800304599127507,184,0.00016,0.000484,True,10000000,False,FIRST_N_SOLUTIONS,17,11.922820933222361,,
n=40:q=347:t=20:beta=14:seed=1,40,347,20,14,1,5,ok,False,,751,375,6.621405651764134,6.614248559784631,1.0071827651742296,0.007157091979503427,559,0.000235,0.000792,True,10000000,False,FIRST_N_SOLUTIONS,17,11.922820933222361,,
n=40:q=347:t=20:beta=14:seed=1,40,347,20,14,1,6,ok,False,,1831,915,7.5126175446745105,7.511452611346876,1.0011656121260233,0.0011649333276348983,1474,0.000578,0.001434,True,10000000,False,FIRST_N_SOLUTIONS,17,11.922820933222361,,
n=40:q=347:t=20:beta=14:seed=1,40,347,20,14,1,7,ok,False,,4163,2081,8.333991247194975,8.330950124373306,1.003045751726844,0.003041122821668907,3555,0.001311,0.002814,True,10000000,False,FIRST_N_SOLUTIONS,17,11.922820933222361,,
n=40:q=347:t=20:beta=14:seed=1,40,347,20,14,1,8,ok,False,,8089,4044,8.998260393017953,9.006143009968806,0.9921483694028371,-0.00788261695085346,7599,0.002742,0.005625,True,10000000,False,FIRST_N_SOLUTIONS,17,11.922820933222361,,
n=40:q=347:t=20:beta=14:seed=1,40,347,20,14,1,9,ok,False,,14851,7425,9.605822482030945,9.601620243186087,1.0042110806312736,0.004202238844857931,15024,0.005659,0.011369,True,10000000,False,FIRST_N_SOLUTIONS,17,11.922820933222361,,
n=40:q=347:t=20:beta=14:seed=1,40,347,20,14,1,10,ok,False,,24091,12045,10.089593605747774,10.089170475754372,1.0004232195255254,0.00042312999340232693,27069,0.010416,0.021881,True,10000000,False,FIRST_N_SOLUTIONS,17,11.922820933222361,,
n=40:q=347:t=20:beta=14:seed=1,40,347,20,14,1,11,ok,False,,36445,18222,10.503559553816313,10.504467741411709,0.9990922246821403,-0.000908187595396015,27079,0.017352,0.03937,True,10000000,False,FIRST_N_SOLUTIONS,17,11.922820933222361,,
n=40:q=347:t=20:beta=14:seed=1,40,347,20,14,1,12,ok,False,,52391,26195,10.86649009983224,10.870597303029783,0.995901219825874,-0.004107203197543541,45302,0.048484,0.087996,True,10000000,False,FIRST_N_SOLUTIONS,17,11.922820933222361,,
n=40:q=347:t=20:beta=14:seed=1,40,347,20,14,1,13,ok,False,,71661,35830,11.17970194554807,11.178988682635335,1.0007135173452146,0.0007132629127344359,71498,0.05259,0.140673,True,10000000,False,FIRST_N_SOLUTIONS,17,11.922820933222361,,
n=40:q=347:t=20:beta=14:seed=1,40,347,20,14,1,14,ok,False,,93621,46810,11.447009996275332,11.448655400272031,0.9983559489383138,-0.0016454039966991019,107329,0.0887,0.229478,True,10000000,False,FIRST_N_SOLUTIONS,17,11.922820933222361,,
n=40:q=347:t=20:beta=14:seed=1,40,347,20,14,1,15,ok,False,,111127,55563,11.61842897040453,11.618645026395718,0.9997839673472263,-0.00021605599118856844,154140,0.103419,0.332996,True,10000000,False,FIRST_N_SOLUTIONS,17,11.922820933222361,,
n=40:q=347:t=20:beta=14:seed=1,40,347,20,14,1,16,ok,False,,131215,65607,11.784592478225326,11.78571451003161,0.9988785974360375,-0.0011220318062843404,209704,0.09182,0.42492,True,10000000,False,FIRST_N_SOLUTIONS,17,11.922820933222361,,
n=40:q=347:t=20:beta=14:seed=1,40,347,20,14,1,17,ok,False,,150695,75347,11.923013205563837,11.922820933222361,1.0001922908269871,0.00019227234147578542,275312,0.108301,0.533301,True,10000000,False,FIRST_N_SOLUTIONS,17,11.922820933222361,,
n=40:q=347:t=20:beta=14:seed=1,40,347,20,14,1,18,ok,False,,149621,74810,11.91586070900251,11.918861424356145,0.9970037822928389,-0.00300071535363422,350660,0.112094,0.645462,True,10000000,False,FIRST_N_SOLUTIONS,17,11.922820933222361,,
n=40:q=347:t=20:beta=14:seed=1,40,347,20,14,1,19,ok,False,,149409,74704,11.914442790830295,11.913093164006668,1.0013505379797694,0.0013496268236270481,425471,0.132262,0.777794,True,10000000,False,FIRST_N_SOLUTIONS,17,11.922820933222361,,
n=40:q=347:t=20:beta=14:seed=1,40,347,20,14,1,20,ok,False,,135113,67556,11.813866744337465,11.810632087179528,1.0032398943066736,0.0032346571579378036,500176,0.139391,0.917265,True,10000000,False,FIRST_N_SOLUTIONS,17,11.922820933222361,,
n=40:q=347:t=20:beta=14:seed=1,40,347,20,14,1,21,ok,False,,114481,57240,11.648164149342426,11.645857267092872,1.0023095451496828,0.0023068822495542207,567733,0.168332,1.085672,True,10000000,False,FIRST_N_SOLUTIONS,17,11.922820933222361,,
n=40:q=347:t=20:beta=14:seed=1,40,347,20,14,1,22,ok,False,,90993,45496,11.418537859463333,11.414599888856927,1.00394573460077,0.003937970606406438,624974,0.128978,1.21477,True,10000000,False,FIRST_N_SOLUTIONS,17,11.922820933222361,,
n=40:q=347:t=20:beta=14:seed=1,40,347,20,14,1,23,ok,False,,72443,36221,11.190555324723487,11.191731176655999,0.9988248391104902,-0.0011758519325120176,670471,0.069257,1.284128,True,10000000,False,FIRST_N_SOLUTIONS,17,11.922820933222361,,
n=40:q=347:t=20:beta=14:seed=1,40,347,20,14,1,24,ok,False,,50999,25499,10.83956130367109,10.840645252760467,0.9989166381712309,-0.0010839490893772563,706693,0.050243,1.334441,True,10000000,False,FIRST_N_SOLUTIONS,17,11.922820933222361,,
n=40:q=347:t=20:beta=14:seed=1,40,347,20,14,1,25,ok,False,,36777,18388,10.512627928763104,10.5120657313266,1.0005623554991012,0.000562197436503098,732193,0.042934,1.377443,True,10000000,False,FIRST_N_SOLUTIONS,17,11.922820933222361,,
n=40:q=347:t=20:beta=14:seed=1,40,347,20,14,1,26,ok,False,,23899,11949,10.08159189604006,10.077760720523301,1.0038385238509344,0.0038311755167583783,750582,0.034334,1.411845,True,10000000,False,FIRST_N_SOLUTIONS,17,11.922820933222361,,
n=40:q=347:t=20:beta=14:seed=1,40,347,20,14,1,27,ok,False,,15741,7870,9.664024052354822,9.66556830638072,0.998456937720818,-0.0015442540258980841,762532,0.024147,1.436104,True,10000000,False,FIRST_N_SOLUTIONS,17,11.922820933222361,,
n=40:q=347:t=20:beta=14:seed=1,40,347,20,14,1,28,ok,False,,10015,5007,9.211839248099919,9.219217163073012,0.9926492350304114,-0.007377914973092814,770403,0.016945,1.453134,True,10000000,False,FIRST_N_SOLUTIONS,17,11.922820933222361,,
n=40:q=347:t=20:beta=14:seed=1,40,347,20,14,1,29,ok,False,,5885,2942,8.680162019694377,8.679958803623364,1.0002032367207971,0.00020321607101259076,775411,0.014355,1.467562,True,10000000,False,FIRST_N_SOLUTIONS,17,11.922820933222361,,
n=40:q=347:t=20:beta=14:seed=1,40,347,20,14,1,30,ok,False,,3241,1620,8.083637203141548,8.085759687829267,0.9978797661901393,-0.0021224846877192505,778354,0.012368,1.480021,True,10000000,False,FIRST_N_SOLUTIONS,17,11.922820933222361,,
n=40:q=347:t=20:beta=14:seed=1,40,347,20,14,1,31,ok,False,,1665,832,7.417580402414544,7.4550657633310635,0.9632085181075193,-0.037485360916519106,779975,0.011543,1.491625,True,10000000,False,FIRST_N_SOLUTIONS,17,11.922820933222361,,
n=40:q=347:t=20:beta=14:seed=1,40,347,20,14,1,32,ok,False,,889,444,6.790097235513905,6.823485757320341,0.9671627227751899,-0.0333885218064367,780808,0.011192,1.502883,True,10000000,False,FIRST_N_SOLUTIONS,17,11.922820933222361,,
n=40:q=347:t=20:beta=14:seed=1,40,347,20,14,1,33,ok,False,,429,214,6.061456918928017,6.126853262396821,0.9366961363998368,-0.0653963434688043,781253,0.011021,1.513963,True,10000000,False,FIRST_N_SOLUTIONS,17,11.922820933222361,,
n=40:q=347:t=20:beta=14:seed=1,40,347,20,14,1,34,ok,False,,207,103,5.332718793265369,5.402591162524246,0.9325128296146885,-0.06987236925887697,781468,0.010956,1.524973,True,10000000,False,FIRST_N_SOLUTIONS,17,11.922820933222361,,
n=40:q=347:t=20:beta=14:seed=1,40,347,20,14,1,35,ok,False,,79,39,4.3694478524670215,4.554010601548228,0.8314677644241691,-0.1845627490812065,781572,0.010887,1.53591,True,10000000,False,FIRST_N_SOLUTIONS,17,11.922820933222361,,
n=40:q=347:t=20:beta=14:seed=1,40,347,20,14,1,36,ok,False,,31,15,3.4339872044851463,3.676169607237071,0.7849129942035439,-0.24218240275192482,781612,0.010761,1.546709,True,10000000,False,FIRST_N_SOLUTIONS,17,11.922820933222361,,
n=40:q=347:t=20:beta=14:seed=1,40,347,20,14,1,37,ok,False,,7,3,1.9459101490553132,2.7794781185393163,0.43449624801862224,-0.833567969484003,781628,0.01073,1.557467,True,10000000,False,FIRST_N_SOLUTIONS,17,11.922820933222361,,
n=40:q=347:t=20:beta=14:seed=1,40,347,20,14,1,38,ok,False,,3,1,1.0986122886681098,1.8439369614771124,0.4745801916399621,-0.7453246728090026,781632,0.010805,1.568303,True,10000000,False,FIRST_N_SOLUTIONS,17,11.922820933222361,,
n=40:q=347:t=20:beta=14:seed=1,40,347,20,14,1,39,ok,False,,1,0,0.0,0.9087457301986177,0.40302941476867743,-0.9087457301986177,781634,0.010855,1.579191,True,10000000,False,FIRST_N_SOLUTIONS,17,11.922820933222361,,
n=40:q=347:t=20:beta=14:seed=1,40,347,20,14,1,40,ok,True,rank_complete,3,1,1.0986122886681098,0.0,3.0000000000000004,1.0986122886681098,781635,0.010716,1.589939,True,10000000,False,FIRST_N_SOLUTIONS,17,11.922820933222361,,
n=40:q=347:t=20:beta=14:seed=2,40,347,20,14,2,1,ok,False,,5,2,1.6094379124341003,1.7303963413801084,0.88607079372406,-0.12095842894600817,2,2.3e-05,5.7e-05,True,10000000,False,FIRST_N_SOLUTIONS,18,12.162237440458924,,
n=40:q=347:t=20:beta=14:seed=2,40,347,20,14,2,2,ok,False,,25,12,3.2188758248682006,3.251011895479934,0.9683748057617517,-0.03213607061173329,15,1.6e-05,0.000153,True,10000000,False,FIRST_N_SOLUTIONS,18,12.162237440458924,,
n=40:q=347:t=20:beta=14:seed=2,40,347,20,14,2,3,ok,False,,97,48,4.574710978503383,4.57131147685912,1.0034052865033327,0.0033995016442629478,63,3e-05,0.000247,True,10000000,False,FIRST_N_SOLUTIONS,18,12.162237440458924,,
n=40:q=347:t=20:beta=14:seed=2,40,347,20,14,2,4,ok,False,,313,156,5.746203190540153,5.727602598481825,1.0187746606554662,0.01860059205832787,219,0.000153,0.000459,True,10000000,False,FIRST_N_SOLUTIONS,18,12.162237440458924,,
n=40:q=347:t=20:beta=14:seed=2,40,347,20,14,2,5,ok,False,,859,429,6.755768921984255,6.750494885668047,1.0052879685279685,0.00527403631620782,648,0.000257,0.000778,True,10000000,False,FIRST_N_SOLUTIONS,18,12.162237440458924,,
n=40:q=347:t=20:beta=14:seed=2,40,347,20,14,2,6,ok,False,,2287,1143,7.734996194022781,7.730366153695355,1.0046407755258817,0.004630040327425533,1791,0.000704,0.001548,True,10000000,False,FIRST_N_SOLUTIONS,18,12.162237440458924,,
n=40:q=347:t=20:beta=14:seed=2,40,347,20,14,2,7,ok,False,,4963,2481,8.50976567558744,8.511748449008046,0.9980191909760807,-0.00198277342060571,4272,0.001583,0.003196,True,10000000,False,FIRST_N_SOLUTIONS,18,12.162237440458924,,
n=40:q=347:t=20:beta=14:seed=2,40,347,20,14,2,8,ok,False,,10003,5001,9.21064032698518,9.214693778824927,0.99595475230738,-0.004053451839746813,9273,0.003453,0.006718,True,10000000,False,FIRST_N_SOLUTIONS,18,12.162237440458924,,
n=40:q=347:t=20:beta=14:seed=2,40,347,20,14,2,9,ok,False,,18687,9343,9.835583373922255,9.838783319150696,0.9968051691396039,-0.003199945228441692,18616,0.007399,0.014216,True,10000000,False,FIRST_N_SOLUTIONS,18,12.162237440458924,,
n=40:q=347:t=20:beta=14:seed=2,40,347,20,14,2,10,ok,False,,32333,16166,10.383843659485919,10.381328666169761,1.0025181585648182,0.0025149933161578986,34782,0.015508,0.029847,True,10000000,False,FIRST_N_SOLUTIONS,18,12.162237440458924,,
n=40:q=347:t=20:beta=14:seed=2,40,347,20,14,2,11,ok,False,,49791,24895,10.815589523788828,10.810162268134004,1.0054420098863819,0.005427255654824492,34792,0.032149,0.062083,True,10000000,False,FIRST_N_SOLUTIONS,18,12.162237440458924,,
n=40:q=347:t=20:beta=14:seed=2,40,347,20,14,2,12,ok,False,,72343,36171,11.18917397547838,11.187829007189915,1.0013458731639433,0.0013449682884640879,59688,0.052585,0.114767,True,10000000,False,FIRST_N_SOLUTIONS,18,12.162237440458924,,
n=40:q=347:t=20:beta=14:seed=2,40,347,20,14,2,13,ok,False,,98687,49343,11.49970850448738,11.50129598074227,0.9984137831190426,-0.0015874762548904187,95860,0.065623,0.180506,True,10000000,False,FIRST_N_SOLUTIONS,18,12.162237440458924,,
n=40:q=347:t=20:beta=14:seed=2,40,347,20,14,2,14,ok,False,,131511,65755,11.786845777291589,11.785947087036554,1.0008990941981195,0.0008986902550347509,145204,0.094487,0.275064,True,10000000,False,FIRST_N_SOLUTIONS,18,12.162237440458924,,
n=40:q=347:t=20:beta=14:seed=2,40,347,20,14,2,15,ok,False,,152169,76084,11.932747024295011,11.930093481122086,1.0026570669347397,0.0026535431729257652,210960,0.10813,0.38329,True,10000000,False,FIRST_N_SOLUTIONS,18,12.162237440458924,,
n=40:q=347:t=20:beta=14:seed=2,40,347,20,14,2,16,ok,False,,173609,86804,12.06456092318254,12.062222496614467,1.002341162819906,0.0023384265680732597,287045,0.121228,0.504619,True,10000000,False,FIRST_N_SOLUTIONS,18,12.162237440458924,,
n=40:q=347:t=20:beta=14:seed=2,40,347,20,14,2,17,ok,False,,184429,92214,12.125019844550781,12.1200313645638,1.005000943168764,0.0049884799869808205,373850,0.139812,0.64449,True,10000000,False,FIRST_N_SOLUTIONS,18,12.162237440458924,,
n=40:q=347:t=20:beta=14:seed=2,40,347,20,14,2,18,ok,False,,191281,95640,12.161498830056642,12.162237440458924,0.9992616623032363,-0.0007386104022817364,466065,0.160907,0.805466,True,10000000,False,FIRST_N_SOLUTIONS,18,12.162237440458924,,
n=40:q=347:t=20:beta=14:seed=2,40,347,20,14,2,19,ok,False,,178301,89150,12.091228412360461,12.093373137436885,0.9978575732030506,-0.0021447250764232706,561706,0.160525,0.966089,True,10000000,False,FIRST_N_SOLUTIONS,18,12.162237440458924,,
n=40:q=347:t=20:beta=14:seed=2,40,347,20,14,2,20,ok,False,,167647,83823,12.029615857311363,12.031437914556811,0.9981796016931413,-0.0018220572454481498,650857,0.164964,1.131133,True,10000000,False,FIRST_N_SOLUTIONS,18,12.162237440458924,,
n=40:q=347:t=20:beta=14:seed=2,40,347,20,14,2,21,ok,False,,148293,74146,11.90694532539365,11.907695143514125,0.9992504629228834,-0.0007498181204752541,734681,0.134218,1.265427,True,10000000,False,FIRST_N_SOLUTIONS,18,12.162237440458924,,
n=40:q=347:t=20:beta=14:seed=2,40,347,20,14,2,22,ok,False,,118649,59324,11.683924833678372,11.682195484276072,1.0017308455893301,0.0017293494023000733,808828,0.150149,1.415635,True,10000000,False,FIRST_N_SOLUTIONS,18,12.162237440458924,,
n=40:q=347:t=20:beta=14:seed=2,40,347,20,14,2,23,ok,False,,92037,46018,11.42994594909397,11.433768056087672,0.9961851879602424,-0.0038221069937023344,868153,0.091722,1.507475,True,10000000,False,FIRST_N_SOLUTIONS,18,12.162237440458924,,
n=40:q=347:t=20:beta=14:seed=2,40,347,20,14,2,24,ok,False,,68975,34487,11.141499399085486,11.145256139838963,0.9962503069688163,-0.0037567407534773167,914172,0.06499,1.572538,True,10000000,False,FIRST_N_SOLUTIONS,18,12.162237440458924,,
n=40:q=347:t=20:beta=14:seed=2,40,347,20,14,2,25,ok,False,,49599,24799,10.811725951219454,10.809703651269885,1.002024346177242,0.0020222999495693728,948660,0.060119,1.632719,True,10000000,False,FIRST_N_SOLUTIONS,18,12.162237440458924,,
n=40:q=347:t=20:beta=14:seed=2,40,347,20,14,2,26,ok,False,,33561,16780,10.42111995751504,10.418843842252627,1.002278707579188,0.0022761152624131142,973460,0.048414,1.68121,True,10000000,False,FIRST_N_SOLUTIONS,18,12.162237440458924,,
n=40:q=347:t=20:beta=14:seed=2,40,347,20,14,2,27,ok,False,,20863,10431,9.945732534129874,9.942469515761417,1.0032683478080038,0.0032630183684574376,990241,0.026515,1.707797,True,10000000,False,FIRST_N_SOLUTIONS,18,12.162237440458924,,
n=40:q=347:t=20:beta=14:seed=2,40,347,20,14,2,28,ok,False,,13459,6729,9.507403306233716,9.494750017188181,1.0127336806221547,0.012653289045534422,1000673,0.022071,1.729926,True,10000000,False,FIRST_N_SOLUTIONS,18,12.162237440458924,,
n=40:q=347:t=20:beta=14:seed=2,40,347,20,14,2,29,ok,False,,7505,3752,8.923324744067562,8.912190656355605,1.0111963023532384,0.011134087711957008,1007403,0.024657,1.754654,True,10000000,False,FIRST_N_SOLUTIONS,18,12.162237440458924,,
n=40:q=347:t=20:beta=14:seed=2,40,347,20,14,2,30,ok,False,,3993,1996,8.292298107063221,8.294667611304789,0.9976333008176373,-0.002369504241567455,1011156,0.025447,1.780198,True,10000000,False,FIRST_N_SOLUTIONS,18,12.162237440458924,,
n=40:q=347:t=20:beta=14:seed=2,40,347,20,14,2,31,ok,False,,2083,1041,7.641564441260972,7.65725734803064,0.9844295853024883,-0.015692906769668724,1013153,0.02405,1.804354,True,10000000,False,FIRST_N_SOLUTIONS,18,12.162237440458924,,
n=40:q=347:t=20:beta=14:seed=2,40,347,20,14,2,32,ok,False,,1021,510,6.928537818164665,6.9593713454517,0.9696369777391928,-0.030833527287034812,1014195,0.022939,1.827445,True,10000000,False,FIRST_N_SOLUTIONS,18,12.162237440458924,,
n=40:q=347:t=20:beta=14:seed=2,40,347,20,14,2,33,ok,False,,523,261,6.259581464064923,6.24979716153922,1.0098323253090196,0.009784302525702948,1014706,0.022316,1.849886,True,10000000,False,FIRST_N_SOLUTIONS,18,12.162237440458924,,
n=40:q=347:t=20:beta=14:seed=2,40,347,20,14,2,34,ok,False,,257,128,5.54907608489522,5.4577249579797495,1.0956536512117139,0.09135112691547054,1014968,0.02159,1.87157,True,10000000,False,FIRST_N_SOLUTIONS,18,12.162237440458924,,
n=40:q=347:t=20:beta=14:seed=2,40,347,20,14,2,35,ok,False,,87,43,4.465908118654584,4.660995200497041,0.822763007217746,-0.19508708184245727,1015097,0.022371,1.894048,True,10000000,False,FIRST_N_SOLUTIONS,18,12.162237440458924,,
n=40:q=347:t=20:beta=14:seed=2,40,347,20,14,2,36,ok,False,,31,15,3.4339872044851463,3.7490880184068516,0.7297153050990854,-0.3151008139217053,1015141,0.022107,1.916285,True,10000000,False,FIRST_N_SOLUTIONS,18,12.162237440458924,,
n=40:q=347:t=20:beta=14:seed=2,40,347,20,14,2,37,ok,False,,15,7,2.70805020110221,2.8338649615616305,0.8817781718392644,-0.12581476045942042,1015157,0.021997,1.938446,True,10000000,False,FIRST_N_SOLUTIONS,18,12.162237440458924,,
n=40:q=347:t=20:beta=14:seed=2,40,347,20,14,2,38,ok,False,,9,4,2.1972245773362196,1.9006781485088453,1.3452050148388048,0.29654642882737425,1015165,0.02195,1.960543,True,10000000,False,FIRST_N_SOLUTIONS,18,12.162237440458924,,
n=40:q=347:t=20:beta=14:seed=2,40,347,20,14,2,39,ok,False,,5,2,1.6094379124341003,1.0175702461968967,1.8073608119288787,0.5918676662372035,1015170,0.021367,1.982003,True,10000000,False,FIRST_N_SOLUTIONS,18,12.162237440458924,,
n=40:q=347:t=20:beta=14:seed=2,40,347,20,14,2,40,ok,True,rank_complete,1,0,0.0,0.0,1.0,0.0,1015173,0.01492,1.997033,True,10000000,False,FIRST_N_SOLUTIONS,18,12.162237440458924,,
n=40:q=347:t=20:beta=2:seed=0,40,347,20,2,0,1,ok,False,,7,3,1.9459101490553132,1.939940342449011,1.0059876614139944,0.005969806606302308,3,4.7e-05,5.9e-05,True,10000000,False,FIRST_N_SOLUTIONS,18,14.744184158369883,,
n=40:q=347:t=20:beta=2:seed=0,40,347,20,2,0,2,ok,False,,39,19,3.6635616461296463,3.6588861014611282,1.0046864920825496,0.00467554466851805,23,3.6e-05,0.000131,True,10000000,False,FIRST_N_SOLUTIONS,18,14.744184158369883,,
n=40:q=347:t=20:beta=2:seed=0,40,347,20,2,0,3,ok,False,,185,92,5.220355825078324,5.188456915345851,1.0324131331098767,0.031898909732473335,115,3.3e-05,0.000187,True,10000000,False,FIRST_N_SOLUTIONS,18,14.744184158369883,,
n=40:q=347:t=20:beta=2:seed=0,40,347,20,2,0,4,ok,False,,691,345,6.53813982376767,6.5066690568174685,1.0319712074889962,0.03147076695020168,460,0.000183,0.000388,True,10000000,False,FIRST_N_SOLUTIONS,18,14.744184158369883,,
n=40:q=347:t=20:beta=2:seed=0,40,347,20,2,0,5,ok,False,,2161,1080,7.6783263565068856,7.67114807390681,1.0072041082281884,0.00717828260007547,1540,0.000418,0.000826,True,10000000,False,FIRST_N_SOLUTIONS,18,14.744184158369883,,
n=40:q=347:t=20:beta=2:seed=0,40,347,20,2,0,6,ok,False,,6117,3058,8.718827059242566,8.711955375997563,1.0068953474335276,0.0068716832450022025,4598,0.001279,0.002129,True,10000000,False,FIRST_N_SOLUTIONS,18,14.744184158369883,,
n=40:q=347:t=20:beta=2:seed=0,40,347,20,2,0,7,ok,False,,16117,8058,9.687629894522718,9.681761257626487,1.0058858910820783,0.005868636896231294,12656,0.003894,0.006063,True,10000000,False,FIRST_N_SOLUTIONS,18,14.744184158369883,,
n=40:q=347:t=20:beta=2:seed=0,40,347,20,2,0,8,ok,False,,35255,17627,10.470362642153141,10.470115962060216,1.000246710520961,0.0002466800929248336,30283,0.010101,0.01623,True,10000000,False,FIRST_N_SOLUTIONS,18,14.744184158369883,,
n=40:q=347:t=20:beta=2:seed=0,40,347,20,2,0,9,ok,False,,73751,36875,11.208449833432173,11.208963364062015,0.9994866012044439,-0.0005135306298420517,67158,0.025596,0.041903,True,10000000,False,FIRST_N_SOLUTIONS,18,14.744184158369883,,
n=40:q=347:t=20:beta=2:seed=0,40,347,20,2,0,10,ok,False,,142677,71338,11.868338613179446,11.866660306417028,1.0016797159074282,0.0016783067624182024,138496,0.066207,0.108192,True,10000000,False,FIRST_N_SOLUTIONS,18,14.744184158369883,,
n=40:q=347:t=20:beta=2:seed=0,40,347,20,2,0,11,ok,False,,245611,122805,12.411504262525776,12.411878596283756,0.9996257362961595,-0.0003743337579802386,138506,0.137115,0.245394,True,10000000,False,FIRST_N_SOLUTIONS,18,14.744184158369883,,
n=40:q=347:t=20:beta=2:seed=0,40,347,20,2,0,12,ok,False,,407499,203749,12.917793757672314,12.91776387744293,1.0000298806758026,2.988022938410495e-05,261312,0.276492,0.521989,True,10000000,False,FIRST_N_SOLUTIONS,18,14.744184158369883,,
n=40:q=347:t=20:beta=2:seed=0,40,347,20,2,0,13,ok,False,,636571,318285,13.363851238284166,13.363478941453096,1.0003723661421369,0.0003722968310704289,465062,0.483369,1.005447,True,10000000,False,FIRST_N_SOLUTIONS,18,14.744184158369883,,
n=40:q=347:t=20:beta=2:seed=0,40,347,20,2,0,14,ok,False,,997643,498821,13.813150775867312,13.812907758522613,1.0002430468758063,0.00024301734469922565,783348,0.826753,1.832272,True,10000000,False,FIRST_N_SOLUTIONS,18,14.744184158369883,,
n=40:q=347:t=20:beta=2:seed=0,40,347,20,2,0,15,ok,False,,1418569,709284,14.165159174980689,14.165083647813766,1.0000755300191706,7.552716692238448e-05,1282170,1.254935,3.08731,True,10000000,False,FIRST_N_SOLUTIONS,18,14.744184158369883,,
n=40:q=347:t=20:beta=2:seed=0,40,347,20,2,0,16,ok,False,,1774489,887244,14.3890230521202,14.389270819100815,0.9997522637110877,-0.0002477669806157934,1991455,1.629002,4.716389,True,10000000,False,FIRST_N_SOLUTIONS,18,14.744184158369883,,
n=40:q=347:t=20:beta=2:seed=0,40,347,20,2,0,17,ok,False,,2258213,1129106,14.630084350509438,14.630551181402062,0.9995332780559635,-0.0004668308926234488,2878700,2.256063,6.972538,True,10000000,False,FIRST_N_SOLUTIONS,18,14.744184158369883,,
n=40:q=347:t=20:beta=2:seed=0,40,347,20,2,0,18,ok,False,,2529953,1264976,14.743711283456047,14.744184158369883,0.999527236873885,-0.00047287491383585234,4007807,2.486782,9.459406,True,10000000,False,FIRST_N_SOLUTIONS,18,14.744184158369883,,
n=40:q=347:t=20:beta=2:seed=0,40,347,20,2,0,19,ok,False,,2461715,1230857,14.716368819480797,14.717253584357579,0.9991156264122539,-0.0008847648767815741,5272784,2.475409,11.934902,True,10000000,False,FIRST_N_SOLUTIONS,18,14.744184158369883,,
n=40:q=347:t=20:beta=2:seed=0,40,347,20,2,0,20,ok,False,,2445711,1222855,14.70984643616371,14.711105179675414,0.9987420483736154,-0.0012587435117037415,6503642,2.468832,14.403814,True,10000000,False,FIRST_N_SOLUTIONS,18,14.744184158369883,,
n=40:q=347:t=20:beta=2:seed=0,40,347,20,2,0,21,ok,False,,2347607,1173803,14.668907069430485,14.670485748522623,0.9984225663662213,-0.0015786790921374916,7726498,2.382261,16.786159,True,10000000,False,FIRST_N_SOLUTIONS,18,14.744184158369883,,
n=40:q=347:t=20:beta=2:seed=0,40,347,20,2,0,22,ok,False,,2009861,1004930,14.513576123415138,14.513546582941743,1.0000295409097195,2.9540473395428535e-05,8900302,2.002075,18.788312,True,10000000,False,FIRST_N_SOLUTIONS,18,14.744184158369883,,
n=40:q=347:t=20:beta=2:seed=0,40,347,20,2,0,23,ok,False,,1575125,787562,14.269845192171994,14.268473270275386,1.0013728634119656,0.0013719218966077307,9905233,1.629833,20.418229,True,10000000,False,FIRST_N_SOLUTIONS,18,14.744184158369883,,
n=40:q=347:t=20:beta=2:seed=0,40,347,20,2,0,24,ok,False,,1090597,545298,13.902235810690927,13.90174818298788,1.000487746612762,0.0004876277030465559,10692796,1.150822,21.569128,True,10000000,False,FIRST_N_SOLUTIONS,18,14.744184158369883,,
n=40:q=347:t=20:beta=2:seed=0,40,347,20,2,0,25,ok,False,,683787,341893,13.435401744599774,13.43585521298445,0.999546634416573,-0.00045346838467530404,11238095,0.78599,22.355182,True,10000000,False,FIRST_N_SOLUTIONS,18,14.744184158369883,,
n=40:q=347:t=20:beta=2:seed=0,40,347,20,2,0,26,ok,False,,464661,232330,13.049063386438185,13.049394161038947,0.9996692800991248,-0.0003307746007621404,11579989,0.58542,22.940682,True,10000000,False,FIRST_N_SOLUTIONS,18,14.744184158369883,,
n=40:q=347:t=20:beta=2:seed=0,40,347,20,2,0,27,ok,False,,270987,135493,12.509826128231513,12.512272108840989,0.9975570083636082,-0.002445980609476095,11812320,0.385476,23.326234,True,10000000,False,FIRST_N_SOLUTIONS,18,14.744184158369883,,
n=40:q=347:t=20:beta=2:seed=0,40,347,20,2,0,28,ok,False,,153085,76542,11.938748601666273,11.93722989999479,1.0015198554828906,0.001518701671482603,11947814,0.275097,23.60141,True,10000000,False,FIRST_N_SOLUTIONS,18,14.744184158369883,,
n=40:q=347:t=20:beta=2:seed=0,40,347,20,2,0,29,ok,False,,82507,41253,11.320638417208192,11.323661097729683,0.9969818831779165,-0.003022680521491239,12024357,0.219015,23.820504,True,10000000,False,FIRST_N_SOLUTIONS,18,14.744184158369883,,
n=40:q=347:t=20:beta=2:seed=0,40,347,20,2,0,30,ok,False,,39741,19870,10.590138679352371,10.591558644920852,0.9985810421056167,-0.0014199655684805634,12065611,0.180348,24.000928,True,10000000,False,FIRST_N_SOLUTIONS,18,14.744184158369883,,
n=40:q=347:t=20:beta=2:seed=0,40,347,20,2,0,31,ok,False,,17873,8936,9.791046473190379,9.801753003381904,0.9893505807012927,-0.010706530191525232,12085482,0.16336,24.164359,True,10000000,False,FIRST_N_SOLUTIONS,18,14.744184158369883,,
n=40:q=347:t=20:beta=2:seed=0,40,347,20,2,0,32,ok,False,,7593,3796,8.934982049213234,8.951315020288916,0.9837996886718321,-0.016332971075682323,12094419,0.160076,24.324501,True,10000000,False,FIRST_N_SOLUTIONS,18,14.744184158369883,,
n=40:q=347:t=20:beta=2:seed=0,40,347,20,2,0,33,ok,False,,2931,1465,7.983098940710892,8.011906744835485,0.9716031846472271,-0.02880780412459316,12098216,0.153567,24.478129,True,10000000,False,FIRST_N_SOLUTIONS,18,14.744184158369883,,
n=40:q=347:t=20:beta=2:seed=0,40,347,20,2,0,34,ok,False,,1191,595,7.0825485693553,7.002664122007175,1.0831618982135174,0.07988444734812461,12099682,0.152275,24.630435,True,10000000,False,FIRST_N_SOLUTIONS,18,14.744184158369883,,
n=40:q=347:t=20:beta=2:seed=0,40,347,20,2,0,35,ok,False,,415,207,6.028278520230698,5.889312740267798,1.1490847776070816,0.13896577996290027,12100278,0.152409,24.782874,True,10000000,False,FIRST_N_SOLUTIONS,18,14.744184158369883,,
n=40:q=347:t=20:beta=2:seed=0,40,347,20,2,0,36,ok,False,,129,64,4.859812404361672,4.745903748617636,1.1206497552906942,0.1139086557440363,12100486,0.155555,24.938464,True,10000000,False,FIRST_N_SOLUTIONS,18,14.744184158369883,,
n=40:q=347:t=20:beta=2:seed=0,40,347,20,2,0,37,ok,False,,35,17,3.5553480614894135,3.5936838703743774,0.9623897076073203,-0.03833580888496391,12100551,0.151874,25.090404,True,10000000,False,FIRST_N_SOLUTIONS,18,14.744184158369883,,
n=40:q=347:t=20:beta=2:seed=0,40,347,20,2,0,38,ok,False,,7,3,1.9459101490553132,2.3938735836723737,0.6389280462534714,-0.44796343461706045,12100569,0.151299,25.24175,True,10000000,False,FIRST_N_SOLUTIONS,18,14.744184158369883,,
n=40:q=347:t=20:beta=2:seed=0,40,347,20,2,0,39,ok,False,,5,2,1.6094379124341003,1.1631300878280229,1.5625323784255618,0.44630782460607743,12100573,0.154958,25.39674,True,10000000,False,FIRST_N_SOLUTIONS,18,14.744184158369883,,
n=40:q=347:t=20:beta=2:seed=0,40,347,20,2,0,40,ok,True,rank_complete,1,0,0.0,0.0,1.0,0.0,12100576,0.150752,25.547544,True,10000000,False,FIRST_N_SOLUTIONS,18,14.744184158369883,,
n=40:q=347:t=20:beta=2:seed=1,40,347,20,2,1,1,ok,False,,5,2,1.6094379124341003,1.74640524180972,0.8719987144092005,-0.13696732937561973,2,4.7e-05,6.1e-05,True,10000000,False,FIRST_N_SOLUTIONS,17,13.58474354116887,,
n=40:q=347:t=20:beta=2:seed=1,40,347,20,2,1,2,ok,False,,29,14,3.367295829986474,3.387254317907229,0.9802393642363343,-0.01995848792075483,17,3.2e-05,0.000125,True,10000000,False,FIRST_N_SOLUTIONS,17,13.58474354116887,,
n=40:q=347:t=20:beta=2:seed=1,40,347,20,2,1,3,ok,False,,137,68,4.919980925828125,4.914351323329777,1.0056454784883488,0.005629602498347985,85,2.3e-05,0.00017,True,10000000,False,FIRST_N_SOLUTIONS,17,13.58474354116887,,
n=40:q=347:t=20:beta=2:seed=1,40,347,20,2,1,4,ok,False,,523,261,6.259581464064923,6.286680624674837,0.9732647272152489,-0.027099160609913575,346,0.000157,0.000343,True,10000000,False,FIRST_N_SOLUTIONS,17,13.58474354116887,,
n=40:q=347:t=20:beta=2:seed=1,40,347,20,2,1,5,ok,False,,1819,909,7.506042178518122,7.5042323053742415,1.0018115119528086,0.0018098731438804805,1255,0.000334,0.000696,True,10000000,False,FIRST_N_SOLUTIONS,17,13.58474354116887,,
n=40:q=347:t=20:beta=2:seed=1,40,347,20,2,1,6,ok,False,,5325,2662,8.580167990577626,8.581677808921842,0.9984913208580987,-0.0015098183442159296,3917,0.001077,0.001792,True,10000000,False,FIRST_N_SOLUTIONS,17,13.58474354116887,,
n=40:q=347:t=20:beta=2:seed=1,40,347,20,2,1,7,ok,False,,13849,6924,9.535968306842717,9.535678419590596,1.000289929273491,0.00028988725212109046,10841,0.003216,0.005042,True,10000000,False,FIRST_N_SOLUTIONS,17,13.58474354116887,,
n=40:q=347:t=20:beta=2:seed=1,40,347,20,2,1,8,ok,False,,32709,16354,10.395405548374491,10.397499753589464,0.9979079861028111,-0.002094205214973499,27195,0.009329,0.014406,True,10000000,False,FIRST_N_SOLUTIONS,17,13.58474354116887,,
n=40:q=347:t=20:beta=2:seed=1,40,347,20,2,1,9,ok,False,,66095,33047,11.0988483800135,11.101119132594398,0.9977318236273974,-0.002270752580898261,60242,0.024767,0.039223,True,10000000,False,FIRST_N_SOLUTIONS,17,13.58474354116887,,
n=40:q=347:t=20:beta=2:seed=1,40,347,20,2,1,10,ok,False,,120411,60205,11.698666169809838,11.696773296872749,1.0018946655519532,0.001892872937089507,120447,0.059791,0.099107,True,10000000,False,FIRST_N_SOLUTIONS,17,13.58474354116887,,
n=40:q=347:t=20:beta=2:seed=1,40,347,20,2,1,11,ok,False,,195061,97530,12.18106760914057,12.181159286223718,0.9999083271190673,-9.167708314805623e-05,120457,0.108497,0.207713,True,10000000,False,FIRST_N_SOLUTIONS,17,13.58474354116887,,
n=40:q=347:t=20:beta=2:seed=1,40,347,20,2,1,12,ok,False,,287833,143916,12.570135729822498,12.571305608521591,0.9988308053422178,-0.0011698786990930188,217988,0.173521,0.381323,True,10000000,False,FIRST_N_SOLUTIONS,17,13.58474354116887,,
n=40:q=347:t=20:beta=2:seed=1,40,347,20,2,1,13,ok,False,,401255,200627,12.902352414407915,12.903549925790351,0.998803205348193,-0.0011975113824362893,361905,0.281995,0.663399,True,10000000,False,FIRST_N_SOLUTIONS,17,13.58474354116887,,
n=40:q=347:t=20:beta=2:seed=1,40,347,20,2,1,14,ok,False,,537099,268549,13.193937714041137,13.19376415335389,1.0001735757497754,0.00017356068724794227,562533,0.429887,1.093377,True,10000000,False,FIRST_N_SOLUTIONS,17,13.58474354116887,,
n=40:q=347:t=20:beta=2:seed=1,40,347,20,2,1,15,ok,False,,642191,321095,13.372641046213595,13.374138929444932,0.9985032380358376,-0.0014978832313374824,831083,0.652194,1.745683,True,10000000,False,FIRST_N_SOLUTIONS,17,13.58474354116887,,
n=40:q=347:t=20:beta=2:seed=1,40,347,20,2,1,16,ok,False,,747297,373648,13.524217975458296,13.525566371563855,0.9986525125720046,-0.0013483961055591465,1152179,0.666032,2.411813,True,10000000,False,FIRST_N_SOLUTIONS,17,13.58474354116887,,
n=40:q=347:t=20:beta=2:seed=1,40,347,20,2,1,17,ok,False,,793741,396870,13.584512490542078,13.58474354116887,0.9997689760633494,-0.0002310506267910739,1525828,0.699404,3.111307,True,10000000,False,FIRST_N_SOLUTIONS,17,13.58474354116887,,
n=40:q=347:t=20:beta=2:seed=1,40,347,20,2,1,18,ok,False,,790851,395425,13.580864859853122,13.58033486547587,1.000530134849088,0.0005299943772527627,1922699,0.774602,3.885997,True,10000000,False,FIRST_N_SOLUTIONS,17,13.58474354116887,,
n=40:q=347:t=20:beta=2:seed=1,40,347,20,2,1,19,ok,False,,775445,387722,13.561192337097832,13.561180153983202,1.0000121831888453,1.2183114630914815e-05,2318125,0.800328,4.686392,True,10000000,False,FIRST_N_SOLUTIONS,17,13.58474354116887,,
n=40:q=347:t=20:beta=2:seed=1,40,347,20,2,1,20,ok,False,,765971,382985,13.548899588998225,13.548650756259313,1.0002488637003457,0.0002488327389116307,2705848,0.826268,5.512769,True,10000000,False,FIRST_N_SOLUTIONS,17,13.58474354116887,,
n=40:q=347:t=20:beta=2:seed=1,40,347,20,2,1,21,ok,False,,685677,342838,13.438161950344432,13.437754699389224,1.0004073338931365,0.0004072509552077719,3088834,0.738586,6.25145,True,10000000,False,FIRST_N_SOLUTIONS,17,13.58474354116887,,
n=40:q=347:t=20:beta=2:seed=1,40,347,20,2,1,22,ok,False,,568143,284071,13.250128426580297,13.250025749158347,1.0001026826934567,0.00010267742194969287,3431673,0.619234,6.870776,True,10000000,False,FIRST_N_SOLUTIONS,17,13.58474354116887,,
n=40:q=347:t=20:beta=2:seed=1,40,347,20,2,1,23,ok,False,,440753,220376,12.996239906816646,12.997333272000361,0.9989072323222133,-0.001093365183715278,3715745,0.536445,7.407299,True,10000000,False,FIRST_N_SOLUTIONS,17,13.58474354116887,,
n=40:q=347:t=20:beta=2:seed=1,40,347,20,2,1,24,ok,False,,330127,165063,12.707232707892327,12.707913748069899,0.9993191916776528,-0.0006810401775716457,3936122,0.446327,7.853731,True,10000000,False,FIRST_N_SOLUTIONS,17,13.58474354116887,,
n=40:q=347:t=20:beta=2:seed=1,40,347,20,2,1,25,ok,False,,231997,115998,12.354479719530358,12.35535894141735,0.9991211645153187,-0.0008792218869917434,4101186,0.285858,8.139682,True,10000000,False,FIRST_N_SOLUTIONS,17,13.58474354116887,,
n=40:q=347:t=20:beta=2:seed=1,40,347,20,2,1,26,ok,False,,156543,78271,11.96108601160601,11.961708403733695,0.9993778015181188,-0.0006223921276848898,4217185,0.225207,8.364973,True,10000000,False,FIRST_N_SOLUTIONS,17,13.58474354116887,,
n=40:q=347:t=20:beta=2:seed=1,40,347,20,2,1,27,ok,False,,95461,47730,11.46647306609689,11.471706672219156,0.9947800653335193,-0.005233606122265755,4295457,0.156919,8.521987,True,10000000,False,FIRST_N_SOLUTIONS,17,13.58474354116887,,
n=40:q=347:t=20:beta=2:seed=1,40,347,20,2,1,28,ok,False,,51385,25692,10.847101580059174,10.846925122189461,1.000176473439319,0.00017645786971343114,4343188,0.105551,8.627629,True,10000000,False,FIRST_N_SOLUTIONS,17,13.58474354116887,,
n=40:q=347:t=20:beta=2:seed=1,40,347,20,2,1,29,ok,False,,27695,13847,10.229007170467204,10.237039657160466,0.9919996875240197,-0.008032486693261731,4368881,0.080731,8.708449,True,10000000,False,FIRST_N_SOLUTIONS,17,13.58474354116887,,
n=40:q=347:t=20:beta=2:seed=1,40,347,20,2,1,30,ok,False,,14679,7339,9.594173179957233,9.598926123089328,0.9952583342281551,-0.0047529431320949556,4382729,0.070254,8.778788,True,10000000,False,FIRST_N_SOLUTIONS,17,13.58474354116887,,
n=40:q=347:t=20:beta=2:seed=1,40,347,20,2,1,31,ok,False,,7505,3752,8.923324744067562,8.909010618570989,1.0144170631587157,0.014314125496573737,4390069,0.064717,8.843571,True,10000000,False,FIRST_N_SOLUTIONS,17,13.58474354116887,,
n=40:q=347:t=20:beta=2:seed=1,40,347,20,2,1,32,ok,False,,3537,1768,8.17103418920548,8.149396985654064,1.0218729853222193,0.02163720355141585,4393822,0.06288,8.906515,True,10000000,False,FIRST_N_SOLUTIONS,17,13.58474354116887,,
n=40:q=347:t=20:beta=2:seed=1,40,347,20,2,1,33,ok,False,,1527,763,7.3310603052186325,7.331794055936427,0.9992665184114344,-0.0007337507177949121,4395591,0.061301,8.967882,True,10000000,False,FIRST_N_SOLUTIONS,17,13.58474354116887,,
n=40:q=347:t=20:beta=2:seed=1,40,347,20,2,1,34,ok,False,,575,287,6.354370040797351,6.395159306215788,0.9600314204519236,-0.04078926541843764,4396355,0.060395,9.02835,True,10000000,False,FIRST_N_SOLUTIONS,17,13.58474354116887,,
n=40:q=347:t=20:beta=2:seed=1,40,347,20,2,1,35,ok,False,,199,99,5.293304824724492,5.335605836207023,0.9585811931945168,-0.042301011482530626,4396643,0.059601,9.088017,True,10000000,False,FIRST_N_SOLUTIONS,17,13.58474354116887,,
n=40:q=347:t=20:beta=2:seed=1,40,347,20,2,1,36,ok,False,,71,35,4.2626798770413155,4.301479404516968,0.9619435330661255,-0.03879952747565252,4396743,0.059372,9.147443,True,10000000,False,FIRST_N_SOLUTIONS,17,13.58474354116887,,
n=40:q=347:t=20:beta=2:seed=1,40,347,20,2,1,37,ok,False,,23,11,3.1354942159291497,3.272376041109581,0.8720732771451494,-0.13688182518043135,4396779,0.059235,9.206718,True,10000000,False,FIRST_N_SOLUTIONS,17,13.58474354116887,,
n=40:q=347:t=20:beta=2:seed=1,40,347,20,2,1,38,ok,False,,9,4,2.1972245773362196,2.1882829662296928,1.0089817067285018,0.008941611106526803,4396791,0.058436,9.265191,True,10000000,False,FIRST_N_SOLUTIONS,17,13.58474354116887,,
n=40:q=347:t=20:beta=2:seed=1,40,347,20,2,1,39,ok,False,,5,2,1.6094379124341003,1.0694233739777985,1.716031810456992,0.5400145384563018,4396796,0.058327,9.323574,True,10000000,False,FIRST_N_SOLUTIONS,17,13.58474354116887,,
n=40:q=347:t=20:beta=2:seed=1,40,347,20,2,1,40,ok,True,rank_complete,3,1,1.0986122886681098,0.0,3.0000000000000004,1.0986122886681098,4396799,0.058196,9.381824,True,10000000,False,FIRST_N_SOLUTIONS,17,13.58474354116887,,
n=40:q=347:t=20:beta=2:seed=2,40,347,20,2,2,1,ok,False,,7,3,1.9459101490553132,1.833378001305606,1.1191082331458744,0.11253214774970721,3,6.1e-05,7.8e-05,True,10000000,False,FIRST_N_SOLUTIONS,18,14.09351207970964,,
n=40:q=347:t=20:beta=2:seed=2,40,347,20,2,2,2,ok,False,,29,14,3.367295829986474,3.396464263482298,0.9712528591742862,-0.029168433495823987,18,0.000105,0.000238,True,10000000,False,FIRST_N_SOLUTIONS,18,14.09351207970964,,
n=40:q=347:t=20:beta=2:seed=2,40,347,20,2,2,3,ok,False,,125,62,4.8283137373023015,4.843261821803698,0.9851630835081566,-0.014948084501396508,80,4.9e-05,0.000333,True,10000000,False,FIRST_N_SOLUTIONS,18,14.09351207970964,,
n=40:q=347:t=20:beta=2:seed=2,40,347,20,2,2,4,ok,False,,429,214,6.061456918928017,6.055694356183036,1.0057791982487032,0.0057625627449811034,294,0.000195,0.000568,True,10000000,False,FIRST_N_SOLUTIONS,18,14.09351207970964,,
n=40:q=347:t=20:beta=2:seed=2,40,347,20,2,2,5,ok,False,,1357,678,7.213031659834869,7.200492281609655,1.012618325868031,0.012539378225214115,972,0.000411,0.00102,True,10000000,False,FIRST_N_SOLUTIONS,18,14.09351207970964,,
n=40:q=347:t=20:beta=2:seed=2,40,347,20,2,2,6,ok,False,,4259,2129,8.356789669923213,8.358594228381481,0.9981970687783849,-0.0018045584582679908,3101,0.001422,0.002481,True,10000000,False,FIRST_N_SOLUTIONS,18,14.09351207970964,,
n=40:q=347:t=20:beta=2:seed=2,40,347,20,2,2,7,ok,False,,11313,5656,9.333707785926467,9.33485815024859,0.9988502970932678,-0.0011503643221217885,8757,0.003279,0.00581,True,10000000,False,FIRST_N_SOLUTIONS,18,14.09351207970964,,
n=40:q=347:t=20:beta=2:seed=2,40,347,20,2,2,8,ok,False,,27097,13548,10.207178299632961,10.20657063181465,1.0006078524858038,0.0006076678183113415,22305,0.008248,0.01414,True,10000000,False,FIRST_N_SOLUTIONS,18,14.09351207970964,,
n=40:q=347:t=20:beta=2:seed=2,40,347,20,2,2,9,ok,False,,55141,27570,10.917648820068036,10.919109824204753,0.9985400626102566,-0.0014610041367166815,49875,0.020057,0.034263,True,10000000,False,FIRST_N_SOLUTIONS,18,14.09351207970964,,
n=40:q=347:t=20:beta=2:seed=2,40,347,20,2,2,10,ok,False,,108901,54450,11.598194491615347,11.598724439902291,0.9994701921108469,-0.000529948286944304,104325,0.055061,0.089409,True,10000000,False,FIRST_N_SOLUTIONS,18,14.09351207970964,,
n=40:q=347:t=20:beta=2:seed=2,40,347,20,2,2,11,ok,False,,191455,95727,12.16240807304391,12.162979704796754,0.9994285315974589,-0.0005716317528445813,104335,0.167943,0.257453,True,10000000,False,FIRST_N_SOLUTIONS,18,14.09351207970964,,
n=40:q=347:t=20:beta=2:seed=2,40,347,20,2,2,12,ok,False,,309071,154535,12.641326302948787,12.642388278108136,0.9989385885367094,-0.0010619751593488047,200063,0.256641,0.514197,True,10000000,False,FIRST_N_SOLUTIONS,18,14.09351207970964,,
n=40:q=347:t=20:beta=2:seed=2,40,347,20,2,2,13,ok,False,,484167,242083,13.090185167508015,13.091035481710009,0.9991500472126811,-0.0008503142019939958,354599,0.353312,0.867613,True,10000000,False,FIRST_N_SOLUTIONS,18,14.09351207970964,,
n=40:q=347:t=20:beta=2:seed=2,40,347,20,2,2,14,ok,False,,707115,353557,13.468948590774204,13.469706263046895,0.9992426146884666,-0.0007576722726909679,596683,0.574525,1.442227,True,10000000,False,FIRST_N_SOLUTIONS,18,14.09351207970964,,
n=40:q=347:t=20:beta=2:seed=2,40,347,20,2,2,15,ok,False,,921057,460528,13.733277202573198,13.734180187870827,0.9990974222709101,-0.0009029852976283337,950241,0.760602,2.202913,True,10000000,False,FIRST_N_SOLUTIONS,18,14.09351207970964,,
n=40:q=347:t=20:beta=2:seed=2,40,347,20,2,2,16,ok,False,,1163071,581535,13.966574478648564,13.966266404398645,1.0003081217096639,0.00030807424991863286,1410770,1.142979,3.345978,True,10000000,False,FIRST_N_SOLUTIONS,18,14.09351207970964,,
n=40:q=347:t=20:beta=2:seed=2,40,347,20,2,2,17,ok,False,,1297389,648694,14.075864341229696,14.076139753782769,0.9997246253694828,-0.0002754125530728402,1992306,1.327539,4.673618,True,10000000,False,FIRST_N_SOLUTIONS,18,14.09351207970964,,
n=40:q=347:t=20:beta=2:seed=2,40,347,20,2,2,18,ok,False,,1320111,660055,14.093226381936201,14.09351207970964,0.9997143430342836,-0.0002856977734388977,2641001,1.368118,6.04182,True,10000000,False,FIRST_N_SOLUTIONS,18,14.09351207970964,,
n=40:q=347:t=20:beta=2:seed=2,40,347,20,2,2,19,ok,False,,1264789,632394,14.050415867812381,14.050212227143412,1.000203661405138,0.00020364066896938482,3301057,1.448994,7.490912,True,10000000,False,FIRST_N_SOLUTIONS,18,14.09351207970964,,
n=40:q=347:t=20:beta=2:seed=2,40,347,20,2,2,20,ok,False,,1103141,551570,13.913672123247904,13.913645287129512,1.0000268364784843,2.6836118392381536e-05,3933452,1.108981,8.599963,True,10000000,False,FIRST_N_SOLUTIONS,18,14.09351207970964,,
n=40:q=347:t=20:beta=2:seed=2,40,347,20,2,2,21,ok,False,,1007741,503870,13.823221750153127,13.82361231982376,0.9996095065917731,-0.00039056967063189063,4485023,1.007062,9.607125,True,10000000,False,FIRST_N_SOLUTIONS,18,14.09351207970964,,
n=40:q=347:t=20:beta=2:seed=2,40,347,20,2,2,22,ok,False,,876875,438437,13.684119729838862,13.684276358148239,0.9998433839561967,-0.0001566283093765719,4988894,0.867805,10.475013,True,10000000,False,FIRST_N_SOLUTIONS,18,14.09351207970964,,
n=40:q=347:t=20:beta=2:seed=2,40,347,20,2,2,23,ok,False,,661433,330716,13.402163972449053,13.401117148840257,1.0010473717198718,0.0010468236087959326,5427332,0.735192,11.210288,True,10000000,False,FIRST_N_SOLUTIONS,18,14.09351207970964,,
n=40:q=347:t=20:beta=2:seed=2,40,347,20,2,2,24,ok,False,,495561,247780,13.113445733146762,13.113282450936303,1.000163295541724,0.00016328221045824876,5758049,0.545226,11.755599,True,10000000,False,FIRST_N_SOLUTIONS,18,14.09351207970964,,
n=40:q=347:t=20:beta=2:seed=2,40,347,20,2,2,25,ok,False,,343085,171542,12.745733508858484,12.745290694525323,1.0004429123899004,0.0004428143331605128,6005830,0.393431,12.149106,True,10000000,False,FIRST_N_SOLUTIONS,18,14.09351207970964,,
n=40:q=347:t=20:beta=2:seed=2,40,347,20,2,2,26,ok,False,,227317,113658,12.334100798069002,12.333156967244875,1.0009442763726026,0.0009438308241271898,6177373,0.301165,12.450336,True,10000000,False,FIRST_N_SOLUTIONS,18,14.09351207970964,,
n=40:q=347:t=20:beta=2:seed=2,40,347,20,2,2,27,ok,False,,132175,66087,11.791882081103651,11.791502119327376,1.0003800339708944,0.000379961776275195,6291032,0.206657,12.657069,True,10000000,False,FIRST_N_SOLUTIONS,18,14.09351207970964,,
n=40:q=347:t=20:beta=2:seed=2,40,347,20,2,2,28,ok,False,,76791,38395,11.248842724768773,11.246050527999671,1.0027960985811977,0.002792196769101807,6357120,0.150961,12.808087,True,10000000,False,FIRST_N_SOLUTIONS,18,14.09351207970964,,
n=40:q=347:t=20:beta=2:seed=2,40,347,20,2,2,29,ok,False,,40193,20096,10.601448130091603,10.580736834269075,1.0209272631204798,0.02071129582252773,6395516,0.118809,12.926973,True,10000000,False,FIRST_N_SOLUTIONS,18,14.09351207970964,,
n=40:q=347:t=20:beta=2:seed=2,40,347,20,2,2,30,ok,False,,20417,10208,9.9241231661362,9.913920420078327,1.0102549715347442,0.010202746057872858,6415613,0.102095,13.029169,True,10000000,False,FIRST_N_SOLUTIONS,18,14.09351207970964,,
n=40:q=347:t=20:beta=2:seed=2,40,347,20,2,2,31,ok,False,,10365,5182,9.24619002486988,9.222495215929769,1.02397776134003,0.02369480894011211,6425822,0.094609,13.123849,True,10000000,False,FIRST_N_SOLUTIONS,18,14.09351207970964,,
n=40:q=347:t=20:beta=2:seed=2,40,347,20,2,2,32,ok,False,,4779,2389,8.471986598578159,8.43614363975965,1.0364930616142911,0.03584295881850963,6431005,0.091033,13.214952,True,10000000,False,FIRST_N_SOLUTIONS,18,14.09351207970964,,
n=40:q=347:t=20:beta=2:seed=2,40,347,20,2,2,33,ok,False,,1935,967,7.5678626054638825,7.5259671494621045,1.0427854560911625,0.04189545600177791,6433395,0.0888,13.303818,True,10000000,False,FIRST_N_SOLUTIONS,18,14.09351207970964,,
n=40:q=347:t=20:beta=2:seed=2,40,347,20,2,2,34,ok,False,,695,347,6.543911845564792,6.514750566823267,1.029590632167038,0.029161278741525187,6434363,0.087779,13.39166,True,10000000,False,FIRST_N_SOLUTIONS,18,14.09351207970964,,
n=40:q=347:t=20:beta=2:seed=2,40,347,20,2,2,35,ok,False,,259,129,5.556828061699537,5.459856885722473,1.1018286140300508,0.09697117597706395,6434711,0.087567,13.479268,True,10000000,False,FIRST_N_SOLUTIONS,18,14.09351207970964,,
n=40:q=347:t=20:beta=2:seed=2,40,347,20,2,2,36,ok,False,,83,41,4.418840607796598,4.3143979219941855,1.1100917680239697,0.10444268580241278,6434841,0.087354,13.56668,True,10000000,False,FIRST_N_SOLUTIONS,18,14.09351207970964,,
n=40:q=347:t=20:beta=2:seed=2,40,347,20,2,2,37,ok,False,,41,20,3.713572066704308,3.200770681236861,1.6699628580078063,0.5128013854674469,6434883,0.087276,13.653999,True,10000000,False,FIRST_N_SOLUTIONS,18,14.09351207970964,,
n=40:q=347:t=20:beta=2:seed=2,40,347,20,2,2,38,ok,False,,9,4,2.1972245773362196,2.152038843277225,1.0462221609525613,0.04518573405899451,6434904,0.087186,13.741227,True,10000000,False,FIRST_N_SOLUTIONS,18,14.09351207970964,,
n=40:q=347:t=20:beta=2:seed=2,40,347,20,2,2,39,ok,False,,3,1,1.0986122886681098,1.084106321379977,1.014611689413628,0.014505967288132693,6434909,0.087086,13.828348,True,10000000,False,FIRST_N_SOLUTIONS,18,14.09351207970964,,
n=40:q=347:t=20:beta=2:seed=2,40,347,20,2,2,40,ok,True,rank_complete,1,0,0.0,0.0,1.0,0.0,6434911,0.087098,13.915493,True,10000000,False,FIRST_N_SOLUTIONS,18,14.09351207970964,,
n=40:q=347:t=20:beta=7:seed=0,40,347,20,7,0,1,ok,False,,5,2,1.6094379124341003,1.740344561543548,0.8772996672738186,-0.13090664910944771,2,1.8e-05,3e-05,True,10000000,False,FIRST_N_SOLUTIONS,18,12.587127461094212,,
n=40:q=347:t=20:beta=7:seed=0,40,347,20,7,0,2,ok,False,,19,9,2.9444389791664403,3.1257699953248244,0.8341591928191396,-0.1813310161583841,12,8e-06,6.7e-05,True,10000000,False,FIRST_N_SOLUTIONS,18,12.587127461094212,,
n=40:q=347:t=20:beta=7:seed=0,40,347,20,7,0,3,ok,False,,75,37,4.31748811353631,4.373946811444609,0.9451055185238406,-0.05645869790829927,49,1.5e-05,0.000104,True,10000000,False,FIRST_N_SOLUTIONS,18,12.587127461094212,,
n=40:q=347:t=20:beta=7:seed=0,40,347,20,7,0,4,ok,False,,253,126,5.53338948872752,5.561105449724749,0.9726646022522231,-0.02771596099722906,175,0.000107,0.000227,True,10000000,False,FIRST_N_SOLUTIONS,18,12.587127461094212,,
n=40:q=347:t=20:beta=7:seed=0,40,347,20,7,0,5,ok,False,,807,403,6.693323668269949,6.691499466281531,1.0018258668570637,0.0018242019884180394,578,0.000155,0.000401,True,10000000,False,FIRST_N_SOLUTIONS,18,12.587127461094212,,
n=40:q=347:t=20:beta=7:seed=0,40,347,20,7,0,6,ok,False,,2163,1081,7.679251425953058,7.6533630397713885,1.026226401033932,0.025888386181669887,1659,0.000483,0.000905,True,10000000,False,FIRST_N_SOLUTIONS,18,12.587127461094212,,
n=40:q=347:t=20:beta=7:seed=0,40,347,20,7,0,7,ok,False,,5289,2644,8.57338447106598,8.563747199706533,1.0096838593993314,0.009637271359446586,4303,0.001228,0.002162,True,10000000,False,FIRST_N_SOLUTIONS,18,12.587127461094212,,
n=40:q=347:t=20:beta=7:seed=0,40,347,20,7,0,8,ok,False,,11231,5615,9.326433090963036,9.328702794026455,0.9977328707649353,-0.002269703063419115,9918,0.002908,0.005114,True,10000000,False,FIRST_N_SOLUTIONS,18,12.587127461094212,,
n=40:q=347:t=20:beta=7:seed=0,40,347,20,7,0,9,ok,False,,21329,10664,9.967822928041022,9.968853081164152,0.9989703773024428,-0.0010301531231302619,20582,0.006313,0.011485,True,10000000,False,FIRST_N_SOLUTIONS,18,12.587127461094212,,
n=40:q=347:t=20:beta=7:seed=0,40,347,20,7,0,10,ok,False,,37953,18976,10.54410383108278,10.547251139528388,0.9968576391377324,-0.003147308445608843,39558,0.012478,0.02403,True,10000000,False,FIRST_N_SOLUTIONS,18,12.587127461094212,,
n=40:q=347:t=20:beta=7:seed=0,40,347,20,7,0,11,ok,False,,60861,30430,11.016347854469439,11.01784149580596,0.9985074735905299,-0.0014936413365216339,39568,0.02451,0.048615,True,10000000,False,FIRST_N_SOLUTIONS,18,12.587127461094212,,
n=40:q=347:t=20:beta=7:seed=0,40,347,20,7,0,12,ok,False,,93857,46928,11.449527626340261,11.452788277141224,0.9967446593477789,-0.0032606508009624946,69999,0.04571,0.094388,True,10000000,False,FIRST_N_SOLUTIONS,18,12.587127461094212,,
n=40:q=347:t=20:beta=7:seed=0,40,347,20,7,0,13,ok,False,,139355,69677,11.844779913141885,11.847412653657607,0.9973707221061948,-0.002632740515721821,116928,0.074327,0.168787,True,10000000,False,FIRST_N_SOLUTIONS,18,12.587127461094212,,
n=40:q=347:t=20:beta=7:seed=0,40,347,20,7,0,14,ok,False,,179463,89731,12.097724337529442,12.099626707918041,0.9980994379710435,-0.001902370388599195,186606,0.129407,0.298251,True,10000000,False,FIRST_N_SOLUTIONS,18,12.587127461094212,,
n=40:q=347:t=20:beta=7:seed=0,40,347,20,7,0,15,ok,False,,231397,115698,12.351890129094146,12.349650042020812,1.0022425979428875,0.0022400870733338962,276338,0.159378,0.457718,True,10000000,False,FIRST_N_SOLUTIONS,18,12.587127461094212,,
n=40:q=347:t=20:beta=7:seed=0,40,347,20,7,0,16,ok,False,,268179,134089,12.499409946987841,12.498879004236464,1.0005310837264283,0.0005309427513768838,392037,0.205185,0.662999,True,10000000,False,FIRST_N_SOLUTIONS,18,12.587127461094212,,
n=40:q=347:t=20:beta=7:seed=0,40,347,20,7,0,17,ok,False,,290583,145291,12.579644528751263,12.578422176963464,1.0012230991642337,0.0012223517877991696,526127,0.249802,0.912885,True,10000000,False,FIRST_N_SOLUTIONS,18,12.587127461094212,,
n=40:q=347:t=20:beta=7:seed=0,40,347,20,7,0,18,ok,False,,293201,146600,12.588613659630019,12.587127461094212,1.0014873034761693,0.0014861985358063379,671419,0.247918,1.160869,True,10000000,False,FIRST_N_SOLUTIONS,18,12.587127461094212,,
n=40:q=347:t=20:beta=7:seed=0,40,347,20,7,0,19,ok,False,,286907,143453,12.566913400417018,12.566366777667305,1.0005467721751535,0.000546622749713066,818020,0.257131,1.418092,True,10000000,False,FIRST_N_SOLUTIONS,18,12.587127461094212,,
n=40:q=347:t=20:beta=7:seed=0,40,347,20,7,0,20,ok,False,,259651,129825,12.467093700603389,12.465928173545855,1.0011662065481575,0.0011655270575339216,961474,0.283027,1.701186,True,10000000,False,FIRST_N_SOLUTIONS,18,12.587127461094212,,
n=40:q=347:t=20:beta=7:seed=0,40,347,20,7,0,21,ok,False,,225719,112859,12.327046141805674,12.326601434377224,1.0004448063254578,0.00044470742844993083,1091300,0.220769,1.922021,True,10000000,False,FIRST_N_SOLUTIONS,18,12.587127461094212,,
n=40:q=347:t=20:beta=7:seed=0,40,347,20,7,0,22,ok,False,,189153,94576,12.150311490363631,12.153238434587152,0.9970773351015892,-0.002926944223521133,1204160,0.20036,2.122442,True,10000000,False,FIRST_N_SOLUTIONS,18,12.587127461094212,,
n=40:q=347:t=20:beta=7:seed=0,40,347,20,7,0,23,ok,False,,145291,72645,11.88649390682785,11.88834506305681,0.9981505561039697,-0.0018511562289607042,1298737,0.150358,2.272911,True,10000000,False,FIRST_N_SOLUTIONS,18,12.587127461094212,,
n=40:q=347:t=20:beta=7:seed=0,40,347,20,7,0,24,ok,False,,103879,51939,11.550982039238244,11.550959773585092,1.0000222659010338,2.226565315233131e-05,1371383,0.111921,2.384929,True,10000000,False,FIRST_N_SOLUTIONS,18,12.587127461094212,,
n=40:q=347:t=20:beta=7:seed=0,40,347,20,7,0,25,ok,False,,70809,35404,11.167741390246988,11.16875792441607,0.9989839823267496,-0.001016534169082206,1423323,0.085101,2.470125,True,10000000,False,FIRST_N_SOLUTIONS,18,12.587127461094212,,
n=40:q=347:t=20:beta=7:seed=0,40,347,20,7,0,26,ok,False,,45879,22939,10.733762775016233,10.738479843129596,0.9952940397800032,-0.004717068113363254,1458728,0.061211,2.531431,True,10000000,False,FIRST_N_SOLUTIONS,18,12.587127461094212,,
n=40:q=347:t=20:beta=7:seed=0,40,347,20,7,0,27,ok,False,,27755,13877,10.231171283124262,10.232993807207365,0.9981791357054258,-0.0018225240831029055,1481668,0.043129,2.574658,True,10000000,False,FIRST_N_SOLUTIONS,18,12.587127461094212,,
n=40:q=347:t=20:beta=7:seed=0,40,347,20,7,0,28,ok,False,,16903,8451,9.735246399950178,9.736824744856165,0.9984229000252712,-0.0015783449059867394,1495546,0.033397,2.60814,True,10000000,False,FIRST_N_SOLUTIONS,18,12.587127461094212,,
n=40:q=347:t=20:beta=7:seed=0,40,347,20,7,0,29,ok,False,,9695,4847,9.179365567676752,9.184649099169206,0.9947304018102467,-0.0052835314924539745,1503998,0.027174,2.635408,True,10000000,False,FIRST_N_SOLUTIONS,18,12.587127461094212,,
n=40:q=347:t=20:beta=7:seed=0,40,347,20,7,0,30,ok,False,,5475,2737,8.607947554684701,8.625736179330573,0.9823686589371237,-0.017788624645872275,1508846,0.024032,2.659517,True,10000000,False,FIRST_N_SOLUTIONS,18,12.587127461094212,,
n=40:q=347:t=20:beta=7:seed=0,40,347,20,7,0,31,ok,False,,2779,1389,7.929846429742503,7.965674644216023,0.9648060189580149,-0.03582821447351936,1511584,0.022586,2.682181,True,10000000,False,FIRST_N_SOLUTIONS,18,12.587127461094212,,
n=40:q=347:t=20:beta=7:seed=0,40,347,20,7,0,32,ok,False,,1415,707,7.254884810077338,7.259603260842312,0.995292663636048,-0.004718450764973348,1512974,0.02214,2.7044,True,10000000,False,FIRST_N_SOLUTIONS,18,12.587127461094212,,
n=40:q=347:t=20:beta=7:seed=0,40,347,20,7,0,33,ok,False,,671,335,6.508769136971682,6.54499278557158,0.9644245771553069,-0.036223648599897906,1513682,0.021585,2.726064,True,10000000,False,FIRST_N_SOLUTIONS,18,12.587127461094212,,
n=40:q=347:t=20:beta=7:seed=0,40,347,20,7,0,34,ok,False,,273,136,5.60947179518496,5.692117618121415,0.9206771722187573,-0.08264582293645528,1514018,0.021433,2.747561,True,10000000,False,FIRST_N_SOLUTIONS,18,12.587127461094212,,
n=40:q=347:t=20:beta=7:seed=0,40,347,20,7,0,35,ok,False,,93,46,4.532599493153256,4.81414950382711,0.7546131760181652,-0.281550010673854,1514155,0.021334,2.768958,True,10000000,False,FIRST_N_SOLUTIONS,18,12.587127461094212,,
n=40:q=347:t=20:beta=7:seed=0,40,347,20,7,0,36,ok,False,,41,20,3.713572066704308,3.942738939109219,0.7951958261929156,-0.22916687240491118,1514202,0.020885,2.789902,True,10000000,False,FIRST_N_SOLUTIONS,18,12.587127461094212,,
n=40:q=347:t=20:beta=7:seed=0,40,347,20,7,0,37,ok,False,,27,13,3.295836866004329,3.0506531000906563,1.2778561180267363,0.24518376591367286,1514223,0.020796,2.810742,True,10000000,False,FIRST_N_SOLUTIONS,18,12.587127461094212,,
n=40:q=347:t=20:beta=7:seed=0,40,347,20,7,0,38,ok,False,,9,4,2.1972245773362196,2.0517872809817135,1.1565452127075047,0.14543729635450608,1514237,0.020763,2.831536,True,10000000,False,FIRST_N_SOLUTIONS,18,12.587127461094212,,
n=40:q=347:t=20:beta=7:seed=0,40,347,20,7,0,39,ok,False,,3,1,1.0986122886681098,1.0598117115150387,1.0395631503343428,0.03880057715307106,1514242,0.020892,2.852459,True,10000000,False,FIRST_N_SOLUTIONS,18,12.587127461094212,,
n=40:q=347:t=20:beta=7:seed=0,40,347,20,7,0,40,ok,True,rank_complete,1,0,0.0,0.0,1.0,0.0,1514244,0.020787,2.873291,True,10000000,False,FIRST_N_SOLUTIONS,18,12.587127461094212,,
n=40:q=347:t=20:beta=7:seed=1,40,347,20,7,1,1,ok,False,,5,2,1.6094379124341003,1.74640524180972,0.8719987144092005,-0.13696732937561973,2,2.5e-05,3.9e-05,True,10000000,False,FIRST_N_SOLUTIONS,18,12.68751991970315,,
n=40:q=347:t=20:beta=7:seed=1,40,347,20,7,1,2,ok,False,,23,11,3.1354942159291497,3.2562635188677698,0.8862383886033158,-0.1207693029386201,14,1.1e-05,8.9e-05,True,10000000,False,FIRST_N_SOLUTIONS,18,12.68751991970315,,
n=40:q=347:t=20:beta=7:seed=1,40,347,20,7,1,3,ok,False,,93,46,4.532599493153256,4.5889705802806855,0.9451883235835782,-0.05637108712742922,60,2.1e-05,0.000137,True,10000000,False,FIRST_N_SOLUTIONS,18,12.68751991970315,,
n=40:q=347:t=20:beta=7:seed=1,40,347,20,7,1,4,ok,False,,311,155,5.739792912179234,5.763115946179859,0.9769468457471351,-0.023323034000624965,215,0.000149,0.00031,True,10000000,False,FIRST_N_SOLUTIONS,18,12.68751991970315,,
n=40:q=347:t=20:beta=7:seed=1,40,347,20,7,1,5,ok,False,,899,449,6.80128303447162,6.787103539508724,1.0142805008410658,0.014179494962895944,664,0.003339,0.003676,True,10000000,False,FIRST_N_SOLUTIONS,18,12.68751991970315,,
n=40:q=347:t=20:beta=7:seed=1,40,347,20,7,1,6,ok,False,,2309,1154,7.744569809354496,7.732266270129747,1.0123795391329244,0.012303539224748583,1818,0.000702,0.004459,True,10000000,False,FIRST_N_SOLUTIONS,18,12.68751991970315,,
n=40:q=347:t=20:beta=7:seed=1,40,347,20,7,1,7,ok,False,,5197,2598,8.555836815008442,8.540511792969983,1.0154430523569857,0.015325022038458869,4416,0.00166,0.00617,True,10000000,False,FIRST_N_SOLUTIONS,18,12.68751991970315,,
n=40:q=347:t=20:beta=7:seed=1,40,347,20,7,1,8,ok,False,,10641,5320,9.272469743441732,9.26609887355928,1.006391207039504,0.006370869882452723,9736,0.003816,0.013381,True,10000000,False,FIRST_N_SOLUTIONS,18,12.68751991970315,,
n=40:q=347:t=20:beta=7:seed=1,40,347,20,7,1,9,ok,False,,20689,10344,9.937357437043744,9.932910640775198,1.0044566979385356,0.004446796268545938,20080,0.012886,0.029447,True,10000000,False,FIRST_N_SOLUTIONS,18,12.68751991970315,,
n=40:q=347:t=20:beta=7:seed=1,40,347,20,7,1,10,ok,False,,38611,19305,10.561292488948782,10.564588863530666,0.9967090524959428,-0.003296374581884365,39385,0.018289,0.047832,True,10000000,False,FIRST_N_SOLUTIONS,18,12.68751991970315,,
n=40:q=347:t=20:beta=7:seed=1,40,347,20,7,1,11,ok,False,,63197,31598,11.05401211065386,11.05938888463298,0.9946376549980578,-0.005376773979120841,39395,0.033639,0.081565,True,10000000,False,FIRST_N_SOLUTIONS,18,12.68751991970315,,
n=40:q=347:t=20:beta=7:seed=1,40,347,20,7,1,12,ok,False,,94025,47012,11.451315983338537,11.453866087290187,0.9974531448012925,-0.002550103951650229,70994,0.074718,0.156414,True,10000000,False,FIRST_N_SOLUTIONS,18,12.68751991970315,,
n=40:q=347:t=20:beta=7:seed=1,40,347,20,7,1,13,ok,False,,137765,68882,11.833304614008718,11.831743382264001,1.0015624511014805,0.0015612317447164514,118007,0.087311,0.243849,True,10000000,False,FIRST_N_SOLUTIONS,18,12.68751991970315,,
n=40:q=347:t=20:beta=7:seed=1,40,347,20,7,1,14,ok,False,,194213,97106,12.176710773896524,12.173983007924782,1.002731489710399,0.0027277659717412917,186890,0.135777,0.379705,True,10000000,False,FIRST_N_SOLUTIONS,18,12.68751991970315,,
n=40:q=347:t=20:beta=7:seed=1,40,347,20,7,1,15,ok,False,,244209,122104,12.405779695016466,12.402216230113382,1.0035698215925128,0.0035634649030846788,283997,0.171407,0.551181,True,10000000,False,FIRST_N_SOLUTIONS,18,12.68751991970315,,
n=40:q=347:t=20:beta=7:seed=1,40,347,20,7,1,16,ok,False,,295297,147648,12.595736908520234,12.593445511683754,1.0022940240925229,0.00229139683647972,406102,0.241291,0.792556,True,10000000,False,FIRST_N_SOLUTIONS,18,12.68751991970315,,
n=40:q=347:t=20:beta=7:seed=1,40,347,20,7,1,17,ok,False,,320117,160058,12.676441832951378,12.675657313087171,1.0007848276804057,0.0007845198642062456,553751,0.336563,1.129197,True,10000000,False,FIRST_N_SOLUTIONS,18,12.68751991970315,,
n=40:q=347:t=20:beta=7:seed=1,40,347,20,7,1,18,ok,False,,323947,161973,12.688335201146845,12.68751991970315,1.000815613875948,0.0008152814436961364,713810,0.28852,1.417811,True,10000000,False,FIRST_N_SOLUTIONS,18,12.68751991970315,,
n=40:q=347:t=20:beta=7:seed=1,40,347,20,7,1,19,ok,False,,301017,150508,12.614922020541483,12.615594652030133,0.9993275946771986,-0.0006726314886495999,875784,0.271149,1.689105,True,10000000,False,FIRST_N_SOLUTIONS,18,12.68751991970315,,
n=40:q=347:t=20:beta=7:seed=1,40,347,20,7,1,20,ok,False,,262853,131426,12.479350219536085,12.480708636090114,0.9986425056761006,-0.0013584165540283522,1026293,0.232408,1.921615,True,10000000,False,FIRST_N_SOLUTIONS,18,12.68751991970315,,
n=40:q=347:t=20:beta=7:seed=1,40,347,20,7,1,21,ok,False,,235129,117564,12.367889578686164,12.368346319363603,0.9995433636127056,-0.00045674067743917135,1157720,0.240853,2.162539,True,10000000,False,FIRST_N_SOLUTIONS,18,12.68751991970315,,
n=40:q=347:t=20:beta=7:seed=1,40,347,20,7,1,22,ok,False,,191059,95529,12.160337559852383,12.161640407410829,0.9986980007789766,-0.0013028475584455634,1275285,0.186688,2.349292,True,10000000,False,FIRST_N_SOLUTIONS,18,12.68751991970315,,
n=40:q=347:t=20:beta=7:seed=1,40,347,20,7,1,23,ok,False,,143253,71626,11.872367576766074,11.871502565050747,1.0008653859458572,0.0008650117153266024,1370815,0.176361,2.525733,True,10000000,False,FIRST_N_SOLUTIONS,18,12.68751991970315,,
n=40:q=347:t=20:beta=7:seed=1,40,347,20,7,1,24,ok,False,,101727,50863,11.53004803352695,11.52595205412139,1.004104379394017,0.0040959794055606125,1442442,0.113738,2.639567,True,10000000,False,FIRST_N_SOLUTIONS,18,12.68751991970315,,
n=40:q=347:t=20:beta=7:seed=1,40,347,20,7,1,25,ok,False,,67441,33720,11.119008420561059,11.11576780948566,1.0032458675319793,0.003240611075398192,1493306,0.072636,2.712287,True,10000000,False,FIRST_N_SOLUTIONS,18,12.68751991970315,,
n=40:q=347:t=20:beta=7:seed=1,40,347,20,7,1,26,ok,False,,42955,21477,10.667908335072157,10.669756919195422,0.9981531234560027,-0.0018485841232642741,1527027,0.05572,2.768088,True,10000000,False,FIRST_N_SOLUTIONS,18,12.68751991970315,,
n=40:q=347:t=20:beta=7:seed=1,40,347,20,7,1,27,ok,False,,27971,13985,10.23892353814896,10.243227426189307,0.9957053604129249,-0.0043038880403472035,1548505,0.04389,2.812062,True,10000000,False,FIRST_N_SOLUTIONS,18,12.68751991970315,,
n=40:q=347:t=20:beta=7:seed=1,40,347,20,7,1,28,ok,False,,16511,8255,9.711782104431833,9.723937921502781,0.9879177664157998,-0.012155817070947705,1562491,0.03355,2.845704,True,10000000,False,FIRST_N_SOLUTIONS,18,12.68751991970315,,
n=40:q=347:t=20:beta=7:seed=1,40,347,20,7,1,29,ok,False,,9171,4585,9.123801610558944,9.142875344828724,0.9811070183661523,-0.019073734269779763,1570747,0.027725,2.873509,True,10000000,False,FIRST_N_SOLUTIONS,18,12.68751991970315,,
n=40:q=347:t=20:beta=7:seed=1,40,347,20,7,1,30,ok,False,,4641,2320,8.442685139241176,8.491291764735749,0.9525557671610592,-0.04860662549457295,1575333,0.024215,2.897813,True,10000000,False,FIRST_N_SOLUTIONS,18,12.68751991970315,,
n=40:q=347:t=20:beta=7:seed=1,40,347,20,7,1,31,ok,False,,2457,1228,7.806696372521179,7.820084342028025,0.9867012507537207,-0.013387969506846176,1577654,0.022687,2.920564,True,10000000,False,FIRST_N_SOLUTIONS,18,12.68751991970315,,
n=40:q=347:t=20:beta=7:seed=1,40,347,20,7,1,32,ok,False,,1129,564,7.029087564149662,7.0733006784806065,0.9567500386004437,-0.04421311433094477,1578883,0.022569,2.943202,True,10000000,False,FIRST_N_SOLUTIONS,18,12.68751991970315,,
n=40:q=347:t=20:beta=7:seed=1,40,347,20,7,1,33,ok,False,,529,264,6.270988431858299,6.312081225287088,0.9597400682440145,-0.041092793428788355,1579448,0.022262,2.965537,True,10000000,False,FIRST_N_SOLUTIONS,18,12.68751991970315,,
n=40:q=347:t=20:beta=7:seed=1,40,347,20,7,1,34,ok,False,,225,112,5.41610040220442,5.47691508168549,0.9409976097836973,-0.06081467948107022,1579713,0.022072,2.987679,True,10000000,False,FIRST_N_SOLUTIONS,18,12.68751991970315,,
n=40:q=347:t=20:beta=7:seed=1,40,347,20,7,1,35,ok,False,,125,62,4.8283137373023015,4.681515659333982,1.158120089457143,0.14679807796831934,1579826,0.021875,3.009676,True,10000000,False,FIRST_N_SOLUTIONS,18,12.68751991970315,,
n=40:q=347:t=20:beta=7:seed=1,40,347,20,7,1,36,ok,False,,65,32,4.174387269895637,3.835184038969814,1.4038286176133112,0.33920323092582283,1579889,0.022124,3.031851,True,10000000,False,FIRST_N_SOLUTIONS,18,12.68751991970315,,
n=40:q=347:t=20:beta=7:seed=1,40,347,20,7,1,37,ok,False,,27,13,3.295836866004329,2.983739733448047,1.3662873975719518,0.312097132556282,1579922,0.021766,3.053665,True,10000000,False,FIRST_N_SOLUTIONS,18,12.68751991970315,,
n=40:q=347:t=20:beta=7:seed=1,40,347,20,7,1,38,ok,False,,7,3,1.9459101490553132,2.0208395255193636,0.9278090091677117,-0.0749293764640504,1579936,0.021454,3.075175,True,10000000,False,FIRST_N_SOLUTIONS,18,12.68751991970315,,
n=40:q=347:t=20:beta=7:seed=1,40,347,20,7,1,39,ok,False,,7,3,1.9459101490553132,1.0482875137968932,2.4537626826074344,0.89762263525842,1579940,0.021438,3.096652,True,10000000,False,FIRST_N_SOLUTIONS,18,12.68751991970315,,
n=40:q=347:t=20:beta=7:seed=1,40,347,20,7,1,40,ok,True,rank_complete,3,1,1.0986122886681098,0.0,3.0000000000000004,1.0986122886681098,1579944,0.021575,3.118267,True,10000000,False,FIRST_N_SOLUTIONS,18,12.68751991970315,,
n=40:q=347:t=20:beta=7:seed=2,40,347,20,7,2,1,ok,False,,5,2,1.6094379124341003,1.729917643401945,0.8864950555600652,-0.1204797309678447,2,2e-05,4.3e-05,True,10000000,False,FIRST_N_SOLUTIONS,19,12.194809605896197,,
n=40:q=347:t=20:beta=7:seed=2,40,347,20,7,2,2,ok,False,,23,11,3.1354942159291497,3.2169271859144954,0.9217944956816654,-0.08143296998534577,14,1e-05,0.000109,True,10000000,False,FIRST_N_SOLUTIONS,19,12.194809605896197,,
n=40:q=347:t=20:beta=7:seed=2,40,347,20,7,2,3,ok,False,,87,43,4.465908118654584,4.473901668491781,0.9920383136250537,-0.007993549837197023,57,2.1e-05,0.000168,True,10000000,False,FIRST_N_SOLUTIONS,19,12.194809605896197,,
n=40:q=347:t=20:beta=7:seed=2,40,347,20,7,2,4,ok,False,,283,141,5.645446897643238,5.636635858165333,1.0088499709444698,0.00881103947790507,198,0.000162,0.000368,True,10000000,False,FIRST_N_SOLUTIONS,19,12.194809605896197,,
n=40:q=347:t=20:beta=7:seed=2,40,347,20,7,2,5,ok,False,,749,374,6.618738983517219,6.633310438314101,0.985534195070629,-0.014571454796882044,572,0.000214,0.000619,True,10000000,False,FIRST_N_SOLUTIONS,19,12.194809605896197,,
n=40:q=347:t=20:beta=7:seed=2,40,347,20,7,2,6,ok,False,,1865,932,7.5310163320779155,7.530233078871932,1.0007835600288773,0.0007832532059834918,1504,0.000545,0.001203,True,10000000,False,FIRST_N_SOLUTIONS,19,12.194809605896197,,
n=40:q=347:t=20:beta=7:seed=2,40,347,20,7,2,7,ok,False,,4039,2019,8.303752415563412,8.311582754425505,0.9922002383791506,-0.00783033886209239,3523,0.001258,0.002504,True,10000000,False,FIRST_N_SOLUTIONS,19,12.194809605896197,,
n=40:q=347:t=20:beta=7:seed=2,40,347,20,7,2,8,ok,False,,8123,4061,9.002454823050954,8.99703865441382,1.0054308625948258,0.005416168637133012,7584,0.002745,0.005312,True,10000000,False,FIRST_N_SOLUTIONS,19,12.194809605896197,,
n=40:q=347:t=20:beta=7:seed=2,40,347,20,7,2,9,ok,False,,15343,7671,9.638414622945206,9.637552576073173,1.000862418541229,0.0008620468720330621,15255,0.011737,0.017122,True,10000000,False,FIRST_N_SOLUTIONS,19,12.194809605896197,,
n=40:q=347:t=20:beta=7:seed=2,40,347,20,7,2,10,ok,False,,26815,13407,10.196716711417025,10.195490630194506,1.0012268331673853,0.0012260812225193263,28662,0.022506,0.039688,True,10000000,False,FIRST_N_SOLUTIONS,19,12.194809605896197,,
n=40:q=347:t=20:beta=7:seed=2,40,347,20,7,2,11,ok,False,,42185,21092,10.649819986599727,10.648746039655087,1.001074523832157,0.0010739469446399141,28672,0.038483,0.081516,True,10000000,False,FIRST_N_SOLUTIONS,19,12.194809605896197,,
n=40:q=347:t=20:beta=7:seed=2,40,347,20,7,2,12,ok,False,,63475,31737,11.058401406572878,11.059458322660547,0.9989436422514169,-0.0010569160876681138,49765,0.032933,0.11456,True,10000000,False,FIRST_N_SOLUTIONS,19,12.194809605896197,,
n=40:q=347:t=20:beta=7:seed=2,40,347,20,7,2,13,ok,False,,86661,43330,11.369759234576504,11.370672684258189,0.9990869673864761,-0.0009134496816844972,81503,0.046506,0.161149,True,10000000,False,FIRST_N_SOLUTIONS,19,12.194809605896197,,
n=40:q=347:t=20:beta=7:seed=2,40,347,20,7,2,14,ok,False,,109587,54793,11.604474033322271,11.60479818374533,0.9996759021080125,-0.0003241504230597769,124834,0.072878,0.23414,True,10000000,False,FIRST_N_SOLUTIONS,19,12.194809605896197,,
n=40:q=347:t=20:beta=7:seed=2,40,347,20,7,2,15,ok,False,,137587,68793,11.832011723273986,11.831889955782422,1.0001217749055256,0.0001217674915636735,179628,0.084769,0.318989,True,10000000,False,FIRST_N_SOLUTIONS,19,12.194809605896197,,
n=40:q=347:t=20:beta=7:seed=2,40,347,20,7,2,16,ok,False,,160505,80252,11.986080373714948,11.985751385920508,1.0003290419168591,0.0003289877944396835,248422,0.10634,0.425413,True,10000000,False,FIRST_N_SOLUTIONS,19,12.194809605896197,,
n=40:q=347:t=20:beta=7:seed=2,40,347,20,7,2,17,ok,False,,186905,93452,12.138355745359762,12.139408118571936,0.9989481803383176,-0.0010523732121736629,328675,0.133563,0.559055,True,10000000,False,FIRST_N_SOLUTIONS,19,12.194809605896197,,
n=40:q=347:t=20:beta=7:seed=2,40,347,20,7,2,18,ok,False,,196755,98377,12.189714578917355,12.191687072485394,0.9980294505189565,-0.0019724935680383027,422128,0.166679,0.725799,True,10000000,False,FIRST_N_SOLUTIONS,19,12.194809605896197,,
n=40:q=347:t=20:beta=7:seed=2,40,347,20,7,2,19,ok,False,,197487,98743,12.193428038372089,12.194809605896197,0.9986193864009493,-0.0013815675241080072,520506,0.227114,0.952993,True,10000000,False,FIRST_N_SOLUTIONS,19,12.194809605896197,,
n=40:q=347:t=20:beta=7:seed=2,40,347,20,7,2,20,ok,False,,180609,90304,12.104089752610399,12.101978371810794,1.0021136113336042,0.0021113807996044898,619250,0.175949,1.129052,True,10000000,False,FIRST_N_SOLUTIONS,19,12.194809605896197,,
n=40:q=347:t=20:beta=7:seed=2,40,347,20,7,2,21,ok,False,,154787,77393,11.949805257283137,11.948078159108505,1.0017285904676727,0.0017270981746317915,709555,0.141613,1.270762,True,10000000,False,FIRST_N_SOLUTIONS,19,12.194809605896197,,
n=40:q=347:t=20:beta=7:seed=2,40,347,20,7,2,22,ok,False,,121227,60613,11.70542010008452,11.703204638607602,1.0022179174250476,0.0022154614769185343,786949,0.115877,1.386741,True,10000000,False,FIRST_N_SOLUTIONS,19,12.194809605896197,,
n=40:q=347:t=20:beta=7:seed=2,40,347,20,7,2,23,ok,False,,92425,46212,11.434152783804832,11.432396979542297,1.0017573465893816,0.0017558042625349657,847563,0.086339,1.473166,True,10000000,False,FIRST_N_SOLUTIONS,19,12.194809605896197,,
n=40:q=347:t=20:beta=7:seed=2,40,347,20,7,2,24,ok,False,,68061,34030,11.12815964086497,11.12939195065782,0.9987684491890647,-0.0012323097928490512,893776,0.070336,1.543587,True,10000000,False,FIRST_N_SOLUTIONS,19,12.194809605896197,,
n=40:q=347:t=20:beta=7:seed=2,40,347,20,7,2,25,ok,False,,48977,24488,10.799106079140744,10.805589696862313,0.9935373555757165,-0.006483617721569246,927807,0.054096,1.597755,True,10000000,False,FIRST_N_SOLUTIONS,19,12.194809605896197,,
n=40:q=347:t=20:beta=7:seed=2,40,347,20,7,2,26,ok,False,,31931,15965,10.371332603727652,10.381614864102403,0.9897704213474513,-0.010282260374751218,952296,0.038377,1.636222,True,10000000,False,FIRST_N_SOLUTIONS,19,12.194809605896197,,
n=40:q=347:t=20:beta=7:seed=2,40,347,20,7,2,27,ok,False,,20765,10382,9.941024156064854,9.949380987987197,0.9916779893315779,-0.008356831922343488,968262,0.02699,1.663287,True,10000000,False,FIRST_N_SOLUTIONS,19,12.194809605896197,,
n=40:q=347:t=20:beta=7:seed=2,40,347,20,7,2,28,ok,False,,12527,6263,9.435641593844192,9.43769611433153,0.9979475885952468,-0.0020545204873378964,978645,0.021297,1.684662,True,10000000,False,FIRST_N_SOLUTIONS,19,12.194809605896197,,
n=40:q=347:t=20:beta=7:seed=2,40,347,20,7,2,29,ok,False,,7227,3613,8.885579291282982,8.871980408247026,1.0136917684140878,0.013598883035955467,984909,0.017703,1.702426,True,10000000,False,FIRST_N_SOLUTIONS,19,12.194809605896197,,
n=40:q=347:t=20:beta=7:seed=2,40,347,20,7,2,30,ok,False,,4015,2007,8.297792626380861,8.24500176761191,1.0542091434641185,0.052790858768950955,988523,0.015906,1.718389,True,10000000,False,FIRST_N_SOLUTIONS,19,12.194809605896197,,
n=40:q=347:t=20:beta=7:seed=2,40,347,20,7,2,31,ok,False,,2137,1068,7.667158255319148,7.608839423914333,1.0600529199986486,0.058318831404815086,990531,0.015496,1.733961,True,10000000,False,FIRST_N_SOLUTIONS,19,12.194809605896197,,
n=40:q=347:t=20:beta=7:seed=2,40,347,20,7,2,32,ok,False,,1087,543,6.99117688712121,6.916822772517122,1.0771881860340506,0.07435411460408758,991600,0.014618,1.748667,True,10000000,False,FIRST_N_SOLUTIONS,19,12.194809605896197,,
n=40:q=347:t=20:beta=7:seed=2,40,347,20,7,2,33,ok,False,,513,256,6.240275845170769,6.204391634916362,1.0365358193232828,0.03588421025440702,992144,0.014291,1.76301,True,10000000,False,FIRST_N_SOLUTIONS,19,12.194809605896197,,
n=40:q=347:t=20:beta=7:seed=2,40,347,20,7,2,34,ok,False,,191,95,5.25227342804663,5.372183621397667,0.8870000916461932,-0.11991019335103736,992401,0.014219,1.777285,True,10000000,False,FIRST_N_SOLUTIONS,19,12.194809605896197,,
n=40:q=347:t=20:beta=7:seed=2,40,347,20,7,2,35,ok,False,,85,42,4.442651256490317,4.548325776739489,0.8997174402326424,-0.10567452024917223,992497,0.014112,1.791454,True,10000000,False,FIRST_N_SOLUTIONS,19,12.194809605896197,,
n=40:q=347:t=20:beta=7:seed=2,40,347,20,7,2,36,ok,False,,39,19,3.6635616461296463,3.7129724505474684,0.9517900498180291,-0.049410804417822085,992540,0.014298,1.805799,True,10000000,False,FIRST_N_SOLUTIONS,19,12.194809605896197,,
n=40:q=347:t=20:beta=7:seed=2,40,347,20,7,2,37,ok,False,,19,9,2.9444389791664403,2.77572714840899,1.1837789610812892,0.16871183075745044,992560,0.01449,1.820332,True,10000000,False,FIRST_N_SOLUTIONS,19,12.194809605896197,,
n=40:q=347:t=20:beta=7:seed=2,40,347,20,7,2,38,ok,False,,9,4,2.1972245773362196,1.9006781485088453,1.3452050148388048,0.29654642882737425,992570,0.015386,1.835751,True,10000000,False,FIRST_N_SOLUTIONS,19,12.194809605896197,,
n=40:q=347:t=20:beta=7:seed=2,40,347,20,7,2,39,ok,False,,5,2,1.6094379124341003,1.0175702461968967,1.8073608119288787,0.5918676662372035,992575,0.017435,1.85324,True,10000000,False,FIRST_N_SOLUTIONS,19,12.194809605896197,,
n=40:q=347:t=20:beta=7:seed=2,40,347,20,7,2,40,ok,True,rank_complete,1,0,0.0,0.0,1.0,0.0,992578,0.017024,1.870337,True,10000000,False,FIRST_N_SOLUTIONS,19,12.194809605896197,,
n=40:q=347:t=30:beta=14:seed=0,40,347,30,14,0,1,ok,False,,5,2,1.6094379124341003,1.6827542705295313,0.9293067897911513,-0.07331635809543102,2,1.3e-05,2.2e-05,True,10000000,False,FIRST_N_SOLUTIONS,18,11.803391551428433,,
n=40:q=347:t=30:beta=14:seed=0,40,347,30,14,0,2,ok,False,,23,11,3.1354942159291497,3.1403947838857666,0.9951114202355535,-0.004900567956616975,14,7e-06,5.8e-05,True,10000000,False,FIRST_N_SOLUTIONS,18,11.803391551428433,,
n=40:q=347:t=30:beta=14:seed=0,40,347,30,14,0,3,ok,False,,79,39,4.3694478524670215,4.3987279232960095,0.9711444371473457,-0.02928007082898798,53,1.4e-05,9.3e-05,True,10000000,False,FIRST_N_SOLUTIONS,18,11.803391551428433,,
n=40:q=347:t=30:beta=14:seed=0,40,347,30,14,0,4,ok,False,,247,123,5.5093883366279774,5.519348617764175,0.9900891581846283,-0.009960281136197402,176,9.8e-05,0.000207,True,10000000,False,FIRST_N_SOLUTIONS,18,11.803391551428433,,
n=40:q=347:t=30:beta=14:seed=0,40,347,30,14,0,5,ok,False,,671,335,6.508769136971682,6.513967552262432,0.9948150730871657,-0.005198415290750269,511,0.000117,0.000344,True,10000000,False,FIRST_N_SOLUTIONS,18,11.803391551428433,,
n=40:q=347:t=30:beta=14:seed=0,40,347,30,14,0,6,ok,False,,1589,794,7.370860166536716,7.38892738989183,0.9820950104175771,-0.01806722335511335,1305,0.000337,0.000701,True,10000000,False,FIRST_N_SOLUTIONS,18,11.803391551428433,,
n=40:q=347:t=30:beta=14:seed=0,40,347,30,14,0,7,ok,False,,3535,1767,8.170468578330674,8.176840758818312,0.9936480787996596,-0.006372180487637991,3072,0.000749,0.001471,True,10000000,False,FIRST_N_SOLUTIONS,18,11.803391551428433,,
n=40:q=347:t=30:beta=14:seed=0,40,347,30,14,0,8,ok,False,,7117,3558,8.87024156729927,8.873390859313083,0.9968556618045766,-0.0031492920138127545,6630,0.001662,0.003159,True,10000000,False,FIRST_N_SOLUTIONS,18,11.803391551428433,,
n=40:q=347:t=30:beta=14:seed=0,40,347,30,14,0,9,ok,False,,12769,6384,9.454775637424682,9.458526607508794,0.9962560560165301,-0.003750970084112737,13014,0.003376,0.006564,True,10000000,False,FIRST_N_SOLUTIONS,18,11.803391551428433,,
n=40:q=347:t=30:beta=14:seed=0,40,347,30,14,0,10,ok,False,,21469,10734,9.974365313169566,9.975192172235808,0.999173482687515,-0.000826859066242136,23748,0.006192,0.012798,True,10000000,False,FIRST_N_SOLUTIONS,18,11.803391551428433,,
n=40:q=347:t=30:beta=14:seed=0,40,347,30,14,0,11,ok,False,,32671,16335,10.394243113248184,10.388079895821228,1.0061822491302337,0.00616321742695547,23758,0.011298,0.024157,True,10000000,False,FIRST_N_SOLUTIONS,18,11.803391551428433,,
n=40:q=347:t=30:beta=14:seed=0,40,347,30,14,0,12,ok,False,,49537,24768,10.810475144084139,10.803218458824745,1.0072830788044613,0.007256685259394047,40094,0.021947,0.04616,True,10000000,False,FIRST_N_SOLUTIONS,18,11.803391551428433,,
n=40:q=347:t=30:beta=14:seed=0,40,347,30,14,0,13,ok,False,,64637,32318,11.07654228122687,11.069857897096014,1.0067067744872384,0.006684384130855037,64863,0.030739,0.076963,True,10000000,False,FIRST_N_SOLUTIONS,18,11.803391551428433,,
n=40:q=347:t=30:beta=14:seed=0,40,347,30,14,0,14,ok,False,,86845,43422,11.371880199488112,11.37020286083198,1.0016787461754675,0.0016773386561315107,97182,0.046981,0.124026,True,10000000,False,FIRST_N_SOLUTIONS,18,11.803391551428433,,
n=40:q=347:t=30:beta=14:seed=0,40,347,30,14,0,15,ok,False,,104921,52460,11.560962965006683,11.56033909041151,1.0006240692454045,0.0006238745951723246,140605,0.069497,0.193597,True,10000000,False,FIRST_N_SOLUTIONS,18,11.803391551428433,,
n=40:q=347:t=30:beta=14:seed=0,40,347,30,14,0,16,ok,False,,118045,59022,11.678821186682313,11.678724176715306,1.000097014672626,9.700996700701126e-05,193066,0.081152,0.274819,True,10000000,False,FIRST_N_SOLUTIONS,18,11.803391551428433,,
n=40:q=347:t=30:beta=14:seed=0,40,347,30,14,0,17,ok,False,,133305,66652,11.800395014840685,11.801185773244114,0.9992095541636032,-0.000790758403429237,252089,0.098225,0.373149,True,10000000,False,FIRST_N_SOLUTIONS,18,11.803391551428433,,
n=40:q=347:t=30:beta=14:seed=0,40,347,30,14,0,18,ok,False,,133555,66777,11.802268656998642,11.803391551428433,0.9988777357802505,-0.001122894429791188,318742,0.098798,0.472016,True,10000000,False,FIRST_N_SOLUTIONS,18,11.803391551428433,,
n=40:q=347:t=30:beta=14:seed=0,40,347,30,14,0,19,ok,False,,125473,62736,11.739845874965935,11.74176524654166,0.9980824692399723,-0.001919371575725748,385520,0.095135,0.567206,True,10000000,False,FIRST_N_SOLUTIONS,18,11.803391551428433,,
n=40:q=347:t=30:beta=14:seed=0,40,347,30,14,0,20,ok,False,,115121,57560,11.65373902811143,11.655217765828553,0.9985223550767763,-0.0014787377171234795,448257,0.101389,0.668666,True,10000000,False,FIRST_N_SOLUTIONS,18,11.803391551428433,,
n=40:q=347:t=30:beta=14:seed=0,40,347,30,14,0,21,ok,False,,100171,50085,11.514634004584831,11.51024832924712,1.0043953064863458,0.004385675337712058,505818,0.085995,0.754759,True,10000000,False,FIRST_N_SOLUTIONS,18,11.803391551428433,,
n=40:q=347:t=30:beta=14:seed=0,40,347,30,14,0,22,ok,False,,80719,40359,11.298729266447284,11.291061541227506,1.0076971975051043,0.0076677252197772106,555904,0.0771,0.831929,True,10000000,False,FIRST_N_SOLUTIONS,18,11.803391551428433,,
n=40:q=347:t=30:beta=14:seed=0,40,347,30,14,0,23,ok,False,,64623,32311,11.07632566355621,11.068735569042019,1.0076189722970228,0.007590094514190682,596264,0.055379,0.887369,True,10000000,False,FIRST_N_SOLUTIONS,18,11.803391551428433,,
n=40:q=347:t=30:beta=14:seed=0,40,347,30,14,0,24,ok,False,,48043,24021,10.77985172220416,10.771400321536348,1.0084872145759018,0.008451400667812692,628576,0.05021,0.937663,True,10000000,False,FIRST_N_SOLUTIONS,18,11.803391551428433,,
n=40:q=347:t=30:beta=14:seed=0,40,347,30,14,0,25,ok,False,,34287,17143,10.442521552565708,10.441111541421208,1.0014110056775936,0.001410011144500345,652598,0.033759,0.971491,True,10000000,False,FIRST_N_SOLUTIONS,18,11.803391551428433,,
n=40:q=347:t=30:beta=14:seed=0,40,347,30,14,0,26,ok,False,,24539,12269,10.108018967638357,10.0993257997862,1.0087310631663222,0.008693167852156236,669742,0.024899,0.996452,True,10000000,False,FIRST_N_SOLUTIONS,18,11.803391551428433,,
n=40:q=347:t=30:beta=14:seed=0,40,347,30,14,0,27,ok,False,,16311,8155,9.69959500581403,9.69470030062682,1.004906703825256,0.0048947051872101355,682012,0.020945,1.017458,True,10000000,False,FIRST_N_SOLUTIONS,18,11.803391551428433,,
n=40:q=347:t=30:beta=14:seed=0,40,347,30,14,0,28,ok,False,,9835,4917,9.19370273082316,9.19130244216828,1.0024031716539097,0.0024002886548810665,690168,0.016461,1.033979,True,10000000,False,FIRST_N_SOLUTIONS,18,11.803391551428433,,
n=40:q=347:t=30:beta=14:seed=0,40,347,30,14,0,29,ok,False,,5729,2864,8.653296274408579,8.64710419719971,1.006211287749531,0.006192077208869051,695086,0.012698,1.046745,True,10000000,False,FIRST_N_SOLUTIONS,18,11.803391551428433,,
n=40:q=347:t=30:beta=14:seed=0,40,347,30,14,0,30,ok,False,,3303,1651,8.10258642539079,8.093969792381372,1.008653863047324,0.008616633009417285,697951,0.011318,1.058114,True,10000000,False,FIRST_N_SOLUTIONS,18,11.803391551428433,,
n=40:q=347:t=30:beta=14:seed=0,40,347,30,14,0,31,ok,False,,1763,881,7.47477218239787,7.448310179939824,1.0268152300656244,0.026462002458045752,699603,0.010635,1.068816,True,10000000,False,FIRST_N_SOLUTIONS,18,11.803391551428433,,
n=40:q=347:t=30:beta=14:seed=0,40,347,30,14,0,32,ok,False,,921,460,6.825460036255307,6.790591024847828,1.03548406331578,0.034869011407479,700485,0.010136,1.079016,True,10000000,False,FIRST_N_SOLUTIONS,18,11.803391551428433,,
n=40:q=347:t=30:beta=14:seed=0,40,347,30,14,0,33,ok,False,,503,251,6.220590170099739,6.1185787713993705,1.1073960945322625,0.1020113987003688,700946,0.009879,1.088956,True,10000000,False,FIRST_N_SOLUTIONS,18,11.803391551428433,,
n=40:q=347:t=30:beta=14:seed=0,40,347,30,14,0,34,ok,False,,215,107,5.3706380281276624,5.329616966971713,1.0418740483862206,0.04102106115594939,701198,0.009822,1.098829,True,10000000,False,FIRST_N_SOLUTIONS,18,11.803391551428433,,
n=40:q=347:t=30:beta=14:seed=0,40,347,30,14,0,35,ok,False,,85,42,4.442651256490317,4.526351125835191,0.9197072470149554,-0.0836998693448745,701306,0.009866,1.108747,True,10000000,False,FIRST_N_SOLUTIONS,18,11.803391551428433,,
n=40:q=347:t=30:beta=14:seed=0,40,347,30,14,0,36,ok,False,,43,21,3.7612001156935624,3.7178822671808405,1.0442697616967627,0.04331784851272191,701349,0.009985,1.118784,True,10000000,False,FIRST_N_SOLUTIONS,18,11.803391551428433,,
n=40:q=347:t=30:beta=14:seed=0,40,347,30,14,0,37,ok,False,,15,7,2.70805020110221,2.7875225023049666,0.9236036023232187,-0.0794723012027565,701371,0.010048,1.128875,True,10000000,False,FIRST_N_SOLUTIONS,18,11.803391551428433,,
n=40:q=347:t=30:beta=14:seed=0,40,347,30,14,0,38,ok,False,,5,2,1.6094379124341003,1.888562085271019,0.7564459673412857,-0.2791241728369187,701379,0.010134,1.139056,True,10000000,False,FIRST_N_SOLUTIONS,18,11.803391551428433,,
n=40:q=347:t=30:beta=14:seed=0,40,347,30,14,0,39,ok,False,,1,0,0.0,0.9452785340450021,0.3885713254843769,-0.9452785340450021,701382,0.010925,1.150028,True,10000000,False,FIRST_N_SOLUTIONS,18,11.803391551428433,,
n=40:q=347:t=30:beta=14:seed=0,40,347,30,14,0,40,ok,True,rank_complete,1,0,0.0,0.0,1.0,0.0,701383,0.012099,1.162177,True,10000000,False,FIRST_N_SOLUTIONS,18,11.803391551428433,,
n=40:q=347:t=30:beta=14:seed=1,40,347,30,14,1,1,ok,False,,5,2,1.6094379124341003,1.5974415120141496,1.0120686458374148,0.011996400419950648,2,2.3e-05,3.8e-05,True,10000000,False,FIRST_N_SOLUTIONS,18,11.840878995134233,,
n=40:q=347:t=30:beta=14:seed=1,40,347,30,14,1,2,ok,False,,21,10,3.044522437723423,3.0672105141931656,0.9775673624841537,-0.02268807646974258,13,1.1e-05,0.000102,True,10000000,False,FIRST_N_SOLUTIONS,18,11.840878995134233,,
n=40:q=347:t=30:beta=14:seed=1,40,347,30,14,1,3,ok,False,,79,39,4.3694478524670215,4.341560858075702,1.0282794765073389,0.027886994391319142,52,2.7e-05,0.000157,True,10000000,False,FIRST_N_SOLUTIONS,18,11.840878995134233,,
n=40:q=347:t=30:beta=14:seed=1,40,347,30,14,1,4,ok,False,,233,116,5.4510384535657,5.43525165579563,1.0159120675969908,0.01578679777006986,168,0.000134,0.000327,True,10000000,False,FIRST_N_SOLUTIONS,18,11.840878995134233,,
n=40:q=347:t=30:beta=14:seed=1,40,347,30,14,1,5,ok,False,,645,322,6.4692503167957724,6.467026378718188,1.0022264128621199,0.0022239380775843642,490,0.000322,0.000679,True,10000000,False,FIRST_N_SOLUTIONS,18,11.840878995134233,,
n=40:q=347:t=30:beta=14:seed=1,40,347,30,14,1,6,ok,False,,1595,797,7.374629015218945,7.392623287519033,0.9821666578980699,-0.0179942723000881,1287,0.00051,0.00122,True,10000000,False,FIRST_N_SOLUTIONS,18,11.840878995134233,,
n=40:q=347:t=30:beta=14:seed=1,40,347,30,14,1,7,ok,False,,3637,1818,8.19891444498699,8.214472495796166,0.9845623504516364,-0.015558050809175938,3105,0.001174,0.002427,True,10000000,False,FIRST_N_SOLUTIONS,18,11.840878995134233,,
n=40:q=347:t=30:beta=14:seed=1,40,347,30,14,1,8,ok,False,,7221,3610,8.884748726451182,8.88527722219392,0.9994716438865376,-0.0005284957427384995,6715,0.002492,0.004963,True,10000000,False,FIRST_N_SOLUTIONS,18,11.840878995134233,,
n=40:q=347:t=30:beta=14:seed=1,40,347,30,14,1,9,ok,False,,13631,6815,9.520101889570842,9.522765981770483,0.9973394533447318,-0.0026640921996410327,13530,0.00533,0.010342,True,10000000,False,FIRST_N_SOLUTIONS,18,11.840878995134233,,
n=40:q=347:t=30:beta=14:seed=1,40,347,30,14,1,10,ok,False,,23669,11834,10.07192145404481,10.070166254525446,1.0017567407836505,0.0017551995193638703,25364,0.010744,0.021166,True,10000000,False,FIRST_N_SOLUTIONS,18,11.840878995134233,,
n=40:q=347:t=30:beta=14:seed=1,40,347,30,14,1,11,ok,False,,37789,18894,10.539773333966417,10.540531656420349,0.9992419649998752,-0.0007583224539313704,25374,0.01459,0.035846,True,10000000,False,FIRST_N_SOLUTIONS,18,11.840878995134233,,
n=40:q=347:t=30:beta=14:seed=1,40,347,30,14,1,12,ok,False,,53833,26916,10.893641941007104,10.892629156194829,1.0010132978519979,0.0010127848122749583,44269,0.024323,0.060245,True,10000000,False,FIRST_N_SOLUTIONS,18,11.840878995134233,,
n=40:q=347:t=30:beta=14:seed=1,40,347,30,14,1,13,ok,False,,71667,35833,11.179785669593665,11.177260532289822,1.002528328148253,0.0025251373038432945,71186,0.033437,0.093741,True,10000000,False,FIRST_N_SOLUTIONS,18,11.840878995134233,,
n=40:q=347:t=30:beta=14:seed=1,40,347,30,14,1,14,ok,False,,90117,45058,11.408864105044023,11.406369170319273,1.002498049664375,0.002494934724749598,107020,0.054483,0.148296,True,10000000,False,FIRST_N_SOLUTIONS,18,11.840878995134233,,
n=40:q=347:t=30:beta=14:seed=1,40,347,30,14,1,15,ok,False,,107383,53691,11.584157161749829,11.585400723697518,0.9987572109550525,-0.0012435619476889315,152079,0.069515,0.217872,True,10000000,False,FIRST_N_SOLUTIONS,18,11.840878995134233,,
n=40:q=347:t=30:beta=14:seed=1,40,347,30,14,1,16,ok,False,,121215,60607,11.705321107335658,11.708031302465628,0.9972934741332967,-0.002710195129969506,205771,0.079838,0.297808,True,10000000,False,FIRST_N_SOLUTIONS,18,11.840878995134233,,
n=40:q=347:t=30:beta=14:seed=1,40,347,30,14,1,17,ok,False,,127629,63814,11.756882896797565,11.757323354938436,0.9995596388465764,-0.00044045814087034785,266379,0.088103,0.386006,True,10000000,False,FIRST_N_SOLUTIONS,18,11.840878995134233,,
n=40:q=347:t=30:beta=14:seed=1,40,347,30,14,1,18,ok,False,,138913,69456,11.841603116875529,11.840878995134233,1.000724383980738,0.0007241217412961021,330194,0.100402,0.486487,True,10000000,False,FIRST_N_SOLUTIONS,18,11.840878995134233,,
n=40:q=347:t=30:beta=14:seed=1,40,347,30,14,1,19,ok,False,,132391,66195,11.793514944343768,11.793219239705465,1.000295748363229,0.00029570463830275173,399651,0.099666,0.586228,True,10000000,False,FIRST_N_SOLUTIONS,18,11.840878995134233,,
n=40:q=347:t=30:beta=14:seed=1,40,347,30,14,1,20,ok,False,,117637,58818,11.67535889081267,11.677271428110245,0.9980892904364941,-0.001912537297574346,465847,0.108943,0.695249,True,10000000,False,FIRST_N_SOLUTIONS,18,11.840878995134233,,
n=40:q=347:t=30:beta=14:seed=1,40,347,30,14,1,21,ok,False,,97897,48948,11.49167118453529,11.494257515304,0.9974170109032029,-0.0025863307687092885,524666,0.093143,0.788458,True,10000000,False,FIRST_N_SOLUTIONS,18,11.840878995134233,,
n=40:q=347:t=30:beta=14:seed=1,40,347,30,14,1,22,ok,False,,80987,40493,11.302043926946903,11.302031430947551,1.000012496077427,1.2495999351713749e-05,573615,0.075971,0.864524,True,10000000,False,FIRST_N_SOLUTIONS,18,11.840878995134233,,
n=40:q=347:t=30:beta=14:seed=1,40,347,30,14,1,23,ok,False,,63457,31728,11.058117790146436,11.055559691945831,1.002561372925568,0.0025580982006054853,614109,0.064222,0.92887,True,10000000,False,FIRST_N_SOLUTIONS,18,11.840878995134233,,
n=40:q=347:t=30:beta=14:seed=1,40,347,30,14,1,24,ok,False,,45997,22998,10.73633145595318,10.732552360813898,1.0037862449230526,0.003779095139282873,645838,0.043996,0.972938,True,10000000,False,FIRST_N_SOLUTIONS,18,11.840878995134233,,
n=40:q=347:t=30:beta=14:seed=1,40,347,30,14,1,25,ok,False,,32031,16015,10.374459462846412,10.374805768829987,0.9996537539734209,-0.0003463059835748794,668837,0.031412,1.004422,True,10000000,False,FIRST_N_SOLUTIONS,18,11.840878995134233,,
n=40:q=347:t=30:beta=14:seed=1,40,347,30,14,1,26,ok,False,,21253,10626,9.964253340858692,9.957300942562796,1.0069766223227494,0.00695239829589589,684853,0.028715,1.033204,True,10000000,False,FIRST_N_SOLUTIONS,18,11.840878995134233,,
n=40:q=347:t=30:beta=14:seed=1,40,347,30,14,1,27,ok,False,,13711,6855,9.525953709356655,9.529519563360353,0.9964404961035956,-0.0035658540036980213,695480,0.024301,1.057587,True,10000000,False,FIRST_N_SOLUTIONS,18,11.840878995134233,,
n=40:q=347:t=30:beta=14:seed=1,40,347,30,14,1,28,ok,False,,8263,4131,9.019542996701185,9.021153099330562,0.9983911928904622,-0.001610102629376442,702336,0.019408,1.077078,True,10000000,False,FIRST_N_SOLUTIONS,18,11.840878995134233,,
n=40:q=347:t=30:beta=14:seed=1,40,347,30,14,1,29,ok,False,,4843,2421,8.48528964240323,8.499680756842935,0.9857119426864303,-0.014391114439705532,706468,0.015751,1.092957,True,10000000,False,FIRST_N_SOLUTIONS,18,11.840878995134233,,
n=40:q=347:t=30:beta=14:seed=1,40,347,30,14,1,30,ok,False,,2537,1268,7.838737559599282,7.8748149260055555,0.9645656656171514,-0.0360773664062739,708890,0.011361,1.104399,True,10000000,False,FIRST_N_SOLUTIONS,18,11.840878995134233,,
n=40:q=347:t=30:beta=14:seed=1,40,347,30,14,1,31,ok,False,,1369,684,7.221835825288449,7.2147505306949995,1.0071104546802945,0.007085294593449198,710159,0.010593,1.11505,True,10000000,False,FIRST_N_SOLUTIONS,18,11.840878995134233,,
n=40:q=347:t=30:beta=14:seed=1,40,347,30,14,1,32,ok,False,,657,328,6.48768401848461,6.518180956135041,0.9699634024296703,-0.03049693765043049,710844,0.010408,1.125525,True,10000000,False,FIRST_N_SOLUTIONS,18,11.840878995134233,,
n=40:q=347:t=30:beta=14:seed=1,40,347,30,14,1,33,ok,False,,319,159,5.765191102784844,5.855676137790368,0.913488004141601,-0.09048503500552396,711173,0.010007,1.135583,True,10000000,False,FIRST_N_SOLUTIONS,18,11.840878995134233,,
n=40:q=347:t=30:beta=14:seed=1,40,347,30,14,1,34,ok,False,,141,70,4.948759890378168,5.129931929218628,0.8342918157520757,-0.18117203884045985,711333,0.010095,1.145729,True,10000000,False,FIRST_N_SOLUTIONS,18,11.840878995134233,,
n=40:q=347:t=30:beta=14:seed=1,40,347,30,14,1,35,ok,False,,57,28,4.04305126783455,4.33521792916963,0.7466440889027016,-0.29216666133507996,711404,0.01016,1.155939,True,10000000,False,FIRST_N_SOLUTIONS,18,11.840878995134233,,
n=40:q=347:t=30:beta=14:seed=1,40,347,30,14,1,36,ok,False,,23,11,3.1354942159291497,3.5362533386719974,0.6698113839366179,-0.40075912274284775,711433,0.010085,1.166066,True,10000000,False,FIRST_N_SOLUTIONS,18,11.840878995134233,,
n=40:q=347:t=30:beta=14:seed=1,40,347,30,14,1,37,ok,False,,7,3,1.9459101490553132,2.710117304349353,0.4657030148117393,-0.7642071552940399,711445,0.009996,1.176114,True,10000000,False,FIRST_N_SOLUTIONS,18,11.840878995134233,,
n=40:q=347:t=30:beta=14:seed=1,40,347,30,14,1,38,ok,False,,7,3,1.9459101490553132,1.8117597358328794,1.143564813977944,0.13415041322243382,711449,0.010029,1.18619,True,10000000,False,FIRST_N_SOLUTIONS,18,11.840878995134233,,
n=40:q=347:t=30:beta=14:seed=1,40,347,30,14,1,39,ok,False,,3,1,1.0986122886681098,0.9066248134451484,1.2116553411568682,0.19198747522296133,711453,0.009994,1.196219,True,10000000,False,FIRST_N_SOLUTIONS,18,11.840878995134233,,
n=40:q=347:t=30:beta=14:seed=1,40,347,30,14,1,40,ok,True,rank_complete,3,1,1.0986122886681098,0.0,3.0000000000000004,1.0986122886681098,711455,0.009983,1.206249,True,10000000,False,FIRST_N_SOLUTIONS,18,11.840878995134233,,
n=40:q=347:t=30:beta=14:seed=2,40,347,30,14,2,1,ok,False,,5,2,1.6094379124341003,1.6627516032226817,0.9480825610646318,-0.05331369078858139,2,2.7e-05,4.5e-05,True,10000000,False,FIRST_N_SOLUTIONS,17,12.004458970356154,,
n=40:q=347:t=30:beta=14:seed=2,40,347,30,14,2,2,ok,False,,23,11,3.1354942159291497,3.171756413122445,0.9643874006609752,-0.036262197193295265,14,1.5e-05,0.000113,True,10000000,False,FIRST_N_SOLUTIONS,17,12.004458970356154,,
n=40:q=347:t=30:beta=14:seed=2,40,347,30,14,2,3,ok,False,,77,38,4.343805421853684,4.430388804069818,0.9170590791783001,-0.08658338221613349,52,2.6e-05,0.000177,True,10000000,False,FIRST_N_SOLUTIONS,17,12.004458970356154,,
n=40:q=347:t=30:beta=14:seed=2,40,347,30,14,2,4,ok,False,,253,126,5.53338948872752,5.532442137734751,1.0009477998714582,0.0009473509927691026,178,0.00017,0.000388,True,10000000,False,FIRST_N_SOLUTIONS,17,12.004458970356154,,
n=40:q=347:t=30:beta=14:seed=2,40,347,30,14,2,5,ok,False,,695,347,6.543911845564792,6.544020215671853,0.9998916357647665,-0.00010837010706143957,525,0.000187,0.000615,True,10000000,False,FIRST_N_SOLUTIONS,17,12.004458970356154,,
n=40:q=347:t=30:beta=14:seed=2,40,347,30,14,2,6,ok,False,,1815,907,7.503840746698951,7.498842020604375,1.005011240569315,0.004998726094576078,1432,0.000596,0.001248,True,10000000,False,FIRST_N_SOLUTIONS,17,12.004458970356154,,
n=40:q=347:t=30:beta=14:seed=2,40,347,30,14,2,7,ok,False,,4107,2053,8.320448113956559,8.319925117554003,1.000523133189019,0.0005229964025552647,3485,0.001334,0.002622,True,10000000,False,FIRST_N_SOLUTIONS,17,12.004458970356154,,
n=40:q=347:t=30:beta=14:seed=2,40,347,30,14,2,8,ok,False,,8121,4060,9.002208578282412,9.002226687761695,0.9999818906846923,-1.8109479283268115e-05,7545,0.002838,0.005505,True,10000000,False,FIRST_N_SOLUTIONS,17,12.004458970356154,,
n=40:q=347:t=30:beta=14:seed=2,40,347,30,14,2,9,ok,False,,15693,7846,9.66097003203872,9.660876381825275,1.0000936545987635,9.365021344542868e-05,15391,0.006149,0.01172,True,10000000,False,FIRST_N_SOLUTIONS,17,12.004458970356154,,
n=40:q=347:t=30:beta=14:seed=2,40,347,30,14,2,10,ok,False,,27867,13933,10.23519847205563,10.233939180492882,1.001260084803307,0.0012592915627482881,29324,0.009035,0.020842,True,10000000,False,FIRST_N_SOLUTIONS,17,12.004458970356154,,
n=40:q=347:t=30:beta=14:seed=2,40,347,30,14,2,11,ok,False,,46095,23047,10.738459763232695,10.739574164556679,0.9988862193905758,-0.0011144013239832162,29334,0.017977,0.038891,True,10000000,False,FIRST_N_SOLUTIONS,17,12.004458970356154,,
n=40:q=347:t=30:beta=14:seed=2,40,347,30,14,2,12,ok,False,,66235,33117,11.100964303118362,11.10394312658746,0.9970256088234342,-0.0029788234690979465,52382,0.030522,0.069484,True,10000000,False,FIRST_N_SOLUTIONS,17,12.004458970356154,,
n=40:q=347:t=30:beta=14:seed=2,40,347,30,14,2,13,ok,False,,90833,45416,11.416777934685822,11.417738849151732,0.999039547064553,-0.0009609144659101787,85500,0.048402,0.117971,True,10000000,False,FIRST_N_SOLUTIONS,17,12.004458970356154,,
n=40:q=347:t=30:beta=14:seed=2,40,347,30,14,2,14,ok,False,,115083,57541,11.653408886147387,11.65184303982587,1.0015670728989956,0.001565846321517128,130917,0.071362,0.189409,True,10000000,False,FIRST_N_SOLUTIONS,17,12.004458970356154,,
n=40:q=347:t=30:beta=14:seed=2,40,347,30,14,2,15,ok,False,,138115,69057,11.835841950443234,11.83275058723423,1.0030961463998387,0.003091363209003717,188459,0.09868,0.288161,True,10000000,False,FIRST_N_SOLUTIONS,17,12.004458970356154,,
n=40:q=347:t=30:beta=14:seed=2,40,347,30,14,2,16,ok,False,,148939,74469,11.91129210512903,11.907689356490408,1.0036092463383484,0.0036027486386220886,257517,0.100555,0.388786,True,10000000,False,FIRST_N_SOLUTIONS,17,12.004458970356154,,
n=40:q=347:t=30:beta=14:seed=2,40,347,30,14,2,17,ok,False,,163861,81930,12.006773786447841,12.004458970356154,1.0023174973469278,0.002314816091686822,331987,0.120604,0.509461,True,10000000,False,FIRST_N_SOLUTIONS,17,12.004458970356154,,
n=40:q=347:t=30:beta=14:seed=2,40,347,30,14,2,18,ok,False,,162021,81010,11.995481235442956,11.996531026365062,0.9989507599156119,-0.0010497909221065527,413918,0.140066,0.649597,True,10000000,False,FIRST_N_SOLUTIONS,17,12.004458970356154,,
n=40:q=347:t=30:beta=14:seed=2,40,347,30,14,2,19,ok,False,,150935,75467,11.92460455954486,11.925671302983858,0.9989338253295237,-0.001066743438997264,494929,0.136223,0.785876,True,10000000,False,FIRST_N_SOLUTIONS,17,12.004458970356154,,
n=40:q=347:t=30:beta=14:seed=2,40,347,30,14,2,20,ok,False,,138337,69168,11.837448016217543,11.839373753070163,0.998076116188912,-0.0019257368526197638,570397,0.126563,0.912511,True,10000000,False,FIRST_N_SOLUTIONS,17,12.004458970356154,,
n=40:q=347:t=30:beta=14:seed=2,40,347,30,14,2,21,ok,False,,123155,61577,11.72119900361771,11.724091891114014,0.9971112928706461,-0.0028928874963050077,639566,0.123431,1.036032,True,10000000,False,FIRST_N_SOLUTIONS,17,12.004458970356154,,
n=40:q=347:t=30:beta=14:seed=2,40,347,30,14,2,22,ok,False,,100523,50261,11.518141836019185,11.521464984635656,0.9966823669305392,-0.0033231486164719826,701144,0.087548,1.123678,True,10000000,False,FIRST_N_SOLUTIONS,17,12.004458970356154,,
n=40:q=347:t=30:beta=14:seed=2,40,347,30,14,2,23,ok,False,,82259,41129,11.317628085133816,11.317745193818794,0.9998828981719756,-0.00011710868497871729,751406,0.075844,1.199589,True,10000000,False,FIRST_N_SOLUTIONS,17,12.004458970356154,,
n=40:q=347:t=30:beta=14:seed=2,40,347,30,14,2,24,ok,False,,63077,31538,11.05211148129035,11.056042128846585,0.9960770673273979,-0.003930647556234845,792536,0.070877,1.270544,True,10000000,False,FIRST_N_SOLUTIONS,17,12.004458970356154,,
n=40:q=347:t=30:beta=14:seed=2,40,347,30,14,2,25,ok,False,,46451,23225,10.746153272535546,10.745192030506487,1.000961704170242,0.0009612420290583401,824075,0.068849,1.339479,True,10000000,False,FIRST_N_SOLUTIONS,17,12.004458970356154,,
n=40:q=347:t=30:beta=14:seed=2,40,347,30,14,2,26,ok,False,,30851,15425,10.336924443719042,10.330957120268735,1.0059851633928028,0.005967323450306594,847301,0.047043,1.38662,True,10000000,False,FIRST_N_SOLUTIONS,17,12.004458970356154,,
n=40:q=347:t=30:beta=14:seed=2,40,347,30,14,2,27,ok,False,,19485,9742,9.87740021777281,9.877801261726972,0.9995990364532142,-0.0004010439541630717,862727,0.039028,1.425753,True,10000000,False,FIRST_N_SOLUTIONS,17,12.004458970356154,,
n=40:q=347:t=30:beta=14:seed=2,40,347,30,14,2,28,ok,False,,12281,6140,9.415808631610384,9.40005635106911,1.0158770017329075,0.015752280541272867,872470,0.020791,1.446649,True,10000000,False,FIRST_N_SOLUTIONS,17,12.004458970356154,,
n=40:q=347:t=30:beta=14:seed=2,40,347,30,14,2,29,ok,False,,7437,3718,8.9142228207033,8.886981237564896,1.0276160274838217,0.027241583138403413,878611,0.017266,1.464004,True,10000000,False,FIRST_N_SOLUTIONS,17,12.004458970356154,,
n=40:q=347:t=30:beta=14:seed=2,40,347,30,14,2,30,ok,False,,4001,2000,8.294299608857235,8.28763802835499,1.0066838181815783,0.006661580502244746,882330,0.014525,1.478606,True,10000000,False,FIRST_N_SOLUTIONS,17,12.004458970356154,,
n=40:q=347:t=30:beta=14:seed=2,40,347,30,14,2,31,ok,False,,2049,1024,7.6251071482389,7.640013336811791,0.9852043586948951,-0.0149061885728905,884331,0.013767,1.492427,True,10000000,False,FIRST_N_SOLUTIONS,17,12.004458970356154,,
n=40:q=347:t=30:beta=14:seed=2,40,347,30,14,2,32,ok,False,,1083,541,6.9874902470009905,7.02330242206429,0.9648214940016402,-0.03581217506329981,885356,0.013154,1.505649,True,10000000,False,FIRST_N_SOLUTIONS,17,12.004458970356154,,
n=40:q=347:t=30:beta=14:seed=2,40,347,30,14,2,33,ok,False,,565,282,6.336825731146441,6.261885927058501,1.077819268617918,0.07493980408794076,885898,0.013884,1.519589,True,10000000,False,FIRST_N_SOLUTIONS,17,12.004458970356154,,
n=40:q=347:t=30:beta=14:seed=2,40,347,30,14,2,34,ok,False,,259,129,5.556828061699537,5.483043100825029,1.0765752747974147,0.0737849608745087,886181,0.015722,1.535373,True,10000000,False,FIRST_N_SOLUTIONS,17,12.004458970356154,,
n=40:q=347:t=30:beta=14:seed=2,40,347,30,14,2,35,ok,False,,133,66,4.890349128221754,4.66078156890012,1.2580558577526404,0.22956755932163375,886311,0.015066,1.550543,True,10000000,False,FIRST_N_SOLUTIONS,17,12.004458970356154,,
n=40:q=347:t=30:beta=14:seed=2,40,347,30,14,2,36,ok,False,,47,23,3.8501476017100584,3.8230315282030745,1.0274870598684798,0.027116073506983973,886378,0.015035,1.565687,True,10000000,False,FIRST_N_SOLUTIONS,17,12.004458970356154,,
n=40:q=347:t=30:beta=14:seed=2,40,347,30,14,2,37,ok,False,,19,9,2.9444389791664403,2.921420687147986,1.023285257328835,0.02301829201845429,886402,0.015288,1.581034,True,10000000,False,FIRST_N_SOLUTIONS,17,12.004458970356154,,
n=40:q=347:t=30:beta=14:seed=2,40,347,30,14,2,38,ok,False,,11,5,2.3978952727983707,1.9490032023881838,1.5665755682162743,0.44889207041018686,886412,0.015275,1.596365,True,10000000,False,FIRST_N_SOLUTIONS,17,12.004458970356154,,
n=40:q=347:t=30:beta=14:seed=2,40,347,30,14,2,39,ok,False,,1,0,0.0,1.009048231520353,0.3645657967346099,-1.009048231520353,886418,0.017558,1.613982,True,10000000,False,FIRST_N_SOLUTIONS,17,12.004458970356154,,
n=40:q=347:t=30:beta=14:seed=2,40,347,30,14,2,40,ok,True,rank_complete,1,0,0.0,0.0,1.0,0.0,886419,0.01821,1.632282,True,10000000,False,FIRST_N_SOLUTIONS,17,12.004458970356154,,
n=40:q=347:t=30:beta=2:seed=0,40,347,30,2,0,1,ok,False,,7,3,1.9459101490553132,1.8116688251805813,1.143668780926908,0.13424132387473198,3,3.7e-05,5e-05,True,10000000,False,FIRST_N_SOLUTIONS,18,14.315465823116284,,
n=40:q=347:t=30:beta=2:seed=0,40,347,30,2,0,2,ok,False,,31,15,3.4339872044851463,3.3850908854673882,1.050111468507099,0.04889631901775804,19,0.000144,0.000224,True,10000000,False,FIRST_N_SOLUTIONS,18,14.315465823116284,,
n=40:q=347:t=30:beta=2:seed=0,40,347,30,2,0,3,ok,False,,117,58,4.762173934797756,4.806697079886746,0.956453462636928,-0.04452314508898958,77,2.5e-05,0.000275,True,10000000,False,FIRST_N_SOLUTIONS,18,14.315465823116284,,
n=40:q=347:t=30:beta=2:seed=0,40,347,30,2,0,4,ok,False,,469,234,6.150602768446279,6.175693407237299,0.9752215151231918,-0.025090638791019693,311,0.000144,0.000437,True,10000000,False,FIRST_N_SOLUTIONS,18,14.315465823116284,,
n=40:q=347:t=30:beta=2:seed=0,40,347,30,2,0,5,ok,False,,1549,774,7.3453648404168685,7.362851384093695,0.9826654586400899,-0.017486543676826116,1085,0.000291,0.00075,True,10000000,False,FIRST_N_SOLUTIONS,18,14.315465823116284,,
n=40:q=347:t=30:beta=2:seed=0,40,347,30,2,0,6,ok,False,,4201,2100,8.343077871169383,8.34489126309596,0.9981882512751565,-0.0018133919265768128,3185,0.000856,0.001627,True,10000000,False,FIRST_N_SOLUTIONS,18,14.315465823116284,,
n=40:q=347:t=30:beta=2:seed=0,40,347,30,2,0,7,ok,False,,10779,5389,9.285355075781629,9.28577503267471,0.9995801312764719,-0.0004199568930811637,8574,0.002435,0.004093,True,10000000,False,FIRST_N_SOLUTIONS,18,14.315465823116284,,
n=40:q=347:t=30:beta=2:seed=0,40,347,30,2,0,8,ok,False,,22743,11371,10.032012684724414,10.029385260965206,1.0026308784620064,0.002627423759207659,19945,0.005966,0.010099,True,10000000,False,FIRST_N_SOLUTIONS,18,14.315465823116284,,
n=40:q=347:t=30:beta=2:seed=0,40,347,30,2,0,9,ok,False,,47859,23929,10.776014466969107,10.772452614720699,1.003568203182252,0.003561852248408215,43874,0.014367,0.024516,True,10000000,False,FIRST_N_SOLUTIONS,18,14.315465823116284,,
n=40:q=347:t=30:beta=2:seed=0,40,347,30,2,0,10,ok,False,,96409,48204,11.47635483723662,11.47246777385076,1.003894627814706,0.003887063385860756,92078,0.038402,0.062984,True,10000000,False,FIRST_N_SOLUTIONS,18,14.315465823116284,,
n=40:q=347:t=30:beta=2:seed=0,40,347,30,2,0,11,ok,False,,170825,85412,12.04839491964898,12.04787901540557,1.0005160373448916,0.0005159042434090821,92088,0.085575,0.148621,True,10000000,False,FIRST_N_SOLUTIONS,18,14.315465823116284,,
n=40:q=347:t=30:beta=2:seed=0,40,347,30,2,0,12,ok,False,,288545,144272,12.572606331969574,12.573424506183436,0.9991821603993968,-0.0008181742138617665,177501,0.168999,0.317708,True,10000000,False,FIRST_N_SOLUTIONS,18,14.315465823116284,,
n=40:q=347:t=30:beta=2:seed=0,40,347,30,2,0,13,ok,False,,454023,227011,13.025903136533222,13.026681655714647,0.9992217837860055,-0.0007785191814253523,321774,0.29636,0.614165,True,10000000,False,FIRST_N_SOLUTIONS,18,14.315465823116284,,
n=40:q=347:t=30:beta=2:seed=0,40,347,30,2,0,14,ok,False,,658103,329051,13.397116733011543,13.396771979795481,1.0003448126502819,0.0003447532160620881,548786,0.536837,1.151087,True,10000000,False,FIRST_N_SOLUTIONS,18,14.315465823116284,,
n=40:q=347:t=30:beta=2:seed=0,40,347,30,2,0,15,ok,False,,906067,453033,13.716868533725723,13.717872239433056,0.998996797836756,-0.0010037057073333244,877838,0.73915,1.890333,True,10000000,False,FIRST_N_SOLUTIONS,18,14.315465823116284,,
n=40:q=347:t=30:beta=2:seed=0,40,347,30,2,0,16,ok,False,,1239909,619954,14.030548547791481,14.030447277035144,1.0001012758843935,0.00010127075633725724,1330872,1.082614,2.973041,True,10000000,False,FIRST_N_SOLUTIONS,18,14.315465823116284,,
n=40:q=347:t=30:beta=2:seed=0,40,347,30,2,0,17,ok,False,,1487437,743718,14.212565062563835,14.212979805747679,0.999585342810221,-0.00041474318384437936,1950827,1.350808,4.32393,True,10000000,False,FIRST_N_SOLUTIONS,18,14.315465823116284,,
n=40:q=347:t=30:beta=2:seed=0,40,347,30,2,0,18,ok,False,,1648665,824332,14.315476427476964,14.315465823116284,1.0000106044169066,1.0604360680233071e-05,2694546,1.619302,5.94332,True,10000000,False,FIRST_N_SOLUTIONS,18,14.315465823116284,,
n=40:q=347:t=30:beta=2:seed=0,40,347,30,2,0,19,ok,False,,1641821,820910,14.311316549653823,14.310898158791616,1.000418478399871,0.0004183908622064081,3518879,1.653708,7.597123,True,10000000,False,FIRST_N_SOLUTIONS,18,14.315465823116284,,
n=40:q=347:t=30:beta=2:seed=0,40,347,30,2,0,20,ok,False,,1435417,717708,14.176965957296579,14.175965803737668,1.0010006538792666,0.0010001535589108101,4339790,1.407094,9.004299,True,10000000,False,FIRST_N_SOLUTIONS,18,14.315465823116284,,
n=40:q=347:t=30:beta=2:seed=0,40,347,30,2,0,21,ok,False,,1203813,601906,14.001004577173566,14.001171712573935,0.9998328785659736,-0.00016713540036938923,5057499,1.240999,10.245387,True,10000000,False,FIRST_N_SOLUTIONS,18,14.315465823116284,,
n=40:q=347:t=30:beta=2:seed=0,40,347,30,2,0,22,ok,False,,968581,484290,13.783587392818339,13.782657882506015,1.0009299424409126,0.0009295103123232451,5659406,1.033963,11.27943,True,10000000,False,FIRST_N_SOLUTIONS,18,14.315465823116284,,
n=40:q=347:t=30:beta=2:seed=0,40,347,30,2,0,23,ok,False,,722387,361193,13.49031628535267,13.489579611501483,1.0007369452620107,0.0007366738511862536,6143697,0.776416,12.05593,True,10000000,False,FIRST_N_SOLUTIONS,18,14.315465823116284,,
n=40:q=347:t=30:beta=2:seed=0,40,347,30,2,0,24,ok,False,,481357,240678,13.084364477533114,13.082957680041602,1.0014077874952938,0.0014067974915121795,6504891,0.56367,12.619684,True,10000000,False,FIRST_N_SOLUTIONS,18,14.315465823116284,,
n=40:q=347:t=30:beta=2:seed=0,40,347,30,2,0,25,ok,False,,314843,157421,12.659829380860462,12.660232425278195,0.9995970367937564,-0.00040304441773386657,6745570,0.387885,13.00765,True,10000000,False,FIRST_N_SOLUTIONS,18,14.315465823116284,,
n=40:q=347:t=30:beta=2:seed=0,40,347,30,2,0,26,ok,False,,194671,97335,12.17906623316847,12.180829609571802,0.9982381774313719,-0.0017633764033320176,6902992,0.293787,13.301516,True,10000000,False,FIRST_N_SOLUTIONS,18,14.315465823116284,,
n=40:q=347:t=30:beta=2:seed=0,40,347,30,2,0,27,ok,False,,112415,56207,11.629952659495103,11.631244555849477,0.9987089377844756,-0.0012918963543739892,7000328,0.198391,13.499994,True,10000000,False,FIRST_N_SOLUTIONS,18,14.315465823116284,,
n=40:q=347:t=30:beta=2:seed=0,40,347,30,2,0,28,ok,False,,65285,32642,11.08651757984214,11.085254865293521,1.0012635121082951,0.001262714548618149,7056536,0.148695,13.648768,True,10000000,False,FIRST_N_SOLUTIONS,18,14.315465823116284,,
n=40:q=347:t=30:beta=2:seed=0,40,347,30,2,0,29,ok,False,,34901,17450,10.460270761075149,10.460957130407209,0.9993138661654875,-0.0006863693320600106,7089179,0.123224,13.77208,True,10000000,False,FIRST_N_SOLUTIONS,18,14.315465823116284,,
n=40:q=347:t=30:beta=2:seed=0,40,347,30,2,0,30,ok,False,,18113,9056,9.804385191492917,9.80853637672125,0.9958574190309919,-0.004151185228332466,7106630,0.108419,13.880581,True,10000000,False,FIRST_N_SOLUTIONS,18,14.315465823116284,,
n=40:q=347:t=30:beta=2:seed=0,40,347,30,2,0,31,ok,False,,8355,4177,9.030615441029495,9.03346944758104,0.997150062253433,-0.0028540065515461066,7115687,0.101148,13.981811,True,10000000,False,FIRST_N_SOLUTIONS,18,14.315465823116284,,
n=40:q=347:t=30:beta=2:seed=0,40,347,30,2,0,32,ok,False,,3475,1737,8.153349757998892,8.126338920814504,1.027378936598132,0.027010837184388237,7119865,0.098483,14.080366,True,10000000,False,FIRST_N_SOLUTIONS,18,14.315465823116284,,
n=40:q=347:t=30:beta=2:seed=0,40,347,30,2,0,33,ok,False,,1395,697,7.240649694255466,7.200381763497234,1.0410896767739155,0.04026793075823232,7121603,0.096271,14.176717,True,10000000,False,FIRST_N_SOLUTIONS,18,14.315465823116284,,
n=40:q=347:t=30:beta=2:seed=0,40,347,30,2,0,34,ok,False,,565,282,6.336825731146441,6.277822661108843,1.0607784973650307,0.059003070037598526,7122301,0.095483,14.272264,True,10000000,False,FIRST_N_SOLUTIONS,18,14.315465823116284,,
n=40:q=347:t=30:beta=2:seed=0,40,347,30,2,0,35,ok,False,,207,103,5.332718793265369,5.311765201009393,1.021174660125639,0.020953592255975373,7122584,0.095589,14.36791,True,10000000,False,FIRST_N_SOLUTIONS,18,14.315465823116284,,
n=40:q=347:t=30:beta=2:seed=0,40,347,30,2,0,36,ok,False,,87,43,4.465908118654584,4.368220433077141,1.1026183677092343,0.09768768557744245,7122688,0.095356,14.463326,True,10000000,False,FIRST_N_SOLUTIONS,18,14.315465823116284,,
n=40:q=347:t=30:beta=2:seed=0,40,347,30,2,0,37,ok,False,,27,13,3.295836866004329,3.3398758899972165,0.9569166140372665,-0.044039023992887394,7122732,0.094996,14.558379,True,10000000,False,FIRST_N_SOLUTIONS,18,14.315465823116284,,
n=40:q=347:t=30:beta=2:seed=0,40,347,30,2,0,38,ok,False,,13,6,2.5649493574615367,2.2272421349439924,1.4017300483276185,0.33770722251754437,7122746,0.095052,14.653473,True,10000000,False,FIRST_N_SOLUTIONS,18,14.315465823116284,,
n=40:q=347:t=30:beta=2:seed=0,40,347,30,2,0,39,ok,False,,3,1,1.0986122886681098,1.0774565408432863,1.0213811171374643,0.021155747824823434,7122753,0.094874,14.748389,True,10000000,False,FIRST_N_SOLUTIONS,18,14.315465823116284,,
n=40:q=347:t=30:beta=2:seed=0,40,347,30,2,0,40,ok,True,rank_complete,1,0,0.0,0.0,1.0,0.0,7122755,0.094691,14.843123,True,10000000,False,FIRST_N_SOLUTIONS,18,14.315465823116284,,
n=40:q=347:t=30:beta=2:seed=1,40,347,30,2,1,1,ok,False,,7,3,1.9459101490553132,1.895195867512164,1.0520222681591447,0.050714281543149164,3,4.8e-05,6.2e-05,True,10000000,False,FIRST_N_SOLUTIONS,19,14.877241504194785,,
n=40:q=347:t=30:beta=2:seed=1,40,347,30,2,1,2,ok,False,,33,16,3.4965075614664802,3.461400041640461,1.0357310644368976,0.03510751982601912,20,0.000168,0.000264,True,10000000,False,FIRST_N_SOLUTIONS,19,14.877241504194785,,
n=40:q=347:t=30:beta=2:seed=1,40,347,30,2,1,3,ok,False,,133,66,4.890349128221754,4.8446481913867245,1.0467613163894962,0.04570093683502918,86,2.9e-05,0.000316,True,10000000,False,FIRST_N_SOLUTIONS,19,14.877241504194785,,
n=40:q=347:t=30:beta=2:seed=1,40,347,30,2,1,4,ok,False,,453,226,6.115892125483034,6.109319095228074,1.0065946800272023,0.006573030254960699,312,0.00014,0.000473,True,10000000,False,FIRST_N_SOLUTIONS,19,14.877241504194785,,
n=40:q=347:t=30:beta=2:seed=1,40,347,30,2,1,5,ok,False,,1483,741,7.301822342137932,7.311170416596987,0.990695482957335,-0.009348074459055056,1053,0.000281,0.000774,True,10000000,False,FIRST_N_SOLUTIONS,19,14.877241504194785,,
n=40:q=347:t=30:beta=2:seed=1,40,347,30,2,1,6,ok,False,,4349,2174,8.37770121259764,8.385302440484779,0.9924275883863105,-0.007601227887139572,3227,0.000893,0.001685,True,10000000,False,FIRST_N_SOLUTIONS,19,14.877241504194785,,
n=40:q=347:t=30:beta=2:seed=1,40,347,30,2,1,7,ok,False,,11913,5956,9.38538551979936,9.385230095289817,1.0001554365885583,0.00015542450954342257,9183,0.002744,0.004464,True,10000000,False,FIRST_N_SOLUTIONS,19,14.877241504194785,,
n=40:q=347:t=30:beta=2:seed=1,40,347,30,2,1,8,ok,False,,29779,14889,10.30155872609058,10.305350937925105,0.9962149695201659,-0.003792211834525716,24072,0.008285,0.012788,True,10000000,False,FIRST_N_SOLUTIONS,19,14.877241504194785,,
n=40:q=347:t=30:beta=2:seed=1,40,347,30,2,1,9,ok,False,,62561,31280,11.04389735974617,11.044411198327687,0.9994862934109184,-0.0005138385815168789,55352,0.022192,0.03504,True,10000000,False,FIRST_N_SOLUTIONS,19,14.877241504194785,,
n=40:q=347:t=30:beta=2:seed=1,40,347,30,2,1,10,ok,False,,127167,63583,11.753256462267082,11.754149935216077,0.9991069260791111,-0.000893472948995111,118935,0.060454,0.09558,True,10000000,False,FIRST_N_SOLUTIONS,19,14.877241504194785,,
n=40:q=347:t=30:beta=2:seed=1,40,347,30,2,1,11,ok,False,,245353,122676,12.410453268873496,12.409125533494517,1.0013286172098335,0.0013277353789789004,118945,0.1589,0.254582,True,10000000,False,FIRST_N_SOLUTIONS,19,14.877241504194785,,
n=40:q=347:t=30:beta=2:seed=1,40,347,30,2,1,12,ok,False,,425865,212932,12.961877673619194,12.961118025387044,1.0007599368379425,0.0007596482321492459,241622,0.357826,0.612514,True,10000000,False,FIRST_N_SOLUTIONS,19,14.877241504194785,,
n=40:q=347:t=30:beta=2:seed=1,40,347,30,2,1,13,ok,False,,691545,345772,13.446683503891514,13.446678529072706,1.000004974831182,4.9748188075682265e-06,454555,0.525272,1.137879,True,10000000,False,FIRST_N_SOLUTIONS,19,14.877241504194785,,
n=40:q=347:t=30:beta=2:seed=1,40,347,30,2,1,14,ok,False,,1098127,549063,13.909116559208124,13.909161045883863,0.9999555143137787,-4.448667573875298e-05,800328,0.860758,1.998724,True,10000000,False,FIRST_N_SOLUTIONS,19,14.877241504194785,,
n=40:q=347:t=30:beta=2:seed=1,40,347,30,2,1,15,ok,False,,1559853,779926,14.260102144016491,14.26018102063611,0.999921126491059,-7.887661961980541e-05,1349392,1.288082,3.28688,True,10000000,False,FIRST_N_SOLUTIONS,19,14.877241504194785,,
n=40:q=347:t=30:beta=2:seed=1,40,347,30,2,1,16,ok,False,,2034339,1017169,14.525681508369964,14.525965369518815,0.9997161791359127,-0.00028386114885137204,2129319,1.805789,5.092752,True,10000000,False,FIRST_N_SOLUTIONS,19,14.877241504194785,,
n=40:q=347:t=30:beta=2:seed=1,40,347,30,2,1,17,ok,False,,2388129,1194064,14.6860207721361,14.685657531909598,1.0003633062062216,0.00036324022650191523,3146489,2.165357,7.258176,True,10000000,False,FIRST_N_SOLUTIONS,19,14.877241504194785,,
n=40:q=347:t=30:beta=2:seed=1,40,347,30,2,1,18,ok,False,,2737091,1368545,14.822406235551952,14.822302574774639,1.0001036661502771,0.00010366077731305268,4340554,2.505963,9.764209,True,10000000,False,FIRST_N_SOLUTIONS,19,14.877241504194785,,
n=40:q=347:t=30:beta=2:seed=1,40,347,30,2,1,19,ok,False,,2893299,1446649,14.877907931538571,14.877241504194785,1.000666649455826,0.0006664273437859691,5709100,2.759747,12.524042,True,10000000,False,FIRST_N_SOLUTIONS,19,14.877241504194785,,
n=40:q=347:t=30:beta=2:seed=1,40,347,30,2,1,20,ok,False,,2866675,1433337,14.868663379528146,14.868243771883414,1.0004196956923344,0.000419607644731812,7155750,2.686049,15.210166,True,10000000,False,FIRST_N_SOLUTIONS,19,14.877241504194785,,
n=40:q=347:t=30:beta=2:seed=1,40,347,30,2,1,21,ok,False,,2673649,1336824,14.798954764004215,14.798244495741187,1.0007105205632603,0.0007102682630275581,8589088,2.6273,17.837547,True,10000000,False,FIRST_N_SOLUTIONS,19,14.877241504194785,,
n=40:q=347:t=30:beta=2:seed=1,40,347,30,2,1,22,ok,False,,2266591,1133295,14.633787498568081,14.634383817759982,0.9994038585710519,-0.0005963191919011734,9925913,2.319148,20.156781,True,10000000,False,FIRST_N_SOLUTIONS,19,14.877241504194785,,
n=40:q=347:t=30:beta=2:seed=1,40,347,30,2,1,23,ok,False,,1672997,836498,14.330127186781459,14.33022271094363,0.9999044804001161,-9.552416217140092e-05,11059209,1.713205,21.870067,True,10000000,False,FIRST_N_SOLUTIONS,19,14.877241504194785,,
n=40:q=347:t=30:beta=2:seed=1,40,347,30,2,1,24,ok,False,,1139619,569809,13.946204553983577,13.947525684412582,0.9986797418796132,-0.0013211304290052794,11895708,1.210237,23.080409,True,10000000,False,FIRST_N_SOLUTIONS,19,14.877241504194785,,
n=40:q=347:t=30:beta=2:seed=1,40,347,30,2,1,25,ok,False,,676265,338132,13.424340290042856,13.426387300545827,0.9979550831941791,-0.0020470105029701813,12465518,0.797153,23.877639,True,10000000,False,FIRST_N_SOLUTIONS,19,14.877241504194785,,
n=40:q=347:t=30:beta=2:seed=1,40,347,30,2,1,26,ok,False,,396697,198348,12.890928044084111,12.892315231770311,0.9986137740139006,-0.0013871876862001642,12803651,0.550554,24.428267,True,10000000,False,FIRST_N_SOLUTIONS,19,14.877241504194785,,
n=40:q=347:t=30:beta=2:seed=1,40,347,30,2,1,27,ok,False,,206125,103062,12.2362380598619,12.237596659198985,0.9986423231411881,-0.0013585993370845983,13002000,0.34261,24.770958,True,10000000,False,FIRST_N_SOLUTIONS,19,14.877241504194785,,
n=40:q=347:t=30:beta=2:seed=1,40,347,30,2,1,28,ok,False,,111663,55831,11.623240685779091,11.627143648825196,0.9961046436147745,-0.0039029630461051568,13105063,0.257962,25.028996,True,10000000,False,FIRST_N_SOLUTIONS,19,14.877241504194785,,
n=40:q=347:t=30:beta=2:seed=1,40,347,30,2,1,29,ok,False,,55599,27799,10.92592049446542,10.927724902607338,0.9981972188237358,-0.001804408141918401,13160895,0.207824,25.236895,True,10000000,False,FIRST_N_SOLUTIONS,19,14.877241504194785,,
n=40:q=347:t=30:beta=2:seed=1,40,347,30,2,1,30,ok,False,,26799,13399,10.196119852369948,10.203219347899747,0.9929256463551728,-0.007099495529798716,13188695,0.187628,25.424596,True,10000000,False,FIRST_N_SOLUTIONS,19,14.877241504194785,,
n=40:q=347:t=30:beta=2:seed=1,40,347,30,2,1,31,ok,False,,12959,6479,9.469545806435415,9.481419597149767,0.988196424556701,-0.01187379071435224,13202095,0.174617,25.599283,True,10000000,False,FIRST_N_SOLUTIONS,19,14.877241504194785,,
n=40:q=347:t=30:beta=2:seed=1,40,347,30,2,1,32,ok,False,,5707,2853,8.649448770536708,8.670034351901137,0.9796248552552046,-0.020585581364429117,13208575,0.17315,25.772503,True,10000000,False,FIRST_N_SOLUTIONS,19,14.877241504194785,,
n=40:q=347:t=30:beta=2:seed=1,40,347,30,2,1,33,ok,False,,2431,1215,7.796057974316123,7.835932843304619,0.9609096712289109,-0.03987486898849557,13211429,0.175065,25.947636,True,10000000,False,FIRST_N_SOLUTIONS,19,14.877241504194785,,
n=40:q=347:t=30:beta=2:seed=1,40,347,30,2,1,34,ok,False,,957,478,6.863803391452954,6.904486560976153,0.9601332812483446,-0.040683169523198615,13212645,0.166937,26.114638,True,10000000,False,FIRST_N_SOLUTIONS,19,14.877241504194785,,
n=40:q=347:t=30:beta=2:seed=1,40,347,30,2,1,35,ok,False,,355,177,5.872117789475416,5.890340373718402,0.9819424431165856,-0.018222584242986173,13213124,0.165887,26.280576,True,10000000,False,FIRST_N_SOLUTIONS,19,14.877241504194785,,
n=40:q=347:t=30:beta=2:seed=1,40,347,30,2,1,36,ok,False,,127,63,4.844187086458591,4.861869286704632,0.9824732124954905,-0.017682200246040836,13213302,0.166762,26.44738,True,10000000,False,FIRST_N_SOLUTIONS,19,14.877241504194785,,
n=40:q=347:t=30:beta=2:seed=1,40,347,30,2,1,37,ok,False,,43,21,3.7612001156935624,3.7965493673810613,0.9652682358203262,-0.03534925168749892,13213366,0.167551,26.614992,True,10000000,False,FIRST_N_SOLUTIONS,19,14.877241504194785,,
n=40:q=347:t=30:beta=2:seed=1,40,347,30,2,1,38,ok,False,,13,6,2.5649493574615367,2.602749428539397,0.9629054342936598,-0.03780007107786032,13213388,0.168603,26.783634,True,10000000,False,FIRST_N_SOLUTIONS,19,14.877241504194785,,
n=40:q=347:t=30:beta=2:seed=1,40,347,30,2,1,39,ok,False,,5,2,1.6094379124341003,1.3277573775756366,1.3253552475463086,0.28168053485846367,13213395,0.164725,26.948383,True,10000000,False,FIRST_N_SOLUTIONS,19,14.877241504194785,,
n=40:q=347:t=30:beta=2:seed=1,40,347,30,2,1,40,ok,True,rank_complete,3,1,1.0986122886681098,0.0,3.0000000000000004,1.0986122886681098,13213398,0.165942,27.114349,True,10000000,False,FIRST_N_SOLUTIONS,19,14.877241504194785,,
n=40:q=347:t=30:beta=2:seed=2,40,347,30,2,2,1,ok,False,,7,3,1.9459101490553132,1.8116688251805813,1.143668780926908,0.13424132387473198,3,7.5e-05,9.3e-05,True,10000000,False,FIRST_N_SOLUTIONS,18,14.664864185068893,,
n=40:q=347:t=30:beta=2:seed=2,40,347,30,2,2,2,ok,False,,31,15,3.4339872044851463,3.4520133416959986,0.9821353617437876,-0.018026137210852333,19,5.1e-05,0.000195,True,10000000,False,FIRST_N_SOLUTIONS,18,14.664864185068893,,
n=40:q=347:t=30:beta=2:seed=2,40,347,30,2,2,3,ok,False,,133,66,4.890349128221754,4.878365759941406,1.0120554565034772,0.011983368280347406,85,4e-05,0.000275,True,10000000,False,FIRST_N_SOLUTIONS,18,14.664864185068893,,
n=40:q=347:t=30:beta=2:seed=2,40,347,30,2,2,4,ok,False,,501,250,6.2166061010848646,6.226461030466659,0.9901934713091473,-0.009854929381794442,335,0.000226,0.000535,True,10000000,False,FIRST_N_SOLUTIONS,18,14.664864185068893,,
n=40:q=347:t=30:beta=2:seed=2,40,347,30,2,2,5,ok,False,,1643,821,7.404279118037268,7.410060745445193,0.9942350540357028,-0.005781627407925427,1156,0.000485,0.001058,True,10000000,False,FIRST_N_SOLUTIONS,18,14.664864185068893,,
n=40:q=347:t=30:beta=2:seed=2,40,347,30,2,2,6,ok,False,,4829,2414,8.482394685873542,8.477654456221202,1.0047514823139594,0.004740229652339778,3570,0.001478,0.002573,True,10000000,False,FIRST_N_SOLUTIONS,18,14.664864185068893,,
n=40:q=347:t=30:beta=2:seed=2,40,347,30,2,2,7,ok,False,,12903,6451,9.465215121451847,9.467158884376182,0.9980581249594195,-0.0019437629243359567,10021,0.004371,0.006987,True,10000000,False,FIRST_N_SOLUTIONS,18,14.664864185068893,,
n=40:q=347:t=30:beta=2:seed=2,40,347,30,2,2,8,ok,False,,33037,16518,10.405383424480956,10.40753694382638,0.9978487978137147,-0.0021535193454234047,26539,0.01027,0.017325,True,10000000,False,FIRST_N_SOLUTIONS,18,14.664864185068893,,
n=40:q=347:t=30:beta=2:seed=2,40,347,30,2,2,9,ok,False,,74795,37397,11.22250631680856,11.220102839721527,1.0024063677535076,0.002403477087034034,63936,0.036082,0.053503,True,10000000,False,FIRST_N_SOLUTIONS,18,14.664864185068893,,
n=40:q=347:t=30:beta=2:seed=2,40,347,30,2,2,10,ok,False,,147293,73646,11.900179079257697,11.89915362845911,1.0010259767530212,0.0010254507985862915,137582,0.078502,0.132093,True,10000000,False,FIRST_N_SOLUTIONS,18,14.664864185068893,,
n=40:q=347:t=30:beta=2:seed=2,40,347,30,2,2,11,ok,False,,293229,146614,12.588709152698316,12.588740269067415,0.9999688841150101,-3.111636909913784e-05,137592,0.184035,0.316217,True,10000000,False,FIRST_N_SOLUTIONS,18,14.664864185068893,,
n=40:q=347:t=30:beta=2:seed=2,40,347,30,2,2,12,ok,False,,529543,264771,13.179769649413792,13.179848244450042,0.999921408052259,-7.859503624985109e-05,284207,0.339304,0.655606,True,10000000,False,FIRST_N_SOLUTIONS,18,14.664864185068893,,
n=40:q=347:t=30:beta=2:seed=2,40,347,30,2,2,13,ok,False,,825407,412703,13.62363187700127,13.623450544147389,1.0001813492956766,0.00018133285388088893,548979,0.618006,1.273698,True,10000000,False,FIRST_N_SOLUTIONS,18,14.664864185068893,,
n=40:q=347:t=30:beta=2:seed=2,40,347,30,2,2,14,ok,False,,1235261,617630,14.02679284174829,14.026519755457691,1.0002731235820532,0.00027308629059774603,961683,1.001472,2.27525,True,10000000,False,FIRST_N_SOLUTIONS,18,14.664864185068893,,
n=40:q=347:t=30:beta=2:seed=2,40,347,30,2,2,15,ok,False,,1613467,806733,14.2938958378324,14.293645208676857,1.000250660565654,0.00025062915554308063,1579314,1.308468,3.583815,True,10000000,False,FIRST_N_SOLUTIONS,18,14.664864185068893,,
n=40:q=347:t=30:beta=2:seed=2,40,347,30,2,2,16,ok,False,,2009735,1004867,14.513513430547476,14.513868962658478,0.9996445310830502,-0.0003555321110013665,2386048,1.77725,5.361148,True,10000000,False,FIRST_N_SOLUTIONS,18,14.664864185068893,,
n=40:q=347:t=30:beta=2:seed=2,40,347,30,2,2,17,ok,False,,2180885,1090442,14.595241315687218,14.595684687639391,0.9995567263226466,-0.0004433719521728108,3390916,1.973226,7.334445,True,10000000,False,FIRST_N_SOLUTIONS,18,14.664864185068893,,
n=40:q=347:t=30:beta=2:seed=2,40,347,30,2,2,18,ok,False,,2338287,1169143,14.664929167971453,14.664864185068893,1.000064985013994,6.498290255940731e-05,4481359,2.171147,9.505667,True,10000000,False,FIRST_N_SOLUTIONS,18,14.664864185068893,,
n=40:q=347:t=30:beta=2:seed=2,40,347,30,2,2,19,ok,False,,2221667,1110833,14.613768372964335,14.613529508994418,1.000238892500187,0.0002388639699173467,5650503,2.121979,11.627726,True,10000000,False,FIRST_N_SOLUTIONS,18,14.664864185068893,,
n=40:q=347:t=30:beta=2:seed=2,40,347,30,2,2,20,ok,False,,2058565,1029282,14.537519696084148,14.536522166105783,1.00099802767687,0.0009975299783651081,6761337,2.023543,13.651334,True,10000000,False,FIRST_N_SOLUTIONS,18,14.664864185068893,,
n=40:q=347:t=30:beta=2:seed=2,40,347,30,2,2,21,ok,False,,1748121,874060,14.374052054769852,14.373046824968412,1.001005735214254,0.0010052298014393557,7790620,1.700072,15.351482,True,10000000,False,FIRST_N_SOLUTIONS,18,14.664864185068893,,
n=40:q=347:t=30:beta=2:seed=2,40,347,30,2,2,22,ok,False,,1293161,646580,14.072600166630439,14.07211145719495,1.000488828873401,0.0004887094354888433,8664681,1.305162,16.656728,True,10000000,False,FIRST_N_SOLUTIONS,18,14.664864185068893,,
n=40:q=347:t=30:beta=2:seed=2,40,347,30,2,2,23,ok,False,,861079,430539,13.665941532975427,13.664497460272756,1.0014451158777367,0.0014440727026716615,9311262,0.936376,17.59318,True,10000000,False,FIRST_N_SOLUTIONS,18,14.664864185068893,,
n=40:q=347:t=30:beta=2:seed=2,40,347,30,2,2,24,ok,False,,561365,280682,13.238126596826792,13.238802321922833,0.9993245031547471,-0.0006757250960411909,9741802,0.659922,18.253178,True,10000000,False,FIRST_N_SOLUTIONS,18,14.664864185068893,,
n=40:q=347:t=30:beta=2:seed=2,40,347,30,2,2,25,ok,False,,324223,162111,12.68918682962913,12.689903884025554,0.9992832026256421,-0.0007170543964249987,10022485,0.428726,18.681982,True,10000000,False,FIRST_N_SOLUTIONS,18,14.664864185068893,,
n=40:q=347:t=30:beta=2:seed=2,40,347,30,2,2,26,ok,False,,203501,101750,12.223426197857627,12.225995770930595,0.9974337254540471,-0.002569573072968012,10184597,0.321223,19.003278,True,10000000,False,FIRST_N_SOLUTIONS,18,14.664864185068893,,
n=40:q=347:t=30:beta=2:seed=2,40,347,30,2,2,27,ok,False,,110247,55123,11.610478582054515,11.610885360423197,0.9995933043544222,-0.00040677836868141526,10286348,0.228635,19.231992,True,10000000,False,FIRST_N_SOLUTIONS,18,14.664864185068893,,
n=40:q=347:t=30:beta=2:seed=2,40,347,30,2,2,28,ok,False,,55913,27956,10.931552190245274,10.926776150241778,1.0047874634616099,0.0047760400034952966,10341472,0.181002,19.413072,True,10000000,False,FIRST_N_SOLUTIONS,18,14.664864185068893,,
n=40:q=347:t=30:beta=2:seed=2,40,347,30,2,2,29,ok,False,,29277,14638,10.284557503809571,10.270013280741992,1.014650504917096,0.01454422306757941,10369429,0.15896,19.572113,True,10000000,False,FIRST_N_SOLUTIONS,18,14.664864185068893,,
n=40:q=347:t=30:beta=2:seed=2,40,347,30,2,2,30,ok,False,,13389,6694,9.50218875329738,9.492878685546046,1.009353541241077,0.009310067751334472,10384068,0.146202,19.718397,True,10000000,False,FIRST_N_SOLUTIONS,18,14.664864185068893,,
n=40:q=347:t=30:beta=2:seed=2,40,347,30,2,2,31,ok,False,,6043,3021,8.706655856361559,8.696131466623939,1.0105799659246655,0.010524389737620155,10390763,0.141768,19.86024,True,10000000,False,FIRST_N_SOLUTIONS,18,14.664864185068893,,
n=40:q=347:t=30:beta=2:seed=2,40,347,30,2,2,32,ok,False,,2727,1363,7.910957382845589,7.918928542168402,0.9920605261218579,-0.007971159322813115,10393785,0.139564,19.999874,True,10000000,False,FIRST_N_SOLUTIONS,18,14.664864185068893,,
n=40:q=347:t=30:beta=2:seed=2,40,347,30,2,2,33,ok,False,,1197,598,7.087573705557973,7.072425021642857,1.015264006821512,0.01514868391511559,10395149,0.137932,20.137872,True,10000000,False,FIRST_N_SOLUTIONS,18,14.664864185068893,,
n=40:q=347:t=30:beta=2:seed=2,40,347,30,2,2,34,ok,False,,509,254,6.2324480165505225,6.213266973723648,1.0193661808477863,0.01918104282687416,10395748,0.137696,20.275623,True,10000000,False,FIRST_N_SOLUTIONS,18,14.664864185068893,,
n=40:q=347:t=30:beta=2:seed=2,40,347,30,2,2,35,ok,False,,195,97,5.272999558563747,5.257608536735802,1.015510073596346,0.01539102182794494,10396003,0.137502,20.413172,True,10000000,False,FIRST_N_SOLUTIONS,18,14.664864185068893,,
n=40:q=347:t=30:beta=2:seed=2,40,347,30,2,2,36,ok,False,,65,32,4.174387269895637,4.2179416037061515,0.9573805345452152,-0.043554333810514656,10396101,0.137453,20.550732,True,10000000,False,FIRST_N_SOLUTIONS,18,14.664864185068893,,
n=40:q=347:t=30:beta=2:seed=2,40,347,30,2,2,37,ok,False,,13,6,2.5649493574615367,3.174554787415218,0.543565301353573,-0.6096054299536813,10396134,0.136786,20.687557,True,10000000,False,FIRST_N_SOLUTIONS,18,14.664864185068893,,
n=40:q=347:t=30:beta=2:seed=2,40,347,30,2,2,38,ok,False,,5,2,1.6094379124341003,2.1155077884102127,0.6028602445839797,-0.5060698759761124,10396141,0.137325,20.824915,True,10000000,False,FIRST_N_SOLUTIONS,18,14.664864185068893,,
n=40:q=347:t=30:beta=2:seed=2,40,347,30,2,2,39,ok,False,,3,1,1.0986122886681098,1.0332725597910155,1.0675216307116604,0.06533972887709427,10396144,0.136454,20.961411,True,10000000,False,FIRST_N_SOLUTIONS,18,14.664864185068893,,
n=40:q=347:t=30:beta=2:seed=2,40,347,30,2,2,40,ok,True,rank_complete,1,0,0.0,0.0,1.0,0.0,10396146,0.136091,21.09754,True,10000000,False,FIRST_N_SOLUTIONS,18,14.664864185068893,,
n=40:q=347:t=30:beta=7:seed=0,40,347,30,7,0,1,ok,False,,5,2,1.6094379124341003,1.6827542705295313,0.9293067897911513,-0.07331635809543102,2,1.8e-05,3e-05,True,10000000,False,FIRST_N_SOLUTIONS,18,12.303756665731356,,
n=40:q=347:t=30:beta=7:seed=0,40,347,30,7,0,2,ok,False,,23,11,3.1354942159291497,3.086638633892985,1.0500686910068544,0.04885558203616469,14,9e-06,6.8e-05,True,10000000,False,FIRST_N_SOLUTIONS,18,12.303756665731356,,
n=40:q=347:t=30:beta=7:seed=0,40,347,30,7,0,3,ok,False,,83,41,4.418840607796598,4.424083929316581,0.994770400696492,-0.0052433215199823024,55,1.7e-05,0.000107,True,10000000,False,FIRST_N_SOLUTIONS,18,12.303756665731356,,
n=40:q=347:t=30:beta=7:seed=0,40,347,30,7,0,4,ok,False,,271,135,5.602118820879701,5.598839950425658,1.003284251829774,0.003278870454042959,190,0.000143,0.000269,True,10000000,False,FIRST_N_SOLUTIONS,18,12.303756665731356,,
n=40:q=347:t=30:beta=7:seed=0,40,347,30,7,0,5,ok,False,,797,398,6.680854678790215,6.673075621042251,1.0078093932271501,0.007779057747963947,588,0.000161,0.000453,True,10000000,False,FIRST_N_SOLUTIONS,18,12.303756665731356,,
n=40:q=347:t=30:beta=7:seed=0,40,347,30,7,0,6,ok,False,,2097,1048,7.64826303090192,7.628358777177482,1.020103664224247,0.01990425372443827,1636,0.000453,0.000925,True,10000000,False,FIRST_N_SOLUTIONS,18,12.303756665731356,,
n=40:q=347:t=30:beta=7:seed=0,40,347,30,7,0,7,ok,False,,4583,2291,8.430109084509125,8.422185667478,1.0079548903703974,0.007923417031124202,3927,0.001022,0.00197,True,10000000,False,FIRST_N_SOLUTIONS,18,12.303756665731356,,
n=40:q=347:t=30:beta=7:seed=0,40,347,30,7,0,8,ok,False,,9195,4597,9.126415137038421,9.127341388582867,0.999074177294102,-0.0009262515444454777,8524,0.002142,0.00415,True,10000000,False,FIRST_N_SOLUTIONS,18,12.303756665731356,,
n=40:q=347:t=30:beta=7:seed=0,40,347,30,7,0,9,ok,False,,16893,8446,9.734654613922729,9.740473256599437,0.9941982528390519,-0.005818642676707952,16970,0.00443,0.008626,True,10000000,False,FIRST_N_SOLUTIONS,18,12.303756665731356,,
n=40:q=347:t=30:beta=7:seed=0,40,347,30,7,0,10,ok,False,,27745,13872,10.230810922760002,10.236834120584838,0.9939949052667788,-0.0060231978248364015,30842,0.009029,0.01772,True,10000000,False,FIRST_N_SOLUTIONS,18,12.303756665731356,,
n=40:q=347:t=30:beta=7:seed=0,40,347,30,7,0,11,ok,False,,46947,23473,10.756774584831282,10.760380614392375,0.9964004643554083,-0.003606029561092683,30852,0.016929,0.03472,True,10000000,False,FIRST_N_SOLUTIONS,18,12.303756665731356,,
n=40:q=347:t=30:beta=7:seed=0,40,347,30,7,0,12,ok,False,,76665,38332,11.247200559870489,11.248574712133383,0.998626791452008,-0.0013741522628940572,54326,0.034543,0.069323,True,10000000,False,FIRST_N_SOLUTIONS,18,12.303756665731356,,
n=40:q=347:t=30:beta=7:seed=0,40,347,30,7,0,13,ok,False,,108957,54478,11.598708587964651,11.598935836046628,0.9997727777369126,-0.00022724808197693847,92659,0.058621,0.128023,True,10000000,False,FIRST_N_SOLUTIONS,18,12.303756665731356,,
n=40:q=347:t=30:beta=7:seed=0,40,347,30,7,0,14,ok,False,,143133,71566,11.87152954692507,11.870761938826433,1.000767902785129,0.0007676080986360745,147138,0.088205,0.216301,True,10000000,False,FIRST_N_SOLUTIONS,18,12.303756665731356,,
n=40:q=347:t=30:beta=7:seed=0,40,347,30,7,0,15,ok,False,,178423,89211,12.091912414584908,12.091195820449208,1.0007168509506175,0.0007165941356994665,218705,0.133628,0.350013,True,10000000,False,FIRST_N_SOLUTIONS,18,12.303756665731356,,
n=40:q=347:t=30:beta=7:seed=0,40,347,30,7,0,16,ok,False,,209359,104679,12.251805760731022,12.251108113049284,1.0006978910944844,0.0006976476817381894,307917,0.149439,0.499509,True,10000000,False,FIRST_N_SOLUTIONS,18,12.303756665731356,,
n=40:q=347:t=30:beta=7:seed=0,40,347,30,7,0,17,ok,False,,220495,110247,12.303630297874978,12.300679698667238,1.002954956510079,0.002950599207739657,412597,0.167741,0.66733,True,10000000,False,FIRST_N_SOLUTIONS,18,12.303756665731356,,
n=40:q=347:t=30:beta=7:seed=0,40,347,30,7,0,18,ok,False,,220819,110409,12.305098640407564,12.303756665731356,1.001342875527152,0.001341974676208224,522845,0.176899,0.844311,True,10000000,False,FIRST_N_SOLUTIONS,18,12.303756665731356,,
n=40:q=347:t=30:beta=7:seed=0,40,347,30,7,0,19,ok,False,,206711,103355,12.239076961476902,12.238857445957507,1.0002195396146902,0.00021951551939558556,633255,0.190538,1.034945,True,10000000,False,FIRST_N_SOLUTIONS,18,12.303756665731356,,
n=40:q=347:t=30:beta=7:seed=0,40,347,30,7,0,20,ok,False,,181161,90580,12.107141417637251,12.10975566518502,0.9973891666215429,-0.0026142475477684,736611,0.162682,1.197718,True,10000000,False,FIRST_N_SOLUTIONS,18,12.303756665731356,,
n=40:q=347:t=30:beta=7:seed=0,40,347,30,7,0,21,ok,False,,147387,73693,11.900817059461229,11.906252993770295,0.9945788136467663,-0.005435934309065971,827192,0.130948,1.328761,True,10000000,False,FIRST_N_SOLUTIONS,18,12.303756665731356,,
n=40:q=347:t=30:beta=7:seed=0,40,347,30,7,0,22,ok,False,,122871,61435,11.718890303511659,11.72403373899202,0.9948697693348368,-0.005143435480361447,900886,0.108198,1.437016,True,10000000,False,FIRST_N_SOLUTIONS,18,12.303756665731356,,
n=40:q=347:t=30:beta=7:seed=0,40,347,30,7,0,23,ok,False,,101213,50606,11.52498248608344,11.529435944294619,0.9955564437290944,-0.00445345821117904,962322,0.087264,1.524341,True,10000000,False,FIRST_N_SOLUTIONS,18,12.303756665731356,,
n=40:q=347:t=30:beta=7:seed=0,40,347,30,7,0,24,ok,False,,76187,38093,11.240946123445735,11.237121298710989,1.0038321487115374,0.0038248247347461017,1012929,0.096336,1.620736,True,10000000,False,FIRST_N_SOLUTIONS,18,12.303756665731356,,
n=40:q=347:t=30:beta=7:seed=0,40,347,30,7,0,25,ok,False,,52667,26333,10.87174435243489,10.870696902451499,1.00104799875071,0.0010474499833907913,1051023,0.078529,1.699357,True,10000000,False,FIRST_N_SOLUTIONS,18,12.303756665731356,,
n=40:q=347:t=30:beta=7:seed=0,40,347,30,7,0,26,ok,False,,34577,17288,10.450944000123906,10.451536748074858,0.9994074276894095,-0.0005927479509519884,1077357,0.041302,1.740725,True,10000000,False,FIRST_N_SOLUTIONS,18,12.303756665731356,,
n=40:q=347:t=30:beta=7:seed=0,40,347,30,7,0,27,ok,False,,21719,10859,9.98594273247232,9.988008360829411,0.9979365035849781,-0.0020656283570907874,1094646,0.030328,1.771134,True,10000000,False,FIRST_N_SOLUTIONS,18,12.303756665731356,,
n=40:q=347:t=30:beta=7:seed=0,40,347,30,7,0,28,ok,False,,13117,6558,9.481664377815145,9.475809469020675,1.00587208227299,0.005854908794470148,1105506,0.024079,1.795276,True,10000000,False,FIRST_N_SOLUTIONS,18,12.303756665731356,,
n=40:q=347:t=30:beta=7:seed=0,40,347,30,7,0,29,ok,False,,8109,4054,9.000729834944558,8.971570840010273,1.0295882807831829,0.029158994934284976,1112065,0.021202,1.816551,True,10000000,False,FIRST_N_SOLUTIONS,18,12.303756665731356,,
n=40:q=347:t=30:beta=7:seed=0,40,347,30,7,0,30,ok,False,,4487,2243,8.408939605975984,8.390431991507526,1.0186799418463295,0.018507614468457945,1116120,0.022403,1.839015,True,10000000,False,FIRST_N_SOLUTIONS,18,12.303756665731356,,
n=40:q=347:t=30:beta=7:seed=0,40,347,30,7,0,31,ok,False,,2239,1119,7.713784616598755,7.674531569407691,1.0400336279429545,0.03925304719106393,1118364,0.020713,1.859806,True,10000000,False,FIRST_N_SOLUTIONS,18,12.303756665731356,,
n=40:q=347:t=30:beta=7:seed=0,40,347,30,7,0,32,ok,False,,1203,601,7.0925737159746784,7.035454135067511,1.0587824129871612,0.057119580907167844,1119484,0.019794,1.879691,True,10000000,False,FIRST_N_SOLUTIONS,18,12.303756665731356,,
n=40:q=347:t=30:beta=7:seed=0,40,347,30,7,0,33,ok,False,,649,324,6.47543271670409,6.316529721823684,1.1722242294136629,0.15890299488040593,1120086,0.019436,1.899207,True,10000000,False,FIRST_N_SOLUTIONS,18,12.303756665731356,,
n=40:q=347:t=30:beta=7:seed=0,40,347,30,7,0,34,ok,False,,333,166,5.808142489980444,5.567822260551736,1.271656306898837,0.24032022942870768,1120411,0.016137,1.91542,True,10000000,False,FIRST_N_SOLUTIONS,18,12.303756665731356,,
n=40:q=347:t=30:beta=7:seed=0,40,347,30,7,0,35,ok,False,,149,74,5.003946305945459,4.786446888524779,1.2429647053819877,0.21749941742068035,1120578,0.015411,1.930871,True,10000000,False,FIRST_N_SOLUTIONS,18,12.303756665731356,,
n=40:q=347:t=30:beta=7:seed=0,40,347,30,7,0,36,ok,False,,57,28,4.04305126783455,3.9013111942557543,1.1522771023452587,0.14174007357879592,1120653,0.015564,1.946468,True,10000000,False,FIRST_N_SOLUTIONS,18,12.303756665731356,,
n=40:q=347:t=30:beta=7:seed=0,40,347,30,7,0,37,ok,False,,15,7,2.70805020110221,2.982732540008328,0.7598134480642412,-0.27468233890611815,1120682,0.015505,1.962005,True,10000000,False,FIRST_N_SOLUTIONS,18,12.303756665731356,,
n=40:q=347:t=30:beta=7:seed=0,40,347,30,7,0,38,ok,False,,5,2,1.6094379124341003,2.0413626495091535,0.6492582399205116,-0.4319247370750532,1120690,0.015818,1.977865,True,10000000,False,FIRST_N_SOLUTIONS,18,12.303756665731356,,
n=40:q=347:t=30:beta=7:seed=0,40,347,30,7,0,39,ok,False,,1,0,0.0,1.0631055213405602,0.34538155334488063,-1.0631055213405602,1120693,0.016632,1.994539,True,10000000,False,FIRST_N_SOLUTIONS,18,12.303756665731356,,
n=40:q=347:t=30:beta=7:seed=0,40,347,30,7,0,40,ok,True,rank_complete,1,0,0.0,0.0,1.0,0.0,1120694,0.019044,2.013636,True,10000000,False,FIRST_N_SOLUTIONS,18,12.303756665731356,,
n=40:q=347:t=30:beta=7:seed=1,40,347,30,7,1,1,ok,False,,5,2,1.6094379124341003,1.5974415120141496,1.0120686458374148,0.011996400419950648,2,3.1e-05,5.3e-05,True,10000000,False,FIRST_N_SOLUTIONS,18,12.148876314136402,,
n=40:q=347:t=30:beta=7:seed=1,40,347,30,7,1,2,ok,False,,23,11,3.1354942159291497,3.0860168721548327,1.0507217865552259,0.049477343774317006,14,1.2e-05,0.000113,True,10000000,False,FIRST_N_SOLUTIONS,18,12.148876314136402,,
n=40:q=347:t=30:beta=7:seed=1,40,347,30,7,1,3,ok,False,,83,41,4.418840607796598,4.389961333439999,1.0293003240300962,0.028879274356599538,55,2e-05,0.000162,True,10000000,False,FIRST_N_SOLUTIONS,18,12.148876314136402,,
n=40:q=347:t=30:beta=7:seed=1,40,347,30,7,1,4,ok,False,,239,119,5.476463551931511,5.480055262617512,0.9964147317913454,-0.0035917106860008374,174,0.000178,0.000364,True,10000000,False,FIRST_N_SOLUTIONS,18,12.148876314136402,,
n=40:q=347:t=30:beta=7:seed=1,40,347,30,7,1,5,ok,False,,657,328,6.48768401848461,6.496496911783183,0.9912258264178446,-0.00881289329857271,502,0.000167,0.000562,True,10000000,False,FIRST_N_SOLUTIONS,18,12.148876314136402,,
n=40:q=347:t=30:beta=7:seed=1,40,347,30,7,1,6,ok,False,,1601,800,7.3783837129967145,7.383166096366523,0.9952290340175138,-0.004782383369808407,1302,0.000503,0.001096,True,10000000,False,FIRST_N_SOLUTIONS,18,12.148876314136402,,
n=40:q=347:t=30:beta=7:seed=1,40,347,30,7,1,7,ok,False,,3465,1732,8.150467911624004,8.147432468445828,1.0030400548007452,0.003035443178175612,3034,0.001106,0.002245,True,10000000,False,FIRST_N_SOLUTIONS,18,12.148876314136402,,
n=40:q=347:t=30:beta=7:seed=1,40,347,30,7,1,8,ok,False,,7109,3554,8.869116865929483,8.871149838158164,0.9979690928597005,-0.0020329722286813734,6588,0.002497,0.004789,True,10000000,False,FIRST_N_SOLUTIONS,18,12.148876314136402,,
n=40:q=347:t=30:beta=7:seed=1,40,347,30,7,1,9,ok,False,,13717,6858,9.526391218478407,9.530236902297666,0.9961617013527145,-0.0038456838192590936,13446,0.00557,0.010423,True,10000000,False,FIRST_N_SOLUTIONS,18,12.148876314136402,,
n=40:q=347:t=30:beta=7:seed=1,40,347,30,7,1,10,ok,False,,23995,11997,10.085600754292345,10.088334635731812,0.9972698522111684,-0.0027338814394664013,25443,0.010741,0.021231,True,10000000,False,FIRST_N_SOLUTIONS,18,12.148876314136402,,
n=40:q=347:t=30:beta=7:seed=1,40,347,30,7,1,11,ok,False,,39745,19872,10.590239326007213,10.59703438615248,0.9932279740734251,-0.0067950601452668735,25453,0.016197,0.037518,True,10000000,False,FIRST_N_SOLUTIONS,18,12.148876314136402,,
n=40:q=347:t=30:beta=7:seed=1,40,347,30,7,1,12,ok,False,,59375,29687,10.991628541336942,10.995947503970676,0.9956903506726167,-0.0043189626337341025,45326,0.028137,0.065747,True,10000000,False,FIRST_N_SOLUTIONS,18,12.148876314136402,,
n=40:q=347:t=30:beta=7:seed=1,40,347,30,7,1,13,ok,False,,84391,42195,11.343216039827036,11.345798848999529,0.9974205234093595,-0.0025828091724928726,75014,0.044277,0.110098,True,10000000,False,FIRST_N_SOLUTIONS,18,12.148876314136402,,
n=40:q=347:t=30:beta=7:seed=1,40,347,30,7,1,14,ok,False,,107223,53611,11.582666056844605,11.585633689330102,0.9970367665831055,-0.0029676324854968072,117210,0.063994,0.174187,True,10000000,False,FIRST_N_SOLUTIONS,18,12.148876314136402,,
n=40:q=347:t=30:beta=7:seed=1,40,347,30,7,1,15,ok,False,,136221,68110,11.822033845834287,11.824697597994088,0.9973397924799374,-0.0026637521598011915,170822,0.088621,0.262898,True,10000000,False,FIRST_N_SOLUTIONS,18,12.148876314136402,,
n=40:q=347:t=30:beta=7:seed=1,40,347,30,7,1,16,ok,False,,165449,82724,12.016418269209401,12.017767716819463,0.9986514624849427,-0.001349447610062171,238933,0.10883,0.3718,True,10000000,False,FIRST_N_SOLUTIONS,18,12.148876314136402,,
n=40:q=347:t=30:beta=7:seed=1,40,347,30,7,1,17,ok,False,,185619,92809,12.131451464784371,12.131548032272093,0.9999034371747679,-9.656748772179924e-05,321658,0.142827,0.514701,True,10000000,False,FIRST_N_SOLUTIONS,18,12.148876314136402,,
n=40:q=347:t=30:beta=7:seed=1,40,347,30,7,1,18,ok,False,,188915,94457,12.149052457430725,12.148876314136402,1.0001761588084646,0.00017614329432369402,414468,0.146868,0.661668,True,10000000,False,FIRST_N_SOLUTIONS,18,12.148876314136402,,
n=40:q=347:t=30:beta=7:seed=1,40,347,30,7,1,19,ok,False,,180913,90456,12.105771531709054,12.10701692976717,0.9987553771282077,-0.001245398058115299,508926,0.216049,0.877794,True,10000000,False,FIRST_N_SOLUTIONS,18,12.148876314136402,,
n=40:q=347:t=30:beta=7:seed=1,40,347,30,7,1,20,ok,False,,177437,88718,12.086370895317732,12.087139922038688,0.9992312689043066,-0.0007690267209561341,599383,0.203962,1.081838,True,10000000,False,FIRST_N_SOLUTIONS,18,12.148876314136402,,
n=40:q=347:t=30:beta=7:seed=1,40,347,30,7,1,21,ok,False,,154937,77468,11.950773861664635,11.949664014663554,1.0011104631091707,0.0011098470010804107,688102,0.149929,1.231836,True,10000000,False,FIRST_N_SOLUTIONS,18,12.148876314136402,,
n=40:q=347:t=30:beta=7:seed=1,40,347,30,7,1,22,ok,False,,125781,62890,11.742297578455458,11.743459591207838,0.998838662123009,-0.001162012752379482,765571,0.112166,1.344084,True,10000000,False,FIRST_N_SOLUTIONS,18,12.148876314136402,,
n=40:q=347:t=30:beta=7:seed=1,40,347,30,7,1,23,ok,False,,95463,47731,11.46649401684169,11.462886772782028,1.003613757994611,0.0036072440596619515,828462,0.091095,1.435267,True,10000000,False,FIRST_N_SOLUTIONS,18,12.148876314136402,,
n=40:q=347:t=30:beta=7:seed=1,40,347,30,7,1,24,ok,False,,72779,36389,11.195182731033283,11.189679523058999,1.0055183784392625,0.005503207974284052,876194,0.073316,1.508665,True,10000000,False,FIRST_N_SOLUTIONS,18,12.148876314136402,,
n=40:q=347:t=30:beta=7:seed=1,40,347,30,7,1,25,ok,False,,51059,25529,10.840737105801496,10.83455410328186,1.0062021567362227,0.006183002519636105,912584,0.051227,1.559949,True,10000000,False,FIRST_N_SOLUTIONS,18,12.148876314136402,,
n=40:q=347:t=30:beta=7:seed=1,40,347,30,7,1,26,ok,False,,35089,17544,10.465642970023561,10.461345134013769,1.004307084952375,0.004297836009792277,938114,0.035241,1.595266,True,10000000,False,FIRST_N_SOLUTIONS,18,12.148876314136402,,
n=40:q=347:t=30:beta=7:seed=1,40,347,30,7,1,27,ok,False,,21815,10907,9.99035308555771,9.982313378610272,1.0080721121759713,0.008039706947437608,955659,0.028079,1.623418,True,10000000,False,FIRST_N_SOLUTIONS,18,12.148876314136402,,
n=40:q=347:t=30:beta=7:seed=1,40,347,30,7,1,28,ok,False,,13809,6904,9.533075832485352,9.513071997060976,1.0202052529393475,0.020003835424375893,966567,0.022803,1.646295,True,10000000,False,FIRST_N_SOLUTIONS,18,12.148876314136402,,
n=40:q=347:t=30:beta=7:seed=1,40,347,30,7,1,29,ok,False,,7963,3981,8.982561092257445,8.946344966394918,1.0368799188429334,0.03621612586252709,973472,0.018172,1.66454,True,10000000,False,FIRST_N_SOLUTIONS,18,12.148876314136402,,
n=40:q=347:t=30:beta=7:seed=1,40,347,30,7,1,30,ok,False,,4443,2221,8.399085102935908,8.361139491404913,1.0386747394133446,0.037945611530995293,977454,0.015997,1.680588,True,10000000,False,FIRST_N_SOLUTIONS,18,12.148876314136402,,
n=40:q=347:t=30:beta=7:seed=1,40,347,30,7,1,31,ok,False,,2453,1226,7.8050670442584895,7.743367590402244,1.0636426229961995,0.06169945385624587,979676,0.015195,1.695838,True,10000000,False,FIRST_N_SOLUTIONS,18,12.148876314136402,,
n=40:q=347:t=30:beta=7:seed=1,40,347,30,7,1,32,ok,False,,1261,630,7.13966033596492,7.060748456325939,1.0821089620363995,0.07891187963898094,980903,0.014738,1.710635,True,10000000,False,FIRST_N_SOLUTIONS,18,12.148876314136402,,
n=40:q=347:t=30:beta=7:seed=1,40,347,30,7,1,33,ok,False,,623,311,6.434546518787453,6.313013333164093,1.1292268393999438,0.12153318562335969,981534,0.014389,1.725079,True,10000000,False,FIRST_N_SOLUTIONS,18,12.148876314136402,,
n=40:q=347:t=30:beta=7:seed=1,40,347,30,7,1,34,ok,False,,253,126,5.53338948872752,5.5187620968463875,1.0147348957050535,0.014627391881132823,981846,0.016148,1.74127,True,10000000,False,FIRST_N_SOLUTIONS,18,12.148876314136402,,
n=40:q=347:t=30:beta=7:seed=1,40,347,30,7,1,35,ok,False,,99,49,4.59511985013459,4.638788581973131,0.9572710183643294,-0.04366873183854114,981973,0.016846,1.75818,True,10000000,False,FIRST_N_SOLUTIONS,18,12.148876314136402,,
n=40:q=347:t=30:beta=7:seed=1,40,347,30,7,1,36,ok,False,,45,22,3.8066624897703196,3.7468802725176147,1.0616053220443422,0.05978221725270494,982023,0.016695,1.774944,True,10000000,False,FIRST_N_SOLUTIONS,18,12.148876314136402,,
n=40:q=347:t=30:beta=7:seed=1,40,347,30,7,1,37,ok,False,,17,8,2.833213344056216,2.8410330394577272,0.9922107988794766,-0.007819695401511062,982046,0.016889,1.792769,True,10000000,False,FIRST_N_SOLUTIONS,18,12.148876314136402,,
n=40:q=347:t=30:beta=7:seed=1,40,347,30,7,1,38,ok,False,,5,2,1.6094379124341003,1.9158689357288097,0.7360692880627264,-0.3064310232947094,982055,0.016639,1.809522,True,10000000,False,FIRST_N_SOLUTIONS,18,12.148876314136402,,
n=40:q=347:t=30:beta=7:seed=1,40,347,30,7,1,39,ok,False,,3,1,1.0986122886681098,0.9485432724006273,1.1619144309582639,0.15006901626748248,982058,0.01477,1.824393,True,10000000,False,FIRST_N_SOLUTIONS,18,12.148876314136402,,
n=40:q=347:t=30:beta=7:seed=1,40,347,30,7,1,40,ok,True,rank_complete,3,1,1.0986122886681098,0.0,3.0000000000000004,1.0986122886681098,982060,0.013439,1.837872,True,10000000,False,FIRST_N_SOLUTIONS,18,12.148876314136402,,
n=40:q=347:t=30:beta=7:seed=2,40,347,30,7,2,1,ok,False,,5,2,1.6094379124341003,1.6627516032226817,0.9480825610646318,-0.05331369078858139,2,2.3e-05,5.4e-05,True,10000000,False,FIRST_N_SOLUTIONS,18,12.271758523209854,,
n=40:q=347:t=30:beta=7:seed=2,40,347,30,7,2,2,ok,False,,23,11,3.1354942159291497,3.156681676717646,0.9790354166148103,-0.021187460788496537,14,1.3e-05,0.000133,True,10000000,False,FIRST_N_SOLUTIONS,18,12.271758523209854,,
n=40:q=347:t=30:beta=7:seed=2,40,347,30,7,2,3,ok,False,,81,40,4.394449154672439,4.451031868988659,0.944988317199921,-0.056582714316220084,54,2.3e-05,0.000204,True,10000000,False,FIRST_N_SOLUTIONS,18,12.271758523209854,,
n=40:q=347:t=30:beta=7:seed=2,40,347,30,7,2,4,ok,False,,271,135,5.602118820879701,5.6028674769616345,0.999251624091109,-0.0007486560819334187,189,0.000149,0.000393,True,10000000,False,FIRST_N_SOLUTIONS,18,12.271758523209854,,
n=40:q=347:t=30:beta=7:seed=2,40,347,30,7,2,5,ok,False,,751,375,6.621405651764134,6.632427877312697,0.9890382966123952,-0.01102222554856258,564,0.000218,0.000672,True,10000000,False,FIRST_N_SOLUTIONS,18,12.271758523209854,,
n=40:q=347:t=30:beta=7:seed=2,40,347,30,7,2,6,ok,False,,1905,952,7.552237287560802,7.557766493434897,0.9944860520503489,-0.005529205874095666,1516,0.000614,0.001339,True,10000000,False,FIRST_N_SOLUTIONS,18,12.271758523209854,,
n=40:q=347:t=30:beta=7:seed=2,40,347,30,7,2,7,ok,False,,4397,2198,8.388677769180811,8.39637320164153,0.9923341015720493,-0.007695432460719687,3714,0.001423,0.002827,True,10000000,False,FIRST_N_SOLUTIONS,18,12.271758523209854,,
n=40:q=347:t=30:beta=7:seed=2,40,347,30,7,2,8,ok,False,,9227,4613,9.129889247578555,9.134924321777845,0.9949775805387161,-0.005035074199289724,8327,0.002804,0.00568,True,10000000,False,FIRST_N_SOLUTIONS,18,12.271758523209854,,
n=40:q=347:t=30:beta=7:seed=2,40,347,30,7,2,9,ok,False,,17581,8790,9.774574052442789,9.769246548008006,1.0053417208212763,0.005327504434783137,17117,0.004866,0.010605,True,10000000,False,FIRST_N_SOLUTIONS,18,12.271758523209854,,
n=40:q=347:t=30:beta=7:seed=2,40,347,30,7,2,10,ok,False,,30069,15034,10.311250019692975,10.306525483653601,1.0047357142567985,0.004724536039374172,32151,0.010048,0.020704,True,10000000,False,FIRST_N_SOLUTIONS,18,12.271758523209854,,
n=40:q=347:t=30:beta=7:seed=2,40,347,30,7,2,11,ok,False,,48261,24130,10.784379060058418,10.777953007698706,1.0064467437317128,0.006426052359712386,32161,0.017985,0.038774,True,10000000,False,FIRST_N_SOLUTIONS,18,12.271758523209854,,
n=40:q=347:t=30:beta=7:seed=2,40,347,30,7,2,12,ok,False,,70475,35237,11.163013315982314,11.156832235098555,1.0062002231839156,0.006181080883758128,56292,0.034501,0.073356,True,10000000,False,FIRST_N_SOLUTIONS,18,12.271758523209854,,
n=40:q=347:t=30:beta=7:seed=2,40,347,30,7,2,13,ok,False,,102355,51177,11.536202441874721,11.532748279153289,1.0034601352161618,0.0034541627214323967,91530,0.059379,0.132803,True,10000000,False,FIRST_N_SOLUTIONS,18,12.271758523209854,,
n=40:q=347:t=30:beta=7:seed=2,40,347,30,7,2,14,ok,False,,137171,68585,11.82898360166969,11.828618163464881,1.0003655049854832,0.0003654382048079441,142708,0.086682,0.219555,True,10000000,False,FIRST_N_SOLUTIONS,18,12.271758523209854,,
n=40:q=347:t=30:beta=7:seed=2,40,347,30,7,2,15,ok,False,,166961,83480,12.025515531191699,12.024844208181356,1.000671548398068,0.0006713230103425616,211294,0.106706,0.326357,True,10000000,False,FIRST_N_SOLUTIONS,18,12.271758523209854,,
n=40:q=347:t=30:beta=7:seed=2,40,347,30,7,2,16,ok,False,,196931,98465,12.190608692559827,12.191231557974675,0.999377328525547,-0.0006228654148472401,294775,0.136416,0.462842,True,10000000,False,FIRST_N_SOLUTIONS,18,12.271758523209854,,
n=40:q=347:t=30:beta=7:seed=2,40,347,30,7,2,17,ok,False,,210575,105287,12.257597163183565,12.256519272281565,1.0010784720351786,0.001077890901999723,393241,0.176673,0.639604,True,10000000,False,FIRST_N_SOLUTIONS,18,12.271758523209854,,
n=40:q=347:t=30:beta=7:seed=2,40,347,30,7,2,18,ok,False,,213735,106867,12.272492208897999,12.271758523209854,1.0007339549013246,0.0007336856881448028,498529,0.244612,0.884292,True,10000000,False,FIRST_N_SOLUTIONS,18,12.271758523209854,,
n=40:q=347:t=30:beta=7:seed=2,40,347,30,7,2,19,ok,False,,209303,104651,12.251538241823962,12.248675526739234,1.0028668165664132,0.002862715084727796,605397,0.183801,1.068181,True,10000000,False,FIRST_N_SOLUTIONS,18,12.271758523209854,,
n=40:q=347:t=30:beta=7:seed=2,40,347,30,7,2,20,ok,False,,201347,100673,12.212785066739748,12.210913390532752,1.0018734288862197,0.0018716762069956872,710049,0.194797,1.263041,True,10000000,False,FIRST_N_SOLUTIONS,18,12.271758523209854,,
n=40:q=347:t=30:beta=7:seed=2,40,347,30,7,2,21,ok,False,,173451,86725,12.063650417731521,12.065437562670908,0.998214451053232,-0.0017871449393869199,810723,0.159687,1.422819,True,10000000,False,FIRST_N_SOLUTIONS,18,12.271758523209854,,
n=40:q=347:t=30:beta=7:seed=2,40,347,30,7,2,22,ok,False,,143579,71789,11.874640685347897,11.877551313809391,0.9970936033108247,-0.002910628461494369,897449,0.13338,1.556268,True,10000000,False,FIRST_N_SOLUTIONS,18,12.271758523209854,,
n=40:q=347:t=30:beta=7:seed=2,40,347,30,7,2,23,ok,False,,113979,56989,11.643769499881474,11.643455675325882,1.0003138738036694,0.0003138245555920349,969239,0.103573,1.659903,True,10000000,False,FIRST_N_SOLUTIONS,18,12.271758523209854,,
n=40:q=347:t=30:beta=7:seed=2,40,347,30,7,2,24,ok,False,,84575,42287,11.345393993648909,11.347154866521478,0.9982406765544855,-0.001760872872569763,1026229,0.078889,1.738849,True,10000000,False,FIRST_N_SOLUTIONS,18,12.271758523209854,,
n=40:q=347:t=30:beta=7:seed=2,40,347,30,7,2,25,ok,False,,59733,29866,10.997639910482144,10.999300362023206,0.9983409262459101,-0.0016604515410616472,1068517,0.074199,1.813107,True,10000000,False,FIRST_N_SOLUTIONS,18,12.271758523209854,,
n=40:q=347:t=30:beta=7:seed=2,40,347,30,7,2,26,ok,False,,40849,20424,10.617637620184352,10.61885436038186,0.9987839997307155,-0.0012167401975080594,1098384,0.053112,1.866296,True,10000000,False,FIRST_N_SOLUTIONS,18,12.271758523209854,,
n=40:q=347:t=30:beta=7:seed=2,40,347,30,7,2,27,ok,False,,26781,13390,10.195447959847472,10.190697633681125,1.0047616268525863,0.004750326166346852,1118809,0.042276,1.908678,True,10000000,False,FIRST_N_SOLUTIONS,18,12.271758523209854,,
n=40:q=347:t=30:beta=7:seed=2,40,347,30,7,2,28,ok,False,,16125,8062,9.688126141663973,9.689393371053058,0.9987335732070179,-0.0012672293890840791,1132200,0.0335,1.942299,True,10000000,False,FIRST_N_SOLUTIONS,18,12.271758523209854,,
n=40:q=347:t=30:beta=7:seed=2,40,347,30,7,2,29,ok,False,,9299,4649,9.137662146478197,9.136802099328165,1.0008604170966324,0.0008600471500326279,1140263,0.026716,1.96914,True,10000000,False,FIRST_N_SOLUTIONS,18,12.271758523209854,,
n=40:q=347:t=30:beta=7:seed=2,40,347,30,7,2,30,ok,False,,4917,2458,8.50045386741194,8.500870937417531,0.9995830169560135,-0.00041707000559121354,1144913,0.022905,1.992123,True,10000000,False,FIRST_N_SOLUTIONS,18,12.271758523209854,,
n=40:q=347:t=30:beta=7:seed=2,40,347,30,7,2,31,ok,False,,2529,1264,7.835579246669965,7.842609966991802,0.9929939373713297,-0.00703072032183627,1147372,0.020634,2.012822,True,10000000,False,FIRST_N_SOLUTIONS,18,12.271758523209854,,
n=40:q=347:t=30:beta=7:seed=2,40,347,30,7,2,32,ok,False,,1315,657,7.181591944611865,7.155552931252885,1.0263809902623786,0.02603901335898051,1148637,0.019313,2.032192,True,10000000,False,FIRST_N_SOLUTIONS,18,12.271758523209854,,
n=40:q=347:t=30:beta=7:seed=2,40,347,30,7,2,33,ok,False,,561,280,6.329720905522696,6.377068706842238,0.9537556224337942,-0.04734780131954164,1149295,0.015918,2.048171,True,10000000,False,FIRST_N_SOLUTIONS,18,12.271758523209854,,
n=40:q=347:t=30:beta=7:seed=2,40,347,30,7,2,34,ok,False,,267,133,5.58724865840025,5.576814427565921,1.01048885725044,0.010434230834328595,1149576,0.015906,2.064136,True,10000000,False,FIRST_N_SOLUTIONS,18,12.271758523209854,,
n=40:q=347:t=30:beta=7:seed=2,40,347,30,7,2,35,ok,False,,105,52,4.653960350157523,4.768364097349405,0.8918977819527856,-0.11440374719188195,1149710,0.015734,2.079928,True,10000000,False,FIRST_N_SOLUTIONS,18,12.271758523209854,,
n=40:q=347:t=30:beta=7:seed=2,40,347,30,7,2,36,ok,False,,39,19,3.6635616461296463,3.8544683752073183,0.8262096458932234,-0.19090672907767203,1149763,0.015636,2.095622,True,10000000,False,FIRST_N_SOLUTIONS,18,12.271758523209854,,
n=40:q=347:t=30:beta=7:seed=2,40,347,30,7,2,37,ok,False,,13,6,2.5649493574615367,2.904837190281711,0.7118501645101258,-0.3398878328201742,1149783,0.015657,2.111324,True,10000000,False,FIRST_N_SOLUTIONS,18,12.271758523209854,,
n=40:q=347:t=30:beta=7:seed=2,40,347,30,7,2,38,ok,False,,7,3,1.9459101490553132,1.9852669970446186,0.9614075715672137,-0.03935684798930539,1149790,0.015745,2.127104,True,10000000,False,FIRST_N_SOLUTIONS,18,12.271758523209854,,
n=40:q=347:t=30:beta=7:seed=2,40,347,30,7,2,39,ok,False,,1,0,0.0,1.009048231520353,0.3645657967346099,-1.009048231520353,1149794,0.015761,2.14292,True,10000000,False,FIRST_N_SOLUTIONS,18,12.271758523209854,,
n=40:q=347:t=30:beta=7:seed=2,40,347,30,7,2,40,ok,True,rank_complete,1,0,0.0,0.0,1.0,0.0,1149795,0.015831,2.158793,True,10000000,False,FIRST_N_SOLUTIONS,18,12.271758523209854,,
n=40:q=43:t=20:beta=14:seed=0,40,43,20,14,0,1,ok,False,,5,2,1.6094379124341003,1.720666134536597,0.8947345274309608,-0.11122822210249672,2,1.6e-05,2.8e-05,True,10000000,False,FIRST_N_SOLUTIONS,17,12.052387710109148,,
n=40:q=43:t=20:beta=14:seed=0,40,43,20,14,0,2,ok,False,,23,11,3.1354942159291497,3.1854918900946725,0.9512316369054781,-0.04999767416552281,14,8e-06,6.8e-05,True,10000000,False,FIRST_N_SOLUTIONS,17,12.052387710109148,,
n=40:q=43:t=20:beta=14:seed=0,40,43,20,14,0,3,ok,False,,81,40,4.394449154672439,4.397959847197916,0.9964954627503265,-0.0035106925254773103,54,1.5e-05,0.000105,True,10000000,False,FIRST_N_SOLUTIONS,17,12.052387710109148,,
n=40:q=43:t=20:beta=14:seed=0,40,43,20,14,0,4,ok,False,,239,119,5.476463551931511,5.46345780107366,1.013090693483625,0.013005750857851162,173,0.000104,0.000226,True,10000000,False,FIRST_N_SOLUTIONS,17,12.052387710109148,,
n=40:q=43:t=20:beta=14:seed=0,40,43,20,14,0,5,ok,False,,637,318,6.456769655572163,6.440151803583541,1.0167566965240498,0.01661785198862198,491,0.000257,0.000502,True,10000000,False,FIRST_N_SOLUTIONS,17,12.052387710109148,,
n=40:q=43:t=20:beta=14:seed=0,40,43,20,14,0,6,ok,False,,1593,796,7.373374309910049,7.3563729836332215,1.0171466713424064,0.017001326276827378,1287,0.000346,0.000867,True,10000000,False,FIRST_N_SOLUTIONS,17,12.052387710109148,,
n=40:q=43:t=20:beta=14:seed=0,40,43,20,14,0,7,ok,False,,3453,1726,8.146998697389993,8.134157530440724,1.0129239687780212,0.012841166949268512,3013,0.00076,0.001648,True,10000000,False,FIRST_N_SOLUTIONS,17,12.052387710109148,,
n=40:q=43:t=20:beta=14:seed=0,40,43,20,14,0,8,ok,False,,6947,3473,8.846065190692881,8.84639355726003,0.9996716873392528,-0.00032836656714785306,6486,0.001631,0.003306,True,10000000,False,FIRST_N_SOLUTIONS,17,12.052387710109148,,
n=40:q=43:t=20:beta=14:seed=0,40,43,20,14,0,9,ok,False,,13193,6596,9.487441664883777,9.486204520134535,1.0012379103284852,0.0012371447492416365,13082,0.003405,0.006742,True,10000000,False,FIRST_N_SOLUTIONS,17,12.052387710109148,,
n=40:q=43:t=20:beta=14:seed=0,40,43,20,14,0,10,ok,False,,23577,11788,10.068026939534285,10.064194031146904,1.0038402633747288,0.0038329083873804848,24870,0.006979,0.013761,True,10000000,False,FIRST_N_SOLUTIONS,17,12.052387710109148,,
n=40:q=43:t=20:beta=14:seed=0,40,43,20,14,0,11,ok,False,,40059,20029,10.598108646352074,10.599712195177851,0.9983977361716975,-0.001603548825777068,24880,0.014422,0.028228,True,10000000,False,FIRST_N_SOLUTIONS,17,12.052387710109148,,
n=40:q=43:t=20:beta=14:seed=0,40,43,20,14,0,12,ok,False,,57771,28885,10.964242198647998,10.962925093410679,1.0013179730013597,0.001317105237319538,44910,0.026654,0.054964,True,10000000,False,FIRST_N_SOLUTIONS,17,12.052387710109148,,
n=40:q=43:t=20:beta=14:seed=0,40,43,20,14,0,13,ok,False,,82153,41076,11.31633864136223,11.316497924273492,0.9998407297735887,-0.00015928291126066085,73796,0.043236,0.098278,True,10000000,False,FIRST_N_SOLUTIONS,17,12.052387710109148,,
n=40:q=43:t=20:beta=14:seed=0,40,43,20,14,0,14,ok,False,,110385,55192,11.61172953402881,11.613646777961513,0.9980845928054323,-0.0019172439327039825,114873,0.069187,0.167565,True,10000000,False,FIRST_N_SOLUTIONS,17,12.052387710109148,,
n=40:q=43:t=20:beta=14:seed=0,40,43,20,14,0,15,ok,False,,136191,68095,11.821813591219062,11.822121945278997,0.9996916934762915,-0.0003083540599355672,170066,0.103473,0.271145,True,10000000,False,FIRST_N_SOLUTIONS,17,12.052387710109148,,
n=40:q=43:t=20:beta=14:seed=0,40,43,20,14,0,16,ok,False,,160441,80220,11.9856815527242,11.987793696706284,0.9978900850244133,-0.002112143982083481,238162,0.115877,0.387122,True,10000000,False,FIRST_N_SOLUTIONS,17,12.052387710109148,,
n=40:q=43:t=20:beta=14:seed=0,40,43,20,14,0,17,ok,False,,171775,85887,12.053940759899277,12.052387710109148,1.0015542563965132,0.0015530497901288243,318383,0.125573,0.512786,True,10000000,False,FIRST_N_SOLUTIONS,17,12.052387710109148,,
n=40:q=43:t=20:beta=14:seed=0,40,43,20,14,0,18,ok,False,,169837,84918,12.042594432537665,12.04333868705702,0.9992560223693445,-0.000744254519354115,404271,0.132625,0.645475,True,10000000,False,FIRST_N_SOLUTIONS,17,12.052387710109148,,
n=40:q=43:t=20:beta=14:seed=0,40,43,20,14,0,19,ok,False,,171453,85726,12.052064455550754,12.050485350835494,1.0015803521576385,0.0015791047152600157,489190,0.149508,0.79507,True,10000000,False,FIRST_N_SOLUTIONS,17,12.052387710109148,,
n=40:q=43:t=20:beta=14:seed=0,40,43,20,14,0,20,ok,False,,153067,76533,11.93863101301736,11.9354328447154,1.0032032878985262,0.0031981683019601803,574917,0.137629,0.932767,True,10000000,False,FIRST_N_SOLUTIONS,17,12.052387710109148,,
n=40:q=43:t=20:beta=14:seed=0,40,43,20,14,0,21,ok,False,,131975,65987,11.790367789691818,11.7898044799567,1.0005634684238416,0.0005633097351172012,651451,0.120759,1.053626,True,10000000,False,FIRST_N_SOLUTIONS,17,12.052387710109148,,
n=40:q=43:t=20:beta=14:seed=0,40,43,20,14,0,22,ok,False,,108675,54337,11.596117055856993,11.596645984887097,0.9994712108281963,-0.0005289290301035976,717439,0.09418,1.147864,True,10000000,False,FIRST_N_SOLUTIONS,17,12.052387710109148,,
n=40:q=43:t=20:beta=14:seed=0,40,43,20,14,0,23,ok,False,,81903,40951,11.313290899206928,11.310987315549667,1.0023062389445945,0.0023035836572606883,771777,0.089479,1.237402,True,10000000,False,FIRST_N_SOLUTIONS,17,12.052387710109148,,
n=40:q=43:t=20:beta=14:seed=0,40,43,20,14,0,24,ok,False,,59913,29956,11.000648788936923,11.001265004492488,0.9993839742662477,-0.000616215555565347,812729,0.063145,1.300617,True,10000000,False,FIRST_N_SOLUTIONS,17,12.052387710109148,,
n=40:q=43:t=20:beta=14:seed=0,40,43,20,14,0,25,ok,False,,41461,20730,10.632508505332279,10.635467340515945,0.9970455378550593,-0.002958835183665798,842686,0.048276,1.34896,True,10000000,False,FIRST_N_SOLUTIONS,17,12.052387710109148,,
n=40:q=43:t=20:beta=14:seed=0,40,43,20,14,0,26,ok,False,,27375,13687,10.217385467118802,10.22317729571278,0.9942249117106687,-0.005791828593977755,863417,0.029246,1.378254,True,10000000,False,FIRST_N_SOLUTIONS,17,12.052387710109148,,
n=40:q=43:t=20:beta=14:seed=0,40,43,20,14,0,27,ok,False,,17025,8512,9.742438131017714,9.750638649211183,0.9918330143318853,-0.008200518193469009,877105,0.025463,1.403768,True,10000000,False,FIRST_N_SOLUTIONS,17,12.052387710109148,,
n=40:q=43:t=20:beta=14:seed=0,40,43,20,14,0,28,ok,False,,10549,5274,9.263786347681808,9.269344752686187,0.99445701434649,-0.005558405004379097,885618,0.023673,1.427506,True,10000000,False,FIRST_N_SOLUTIONS,17,12.052387710109148,,
n=40:q=43:t=20:beta=14:seed=0,40,43,20,14,0,29,ok,False,,6099,3049,8.715880102296456,8.71276613523684,1.003118820491541,0.003113967059615419,890893,0.02012,1.447734,True,10000000,False,FIRST_N_SOLUTIONS,17,12.052387710109148,,
n=40:q=43:t=20:beta=14:seed=0,40,43,20,14,0,30,ok,False,,3249,1624,8.0861025356691,8.079538812470375,1.0065853116375056,0.006563723198725668,893943,0.017935,1.465773,True,10000000,False,FIRST_N_SOLUTIONS,17,12.052387710109148,,
n=40:q=43:t=20:beta=14:seed=0,40,43,20,14,0,31,ok,False,,1655,827,7.411556287811163,7.430663642031483,0.9810740341511873,-0.019107354220319728,895568,0.016254,1.482111,True,10000000,False,FIRST_N_SOLUTIONS,17,12.052387710109148,,
n=40:q=43:t=20:beta=14:seed=0,40,43,20,14,0,32,ok,False,,817,408,6.705639094860003,6.754525037223331,0.9522897394216082,-0.048885942363328105,896396,0.012927,1.495093,True,10000000,False,FIRST_N_SOLUTIONS,17,12.052387710109148,,
n=40:q=43:t=20:beta=14:seed=0,40,43,20,14,0,33,ok,False,,363,181,5.8944028342648505,6.034726492561411,0.8690769059230009,-0.1403236582965608,896805,0.01552,1.510662,True,10000000,False,FIRST_N_SOLUTIONS,17,12.052387710109148,,
n=40:q=43:t=20:beta=14:seed=0,40,43,20,14,0,34,ok,False,,187,93,5.231108616854587,5.2749160284228225,0.9571382734829831,-0.043807411568235644,896987,0.015809,1.526527,True,10000000,False,FIRST_N_SOLUTIONS,17,12.052387710109148,,
n=40:q=43:t=20:beta=14:seed=0,40,43,20,14,0,35,ok,False,,75,37,4.31748811353631,4.444301266618837,0.8808982503439403,-0.1268131530825265,897081,0.015339,1.541917,True,10000000,False,FIRST_N_SOLUTIONS,17,12.052387710109148,,
n=40:q=43:t=20:beta=14:seed=0,40,43,20,14,0,36,ok,False,,27,13,3.295836866004329,3.6213233755412944,0.7221759226879941,-0.32548650953696523,897119,0.015357,1.55733,True,10000000,False,FIRST_N_SOLUTIONS,17,12.052387710109148,,
n=40:q=43:t=20:beta=14:seed=0,40,43,20,14,0,37,ok,False,,11,5,2.3978952727983707,2.743260041608025,0.7079620638833487,-0.34536476880965417,897133,0.01532,1.572704,True,10000000,False,FIRST_N_SOLUTIONS,17,12.052387710109148,,
n=40:q=43:t=20:beta=14:seed=0,40,43,20,14,0,38,ok,False,,9,4,2.1972245773362196,1.8547186592721943,1.408472689069116,0.3425059180640253,897139,0.033296,1.606053,True,10000000,False,FIRST_N_SOLUTIONS,17,12.052387710109148,,
n=40:q=43:t=20:beta=14:seed=0,40,43,20,14,0,39,ok,False,,5,2,1.6094379124341003,0.983265970332809,1.8704367169962466,0.6261719421012912,897144,0.03039,1.636486,True,10000000,False,FIRST_N_SOLUTIONS,17,12.052387710109148,,
n=40:q=43:t=20:beta=14:seed=0,40,43,20,14,0,40,ok,True,rank_complete,3,1,1.0986122886681098,0.0,3.0000000000000004,1.0986122886681098,897147,0.028291,1.664838,True,10000000,False,FIRST_N_SOLUTIONS,17,12.052387710109148,,
n=40:q=43:t=20:beta=14:seed=1,40,43,20,14,1,1,ok,False,,7,3,1.9459101490553132,1.813791552003519,1.1412436593749882,0.13211859705179418,3,2.4e-05,4.4e-05,True,10000000,False,FIRST_N_SOLUTIONS,17,12.006598244800141,,
n=40:q=43:t=20:beta=14:seed=1,40,43,20,14,1,2,ok,False,,31,15,3.4339872044851463,3.29778403970578,1.1459146794501407,0.13620316477936623,19,1.6e-05,0.000118,True,10000000,False,FIRST_N_SOLUTIONS,17,12.006598244800141,,
n=40:q=43:t=20:beta=14:seed=1,40,43,20,14,1,3,ok,False,,91,45,4.51085950651685,4.561124407476503,0.9509774762854489,-0.05026490095965297,64,2.9e-05,0.00019,True,10000000,False,FIRST_N_SOLUTIONS,17,12.006598244800141,,
n=40:q=43:t=20:beta=14:seed=1,40,43,20,14,1,4,ok,False,,293,146,5.680172609017068,5.73935248399556,0.9425372150470008,-0.05917987497849264,210,0.000158,0.000384,True,10000000,False,FIRST_N_SOLUTIONS,17,12.006598244800141,,
n=40:q=43:t=20:beta=14:seed=1,40,43,20,14,1,5,ok,False,,825,412,6.715383386334681,6.7390247016972875,0.9766359512530729,-0.02364131536260672,622,0.000332,0.000757,True,10000000,False,FIRST_N_SOLUTIONS,17,12.006598244800141,,
n=40:q=43:t=20:beta=14:seed=1,40,43,20,14,1,6,ok,False,,2025,1012,7.613324979540639,7.624627810834754,0.9887608057183848,-0.011302831294115023,1634,0.000646,0.001479,True,10000000,False,FIRST_N_SOLUTIONS,17,12.006598244800141,,
n=40:q=43:t=20:beta=14:seed=1,40,43,20,14,1,7,ok,False,,4775,2387,8.471149252914831,8.467633366608474,1.0035220742845667,0.003515886306356464,4021,0.00156,0.00311,True,10000000,False,FIRST_N_SOLUTIONS,17,12.006598244800141,,
n=40:q=43:t=20:beta=14:seed=1,40,43,20,14,1,8,ok,False,,9451,4725,9.153875834995056,9.145234549918197,1.0086787287568755,0.008641285076858907,8746,0.003484,0.006667,True,10000000,False,FIRST_N_SOLUTIONS,17,12.006598244800141,,
n=40:q=43:t=20:beta=14:seed=1,40,43,20,14,1,9,ok,False,,17861,8930,9.790374843904484,9.789753538934738,1.0006214980196577,0.0006213049697461059,17676,0.007249,0.014019,True,10000000,False,FIRST_N_SOLUTIONS,17,12.006598244800141,,
n=40:q=43:t=20:beta=14:seed=1,40,43,20,14,1,10,ok,False,,30923,15461,10.339255522574339,10.335791477287232,1.0034700520258513,0.003464045287106643,33137,0.013707,0.027836,True,10000000,False,FIRST_N_SOLUTIONS,17,12.006598244800141,,
n=40:q=43:t=20:beta=14:seed=1,40,43,20,14,1,11,ok,False,,46293,23146,10.742746040739314,10.743159167771307,0.9995869582932297,-0.00041312703199203327,33147,0.023866,0.051849,True,10000000,False,FIRST_N_SOLUTIONS,17,12.006598244800141,,
n=40:q=43:t=20:beta=14:seed=1,40,43,20,14,1,12,ok,False,,70117,35058,11.157920554320716,11.160868645257178,0.9970562504163408,-0.002948090936461867,56294,0.041536,0.093534,True,10000000,False,FIRST_N_SOLUTIONS,17,12.006598244800141,,
n=40:q=43:t=20:beta=14:seed=1,40,43,20,14,1,13,ok,False,,91019,45509,11.418823554913928,11.42037361260195,0.998451143030922,-0.0015500576880214112,91353,0.063629,0.157311,True,10000000,False,FIRST_N_SOLUTIONS,17,12.006598244800141,,
n=40:q=43:t=20:beta=14:seed=1,40,43,20,14,1,14,ok,False,,116513,58256,11.66575813374525,11.666528582694038,0.9992298477707955,-0.0007704489487885269,136863,0.085035,0.242439,True,10000000,False,FIRST_N_SOLUTIONS,17,12.006598244800141,,
n=40:q=43:t=20:beta=14:seed=1,40,43,20,14,1,15,ok,False,,138063,69031,11.835465381704127,11.835620447733959,0.9998449459922837,-0.00015506602983172968,195120,0.100595,0.343119,True,10000000,False,FIRST_N_SOLUTIONS,17,12.006598244800141,,
n=40:q=43:t=20:beta=14:seed=1,40,43,20,14,1,16,ok,False,,158627,79313,11.974310813290238,11.973824198513679,1.0004867331927363,0.0004866147765589801,264152,0.103745,0.446956,True,10000000,False,FIRST_N_SOLUTIONS,17,12.006598244800141,,
n=40:q=43:t=20:beta=14:seed=1,40,43,20,14,1,17,ok,False,,163987,81993,12.007542435371755,12.006598244800141,1.0009446364598553,0.0009441905716141008,343466,0.112752,0.559769,True,10000000,False,FIRST_N_SOLUTIONS,17,12.006598244800141,,
n=40:q=43:t=20:beta=14:seed=1,40,43,20,14,1,18,ok,False,,158891,79445,11.97597371152489,11.97404487148296,1.0019307014504784,0.0019288400419306129,425460,0.17486,0.734684,True,10000000,False,FIRST_N_SOLUTIONS,17,12.006598244800141,,
n=40:q=43:t=20:beta=14:seed=1,40,43,20,14,1,19,ok,False,,148621,74310,11.90915472025833,11.908044501567261,1.001110835211977,0.00111021869106942,504906,0.129126,0.863877,True,10000000,False,FIRST_N_SOLUTIONS,17,12.006598244800141,,
n=40:q=43:t=20:beta=14:seed=1,40,43,20,14,1,20,ok,False,,129655,64827,11.772632355591485,11.771319710381015,1.0013135071062744,0.0013126452104703645,579217,0.109614,0.973582,True,10000000,False,FIRST_N_SOLUTIONS,17,12.006598244800141,,
n=40:q=43:t=20:beta=14:seed=1,40,43,20,14,1,21,ok,False,,113183,56591,11.636761256795127,11.635434336667188,1.0013278008759696,0.001326920127938891,644045,0.105713,1.0794,True,10000000,False,FIRST_N_SOLUTIONS,17,12.006598244800141,,
n=40:q=43:t=20:beta=14:seed=1,40,43,20,14,1,22,ok,False,,95537,47768,11.467268885990409,11.465739645838326,1.0015304100360727,0.001529240152082778,700637,0.086547,1.166053,True,10000000,False,FIRST_N_SOLUTIONS,17,12.006598244800141,,
n=40:q=43:t=20:beta=14:seed=1,40,43,20,14,1,23,ok,False,,74367,37183,11.216767574037403,11.215966678992295,1.000801215847182,0.0008008950451081631,748406,0.069566,1.23572,True,10000000,False,FIRST_N_SOLUTIONS,17,12.006598244800141,,
n=40:q=43:t=20:beta=14:seed=1,40,43,20,14,1,24,ok,False,,56455,28227,10.941199139614623,10.943106446776525,0.998094510592547,-0.0019073071619022386,785590,0.054555,1.290347,True,10000000,False,FIRST_N_SOLUTIONS,17,12.006598244800141,,
n=40:q=43:t=20:beta=14:seed=1,40,43,20,14,1,25,ok,False,,40023,20011,10.597209567846916,10.597378742186656,0.9998308399694312,-0.00016917433974050766,813818,0.041541,1.33197,True,10000000,False,FIRST_N_SOLUTIONS,17,12.006598244800141,,
n=40:q=43:t=20:beta=14:seed=1,40,43,20,14,1,26,ok,False,,28423,14211,10.254953955545249,10.250452643254889,1.00451145841444,0.004501312290360104,833830,0.031258,1.363281,True,10000000,False,FIRST_N_SOLUTIONS,17,12.006598244800141,,
n=40:q=43:t=20:beta=14:seed=1,40,43,20,14,1,27,ok,False,,18279,9139,9.813508138916603,9.81005476013631,1.0034593485627883,0.0034533787802928373,848042,0.025456,1.388806,True,10000000,False,FIRST_N_SOLUTIONS,17,12.006598244800141,,
n=40:q=43:t=20:beta=14:seed=1,40,43,20,14,1,28,ok,False,,11375,5687,9.33917324381915,9.34545714461877,0.9937358016140705,-0.006283900799619602,857182,0.019376,1.408267,True,10000000,False,FIRST_N_SOLUTIONS,17,12.006598244800141,,
n=40:q=43:t=20:beta=14:seed=1,40,43,20,14,1,29,ok,False,,6605,3302,8.795582216956426,8.801149676222906,0.9944480103127965,-0.005567459266480057,862870,0.017459,1.42578,True,10000000,False,FIRST_N_SOLUTIONS,17,12.006598244800141,,
n=40:q=43:t=20:beta=14:seed=1,40,43,20,14,1,30,ok,False,,3861,1930,8.258681496264236,8.282188994721857,0.9767666503980504,-0.023507498457620457,866173,0.017755,1.443621,True,10000000,False,FIRST_N_SOLUTIONS,17,12.006598244800141,,
n=40:q=43:t=20:beta=14:seed=1,40,43,20,14,1,31,ok,False,,2033,1016,7.617267813628347,7.628137883715297,0.9891887956403027,-0.010870070086950179,868104,0.016429,1.460155,True,10000000,False,FIRST_N_SOLUTIONS,17,12.006598244800141,,
n=40:q=43:t=20:beta=14:seed=1,40,43,20,14,1,32,ok,False,,1045,522,6.951772164398911,6.964193574578985,0.9876554171052833,-0.0124214101800737,869121,0.015637,1.475881,True,10000000,False,FIRST_N_SOLUTIONS,17,12.006598244800141,,
n=40:q=43:t=20:beta=14:seed=1,40,43,20,14,1,33,ok,False,,537,268,6.285998094508865,6.25404554019341,1.032468517967403,0.031952554315455295,869644,0.015277,1.491274,True,10000000,False,FIRST_N_SOLUTIONS,17,12.006598244800141,,
n=40:q=43:t=20:beta=14:seed=1,40,43,20,14,1,34,ok,False,,263,131,5.572154032177765,5.456738449533972,1.1223397655933294,0.11541558264379237,869913,0.015627,1.506967,True,10000000,False,FIRST_N_SOLUTIONS,17,12.006598244800141,,
n=40:q=43:t=20:beta=14:seed=1,40,43,20,14,1,35,ok,False,,113,56,4.727387818712341,4.6485077483056685,1.0820745415284907,0.07888007040667233,870045,0.018194,1.525242,True,10000000,False,FIRST_N_SOLUTIONS,17,12.006598244800141,,
n=40:q=43:t=20:beta=14:seed=1,40,43,20,14,1,36,ok,False,,43,21,3.7612001156935624,3.8183963890469954,0.9444086889141124,-0.057196273353433025,870102,0.018196,1.543515,True,10000000,False,FIRST_N_SOLUTIONS,17,12.006598244800141,,
n=40:q=43:t=20:beta=14:seed=1,40,43,20,14,1,37,ok,False,,13,6,2.5649493574615367,2.9159449050917488,0.7039868882585956,-0.350995547630212,870124,0.018168,1.561735,True,10000000,False,FIRST_N_SOLUTIONS,17,12.006598244800141,,
n=40:q=43:t=20:beta=14:seed=1,40,43,20,14,1,38,ok,False,,5,2,1.6094379124341003,1.9700256797821254,0.6972663751967476,-0.3605877673480251,870131,0.018968,1.580768,True,10000000,False,FIRST_N_SOLUTIONS,17,12.006598244800141,,
n=40:q=43:t=20:beta=14:seed=1,40,43,20,14,1,39,ok,False,,1,0,0.0,1.0214524597250971,0.36007157072393625,-1.0214524597250971,870134,0.018883,1.599766,True,10000000,False,FIRST_N_SOLUTIONS,17,12.006598244800141,,
n=40:q=43:t=20:beta=14:seed=1,40,43,20,14,1,40,ok,True,rank_complete,1,0,0.0,0.0,1.0,0.0,870135,0.018822,1.618704,True,10000000,False,FIRST_N_SOLUTIONS,17,12.006598244800141,,
n=40:q=43:t=20:beta=14:seed=2,40,43,20,14,2,1,ok,False,,5,2,1.6094379124341003,1.720666134536597,0.8947345274309608,-0.11122822210249672,2,2.2e-05,4.7e-05,True,10000000,False,FIRST_N_SOLUTIONS,18,11.753945032195954,,
n=40:q=43:t=20:beta=14:seed=2,40,43,20,14,2,2,ok,False,,23,11,3.1354942159291497,3.1780686360361754,0.9583191446538166,-0.04257442010702572,14,1e-05,0.000114,True,10000000,False,FIRST_N_SOLUTIONS,18,11.753945032195954,,
n=40:q=43:t=20:beta=14:seed=2,40,43,20,14,2,3,ok,False,,89,44,4.48863636973214,4.500067627735663,0.9886338305753888,-0.011431258003523403,58,2.2e-05,0.000174,True,10000000,False,FIRST_N_SOLUTIONS,18,11.753945032195954,,
n=40:q=43:t=20:beta=14:seed=2,40,43,20,14,2,4,ok,False,,287,143,5.659482215759621,5.644225947123354,1.0153732395923651,0.015256268636267833,201,0.000139,0.000348,True,10000000,False,FIRST_N_SOLUTIONS,18,11.753945032195954,,
n=40:q=43:t=20:beta=14:seed=2,40,43,20,14,2,5,ok,False,,777,388,6.655440350367647,6.672847843648606,0.9827431418040027,-0.017407493280958697,589,0.000217,0.000606,True,10000000,False,FIRST_N_SOLUTIONS,18,11.753945032195954,,
n=40:q=43:t=20:beta=14:seed=2,40,43,20,14,2,6,ok,False,,1827,913,7.510430556378006,7.511841589732606,0.9985899616848976,-0.001411033354600022,1502,0.000551,0.001198,True,10000000,False,FIRST_N_SOLUTIONS,18,11.753945032195954,,
n=40:q=43:t=20:beta=14:seed=2,40,43,20,14,2,7,ok,False,,4017,2008,8.298290634359283,8.297502517894728,1.000788427109939,0.000788116464555344,3510,0.001264,0.002506,True,10000000,False,FIRST_N_SOLUTIONS,18,11.753945032195954,,
n=40:q=43:t=20:beta=14:seed=2,40,43,20,14,2,8,ok,False,,8187,4093,9.010302809376448,9.002438704521115,1.0078951081456746,0.007864104855332954,7603,0.00276,0.005322,True,10000000,False,FIRST_N_SOLUTIONS,18,11.753945032195954,,
n=40:q=43:t=20:beta=14:seed=2,40,43,20,14,2,9,ok,False,,14215,7107,9.5620530240851,9.563966235367136,0.9980886177400482,-0.0019132112820354763,14710,0.005437,0.010821,True,10000000,False,FIRST_N_SOLUTIONS,18,11.753945032195954,,
n=40:q=43:t=20:beta=14:seed=2,40,43,20,14,2,10,ok,False,,23985,11992,10.085183913936165,10.081025391771613,1.0041671808160861,0.0041585221645519255,26702,0.00997,0.02087,True,10000000,False,FIRST_N_SOLUTIONS,18,11.753945032195954,,
n=40:q=43:t=20:beta=14:seed=2,40,43,20,14,2,11,ok,False,,36325,18162,10.500261488438484,10.4993755727209,1.0008863082568233,0.0008859157175837851,26712,0.018457,0.039418,True,10000000,False,FIRST_N_SOLUTIONS,18,11.753945032195954,,
n=40:q=43:t=20:beta=14:seed=2,40,43,20,14,2,12,ok,False,,50283,25141,10.825422326795367,10.823007126062638,1.0024181196794932,0.0024152007327291614,44875,0.034738,0.074266,True,10000000,False,FIRST_N_SOLUTIONS,18,11.753945032195954,,
n=40:q=43:t=20:beta=14:seed=2,40,43,20,14,2,13,ok,False,,69363,34681,11.147108863114212,11.144831196162173,1.002280262805868,0.002277666952039681,70017,0.052679,0.127049,True,10000000,False,FIRST_N_SOLUTIONS,18,11.753945032195954,,
n=40:q=43:t=20:beta=14:seed=2,40,43,20,14,2,14,ok,False,,88421,44210,11.38986477697473,11.386933761396737,1.0029353152038822,0.0029310155779924685,104699,0.079346,0.206509,True,10000000,False,FIRST_N_SOLUTIONS,18,11.753945032195954,,
n=40:q=43:t=20:beta=14:seed=2,40,43,20,14,2,15,ok,False,,105255,52627,11.5641412563545,11.564879663457983,0.999261865451952,-0.000738407103483496,148910,0.079659,0.286271,True,10000000,False,FIRST_N_SOLUTIONS,18,11.753945032195954,,
n=40:q=43:t=20:beta=14:seed=2,40,43,20,14,2,16,ok,False,,115309,57654,11.65537076045282,11.655870511417884,0.99950037388965,-0.0004997509650639387,201538,0.069332,0.355669,True,10000000,False,FIRST_N_SOLUTIONS,18,11.753945032195954,,
n=40:q=43:t=20:beta=14:seed=2,40,43,20,14,2,17,ok,False,,122773,61386,11.71809240081345,11.72013528622497,0.9979591998586517,-0.002042885411519535,259193,0.079137,0.43488,True,10000000,False,FIRST_N_SOLUTIONS,18,11.753945032195954,,
n=40:q=43:t=20:beta=14:seed=2,40,43,20,14,2,18,ok,False,,126999,63499,11.75193449139398,11.753945032195954,0.9979914789813383,-0.002010540801974159,320580,0.106389,0.541327,True,10000000,False,FIRST_N_SOLUTIONS,18,11.753945032195954,,
n=40:q=43:t=20:beta=14:seed=2,40,43,20,14,2,19,ok,False,,117485,58742,11.674065944842706,11.675171005097777,0.9988955500991659,-0.0011050602550710664,384080,0.147958,0.689365,True,10000000,False,FIRST_N_SOLUTIONS,18,11.753945032195954,,
n=40:q=43:t=20:beta=14:seed=2,40,43,20,14,2,20,ok,False,,106111,53055,11.57224099500568,11.572971082830207,0.9992701786247409,-0.0007300878245271036,442823,0.092525,0.78521,True,10000000,False,FIRST_N_SOLUTIONS,18,11.753945032195954,,
n=40:q=43:t=20:beta=14:seed=2,40,43,20,14,2,21,ok,False,,93145,46572,11.44191269772381,11.444287553716741,0.9976279617465458,-0.002374855992931302,495879,0.082727,0.868003,True,10000000,False,FIRST_N_SOLUTIONS,18,11.753945032195954,,
n=40:q=43:t=20:beta=14:seed=2,40,43,20,14,2,22,ok,False,,75041,37520,11.225789909817326,11.228815709439381,0.9969787734960125,-0.0030257996220548478,542452,0.063528,0.931596,True,10000000,False,FIRST_N_SOLUTIONS,18,11.753945032195954,,
n=40:q=43:t=20:beta=14:seed=2,40,43,20,14,2,23,ok,False,,55949,27974,10.932195840479363,10.924241984678197,1.0079855717444668,0.007953855801165588,579973,0.052741,0.984426,True,10000000,False,FIRST_N_SOLUTIONS,18,11.753945032195954,,
n=40:q=43:t=20:beta=14:seed=2,40,43,20,14,2,24,ok,False,,42485,21242,10.656906351437641,10.653271578115863,1.0036413871211212,0.003634773321778084,607948,0.036836,1.021339,True,10000000,False,FIRST_N_SOLUTIONS,18,11.753945032195954,,
n=40:q=43:t=20:beta=14:seed=2,40,43,20,14,2,25,ok,False,,31847,15923,10.368698465041247,10.376657543317634,0.9920725113235277,-0.007959078276387643,629191,0.033123,1.054524,True,10000000,False,FIRST_N_SOLUTIONS,18,11.753945032195954,,
n=40:q=43:t=20:beta=14:seed=2,40,43,20,14,2,26,ok,False,,22903,11451,10.039023185328821,10.0544895917822,0.9846525841686273,-0.015466406453379378,645115,0.026701,1.081315,True,10000000,False,FIRST_N_SOLUTIONS,18,11.753945032195954,,
n=40:q=43:t=20:beta=14:seed=2,40,43,20,14,2,27,ok,False,,14989,7494,9.615071877730596,9.63243663637671,0.9827851398706937,-0.017364758646113643,656567,0.019793,1.101191,True,10000000,False,FIRST_N_SOLUTIONS,18,11.753945032195954,,
n=40:q=43:t=20:beta=14:seed=2,40,43,20,14,2,28,ok,False,,9125,4562,9.118773178450692,9.149379570319525,0.9698572416535566,-0.03060639186883307,664062,0.014605,1.115868,True,10000000,False,FIRST_N_SOLUTIONS,18,11.753945032195954,,
n=40:q=43:t=20:beta=14:seed=2,40,43,20,14,2,29,ok,False,,5605,2802,8.63141433550626,8.634561738458103,0.9968575449284756,-0.0031474029518427926,668625,0.012345,1.128294,True,10000000,False,FIRST_N_SOLUTIONS,18,11.753945032195954,,
n=40:q=43:t=20:beta=14:seed=2,40,43,20,14,2,30,ok,False,,3125,1562,8.047189562170502,8.07313327642553,0.9743899323285372,-0.025943714255028283,671428,0.010992,1.139365,True,10000000,False,FIRST_N_SOLUTIONS,18,11.753945032195954,,
n=40:q=43:t=20:beta=14:seed=2,40,43,20,14,2,31,ok,False,,1719,859,7.449498005382849,7.457916092972042,0.991617245295519,-0.008418087589192602,672991,0.010229,1.149649,True,10000000,False,FIRST_N_SOLUTIONS,18,11.753945032195954,,
n=40:q=43:t=20:beta=14:seed=2,40,43,20,14,2,32,ok,False,,927,463,6.831953565565855,6.806197661391124,1.0260904535062485,0.025755904174730837,673851,0.009855,1.159686,True,10000000,False,FIRST_N_SOLUTIONS,18,11.753945032195954,,
n=40:q=43:t=20:beta=14:seed=2,40,43,20,14,2,33,ok,False,,467,233,6.1463292576688975,6.123760037526949,1.022825831863374,0.022569220141948065,674315,0.009566,1.169297,True,10000000,False,FIRST_N_SOLUTIONS,18,11.753945032195954,,
n=40:q=43:t=20:beta=14:seed=2,40,43,20,14,2,34,ok,False,,205,102,5.3230099791384085,5.341504249126331,0.9816756995892909,-0.01849426998792225,674549,0.009776,1.179114,True,10000000,False,FIRST_N_SOLUTIONS,18,11.753945032195954,,
n=40:q=43:t=20:beta=14:seed=2,40,43,20,14,2,35,ok,False,,89,44,4.48863636973214,4.591101339777872,0.9026097675780169,-0.10246497004573207,674652,0.009626,1.188803,True,10000000,False,FIRST_N_SOLUTIONS,18,11.753945032195954,,
n=40:q=43:t=20:beta=14:seed=2,40,43,20,14,2,36,ok,False,,33,16,3.4965075614664802,3.7507684997755746,0.7754894207449373,-0.25426093830909435,674697,0.009513,1.19837,True,10000000,False,FIRST_N_SOLUTIONS,18,11.753945032195954,,
n=40:q=43:t=20:beta=14:seed=2,40,43,20,14,2,37,ok,False,,11,5,2.3978952727983707,2.8790898734084323,0.6180446341368294,-0.4811946006100616,674714,0.009635,1.208034,True,10000000,False,FIRST_N_SOLUTIONS,18,11.753945032195954,,
n=40:q=43:t=20:beta=14:seed=2,40,43,20,14,2,38,ok,False,,3,1,1.0986122886681098,1.989029134033089,0.41048460847803553,-0.8904168453649792,674720,0.009535,1.217614,True,10000000,False,FIRST_N_SOLUTIONS,18,11.753945032195954,,
n=40:q=43:t=20:beta=14:seed=2,40,43,20,14,2,39,ok,False,,1,0,0.0,1.0102995809679527,0.36410988283954476,-1.0102995809679527,674722,0.009516,1.227162,True,10000000,False,FIRST_N_SOLUTIONS,18,11.753945032195954,,
n=40:q=43:t=20:beta=14:seed=2,40,43,20,14,2,40,ok,True,rank_complete,1,0,0.0,0.0,1.0,0.0,674723,0.009386,1.236593,True,10000000,False,FIRST_N_SOLUTIONS,18,11.753945032195954,,
n=40:q=43:t=20:beta=2:seed=0,40,43,20,2,0,1,ok,False,,7,3,1.9459101490553132,1.8361594989242147,1.1159997613679544,0.10975065013109853,3,4.6e-05,5.6e-05,True,10000000,False,FIRST_N_SOLUTIONS,18,14.626227012136315,,
n=40:q=43:t=20:beta=2:seed=0,40,43,20,2,0,2,ok,False,,31,15,3.4339872044851463,3.380758021516952,1.0546713301291626,0.053229182968194344,19,3.3e-05,0.000121,True,10000000,False,FIRST_N_SOLUTIONS,18,14.626227012136315,,
n=40:q=43:t=20:beta=2:seed=0,40,43,20,2,0,3,ok,False,,127,63,4.844187086458591,4.8068521454455775,1.038040645003299,0.03733494101301371,82,2.7e-05,0.000168,True,10000000,False,FIRST_N_SOLUTIONS,18,14.626227012136315,,
n=40:q=43:t=20:beta=2:seed=0,40,43,20,2,0,4,ok,False,,443,221,6.093569770045136,6.085134320629219,1.0084711280706085,0.008435449415916452,303,0.000133,0.000317,True,10000000,False,FIRST_N_SOLUTIONS,18,14.626227012136315,,
n=40:q=43:t=20:beta=2:seed=0,40,43,20,2,0,5,ok,False,,1499,749,7.312553498102598,7.3147602164220125,0.9977957146934687,-0.002206718319414769,1052,0.00028,0.000619,True,10000000,False,FIRST_N_SOLUTIONS,18,14.626227012136315,,
n=40:q=43:t=20:beta=2:seed=0,40,43,20,2,0,6,ok,False,,4315,2157,8.36985260351753,8.375279872784876,0.9945874317510173,-0.005427269267347157,3209,0.000873,0.00151,True,10000000,False,FIRST_N_SOLUTIONS,18,14.626227012136315,,
n=40:q=43:t=20:beta=2:seed=0,40,43,20,2,0,7,ok,False,,11743,5871,9.37101259736508,9.374330866852663,0.9966872298841327,-0.0033182694875826257,9080,0.00272,0.004274,True,10000000,False,FIRST_N_SOLUTIONS,18,14.626227012136315,,
n=40:q=43:t=20:beta=2:seed=0,40,43,20,2,0,8,ok,False,,29501,14750,10.292179440058462,10.296025169806299,0.9961616556004249,-0.0038457297478373675,23830,0.007814,0.012145,True,10000000,False,FIRST_N_SOLUTIONS,18,14.626227012136315,,
n=40:q=43:t=20:beta=2:seed=0,40,43,20,2,0,9,ok,False,,68859,34429,11.139816214568071,11.138476882728359,1.0013402291451532,0.0013393318397127985,58259,0.023392,0.035589,True,10000000,False,FIRST_N_SOLUTIONS,18,14.626227012136315,,
n=40:q=43:t=20:beta=2:seed=0,40,43,20,2,0,10,ok,False,,147487,73743,11.901495315284622,11.899298357805309,1.0021993725586813,0.002196957479313255,132002,0.075425,0.111073,True,10000000,False,FIRST_N_SOLUTIONS,18,14.626227012136315,,
n=40:q=43:t=20:beta=2:seed=0,40,43,20,2,0,11,ok,False,,278895,139447,12.538590645882273,12.536251663492862,1.0023417199426665,0.00233898238941066,132012,0.185013,0.29616,True,10000000,False,FIRST_N_SOLUTIONS,18,14.626227012136315,,
n=40:q=43:t=20:beta=2:seed=0,40,43,20,2,0,12,ok,False,,501337,250668,13.125033808626855,13.12421914455868,1.0008149959970776,0.0008146640681747641,271460,0.348873,0.645116,True,10000000,False,FIRST_N_SOLUTIONS,18,14.626227012136315,,
n=40:q=43:t=20:beta=2:seed=0,40,43,20,2,0,13,ok,False,,765967,382983,13.54889436685477,13.548676764368924,1.0002176261629836,0.00021760248584534736,522129,0.605499,1.250719,True,10000000,False,FIRST_N_SOLUTIONS,18,14.626227012136315,,
n=40:q=43:t=20:beta=2:seed=0,40,43,20,2,0,14,ok,False,,1107595,553797,13.917701556003676,13.917773862862777,0.9999276957549769,-7.230685910109003e-05,905113,0.984244,2.235052,True,10000000,False,FIRST_N_SOLUTIONS,18,14.626227012136315,,
n=40:q=43:t=20:beta=2:seed=0,40,43,20,2,0,15,ok,False,,1427707,713853,14.171580218756116,14.172596821004532,0.9989839143165875,-0.0010166022484163761,1458911,1.253701,3.488834,True,10000000,False,FIRST_N_SOLUTIONS,18,14.626227012136315,,
n=40:q=43:t=20:beta=2:seed=0,40,43,20,2,0,16,ok,False,,1781417,890708,14.392919672990395,14.394397462343683,0.9985233020397158,-0.001477789353288017,2172765,1.642318,5.131237,True,10000000,False,FIRST_N_SOLUTIONS,18,14.626227012136315,,
n=40:q=43:t=20:beta=2:seed=0,40,43,20,2,0,17,ok,False,,2027967,1013983,14.522544371371469,14.523573832904702,0.9989710681805015,-0.0010294615332337997,3063474,2.018846,7.15017,True,10000000,False,FIRST_N_SOLUTIONS,18,14.626227012136315,,
n=40:q=43:t=20:beta=2:seed=0,40,43,20,2,0,18,ok,False,,2248103,1124051,14.625597307451422,14.626227012136315,0.9993704935374922,-0.0006297046848935395,4077458,2.1847,9.334964,True,10000000,False,FIRST_N_SOLUTIONS,18,14.626227012136315,,
n=40:q=43:t=20:beta=2:seed=0,40,43,20,2,0,19,ok,False,,2214231,1107115,14.610415722851453,14.609990428673061,1.0004253846287832,0.0004252941783917663,5201510,2.187773,11.522821,True,10000000,False,FIRST_N_SOLUTIONS,18,14.626227012136315,,
n=40:q=43:t=20:beta=2:seed=0,40,43,20,2,0,20,ok,False,,2107503,1053751,14.56101439234468,14.5601626519862,1.0008521031923046,0.000851740358479347,6308626,2.165348,13.688253,True,10000000,False,FIRST_N_SOLUTIONS,18,14.626227012136315,,
n=40:q=43:t=20:beta=2:seed=0,40,43,20,2,0,21,ok,False,,1744973,872486,14.37224964071959,14.372074483972561,1.0001751720878669,0.0001751567470282822,7362378,1.81082,15.499158,True,10000000,False,FIRST_N_SOLUTIONS,18,14.626227012136315,,
n=40:q=43:t=20:beta=2:seed=0,40,43,20,2,0,22,ok,False,,1406021,703010,14.156274287229827,14.155821769440529,1.0004526201909192,0.0004525177892986676,8234865,1.436726,16.93595,True,10000000,False,FIRST_N_SOLUTIONS,18,14.626227012136315,,
n=40:q=43:t=20:beta=2:seed=0,40,43,20,2,0,23,ok,False,,1021381,510690,13.836666191103728,13.836386432953574,1.000279797286114,0.000279758150153242,8937876,1.109842,18.045861,True,10000000,False,FIRST_N_SOLUTIONS,18,14.626227012136315,,
n=40:q=43:t=20:beta=2:seed=0,40,43,20,2,0,24,ok,False,,718723,359361,13.485231305170716,13.48664943830056,0.9985828719457763,-0.001418133129844179,9448567,0.778592,18.824533,True,10000000,False,FIRST_N_SOLUTIONS,18,14.626227012136315,,
n=40:q=43:t=20:beta=2:seed=0,40,43,20,2,0,25,ok,False,,469249,234624,13.058888823386281,13.060664467981027,0.9982259309294559,-0.0017756445947458843,9807929,0.569438,19.394054,True,10000000,False,FIRST_N_SOLUTIONS,18,14.626227012136315,,
n=40:q=43:t=20:beta=2:seed=0,40,43,20,2,0,26,ok,False,,278329,139164,12.53655914618141,12.53910002109695,0.9974623503748645,-0.0025408749155388932,10042554,0.403317,19.79745,True,10000000,False,FIRST_N_SOLUTIONS,18,14.626227012136315,,
n=40:q=43:t=20:beta=2:seed=0,40,43,20,2,0,27,ok,False,,163159,81579,12.002480464459538,12.003740976933237,0.9987402816384511,-0.0012605124736992934,10181719,0.277169,20.074695,True,10000000,False,FIRST_N_SOLUTIONS,18,14.626227012136315,,
n=40:q=43:t=20:beta=2:seed=0,40,43,20,2,0,28,ok,False,,90247,45123,11.410305634645404,11.407310716867748,1.0029994070244261,0.0029949177776558145,10263299,0.211576,20.286346,True,10000000,False,FIRST_N_SOLUTIONS,18,14.626227012136315,,
n=40:q=43:t=20:beta=2:seed=0,40,43,20,2,0,29,ok,False,,44411,22205,10.70124246548366,10.695047600189284,1.0062140931565497,0.006194865294375518,10308423,0.173252,20.459676,True,10000000,False,FIRST_N_SOLUTIONS,18,14.626227012136315,,
n=40:q=43:t=20:beta=2:seed=0,40,43,20,2,0,30,ok,False,,20587,10293,9.932415087609309,9.933770619038057,0.9986453868889957,-0.0013555314287483355,10330629,0.153417,20.613176,True,10000000,False,FIRST_N_SOLUTIONS,18,14.626227012136315,,
n=40:q=43:t=20:beta=2:seed=0,40,43,20,2,0,31,ok,False,,9811,4905,9.19125948416339,9.2033540878206,0.9879782420857175,-0.012094603657208935,10340923,0.144298,20.757558,True,10000000,False,FIRST_N_SOLUTIONS,18,14.626227012136315,,
n=40:q=43:t=20:beta=2:seed=0,40,43,20,2,0,32,ok,False,,4513,2256,8.414717399827001,8.391563721007302,1.0234238060252072,0.023153678819699763,10345829,0.141747,20.899375,True,10000000,False,FIRST_N_SOLUTIONS,18,14.626227012136315,,
n=40:q=43:t=20:beta=2:seed=0,40,43,20,2,0,33,ok,False,,1951,975,7.576097340623111,7.537431142640024,1.039423464086726,0.0386661979830869,10348086,0.139417,21.038863,True,10000000,False,FIRST_N_SOLUTIONS,18,14.626227012136315,,
n=40:q=43:t=20:beta=2:seed=0,40,43,20,2,0,34,ok,False,,799,399,6.683360945766275,6.645887996980306,1.0381839125667434,0.037472948785968185,10349062,0.138184,21.177113,True,10000000,False,FIRST_N_SOLUTIONS,18,14.626227012136315,,
n=40:q=43:t=20:beta=2:seed=0,40,43,20,2,0,35,ok,False,,301,150,5.707110264748875,5.659312206355487,1.0489588055080903,0.04779805839338813,10349462,0.138133,21.315302,True,10000000,False,FIRST_N_SOLUTIONS,18,14.626227012136315,,
n=40:q=43:t=20:beta=2:seed=0,40,43,20,2,0,36,ok,False,,87,43,4.465908118654584,4.567810796088395,0.9031174410989327,-0.1019026774338112,10349613,0.137998,21.453346,True,10000000,False,FIRST_N_SOLUTIONS,18,14.626227012136315,,
n=40:q=43:t=20:beta=2:seed=0,40,43,20,2,0,37,ok,False,,35,17,3.5553480614894135,3.480853430647116,1.0773395591007344,0.07449463084229757,10349657,0.137511,21.590901,True,10000000,False,FIRST_N_SOLUTIONS,18,14.626227012136315,,
n=40:q=43:t=20:beta=2:seed=0,40,43,20,2,0,38,ok,False,,15,7,2.70805020110221,2.3605051460947095,1.4155880885098615,0.34754505500750055,10349675,0.137845,21.728779,True,10000000,False,FIRST_N_SOLUTIONS,18,14.626227012136315,,
n=40:q=43:t=20:beta=2:seed=0,40,43,20,2,0,39,ok,False,,9,4,2.1972245773362196,1.2314844134897527,2.6267311485651135,0.9657401638464669,10349683,0.137263,21.866079,True,10000000,False,FIRST_N_SOLUTIONS,18,14.626227012136315,,
n=40:q=43:t=20:beta=2:seed=0,40,43,20,2,0,40,ok,True,rank_complete,3,1,1.0986122886681098,0.0,3.0000000000000004,1.0986122886681098,10349688,0.137236,22.003349,True,10000000,False,FIRST_N_SOLUTIONS,18,14.626227012136315,,
n=40:q=43:t=20:beta=2:seed=1,40,43,20,2,1,1,ok,False,,7,3,1.9459101490553132,1.8298701078207849,1.1230408391746072,0.11604004123452838,3,4.1e-05,5.5e-05,True,10000000,False,FIRST_N_SOLUTIONS,19,13.071332537042395,,
n=40:q=43:t=20:beta=2:seed=1,40,43,20,2,1,2,ok,False,,31,15,3.4339872044851463,3.3171522624413967,1.1239339001468756,0.11683494204374956,19,3.4e-05,0.000119,True,10000000,False,FIRST_N_SOLUTIONS,19,13.071332537042395,,
n=40:q=43:t=20:beta=2:seed=1,40,43,20,2,1,3,ok,False,,113,56,4.727387818712341,4.704350825741219,1.023304393916933,0.023036992971121606,75,2.2e-05,0.000162,True,10000000,False,FIRST_N_SOLUTIONS,19,13.071332537042395,,
n=40:q=43:t=20:beta=2:seed=1,40,43,20,2,1,4,ok,False,,339,169,5.82600010738045,5.869020478138307,0.9578918768848053,-0.043020370757856696,244,0.000116,0.000294,True,10000000,False,FIRST_N_SOLUTIONS,19,13.071332537042395,,
n=40:q=43:t=20:beta=2:seed=1,40,43,20,2,1,5,ok,False,,981,490,6.8885724595653635,6.908230379756045,0.9805340368392906,-0.019657920190681466,734,0.00018,0.000493,True,10000000,False,FIRST_N_SOLUTIONS,19,13.071332537042395,,
n=40:q=43:t=20:beta=2:seed=1,40,43,20,2,1,6,ok,False,,2551,1275,7.844240718141811,7.845022442084149,0.9992185815242209,-0.0007817239423379974,2009,0.000517,0.001028,True,10000000,False,FIRST_N_SOLUTIONS,19,13.071332537042395,,
n=40:q=43:t=20:beta=2:seed=1,40,43,20,2,1,7,ok,False,,5889,2944,8.68084148294457,8.688402885006585,0.992467113420948,-0.0075614020620147215,4953,0.001298,0.002348,True,10000000,False,FIRST_N_SOLUTIONS,19,13.071332537042395,,
n=40:q=43:t=20:beta=2:seed=1,40,43,20,2,1,8,ok,False,,12501,6250,9.433563920090563,9.432388787081333,1.0011758237485686,0.0011751330092302226,11203,0.003103,0.005488,True,10000000,False,FIRST_N_SOLUTIONS,19,13.071332537042395,,
n=40:q=43:t=20:beta=2:seed=1,40,43,20,2,1,9,ok,False,,22625,11312,10.026810768568128,10.027033842348967,0.9997769510982666,-0.00022307378083930018,22515,0.006302,0.011835,True,10000000,False,FIRST_N_SOLUTIONS,19,13.071332537042395,,
n=40:q=43:t=20:beta=2:seed=1,40,43,20,2,1,10,ok,False,,39043,19521,10.572418881836954,10.570675796130532,1.0017446057633808,0.0017430857064226757,42036,0.011987,0.023889,True,10000000,False,FIRST_N_SOLUTIONS,19,13.071332537042395,,
n=40:q=43:t=20:beta=2:seed=1,40,43,20,2,1,11,ok,False,,67101,33550,11.11395422597838,11.113702124912937,1.0002521328455878,0.0002521010654437106,42046,0.02579,0.049752,True,10000000,False,FIRST_N_SOLUTIONS,19,13.071332537042395,,
n=40:q=43:t=20:beta=2:seed=1,40,43,20,2,1,12,ok,False,,122669,61334,11.717244950041177,11.71803699620833,0.999208267418616,-0.0007920461671524492,75597,0.059725,0.109561,True,10000000,False,FIRST_N_SOLUTIONS,19,13.071332537042395,,
n=40:q=43:t=20:beta=2:seed=1,40,43,20,2,1,13,ok,False,,192997,96498,12.170429923724763,12.169698770003528,1.0007314210792728,0.0007311537212348895,136932,0.109057,0.218704,True,10000000,False,FIRST_N_SOLUTIONS,19,13.071332537042395,,
n=40:q=43:t=20:beta=2:seed=1,40,43,20,2,1,14,ok,False,,270467,135233,12.507905373523377,12.508122053795184,0.9997833432016677,-0.00021668027180687943,233431,0.19494,0.413729,True,10000000,False,FIRST_N_SOLUTIONS,19,13.071332537042395,,
n=40:q=43:t=20:beta=2:seed=1,40,43,20,2,1,15,ok,False,,344639,172319,12.750252771367492,12.749681569158312,1.0005713653762274,0.000571202209179944,368665,0.262743,0.676576,True,10000000,False,FIRST_N_SOLUTIONS,19,13.071332537042395,,
n=40:q=43:t=20:beta=2:seed=1,40,43,20,2,1,16,ok,False,,417547,208773,12.942152391787273,12.941370875817693,1.0007818214327548,0.0007815159695798712,540985,0.33412,1.010797,True,10000000,False,FIRST_N_SOLUTIONS,19,13.071332537042395,,
n=40:q=43:t=20:beta=2:seed=1,40,43,20,2,1,17,ok,False,,466557,233278,13.05313547830055,13.053489814753195,0.9996457263171017,-0.0003543364526450432,749759,0.382494,1.393376,True,10000000,False,FIRST_N_SOLUTIONS,19,13.071332537042395,,
n=40:q=43:t=20:beta=2:seed=1,40,43,20,2,1,18,ok,False,,469255,234627,13.058901609693,13.059744878885816,0.9991570862587297,-0.0008432691928152991,983038,0.438662,1.832111,True,10000000,False,FIRST_N_SOLUTIONS,19,13.071332537042395,,
n=40:q=43:t=20:beta=2:seed=1,40,43,20,2,1,19,ok,False,,475445,237722,13.072006486559363,13.071332537042395,1.0006741766719722,0.0006739495169689746,1217666,0.458411,2.290597,True,10000000,False,FIRST_N_SOLUTIONS,19,13.071332537042395,,
n=40:q=43:t=20:beta=2:seed=1,40,43,20,2,1,20,ok,False,,430565,215282,12.972853578676657,12.970952636085109,1.0019027505283302,0.0019009425915488265,1455389,0.432673,2.723366,True,10000000,False,FIRST_N_SOLUTIONS,19,13.071332537042395,,
n=40:q=43:t=20:beta=2:seed=1,40,43,20,2,1,21,ok,False,,366897,183448,12.812836433695063,12.811504266922206,1.001333054501169,0.0013321667728565245,1670672,0.357179,3.080638,True,10000000,False,FIRST_N_SOLUTIONS,19,13.071332537042395,,
n=40:q=43:t=20:beta=2:seed=1,40,43,20,2,1,22,ok,False,,333983,166991,12.718845372459887,12.719352637548475,0.9994928635485949,-0.0005072650885882268,1854121,0.318852,3.399583,True,10000000,False,FIRST_N_SOLUTIONS,19,13.071332537042395,,
n=40:q=43:t=20:beta=2:seed=1,40,43,20,2,1,23,ok,False,,264691,132345,12.486318386881582,12.486621521267821,0.9996969115543463,-0.00030313438623963407,2021113,0.299579,3.699241,True,10000000,False,FIRST_N_SOLUTIONS,19,13.071332537042395,,
n=40:q=43:t=20:beta=2:seed=1,40,43,20,2,1,24,ok,False,,198931,99465,12.20071330991227,12.199491155082505,1.00122290196532,0.0012221548297652873,2153459,0.240311,3.939637,True,10000000,False,FIRST_N_SOLUTIONS,19,13.071332537042395,,
n=40:q=43:t=20:beta=2:seed=1,40,43,20,2,1,25,ok,False,,139251,69625,11.84403333909229,11.841673130987068,1.002362995588954,0.0023602081052214174,2252925,0.165858,4.105597,True,10000000,False,FIRST_N_SOLUTIONS,19,13.071332537042395,,
n=40:q=43:t=20:beta=2:seed=1,40,43,20,2,1,26,ok,False,,88959,44479,11.395930868414034,11.395335493306796,1.0005955523781767,0.0005953751072382829,2322551,0.128936,4.234624,True,10000000,False,FIRST_N_SOLUTIONS,19,13.071332537042395,,
n=40:q=43:t=20:beta=2:seed=1,40,43,20,2,1,27,ok,False,,51935,25967,10.857748215661912,10.857471015646283,1.000277238439104,0.00027720001562947516,2367031,0.078946,4.31367,True,10000000,False,FIRST_N_SOLUTIONS,19,13.071332537042395,,
n=40:q=43:t=20:beta=2:seed=1,40,43,20,2,1,28,ok,False,,32913,16456,10.401622995485601,10.395628613054697,1.0060123846941091,0.0059943824309041105,2392999,0.060488,4.374243,True,10000000,False,FIRST_N_SOLUTIONS,19,13.071332537042395,,
n=40:q=43:t=20:beta=2:seed=1,40,43,20,2,1,29,ok,False,,18123,9061,9.80493712880685,9.796394959398476,1.0085787578448118,0.008542169408373823,2409456,0.046475,4.42081,True,10000000,False,FIRST_N_SOLUTIONS,19,13.071332537042395,,
n=40:q=43:t=20:beta=2:seed=1,40,43,20,2,1,30,ok,False,,9293,4646,9.13701670755734,9.134661101756066,1.0023583824203979,0.002355605801273697,2418518,0.03956,4.460448,True,10000000,False,FIRST_N_SOLUTIONS,19,13.071332537042395,,
n=40:q=43:t=20:beta=2:seed=1,40,43,20,2,1,31,ok,False,,4401,2200,8.38958706681109,8.378596579994905,1.0110511040839698,0.010990486816185197,2423165,0.035817,4.49634,True,10000000,False,FIRST_N_SOLUTIONS,19,13.071332537042395,,
n=40:q=43:t=20:beta=2:seed=1,40,43,20,2,1,32,ok,False,,2055,1027,7.628031126930335,7.58657591748171,1.0423264744284009,0.041455209448624686,2425366,0.034447,4.530858,True,10000000,False,FIRST_N_SOLUTIONS,19,13.071332537042395,,
n=40:q=43:t=20:beta=2:seed=1,40,43,20,2,1,33,ok,False,,837,418,6.729824070489475,6.711412788506664,1.01858181460195,0.018411281982811722,2426394,0.034003,4.564926,True,10000000,False,FIRST_N_SOLUTIONS,19,13.071332537042395,,
n=40:q=43:t=20:beta=2:seed=1,40,43,20,2,1,34,ok,False,,403,201,5.998936561946683,5.840581921012287,1.1715816118388989,0.15835464093439544,2426813,0.033432,4.598411,True,10000000,False,FIRST_N_SOLUTIONS,19,13.071332537042395,,
n=40:q=43:t=20:beta=2:seed=1,40,43,20,2,1,35,ok,False,,139,69,4.9344739331306915,4.940057369864519,0.9944321216791134,-0.0055834367338274404,2427015,0.033312,4.631776,True,10000000,False,FIRST_N_SOLUTIONS,19,13.071332537042395,,
n=40:q=43:t=20:beta=2:seed=1,40,43,20,2,1,36,ok,False,,49,24,3.8918202981106265,4.019463959269885,0.8801669609451603,-0.1276436611592584,2427085,0.033138,4.664968,True,10000000,False,FIRST_N_SOLUTIONS,19,13.071332537042395,,
n=40:q=43:t=20:beta=2:seed=1,40,43,20,2,1,37,ok,False,,15,7,2.70805020110221,3.124828049278676,0.6591673389062508,-0.4167778481764661,2427110,0.032964,4.697986,True,10000000,False,FIRST_N_SOLUTIONS,19,13.071332537042395,,
n=40:q=43:t=20:beta=2:seed=1,40,43,20,2,1,38,ok,False,,1,0,0.0,2.099901530789083,0.12246848703454331,-2.099901530789083,2427118,0.032981,4.731018,True,10000000,False,FIRST_N_SOLUTIONS,19,13.071332537042395,,
n=40:q=43:t=20:beta=2:seed=1,40,43,20,2,1,39,ok,False,,1,0,0.0,1.1089231844732694,0.32991402641707546,-1.1089231844732694,2427119,0.032753,4.763821,True,10000000,False,FIRST_N_SOLUTIONS,19,13.071332537042395,,
n=40:q=43:t=20:beta=2:seed=1,40,43,20,2,1,40,ok,True,rank_complete,1,0,0.0,0.0,1.0,0.0,2427120,0.032934,4.796803,True,10000000,False,FIRST_N_SOLUTIONS,19,13.071332537042395,,
n=40:q=43:t=20:beta=2:seed=2,40,43,20,2,2,1,ok,False,,7,3,1.9459101490553132,1.8105128517304396,1.1449915960957189,0.1353972973248736,3,5.8e-05,7.6e-05,True,10000000,False,FIRST_N_SOLUTIONS,18,14.311204798061606,,
n=40:q=43:t=20:beta=2:seed=2,40,43,20,2,2,2,ok,False,,31,15,3.4339872044851463,3.4092844617854015,1.0250103834147002,0.024702742699744817,19,0.000273,0.000401,True,10000000,False,FIRST_N_SOLUTIONS,18,14.311204798061606,,
n=40:q=43:t=20:beta=2:seed=2,40,43,20,2,2,3,ok,False,,129,64,4.859812404361672,4.832726935632882,1.0274556143361093,0.027085468728789586,83,4.6e-05,0.000493,True,10000000,False,FIRST_N_SOLUTIONS,18,14.311204798061606,,
n=40:q=43:t=20:beta=2:seed=2,40,43,20,2,2,4,ok,False,,429,214,6.061456918928017,6.084879036950866,0.9768500507196585,-0.023422118022849325,297,0.000194,0.000724,True,10000000,False,FIRST_N_SOLUTIONS,18,14.311204798061606,,
n=40:q=43:t=20:beta=2:seed=2,40,43,20,2,2,5,ok,False,,1289,644,7.161622002939187,7.174207817703398,0.987493055374035,-0.012585814764211278,941,0.000383,0.001145,True,10000000,False,FIRST_N_SOLUTIONS,18,14.311204798061606,,
n=40:q=43:t=20:beta=2:seed=2,40,43,20,2,2,6,ok,False,,3569,1784,8.18004072349016,8.172659416078371,1.007408616412034,0.007381307411788995,2725,0.001127,0.00231,True,10000000,False,FIRST_N_SOLUTIONS,18,14.311204798061606,,
n=40:q=43:t=20:beta=2:seed=2,40,43,20,2,2,7,ok,False,,8857,4428,9.088963385809583,9.084447726551101,1.0045258702116944,0.004515659258482074,7153,0.002997,0.005349,True,10000000,False,FIRST_N_SOLUTIONS,18,14.311204798061606,,
n=40:q=43:t=20:beta=2:seed=2,40,43,20,2,2,8,ok,False,,19611,9805,9.883845912280838,9.87863826012818,1.005221235542082,0.005207652152657616,16958,0.007212,0.01262,True,10000000,False,FIRST_N_SOLUTIONS,18,14.311204798061606,,
n=40:q=43:t=20:beta=2:seed=2,40,43,20,2,2,9,ok,False,,42105,21052,10.647921777464093,10.644606359570394,1.003320919970485,0.0033154178936989354,38010,0.018187,0.030899,True,10000000,False,FIRST_N_SOLUTIONS,18,14.311204798061606,,
n=40:q=43:t=20:beta=2:seed=2,40,43,20,2,2,10,ok,False,,82761,41380,11.323712214918427,11.320554618135695,1.0031625872426904,0.003157596782731531,79390,0.034053,0.065032,True,10000000,False,FIRST_N_SOLUTIONS,18,14.311204798061606,,
n=40:q=43:t=20:beta=2:seed=2,40,43,20,2,2,11,ok,False,,170071,85035,12.043971275900965,12.04291347405243,1.0010583615182334,0.0010578018485354335,79400,0.08865,0.153772,True,10000000,False,FIRST_N_SOLUTIONS,18,14.311204798061606,,
n=40:q=43:t=20:beta=2:seed=2,40,43,20,2,2,12,ok,False,,295549,147774,12.596589922724545,12.59880209890532,0.9977902688776534,-0.0022121761807749607,164436,0.187278,0.341139,True,10000000,False,FIRST_N_SOLUTIONS,18,14.311204798061606,,
n=40:q=43:t=20:beta=2:seed=2,40,43,20,2,2,13,ok,False,,479735,239867,13.080989147096624,13.082337878119478,0.9986521781060618,-0.001348731022854821,312211,0.334615,0.675858,True,10000000,False,FIRST_N_SOLUTIONS,18,14.311204798061606,,
n=40:q=43:t=20:beta=2:seed=2,40,43,20,2,2,14,ok,False,,742145,371072,13.517299920847705,13.517708427223003,0.9995915770520714,-0.00040850637529743494,552079,0.644749,1.32067,True,10000000,False,FIRST_N_SOLUTIONS,18,14.311204798061606,,
n=40:q=43:t=20:beta=2:seed=2,40,43,20,2,2,15,ok,False,,1077201,538600,13.889876568251864,13.889750611427836,1.0001259647569225,0.00012595682402860575,923152,0.948452,2.269216,True,10000000,False,FIRST_N_SOLUTIONS,18,14.311204798061606,,
n=40:q=43:t=20:beta=2:seed=2,40,43,20,2,2,16,ok,False,,1410653,705326,14.159563275714495,14.159212467227913,1.000350870027075,0.0003508084865817551,1461753,1.424199,3.69355,True,10000000,False,FIRST_N_SOLUTIONS,18,14.311204798061606,,
n=40:q=43:t=20:beta=2:seed=2,40,43,20,2,2,17,ok,False,,1628847,814423,14.30338296052124,14.302990749334185,1.0003922881119194,0.0003922111870551248,2167080,1.871432,5.565077,True,10000000,False,FIRST_N_SOLUTIONS,18,14.311204798061606,,
n=40:q=43:t=20:beta=2:seed=2,40,43,20,2,2,18,ok,False,,1642877,821438,14.31195953116164,14.311204798061606,1.0007550179827263,0.0007547331000345991,2981504,1.713652,7.278831,True,10000000,False,FIRST_N_SOLUTIONS,18,14.311204798061606,,
n=40:q=43:t=20:beta=2:seed=2,40,43,20,2,2,19,ok,False,,1521435,760717,14.235164526407582,14.234108601269796,1.0010564828230082,0.0010559251377859624,3802943,1.682818,8.961747,True,10000000,False,FIRST_N_SOLUTIONS,18,14.311204798061606,,
n=40:q=43:t=20:beta=2:seed=2,40,43,20,2,2,20,ok,False,,1434241,717120,14.17614634738778,14.175910738237754,1.000235636908042,0.0002356091500264057,4563661,1.569786,10.531634,True,10000000,False,FIRST_N_SOLUTIONS,18,14.311204798061606,,
n=40:q=43:t=20:beta=2:seed=2,40,43,20,2,2,21,ok,False,,1269515,634757,14.054145495732529,14.05401917162439,1.0001263320873655,0.0001263241081392863,5280782,1.546808,12.078533,True,10000000,False,FIRST_N_SOLUTIONS,18,14.311204798061606,,
n=40:q=43:t=20:beta=2:seed=2,40,43,20,2,2,22,ok,False,,1089567,544783,13.901290927575133,13.901446785886428,0.9998441538339803,-0.00015585831129527605,5915540,1.172238,13.250881,True,10000000,False,FIRST_N_SOLUTIONS,18,14.311204798061606,,
n=40:q=43:t=20:beta=2:seed=2,40,43,20,2,2,23,ok,False,,854681,427340,13.65848357888479,13.65980163789564,0.9986828092474135,-0.0013180590108508028,6460324,0.960487,14.211457,True,10000000,False,FIRST_N_SOLUTIONS,18,14.311204798061606,,
n=40:q=43:t=20:beta=2:seed=2,40,43,20,2,2,24,ok,False,,584207,292103,13.27801065106187,13.27855644762829,0.9994543523534308,-0.0005457965664206199,6887665,0.68492,14.896467,True,10000000,False,FIRST_N_SOLUTIONS,18,14.311204798061606,,
n=40:q=43:t=20:beta=2:seed=2,40,43,20,2,2,25,ok,False,,363585,181792,12.803768386309073,12.806119495823047,0.9976516521792278,-0.0023511095139738813,7179769,0.468566,15.365114,True,10000000,False,FIRST_N_SOLUTIONS,18,14.311204798061606,,
n=40:q=43:t=20:beta=2:seed=2,40,43,20,2,2,26,ok,False,,207535,103767,12.243055279127708,12.245959314815025,0.9971001769454542,-0.002904035687317119,7361562,0.315065,15.68026,True,10000000,False,FIRST_N_SOLUTIONS,18,14.311204798061606,,
n=40:q=43:t=20:beta=2:seed=2,40,43,20,2,2,27,ok,False,,127273,63636,11.754089664641963,11.757816943006453,0.9962796593152818,-0.003727278364490161,7465330,0.227316,15.907657,True,10000000,False,FIRST_N_SOLUTIONS,18,14.311204798061606,,
n=40:q=43:t=20:beta=2:seed=2,40,43,20,2,2,28,ok,False,,68719,34359,11.137781004747835,11.13710805368369,1.000673177546513,0.0006729510641445557,7528967,0.159979,16.067721,True,10000000,False,FIRST_N_SOLUTIONS,18,14.311204798061606,,
n=40:q=43:t=20:beta=2:seed=2,40,43,20,2,2,29,ok,False,,36967,18483,10.517780901762247,10.515166869077497,1.0026174522471556,0.002614032684750356,7563327,0.127105,16.194907,True,10000000,False,FIRST_N_SOLUTIONS,18,14.311204798061606,,
n=40:q=43:t=20:beta=2:seed=2,40,43,20,2,2,30,ok,False,,18917,9458,9.847816267665664,9.840694983104406,1.0071467012053898,0.0071212845612578235,7581811,0.112572,16.307555,True,10000000,False,FIRST_N_SOLUTIONS,18,14.311204798061606,,
n=40:q=43:t=20:beta=2:seed=2,40,43,20,2,2,31,ok,False,,8599,4299,9.059401196410896,9.047217623064512,1.0122580954169709,0.01218357334638398,7591270,0.105972,16.413613,True,10000000,False,FIRST_N_SOLUTIONS,18,14.311204798061606,,
n=40:q=43:t=20:beta=2:seed=2,40,43,20,2,2,32,ok,False,,3699,1849,8.215817791832453,8.230973497189105,0.9849585643381503,-0.015155705356651339,7595570,0.101837,16.515527,True,10000000,False,FIRST_N_SOLUTIONS,18,14.311204798061606,,
n=40:q=43:t=20:beta=2:seed=2,40,43,20,2,2,33,ok,False,,1469,734,7.292337176173877,7.344395270115463,0.9492737181890704,-0.05205809394158578,7597420,0.099737,16.615335,True,10000000,False,FIRST_N_SOLUTIONS,18,14.311204798061606,,
n=40:q=43:t=20:beta=2:seed=2,40,43,20,2,2,34,ok,False,,625,312,6.437751649736401,6.48863867368371,0.950386035330292,-0.050887023947308485,7598155,0.099244,16.714647,True,10000000,False,FIRST_N_SOLUTIONS,18,14.311204798061606,,
n=40:q=43:t=20:beta=2:seed=2,40,43,20,2,2,35,ok,False,,265,132,5.579729825986222,5.51070460110374,1.0714632363416867,0.0690252248824823,7598468,0.099343,16.814046,True,10000000,False,FIRST_N_SOLUTIONS,18,14.311204798061606,,
n=40:q=43:t=20:beta=2:seed=2,40,43,20,2,2,36,ok,False,,91,45,4.51085950651685,4.545442730623009,0.9660079411935433,-0.034583224106158994,7598601,0.099106,16.913197,True,10000000,False,FIRST_N_SOLUTIONS,18,14.311204798061606,,
n=40:q=43:t=20:beta=2:seed=2,40,43,20,2,2,37,ok,False,,31,15,3.4339872044851463,3.5076204733505136,0.9290123291222346,-0.07363326886536736,7598647,0.099923,17.013181,True,10000000,False,FIRST_N_SOLUTIONS,18,14.311204798061606,,
n=40:q=43:t=20:beta=2:seed=2,40,43,20,2,2,38,ok,False,,13,6,2.5649493574615367,2.335617406660475,1.2577594839886612,0.2293319508010616,7598663,0.09878,17.112039,True,10000000,False,FIRST_N_SOLUTIONS,18,14.311204798061606,,
n=40:q=43:t=20:beta=2:seed=2,40,43,20,2,2,39,ok,False,,3,1,1.0986122886681098,1.1271070065587026,0.9719074278539458,-0.02849471789059277,7598670,0.098368,17.210461,True,10000000,False,FIRST_N_SOLUTIONS,18,14.311204798061606,,
n=40:q=43:t=20:beta=2:seed=2,40,43,20,2,2,40,ok,True,rank_complete,1,0,0.0,0.0,1.0,0.0,7598672,0.09799,17.308503,True,10000000,False,FIRST_N_SOLUTIONS,18,14.311204798061606,,
n=40:q=43:t=20:beta=7:seed=0,40,43,20,7,0,1,ok,False,,7,3,1.9459101490553132,1.8266954939814555,1.1266117252579722,0.11921465507385776,3,2.1e-05,4.4e-05,True,10000000,False,FIRST_N_SOLUTIONS,18,12.150366144523488,,
n=40:q=43:t=20:beta=7:seed=0,40,43,20,7,0,2,ok,False,,31,15,3.4339872044851463,3.3260446250990983,1.113983777917499,0.10794257938604801,19,1.2e-05,0.000109,True,10000000,False,FIRST_N_SOLUTIONS,18,12.150366144523488,,
n=40:q=43:t=20:beta=7:seed=0,40,43,20,7,0,3,ok,False,,103,51,4.634728988229636,4.60840758456262,1.0266708712342423,0.02632140366701563,70,2.4e-05,0.000173,True,10000000,False,FIRST_N_SOLUTIONS,18,12.150366144523488,,
n=40:q=43:t=20:beta=7:seed=0,40,43,20,7,0,4,ok,False,,301,150,5.707110264748875,5.740030722921718,0.967615522434749,-0.032920458172842615,220,0.000175,0.000383,True,10000000,False,FIRST_N_SOLUTIONS,18,12.150366144523488,,
n=40:q=43:t=20:beta=7:seed=0,40,43,20,7,0,5,ok,False,,811,405,6.698268054115413,6.72500950539069,0.9736129353681867,-0.02674145127527705,625,0.000232,0.000662,True,10000000,False,FIRST_N_SOLUTIONS,18,12.150366144523488,,
n=40:q=43:t=20:beta=7:seed=0,40,43,20,7,0,6,ok,False,,1911,955,7.555381944240273,7.584019564550815,0.9717685498537769,-0.0286376203105414,1580,0.000557,0.001257,True,10000000,False,FIRST_N_SOLUTIONS,18,12.150366144523488,,
n=40:q=43:t=20:beta=7:seed=0,40,43,20,7,0,7,ok,False,,4103,2051,8.319473692442186,8.321441148500597,0.998034478114585,-0.001967456058411088,3631,0.001023,0.002322,True,10000000,False,FIRST_N_SOLUTIONS,18,12.150366144523488,,
n=40:q=43:t=20:beta=7:seed=0,40,43,20,7,0,8,ok,False,,9083,4541,9.114159813502214,9.108855147841245,1.0053187603113043,0.005304665660968766,8172,0.00231,0.00468,True,10000000,False,FIRST_N_SOLUTIONS,18,12.150366144523488,,
n=40:q=43:t=20:beta=7:seed=0,40,43,20,7,0,9,ok,False,,17017,8508,9.741968123371437,9.734130773482486,1.007868142306677,0.007837349888951906,16680,0.004793,0.009521,True,10000000,False,FIRST_N_SOLUTIONS,18,12.150366144523488,,
n=40:q=43:t=20:beta=7:seed=0,40,43,20,7,0,10,ok,False,,29115,14557,10.27900878427122,10.270640927505708,1.008402965137888,0.008367856765511661,31237,0.009032,0.018598,True,10000000,False,FIRST_N_SOLUTIONS,18,12.150366144523488,,
n=40:q=43:t=20:beta=7:seed=0,40,43,20,7,0,11,ok,False,,43749,21874,10.686224034381675,10.679856480954717,1.0063878693933908,0.006367553426958494,31247,0.015749,0.034413,True,10000000,False,FIRST_N_SOLUTIONS,18,12.150366144523488,,
n=40:q=43:t=20:beta=7:seed=0,40,43,20,7,0,12,ok,False,,59631,29815,10.99593085205871,10.993587279166146,1.002346321206053,0.0023435728925633725,53122,0.025776,0.060266,True,10000000,False,FIRST_N_SOLUTIONS,18,12.150366144523488,,
n=40:q=43:t=20:beta=7:seed=0,40,43,20,7,0,13,ok,False,,81929,40964,11.313608297520057,11.316403579163172,0.9972086215189578,-0.002795281643114933,82938,0.039904,0.10026,True,10000000,False,FIRST_N_SOLUTIONS,18,12.150366144523488,,
n=40:q=43:t=20:beta=7:seed=0,40,43,20,7,0,14,ok,False,,112333,56166,11.629222953302936,11.631302186652544,0.9979229267586703,-0.002079233349608245,123903,0.072089,0.17243,True,10000000,False,FIRST_N_SOLUTIONS,18,12.150366144523488,,
n=40:q=43:t=20:beta=7:seed=0,40,43,20,7,0,15,ok,False,,140133,70066,11.85034725062703,11.850973591186193,0.9993738555511384,-0.0006263405591635518,180070,0.112797,0.285324,True,10000000,False,FIRST_N_SOLUTIONS,18,12.150366144523488,,
n=40:q=43:t=20:beta=7:seed=0,40,43,20,7,0,16,ok,False,,169965,84982,12.043347812482777,12.044859857063805,0.9984890979824373,-0.0015120445810286043,250137,0.129378,0.414815,True,10000000,False,FIRST_N_SOLUTIONS,18,12.150366144523488,,
n=40:q=43:t=20:beta=7:seed=0,40,43,20,7,0,17,ok,False,,184823,92411,12.127153889319816,12.127943006313046,0.9992111942777023,-0.0007891169932303654,335120,0.14555,0.560442,True,10000000,False,FIRST_N_SOLUTIONS,18,12.150366144523488,,
n=40:q=43:t=20:beta=7:seed=0,40,43,20,7,0,18,ok,False,,189103,94551,12.1500471191426,12.150366144523488,0.9996810255022979,-0.0003190253808877941,427532,0.162416,0.722954,True,10000000,False,FIRST_N_SOLUTIONS,18,12.150366144523488,,
n=40:q=43:t=20:beta=7:seed=0,40,43,20,7,0,19,ok,False,,187983,93991,12.144106812191536,12.142853940756574,1.0012536566062507,0.0012528714349624437,522084,0.153598,0.87664,True,10000000,False,FIRST_N_SOLUTIONS,18,12.150366144523488,,
n=40:q=43:t=20:beta=7:seed=0,40,43,20,7,0,20,ok,False,,175081,87540,12.073004002963183,12.070970414506263,1.0020356576002833,0.0020335884569195883,616076,0.141652,1.018368,True,10000000,False,FIRST_N_SOLUTIONS,18,12.150366144523488,,
n=40:q=43:t=20:beta=7:seed=0,40,43,20,7,0,21,ok,False,,155577,77788,11.954896064890702,11.956408026158243,0.99848918117005,-0.00151196126754094,703617,0.150185,1.16862,True,10000000,False,FIRST_N_SOLUTIONS,18,12.150366144523488,,
n=40:q=43:t=20:beta=7:seed=0,40,43,20,7,0,22,ok,False,,123865,61932,11.726947541834877,11.724128337154035,1.002823182375458,0.002819204680841736,781406,0.125868,1.294561,True,10000000,False,FIRST_N_SOLUTIONS,18,12.150366144523488,,
n=40:q=43:t=20:beta=7:seed=0,40,43,20,7,0,23,ok,False,,95379,47689,11.465613707418978,11.460939426674905,1.0046852222355351,0.004674280744072945,843339,0.094601,1.389232,True,10000000,False,FIRST_N_SOLUTIONS,18,12.150366144523488,,
n=40:q=43:t=20:beta=7:seed=0,40,43,20,7,0,24,ok,False,,71621,35810,11.179143606035232,11.16943945396455,1.0097513900321946,0.009704152070682426,891029,0.074814,1.464118,True,10000000,False,FIRST_N_SOLUTIONS,18,12.150366144523488,,
n=40:q=43:t=20:beta=7:seed=0,40,43,20,7,0,25,ok,False,,47671,23835,10.772078525532862,10.764967374731015,1.0071364950747423,0.007111150801847543,926840,0.05258,1.516793,True,10000000,False,FIRST_N_SOLUTIONS,18,12.150366144523488,,
n=40:q=43:t=20:beta=7:seed=0,40,43,20,7,0,26,ok,False,,30441,15220,10.323545662947193,10.334329618615037,0.9892739827266918,-0.010783955667843514,950676,0.037111,1.553991,True,10000000,False,FIRST_N_SOLUTIONS,18,12.150366144523488,,
n=40:q=43:t=20:beta=7:seed=0,40,43,20,7,0,27,ok,False,,19223,9611,9.86386275775286,9.871174430090974,0.9927149929093133,-0.007311672338113695,965897,0.026434,1.580509,True,10000000,False,FIRST_N_SOLUTIONS,18,12.150366144523488,,
n=40:q=43:t=20:beta=7:seed=0,40,43,20,7,0,28,ok,False,,12125,6062,9.403024715805683,9.407473808117189,0.9955607902381354,-0.004449092311505254,975509,0.020976,1.601542,True,10000000,False,FIRST_N_SOLUTIONS,18,12.150366144523488,,
n=40:q=43:t=20:beta=7:seed=0,40,43,20,7,0,29,ok,False,,7345,3672,8.901775088607979,8.910428480641436,0.9913839408005605,-0.008653392033457052,981572,0.01783,1.619446,True,10000000,False,FIRST_N_SOLUTIONS,18,12.150366144523488,,
n=40:q=43:t=20:beta=7:seed=0,40,43,20,7,0,30,ok,False,,4149,2074,8.330622620332868,8.328415940230784,1.0022091166124907,0.0022066801020841353,985245,0.015993,1.635522,True,10000000,False,FIRST_N_SOLUTIONS,18,12.150366144523488,,
n=40:q=43:t=20:beta=7:seed=0,40,43,20,7,0,31,ok,False,,2107,1053,7.653020413804189,7.682025401840846,0.9714116190177551,-0.02900498803665741,987320,0.014876,1.650466,True,10000000,False,FIRST_N_SOLUTIONS,18,12.150366144523488,,
n=40:q=43:t=20:beta=7:seed=0,40,43,20,7,0,32,ok,False,,1051,525,6.957497370876951,7.008977385488656,0.9498226323466331,-0.05148001461170448,988374,0.0142,1.664723,True,10000000,False,FIRST_N_SOLUTIONS,18,12.150366144523488,,
n=40:q=43:t=20:beta=7:seed=0,40,43,20,7,0,33,ok,False,,521,260,6.255750041753367,6.349950850439477,0.9100999879072439,-0.09420080868610992,988900,0.013853,1.678634,True,10000000,False,FIRST_N_SOLUTIONS,18,12.150366144523488,,
n=40:q=43:t=20:beta=7:seed=0,40,43,20,7,0,34,ok,False,,217,108,5.37989735354046,5.558695537837664,0.8362746557249994,-0.17879818429720462,989161,0.013884,1.692561,True,10000000,False,FIRST_N_SOLUTIONS,18,12.150366144523488,,
n=40:q=43:t=20:beta=7:seed=0,40,43,20,7,0,35,ok,False,,99,49,4.59511985013459,4.75230860544395,0.8545427441136336,-0.1571887553093605,989270,0.013598,1.706204,True,10000000,False,FIRST_N_SOLUTIONS,18,12.150366144523488,,
n=40:q=43:t=20:beta=7:seed=0,40,43,20,7,0,36,ok,False,,33,16,3.4965075614664802,3.859232879874,0.6957775245317495,-0.36272531840751965,989320,0.013591,1.719827,True,10000000,False,FIRST_N_SOLUTIONS,18,12.150366144523488,,
n=40:q=43:t=20:beta=7:seed=0,40,43,20,7,0,37,ok,False,,9,4,2.1972245773362196,2.919112952140651,0.48583395258717876,-0.7218883748044314,989337,0.013625,1.733491,True,10000000,False,FIRST_N_SOLUTIONS,18,12.150366144523488,,
n=40:q=43:t=20:beta=7:seed=0,40,43,20,7,0,38,ok,False,,7,3,1.9459101490553132,2.007393309361177,0.9403687811287461,-0.06148316030586387,989342,0.013539,1.747061,True,10000000,False,FIRST_N_SOLUTIONS,18,12.150366144523488,,
n=40:q=43:t=20:beta=7:seed=0,40,43,20,7,0,39,ok,False,,3,1,1.0986122886681098,0.9988922420848638,1.10486156500528,0.09972004658324596,989346,0.013587,1.76069,True,10000000,False,FIRST_N_SOLUTIONS,18,12.150366144523488,,
n=40:q=43:t=20:beta=7:seed=0,40,43,20,7,0,40,ok,True,rank_complete,3,1,1.0986122886681098,0.0,3.0000000000000004,1.0986122886681098,989348,0.01357,1.774306,True,10000000,False,FIRST_N_SOLUTIONS,18,12.150366144523488,,
n=40:q=43:t=20:beta=7:seed=1,40,43,20,7,1,1,ok,False,,7,3,1.9459101490553132,1.797178728189359,1.1603612985214147,0.14873142086595426,3,3.6e-05,5.6e-05,True,10000000,False,FIRST_N_SOLUTIONS,18,12.374060979193771,,
n=40:q=43:t=20:beta=7:seed=1,40,43,20,7,1,2,ok,False,,25,12,3.2188758248682006,3.247482062139186,0.9717990473831662,-0.028606237270985435,16,1.6e-05,0.000126,True,10000000,False,FIRST_N_SOLUTIONS,18,12.374060979193771,,
n=40:q=43:t=20:beta=7:seed=1,40,43,20,7,1,3,ok,False,,87,43,4.465908118654584,4.522665636075063,0.9448231447453355,-0.056757517420479076,59,2.6e-05,0.000197,True,10000000,False,FIRST_N_SOLUTIONS,18,12.374060979193771,,
n=40:q=43:t=20:beta=7:seed=1,40,43,20,7,1,4,ok,False,,301,150,5.707110264748875,5.699224330499209,1.0079171101255806,0.007885934249665993,209,0.000311,0.000544,True,10000000,False,FIRST_N_SOLUTIONS,18,12.374060979193771,,
n=40:q=43:t=20:beta=7:seed=1,40,43,20,7,1,5,ok,False,,899,449,6.80128303447162,6.777868884341193,1.023690413285656,0.023414150130427025,658,0.000274,0.000859,True,10000000,False,FIRST_N_SOLUTIONS,18,12.374060979193771,,
n=40:q=43:t=20:beta=7:seed=1,40,43,20,7,1,6,ok,False,,2157,1078,7.676473646389156,7.664233818366725,1.0123150412699249,0.012239828022431176,1736,0.000681,0.001579,True,10000000,False,FIRST_N_SOLUTIONS,18,12.374060979193771,,
n=40:q=43:t=20:beta=7:seed=1,40,43,20,7,1,7,ok,False,,4791,2395,8.474494436883122,8.475765293507925,0.9987299505714976,-0.001270856624802974,4131,0.001584,0.003203,True,10000000,False,FIRST_N_SOLUTIONS,18,12.374060979193771,,
n=40:q=43:t=20:beta=7:seed=1,40,43,20,7,1,8,ok,False,,9755,4877,9.185535253057212,9.196511657258958,0.989083616717506,-0.010976404201745282,9008,0.003515,0.006765,True,10000000,False,FIRST_N_SOLUTIONS,18,12.374060979193771,,
n=40:q=43:t=20:beta=7:seed=1,40,43,20,7,1,9,ok,False,,18325,9162,9.816021526754852,9.826318829069324,0.9897555333924085,-0.010297302314471679,18170,0.00658,0.013415,True,10000000,False,FIRST_N_SOLUTIONS,18,12.374060979193771,,
n=40:q=43:t=20:beta=7:seed=1,40,43,20,7,1,10,ok,False,,33733,16866,10.426231865695646,10.42832519551371,0.9979088596687614,-0.0020933298180629833,35036,0.012291,0.025758,True,10000000,False,FIRST_N_SOLUTIONS,18,12.374060979193771,,
n=40:q=43:t=20:beta=7:seed=1,40,43,20,7,1,11,ok,False,,53157,26578,10.88100507782618,10.881449380993242,0.9995557955209728,-0.0004443031670628983,35046,0.023478,0.049303,True,10000000,False,FIRST_N_SOLUTIONS,18,12.374060979193771,,
n=40:q=43:t=20:beta=7:seed=1,40,43,20,7,1,12,ok,False,,81177,40588,11.304387234795035,11.302870939868434,1.001517445083005,0.0015162949266009917,61625,0.041292,0.090667,True,10000000,False,FIRST_N_SOLUTIONS,18,12.374060979193771,,
n=40:q=43:t=20:beta=7:seed=1,40,43,20,7,1,13,ok,False,,112209,56104,11.628118482757513,11.630041596639696,0.9980787341164914,-0.0019231138821833582,102214,0.061514,0.152264,True,10000000,False,FIRST_N_SOLUTIONS,18,12.374060979193771,,
n=40:q=43:t=20:beta=7:seed=1,40,43,20,7,1,14,ok,False,,144101,72050,11.878269721588795,11.879553383048666,0.9987171620810807,-0.0012836614598707996,158319,0.094892,0.247217,True,10000000,False,FIRST_N_SOLUTIONS,18,12.374060979193771,,
n=40:q=43:t=20:beta=7:seed=1,40,43,20,7,1,15,ok,False,,174251,87125,12.06825206748722,12.067822630953618,1.0004295287546714,0.0004294365336026118,230370,0.130931,0.378219,True,10000000,False,FIRST_N_SOLUTIONS,18,12.374060979193771,,
n=40:q=43:t=20:beta=7:seed=1,40,43,20,7,1,16,ok,False,,199187,99593,12.201999360958864,12.201053079153514,1.000946729671235,0.0009462818053496136,317496,0.14013,0.518435,True,10000000,False,FIRST_N_SOLUTIONS,18,12.374060979193771,,
n=40:q=43:t=20:beta=7:seed=1,40,43,20,7,1,17,ok,False,,229467,114733,12.343514507294168,12.345434787975538,0.9980815618779787,-0.0019202806813698459,417090,0.238214,0.756717,True,10000000,False,FIRST_N_SOLUTIONS,18,12.374060979193771,,
n=40:q=43:t=20:beta=7:seed=1,40,43,20,7,1,18,ok,False,,236289,118144,12.37281091109697,12.374060979193771,0.9987507129128492,-0.0012500680968017264,531824,0.202705,0.959492,True,10000000,False,FIRST_N_SOLUTIONS,18,12.374060979193771,,
n=40:q=43:t=20:beta=7:seed=1,40,43,20,7,1,19,ok,False,,235921,117960,12.371252282205166,12.373574627324029,0.997680349438262,-0.0023223451188627564,649969,0.200973,1.160559,True,10000000,False,FIRST_N_SOLUTIONS,18,12.374060979193771,,
n=40:q=43:t=20:beta=7:seed=1,40,43,20,7,1,20,ok,False,,219019,109509,12.296913763026248,12.297436470060735,0.9994774295530363,-0.0005227070344862028,767930,0.197869,1.358488,True,10000000,False,FIRST_N_SOLUTIONS,18,12.374060979193771,,
n=40:q=43:t=20:beta=7:seed=1,40,43,20,7,1,21,ok,False,,190175,95087,12.155699979865503,12.153175203242213,1.0025279665558455,0.0025247766232894264,877440,0.19759,1.556136,True,10000000,False,FIRST_N_SOLUTIONS,18,12.374060979193771,,
n=40:q=43:t=20:beta=7:seed=1,40,43,20,7,1,22,ok,False,,158729,79364,11.974953624540142,11.974147584020947,1.000806365457152,0.0008060405191940845,972528,0.194814,1.760049,True,10000000,False,FIRST_N_SOLUTIONS,18,12.374060979193771,,
n=40:q=43:t=20:beta=7:seed=1,40,43,20,7,1,23,ok,False,,117279,58639,11.672310990481126,11.675640101535045,0.9966764242919883,-0.003329111053918865,1051893,0.124558,1.884724,True,10000000,False,FIRST_N_SOLUTIONS,18,12.374060979193771,,
n=40:q=43:t=20:beta=7:seed=1,40,43,20,7,1,24,ok,False,,85053,42526,11.351029870570525,11.35406774515286,0.9969667350896029,-0.0030378745823362863,1110533,0.094596,1.979403,True,10000000,False,FIRST_N_SOLUTIONS,18,12.374060979193771,,
n=40:q=43:t=20:beta=7:seed=1,40,43,20,7,1,25,ok,False,,58267,29133,10.972791174342897,10.975132747298765,0.9976611663875437,-0.002341572955868898,1153060,0.065797,2.04527,True,10000000,False,FIRST_N_SOLUTIONS,18,12.374060979193771,,
n=40:q=43:t=20:beta=7:seed=1,40,43,20,7,1,26,ok,False,,40001,20000,10.596659732783579,10.59785754414218,0.998802905731083,-0.0011978113586010863,1182194,0.049164,2.094497,True,10000000,False,FIRST_N_SOLUTIONS,18,12.374060979193771,,
n=40:q=43:t=20:beta=7:seed=1,40,43,20,7,1,27,ok,False,,24613,12306,10.111030037621687,10.113390071514416,0.9976427487977458,-0.0023600338927298736,1202195,0.040959,2.135516,True,10000000,False,FIRST_N_SOLUTIONS,18,12.374060979193771,,
n=40:q=43:t=20:beta=7:seed=1,40,43,20,7,1,28,ok,False,,13853,6926,9.536257094657879,9.54687602516546,0.9894372512955748,-0.010618930507581226,1214502,0.032718,2.168323,True,10000000,False,FIRST_N_SOLUTIONS,18,12.374060979193771,,
n=40:q=43:t=20:beta=7:seed=1,40,43,20,7,1,29,ok,False,,7859,3929,8.969414650866176,8.983606199030596,0.9859086771774678,-0.014191548164420809,1221429,0.029204,2.19765,True,10000000,False,FIRST_N_SOLUTIONS,18,12.374060979193771,,
n=40:q=43:t=20:beta=7:seed=1,40,43,20,7,1,30,ok,False,,4649,2324,8.444407421690585,8.443248798410238,1.0011592947435988,0.00115862328034666,1225359,0.029633,2.227385,True,10000000,False,FIRST_N_SOLUTIONS,18,12.374060979193771,,
n=40:q=43:t=20:beta=7:seed=1,40,43,20,7,1,31,ok,False,,2435,1217,7.79770203551669,7.807872906902091,0.9898806770148939,-0.010170871385400737,1227684,0.02783,2.255308,True,10000000,False,FIRST_N_SOLUTIONS,18,12.374060979193771,,
n=40:q=43:t=20:beta=7:seed=1,40,43,20,7,1,32,ok,False,,1241,620,7.123672785204607,7.142112956151891,0.9817288087394207,-0.018440170947283896,1228902,0.017995,2.273417,True,10000000,False,FIRST_N_SOLUTIONS,18,12.374060979193771,,
n=40:q=43:t=20:beta=7:seed=1,40,43,20,7,1,33,ok,False,,613,306,6.418364935936212,6.396540683716623,1.0220641431805197,0.021824252219588836,1229523,0.01707,2.290572,True,10000000,False,FIRST_N_SOLUTIONS,18,12.374060979193771,,
n=40:q=43:t=20:beta=7:seed=1,40,43,20,7,1,34,ok,False,,287,143,5.659482215759621,5.602841044372056,1.058276002547047,0.056641171387565414,1229830,0.0174,2.30803,True,10000000,False,FIRST_N_SOLUTIONS,18,12.374060979193771,,
n=40:q=43:t=20:beta=7:seed=1,40,43,20,7,1,35,ok,False,,115,57,4.74493212836325,4.796261416810587,0.9499658062585923,-0.051329288447337085,1229974,0.016917,2.325012,True,10000000,False,FIRST_N_SOLUTIONS,18,12.374060979193771,,
n=40:q=43:t=20:beta=7:seed=1,40,43,20,7,1,36,ok,False,,35,17,3.5553480614894135,3.9066079776317792,0.703800800891275,-0.35125991614236574,1230032,0.017106,2.342174,True,10000000,False,FIRST_N_SOLUTIONS,18,12.374060979193771,,
n=40:q=43:t=20:beta=7:seed=1,40,43,20,7,1,37,ok,False,,11,5,2.3978952727983707,2.960965476084766,0.569458025301381,-0.5630702032863955,1230050,0.029281,2.371499,True,10000000,False,FIRST_N_SOLUTIONS,18,12.374060979193771,,
n=40:q=43:t=20:beta=7:seed=1,40,43,20,7,1,38,ok,False,,5,2,1.6094379124341003,2.04097178340119,0.6495120625639154,-0.4315338709670897,1230056,0.073098,2.444803,True,10000000,False,FIRST_N_SOLUTIONS,18,12.374060979193771,,
n=40:q=43:t=20:beta=7:seed=1,40,43,20,7,1,39,ok,False,,1,0,0.0,1.0359462281617198,0.35489041469495586,-1.0359462281617198,1230059,0.024118,2.46899,True,10000000,False,FIRST_N_SOLUTIONS,18,12.374060979193771,,
n=40:q=43:t=20:beta=7:seed=1,40,43,20,7,1,40,ok,True,rank_complete,1,0,0.0,0.0,1.0,0.0,1230060,0.018401,2.487441,True,10000000,False,FIRST_N_SOLUTIONS,18,12.374060979193771,,
n=40:q=43:t=20:beta=7:seed=2,40,43,20,7,2,1,ok,False,,5,2,1.6094379124341003,1.720666134536597,0.8947345274309608,-0.11122822210249672,2,2.8e-05,4.6e-05,True,10000000,False,FIRST_N_SOLUTIONS,18,12.05502215160606,,
n=40:q=43:t=20:beta=7:seed=2,40,43,20,7,2,2,ok,False,,23,11,3.1354942159291497,3.2336252201098135,0.9065301367367926,-0.09813100418066378,14,1.6e-05,0.000114,True,10000000,False,FIRST_N_SOLUTIONS,18,12.05502215160606,,
n=40:q=43:t=20:beta=7:seed=2,40,43,20,7,2,3,ok,False,,91,45,4.51085950651685,4.515115743818261,0.9957528076395499,-0.004256237301411225,59,2.6e-05,0.00018,True,10000000,False,FIRST_N_SOLUTIONS,18,12.05502215160606,,
n=40:q=43:t=20:beta=7:seed=2,40,43,20,7,2,4,ok,False,,285,142,5.652489180268651,5.641562696423239,1.0109863958804857,0.010926483845412172,201,0.000318,0.000534,True,10000000,False,FIRST_N_SOLUTIONS,18,12.05502215160606,,
n=40:q=43:t=20:beta=7:seed=2,40,43,20,7,2,5,ok,False,,799,399,6.683360945766275,6.696819274689919,0.9866318294714125,-0.013458328923644736,600,0.000234,0.000807,True,10000000,False,FIRST_N_SOLUTIONS,18,12.05502215160606,,
n=40:q=43:t=20:beta=7:seed=2,40,43,20,7,2,6,ok,False,,2053,1026,7.627057417018934,7.63369567271174,0.9933837288532706,-0.006638255692806183,1626,0.000625,0.001469,True,10000000,False,FIRST_N_SOLUTIONS,18,12.05502215160606,,
n=40:q=43:t=20:beta=7:seed=2,40,43,20,7,2,7,ok,False,,4471,2235,8.405367376233981,8.41340646413894,0.9919931391456915,-0.008039087904959885,3861,0.001431,0.00294,True,10000000,False,FIRST_N_SOLUTIONS,18,12.05502215160606,,
n=40:q=43:t=20:beta=7:seed=2,40,43,20,7,2,8,ok,False,,8875,4437,9.090993614343617,9.0903187240942,1.0006751180390832,0.0006748902494173592,8298,0.00314,0.006123,True,10000000,False,FIRST_N_SOLUTIONS,18,12.05502215160606,,
n=40:q=43:t=20:beta=7:seed=2,40,43,20,7,2,9,ok,False,,15981,7990,9.679155795585109,9.679323149855168,0.9998326597328849,-0.00016735427005976078,16288,0.006154,0.012335,True,10000000,False,FIRST_N_SOLUTIONS,18,12.05502215160606,,
n=40:q=43:t=20:beta=7:seed=2,40,43,20,7,2,10,ok,False,,26451,13225,10.183049243755137,10.183196433246183,0.9998528213407964,-0.00014718949104519652,29513,0.011374,0.02379,True,10000000,False,FIRST_N_SOLUTIONS,18,12.05502215160606,,
n=40:q=43:t=20:beta=7:seed=2,40,43,20,7,2,11,ok,False,,40227,20113,10.602293690947752,10.602165309598057,1.0001283895909332,0.00012838134969506143,29523,0.019399,0.043287,True,10000000,False,FIRST_N_SOLUTIONS,18,12.05502215160606,,
n=40:q=43:t=20:beta=7:seed=2,40,43,20,7,2,12,ok,False,,54497,27248,10.905900933264697,10.90961103589478,0.9962967712970596,-0.003710102630083867,49637,0.03297,0.076348,True,10000000,False,FIRST_N_SOLUTIONS,18,12.05502215160606,,
n=40:q=43:t=20:beta=7:seed=2,40,43,20,7,2,13,ok,False,,80513,40256,11.296173941051668,11.298817054770574,0.9973603762307052,-0.0026431137189053544,76886,0.041517,0.117967,True,10000000,False,FIRST_N_SOLUTIONS,18,12.05502215160606,,
n=40:q=43:t=20:beta=7:seed=2,40,43,20,7,2,14,ok,False,,103769,51884,11.54992255385635,11.552610109555122,0.9973160525458682,-0.002687555698772215,117143,0.057654,0.175695,True,10000000,False,FIRST_N_SOLUTIONS,18,12.05502215160606,,
n=40:q=43:t=20:beta=7:seed=2,40,43,20,7,2,15,ok,False,,132381,66190,11.793439407655562,11.793732323866784,0.9997071266845426,-0.00029291621122240485,169028,0.15314,0.328897,True,10000000,False,FIRST_N_SOLUTIONS,18,12.05502215160606,,
n=40:q=43:t=20:beta=7:seed=2,40,43,20,7,2,16,ok,False,,148169,74084,11.906108793175484,11.9069029493979,0.999206159036177,-0.0007941562224154097,235219,0.102459,0.431414,True,10000000,False,FIRST_N_SOLUTIONS,18,12.05502215160606,,
n=40:q=43:t=20:beta=7:seed=2,40,43,20,7,2,17,ok,False,,163567,81783,12.004977971312842,12.0086834978,0.9963013305039136,-0.0037055264871579396,309304,0.119969,0.551471,True,10000000,False,FIRST_N_SOLUTIONS,18,12.05502215160606,,
n=40:q=43:t=20:beta=7:seed=2,40,43,20,7,2,18,ok,False,,171497,85748,12.052321052723762,12.05502215160606,0.9973025458029977,-0.00270109888229797,391088,0.127302,0.678863,True,10000000,False,FIRST_N_SOLUTIONS,18,12.05502215160606,,
n=40:q=43:t=20:beta=7:seed=2,40,43,20,7,2,19,ok,False,,163841,81920,12.006651724330279,12.00495123507499,1.001701935907031,0.0017004892552883177,476837,0.12339,0.802315,True,10000000,False,FIRST_N_SOLUTIONS,18,12.05502215160606,,
n=40:q=43:t=20:beta=7:seed=2,40,43,20,7,2,20,ok,False,,144947,72473,11.884123437343623,11.885234438849558,0.9988896154277457,-0.0011110015059347944,558758,0.130012,0.932398,True,10000000,False,FIRST_N_SOLUTIONS,18,12.05502215160606,,
n=40:q=43:t=20:beta=7:seed=2,40,43,20,7,2,21,ok,False,,122893,61446,11.719069337056514,11.715458299605892,1.0036175651011883,0.0036110374506215237,631232,0.112734,1.045207,True,10000000,False,FIRST_N_SOLUTIONS,18,12.05502215160606,,
n=40:q=43:t=20:beta=7:seed=2,40,43,20,7,2,22,ok,False,,105379,52689,11.56531865425156,11.562583522360107,1.002738875777246,0.002735131891451914,692679,0.146747,1.192015,True,10000000,False,FIRST_N_SOLUTIONS,18,12.05502215160606,,
n=40:q=43:t=20:beta=7:seed=2,40,43,20,7,2,23,ok,False,,87679,43839,11.381437697007314,11.379246695211322,1.002193403794368,0.00219100179599252,745369,0.088339,1.280453,True,10000000,False,FIRST_N_SOLUTIONS,18,12.05502215160606,,
n=40:q=43:t=20:beta=7:seed=2,40,43,20,7,2,24,ok,False,,63835,31917,11.064056908254452,11.066240817894915,0.9978184733551312,-0.002183909640463,789209,0.067584,1.348105,True,10000000,False,FIRST_N_SOLUTIONS,18,12.05502215160606,,
n=40:q=43:t=20:beta=7:seed=2,40,43,20,7,2,25,ok,False,,45009,22504,10.714617748755122,10.7211928009418,0.9934465161720334,-0.0065750521866778655,821127,0.046901,1.3951,True,10000000,False,FIRST_N_SOLUTIONS,18,12.05502215160606,,
n=40:q=43:t=20:beta=7:seed=2,40,43,20,7,2,26,ok,False,,30923,15461,10.339255522574339,10.344576093658233,0.9946935580849131,-0.0053205710838941656,843632,0.036321,1.43148,True,10000000,False,FIRST_N_SOLUTIONS,18,12.05502215160606,,
n=40:q=43:t=20:beta=7:seed=2,40,43,20,7,2,27,ok,False,,18879,9439,9.845805472195043,9.853710747494524,0.992125889213875,-0.007905275299481929,859094,0.025143,1.456708,True,10000000,False,FIRST_N_SOLUTIONS,18,12.05502215160606,,
n=40:q=43:t=20:beta=7:seed=2,40,43,20,7,2,28,ok,False,,10889,5444,9.29550838434606,9.31175321616761,0.9838864038640583,-0.0162448318215489,868534,0.019309,1.476112,True,10000000,False,FIRST_N_SOLUTIONS,18,12.05502215160606,,
n=40:q=43:t=20:beta=7:seed=2,40,43,20,7,2,29,ok,False,,6213,3106,8.734399150063695,8.753937089587389,0.9806516890248872,-0.019537939523694092,873979,0.015543,1.49174,True,10000000,False,FIRST_N_SOLUTIONS,18,12.05502215160606,,
n=40:q=43:t=20:beta=7:seed=2,40,43,20,7,2,30,ok,False,,3403,1701,8.132412674500905,8.176796112074463,0.9565870957083741,-0.04438343757355767,877086,0.013834,1.505649,True,10000000,False,FIRST_N_SOLUTIONS,18,12.05502215160606,,
n=40:q=43:t=20:beta=7:seed=2,40,43,20,7,2,31,ok,False,,1843,921,7.519149957669823,7.585526666576946,0.9357782818714458,-0.06637670890712322,878788,0.013054,1.518773,True,10000000,False,FIRST_N_SOLUTIONS,18,12.05502215160606,,
n=40:q=43:t=20:beta=7:seed=2,40,43,20,7,2,32,ok,False,,1021,510,6.928537818164665,6.907562369994935,1.0211969790748394,0.020975448169730626,879710,0.012574,1.531409,True,10000000,False,FIRST_N_SOLUTIONS,18,12.05502215160606,,
n=40:q=43:t=20:beta=7:seed=2,40,43,20,7,2,33,ok,False,,511,255,6.236369590203704,6.186393958912056,1.0512454785694154,0.04997563129164817,880221,0.012284,1.543753,True,10000000,False,FIRST_N_SOLUTIONS,18,12.05502215160606,,
n=40:q=43:t=20:beta=7:seed=2,40,43,20,7,2,34,ok,False,,235,117,5.459585514144159,5.385894753621713,1.076473865803963,0.07369076052244594,880477,0.012178,1.555969,True,10000000,False,FIRST_N_SOLUTIONS,18,12.05502215160606,,
n=40:q=43:t=20:beta=7:seed=2,40,43,20,7,2,35,ok,False,,123,61,4.812184355372417,4.673050808429807,1.1492775722614879,0.1391335469426105,880595,0.012157,1.568188,True,10000000,False,FIRST_N_SOLUTIONS,18,12.05502215160606,,
n=40:q=43:t=20:beta=7:seed=2,40,43,20,7,2,36,ok,False,,55,27,4.007333185232471,3.8229302984015447,1.2025001970093756,0.18440288683092643,880657,0.012084,1.580309,True,10000000,False,FIRST_N_SOLUTIONS,18,12.05502215160606,,
n=40:q=43:t=20:beta=7:seed=2,40,43,20,7,2,37,ok,False,,17,8,2.833213344056216,2.9122715153851857,0.9239861733780615,-0.07905817132896953,880685,0.012248,1.592614,True,10000000,False,FIRST_N_SOLUTIONS,18,12.05502215160606,,
n=40:q=43:t=20:beta=7:seed=2,40,43,20,7,2,38,ok,False,,9,4,2.1972245773362196,1.9925405899121813,1.227137212891635,0.20468398742403826,880694,0.012069,1.604726,True,10000000,False,FIRST_N_SOLUTIONS,18,12.05502215160606,,
n=40:q=43:t=20:beta=7:seed=2,40,43,20,7,2,39,ok,False,,3,1,1.0986122886681098,1.0251154797711308,1.076265102193593,0.07349680889697896,880699,0.012001,1.616766,True,10000000,False,FIRST_N_SOLUTIONS,18,12.05502215160606,,
n=40:q=43:t=20:beta=7:seed=2,40,43,20,7,2,40,ok,True,rank_complete,1,0,0.0,0.0,1.0,0.0,880701,0.012075,1.628893,True,10000000,False,FIRST_N_SOLUTIONS,18,12.05502215160606,,
n=40:q=43:t=30:beta=14:seed=0,40,43,30,14,0,1,ok,False,,5,2,1.6094379124341003,1.6251669813505827,0.9843939868589588,-0.015729068916482403,2,2.2e-05,3.9e-05,True,10000000,False,FIRST_N_SOLUTIONS,19,11.840310245048641,,
n=40:q=43:t=30:beta=14:seed=0,40,43,30,14,0,2,ok,False,,21,10,3.044522437723423,3.144736345172495,0.9046438872716166,-0.10021390744907199,13,1.4e-05,0.000104,True,10000000,False,FIRST_N_SOLUTIONS,19,11.840310245048641,,
n=40:q=43:t=30:beta=14:seed=0,40,43,30,14,0,3,ok,False,,89,44,4.48863636973214,4.4500499654828385,1.0393405279164794,0.038586404249301154,57,2.8e-05,0.000171,True,10000000,False,FIRST_N_SOLUTIONS,19,11.840310245048641,,
n=40:q=43:t=30:beta=14:seed=0,40,43,30,14,0,4,ok,False,,265,132,5.579729825986222,5.5803962969639045,0.9993337510647685,-0.0006664709776824651,189,0.00016,0.000366,True,10000000,False,FIRST_N_SOLUTIONS,19,11.840310245048641,,
n=40:q=43:t=30:beta=14:seed=0,40,43,30,14,0,5,ok,False,,707,353,6.561030665896573,6.576009276003182,0.9851330112677885,-0.014978610106608947,542,0.000193,0.000598,True,10000000,False,FIRST_N_SOLUTIONS,19,11.840310245048641,,
n=40:q=43:t=30:beta=14:seed=0,40,43,30,14,0,6,ok,False,,1715,857,7.44716835960004,7.458067941292374,0.9891596035216713,-0.010899581692333626,1399,0.000561,0.001196,True,10000000,False,FIRST_N_SOLUTIONS,19,11.840310245048641,,
n=40:q=43:t=30:beta=14:seed=0,40,43,30,14,0,7,ok,False,,3517,1758,8.165363632473982,8.172077005022878,0.9933091117932028,-0.006713372548896146,3157,0.001135,0.002369,True,10000000,False,FIRST_N_SOLUTIONS,19,11.840310245048641,,
n=40:q=43:t=30:beta=14:seed=0,40,43,30,14,0,8,ok,False,,7047,3523,8.860357273327022,8.865609783569617,0.9947612600692117,-0.005252510242595321,6680,0.002428,0.004835,True,10000000,False,FIRST_N_SOLUTIONS,19,11.840310245048641,,
n=40:q=43:t=30:beta=14:seed=0,40,43,30,14,0,9,ok,False,,13181,6590,9.486531677712465,9.481912948188402,1.0046294122958837,0.00461872952406317,13270,0.005129,0.010012,True,10000000,False,FIRST_N_SOLUTIONS,19,11.840310245048641,,
n=40:q=43:t=30:beta=14:seed=0,40,43,30,14,0,10,ok,False,,22529,11264,10.022558647177142,10.018102745597606,1.004465843870785,0.004455901579536459,24534,0.010102,0.020183,True,10000000,False,FIRST_N_SOLUTIONS,19,11.840310245048641,,
n=40:q=43:t=30:beta=14:seed=0,40,43,30,14,0,11,ok,False,,34615,17307,10.452042393112126,10.445729567688907,1.0063327933014272,0.006312825423218982,24544,0.018833,0.039096,True,10000000,False,FIRST_N_SOLUTIONS,19,11.840310245048641,,
n=40:q=43:t=30:beta=14:seed=0,40,43,30,14,0,12,ok,False,,48715,24357,10.793742269859441,10.788256844558983,1.005500497792896,0.005485425300458147,41852,0.032496,0.071703,True,10000000,False,FIRST_N_SOLUTIONS,19,11.840310245048641,,
n=40:q=43:t=30:beta=14:seed=0,40,43,30,14,0,13,ok,False,,66097,33048,11.098878639030689,11.099646732896979,0.9992322010422934,-0.0007680938662897319,66210,0.04965,0.121446,True,10000000,False,FIRST_N_SOLUTIONS,19,11.840310245048641,,
n=40:q=43:t=30:beta=14:seed=0,40,43,30,14,0,14,ok,False,,87473,43736,11.379085453299176,11.378393367316939,1.0006923255289997,0.0006920859822372449,99259,0.07643,0.197987,True,10000000,False,FIRST_N_SOLUTIONS,19,11.840310245048641,,
n=40:q=43:t=30:beta=14:seed=0,40,43,30,14,0,15,ok,False,,100793,50396,11.520824187763584,11.522838616963455,0.9979875984009149,-0.0020144291998711594,142996,0.088326,0.286415,True,10000000,False,FIRST_N_SOLUTIONS,19,11.840310245048641,,
n=40:q=43:t=30:beta=14:seed=0,40,43,30,14,0,16,ok,False,,112809,56404,11.633451402097306,11.63747876846113,0.9959807325999447,-0.0040273663638235035,193393,0.076226,0.362719,True,10000000,False,FIRST_N_SOLUTIONS,19,11.840310245048641,,
n=40:q=43:t=30:beta=14:seed=0,40,43,30,14,0,17,ok,False,,126901,63450,11.751162533892076,11.758314493287905,0.9928735550035533,-0.007151959395828911,249798,0.093779,0.456593,True,10000000,False,FIRST_N_SOLUTIONS,19,11.840310245048641,,
n=40:q=43:t=30:beta=14:seed=0,40,43,30,14,0,18,ok,False,,138051,69025,11.835378461084328,11.840278361549792,0.9951120844638445,-0.004899900465463958,313249,0.106414,0.563076,True,10000000,False,FIRST_N_SOLUTIONS,19,11.840310245048641,,
n=40:q=43:t=30:beta=14:seed=0,40,43,30,14,0,19,ok,False,,138833,69416,11.841027050957658,11.840310245048641,1.000717062875767,0.0007168059090165713,382275,0.133464,0.696615,True,10000000,False,FIRST_N_SOLUTIONS,19,11.840310245048641,,
n=40:q=43:t=30:beta=14:seed=0,40,43,30,14,0,20,ok,False,,126831,63415,11.75061077060029,11.747196756772347,1.0034198482108165,0.003414013827942597,451692,0.110704,0.807421,True,10000000,False,FIRST_N_SOLUTIONS,19,11.840310245048641,,
n=40:q=43:t=30:beta=14:seed=0,40,43,30,14,0,21,ok,False,,110529,55264,11.613033208946604,11.605937033686303,1.0071214127732504,0.007096175260301152,515108,0.09206,0.899588,True,10000000,False,FIRST_N_SOLUTIONS,19,11.840310245048641,,
n=40:q=43:t=30:beta=14:seed=0,40,43,30,14,0,22,ok,False,,89469,44734,11.401647475548364,11.394908850989246,1.0067613801747262,0.0067386245591176674,570373,0.077615,0.977284,True,10000000,False,FIRST_N_SOLUTIONS,19,11.840310245048641,,
n=40:q=43:t=30:beta=14:seed=0,40,43,30,14,0,23,ok,False,,68243,34121,11.130830143684586,11.130736598256803,1.0000935498032926,9.354542778261532e-05,615108,0.06093,1.038279,True,10000000,False,FIRST_N_SOLUTIONS,19,11.840310245048641,,
n=40:q=43:t=30:beta=14:seed=0,40,43,30,14,0,24,ok,False,,50103,25051,10.821836165519727,10.822295046799752,0.9995412239898868,-0.00045888128002502526,649230,0.045216,1.083561,True,10000000,False,FIRST_N_SOLUTIONS,19,11.840310245048641,,
n=40:q=43:t=30:beta=14:seed=0,40,43,30,14,0,25,ok,False,,35877,17938,10.487851700636917,10.490202582260807,0.9976518795341722,-0.0023508816238901886,674282,0.032951,1.116567,True,10000000,False,FIRST_N_SOLUTIONS,19,11.840310245048641,,
n=40:q=43:t=30:beta=14:seed=0,40,43,30,14,0,26,ok,False,,25479,12739,10.145609862448119,10.152680900247162,0.992953903167937,-0.007071037799043722,692221,0.027039,1.143659,True,10000000,False,FIRST_N_SOLUTIONS,19,11.840310245048641,,
n=40:q=43:t=30:beta=14:seed=0,40,43,30,14,0,27,ok,False,,16325,8162,9.700452954144632,9.702777643600214,0.9976780105423262,-0.002324689455582174,704961,0.027994,1.171719,True,10000000,False,FIRST_N_SOLUTIONS,19,11.840310245048641,,
n=40:q=43:t=30:beta=14:seed=0,40,43,30,14,0,28,ok,False,,10181,5090,9.228278517107196,9.222743615884895,1.0055502470876239,0.0055349012223011584,713124,0.020399,1.192204,True,10000000,False,FIRST_N_SOLUTIONS,19,11.840310245048641,,
n=40:q=43:t=30:beta=14:seed=0,40,43,30,14,0,29,ok,False,,5997,2998,8.69901462316851,8.685188313054681,1.0139223355884588,0.01382631011382962,718215,0.016921,1.209239,True,10000000,False,FIRST_N_SOLUTIONS,19,11.840310245048641,,
n=40:q=43:t=30:beta=14:seed=0,40,43,30,14,0,30,ok,False,,3381,1690,8.125926802707886,8.125178768171935,1.0007483143835585,0.0007480345359507368,721214,0.014891,1.224253,True,10000000,False,FIRST_N_SOLUTIONS,19,11.840310245048641,,
n=40:q=43:t=30:beta=14:seed=0,40,43,30,14,0,31,ok,False,,1965,982,7.583247524303362,7.560370026875063,1.0231411944422928,0.02287749742829881,722905,0.012995,1.237355,True,10000000,False,FIRST_N_SOLUTIONS,19,11.840310245048641,,
n=40:q=43:t=30:beta=14:seed=0,40,43,30,14,0,32,ok,False,,1017,508,6.92461239604856,6.8739293191190995,1.0519894407228612,0.05068307692946039,723888,0.010563,1.247971,True,10000000,False,FIRST_N_SOLUTIONS,19,11.840310245048641,,
n=40:q=43:t=30:beta=14:seed=0,40,43,30,14,0,33,ok,False,,493,246,6.20050917404269,6.156022668396346,1.0454908683917417,0.04448650564634349,724397,0.010832,1.258852,True,10000000,False,FIRST_N_SOLUTIONS,19,11.840310245048641,,
n=40:q=43:t=30:beta=14:seed=0,40,43,30,14,0,34,ok,False,,233,116,5.4510384535657,5.404368584663828,1.0477760485191379,0.04666986890187186,724644,0.012825,1.271724,True,10000000,False,FIRST_N_SOLUTIONS,19,11.840310245048641,,
n=40:q=43:t=30:beta=14:seed=0,40,43,30,14,0,35,ok,False,,113,56,4.727387818712341,4.592055797507641,1.14491685792603,0.13533202120470023,724761,0.012583,1.284407,True,10000000,False,FIRST_N_SOLUTIONS,19,11.840310245048641,,
n=40:q=43:t=30:beta=14:seed=0,40,43,30,14,0,36,ok,False,,35,17,3.5553480614894135,3.7397993308694026,0.8315604613689369,-0.18445126937998912,724818,0.012486,1.296979,True,10000000,False,FIRST_N_SOLUTIONS,19,11.840310245048641,,
n=40:q=43:t=30:beta=14:seed=0,40,43,30,14,0,37,ok,False,,13,6,2.5649493574615367,2.8467231142415415,0.7544443531458157,-0.2817737567800047,724836,0.012542,1.309581,True,10000000,False,FIRST_N_SOLUTIONS,19,11.840310245048641,,
n=40:q=43:t=30:beta=14:seed=0,40,43,30,14,0,38,ok,False,,11,5,2.3978952727983707,1.9412351209580834,1.5787922434279105,0.4566601518402873,724843,0.012516,1.322172,True,10000000,False,FIRST_N_SOLUTIONS,19,11.840310245048641,,
n=40:q=43:t=30:beta=14:seed=0,40,43,30,14,0,39,ok,False,,3,1,1.0986122886681098,0.9764190445541203,1.1299724412064682,0.12219324411398946,724849,0.012373,1.334604,True,10000000,False,FIRST_N_SOLUTIONS,19,11.840310245048641,,
n=40:q=43:t=30:beta=14:seed=0,40,43,30,14,0,40,ok,True,rank_complete,1,0,0.0,0.0,1.0,0.0,724851,0.011434,1.346089,True,10000000,False,FIRST_N_SOLUTIONS,19,11.840310245048641,,
n=40:q=43:t=30:beta=14:seed=1,40,43,30,14,1,1,ok,False,,5,2,1.6094379124341003,1.78439384690985,0.8394940126979415,-0.17495593447574964,2,2.3e-05,3.4e-05,True,10000000,False,FIRST_N_SOLUTIONS,18,11.785985092979544,,
n=40:q=43:t=30:beta=14:seed=1,40,43,30,14,1,2,ok,False,,25,12,3.2188758248682006,3.2657423629817908,0.9542147403917696,-0.046866538113590206,15,2.6e-05,9e-05,True,10000000,False,FIRST_N_SOLUTIONS,18,11.785985092979544,,
n=40:q=43:t=30:beta=14:seed=1,40,43,30,14,1,3,ok,False,,93,46,4.532599493153256,4.540557234441599,0.9920738377135014,-0.007957741288342923,61,1.7e-05,0.000126,True,10000000,False,FIRST_N_SOLUTIONS,18,11.785985092979544,,
n=40:q=43:t=30:beta=14:seed=1,40,43,30,14,1,4,ok,False,,279,139,5.631211781821365,5.638293129620482,0.992943665865896,-0.007081347799116955,200,0.000134,0.000277,True,10000000,False,FIRST_N_SOLUTIONS,18,11.785985092979544,,
n=40:q=43:t=30:beta=14:seed=1,40,43,30,14,1,5,ok,False,,719,359,6.577861357721047,6.595509602376524,0.9825065735200277,-0.017648244655476653,559,0.00014,0.000437,True,10000000,False,FIRST_N_SOLUTIONS,18,11.785985092979544,,
n=40:q=43:t=30:beta=14:seed=1,40,43,30,14,1,6,ok,False,,1705,852,7.4413203897176174,7.453835312357079,0.9875630633363837,-0.01251492263946119,1411,0.000369,0.000824,True,10000000,False,FIRST_N_SOLUTIONS,18,11.785985092979544,,
n=40:q=43:t=30:beta=14:seed=1,40,43,30,14,1,7,ok,False,,3471,1735,8.152198015861787,8.16884142207238,0.9834943300822244,-0.01664340621059246,3146,0.000763,0.001605,True,10000000,False,FIRST_N_SOLUTIONS,18,11.785985092979544,,
n=40:q=43:t=30:beta=14:seed=1,40,43,30,14,1,8,ok,False,,7355,3677,8.903135633035538,8.913027396375917,0.9901569992355439,-0.009891763340379,6823,0.001881,0.003515,True,10000000,False,FIRST_N_SOLUTIONS,18,11.785985092979544,,
n=40:q=43:t=30:beta=14:seed=1,40,43,30,14,1,9,ok,False,,13243,6621,9.491224389926964,9.486426398205062,1.0048095205151615,0.004797991721902761,13444,0.003598,0.007149,True,10000000,False,FIRST_N_SOLUTIONS,18,11.785985092979544,,
n=40:q=43:t=30:beta=14:seed=1,40,43,30,14,1,10,ok,False,,22765,11382,10.032979547768882,10.026748131851246,1.006250871580921,0.006231415917635985,24826,0.007012,0.014227,True,10000000,False,FIRST_N_SOLUTIONS,18,11.785985092979544,,
n=40:q=43:t=30:beta=14:seed=1,40,43,30,14,1,11,ok,False,,36949,18474,10.517293862410662,10.514428724619982,1.0028692462207622,0.0028651377906800946,24836,0.013435,0.027723,True,10000000,False,FIRST_N_SOLUTIONS,18,11.785985092979544,,
n=40:q=43:t=30:beta=14:seed=1,40,43,30,14,1,12,ok,False,,52991,26495,10.87787736679393,10.880500695170024,0.9973801095428697,-0.002623328376094136,43311,0.023115,0.050909,True,10000000,False,FIRST_N_SOLUTIONS,18,11.785985092979544,,
n=40:q=43:t=30:beta=14:seed=1,40,43,30,14,1,13,ok,False,,70501,35250,11.163382173096926,11.166444144567457,0.9969427115831002,-0.003061971470531333,69807,0.035519,0.086511,True,10000000,False,FIRST_N_SOLUTIONS,18,11.785985092979544,,
n=40:q=43:t=30:beta=14:seed=1,40,43,30,14,1,14,ok,False,,87559,43779,11.380068130831518,11.381124694872064,0.9989439939267132,-0.001056564040545993,105058,0.058551,0.145126,True,10000000,False,FIRST_N_SOLUTIONS,18,11.785985092979544,,
n=40:q=43:t=30:beta=14:seed=1,40,43,30,14,1,15,ok,False,,105755,52877,11.568880377114676,11.568914730888487,0.9999656468162726,-3.435377381144633e-05,148838,0.070049,0.215284,True,10000000,False,FIRST_N_SOLUTIONS,18,11.785985092979544,,
n=40:q=43:t=30:beta=14:seed=1,40,43,30,14,1,16,ok,False,,121619,60809,11.708648486308444,11.707913879767943,1.000734876429969,0.0007346065405009483,201716,0.075612,0.290989,True,10000000,False,FIRST_N_SOLUTIONS,18,11.785985092979544,,
n=40:q=43:t=30:beta=14:seed=1,40,43,30,14,1,17,ok,False,,126151,63075,11.745234881108733,11.744518132744496,1.0007170052897258,0.0007167483642369632,262526,0.082054,0.373102,True,10000000,False,FIRST_N_SOLUTIONS,18,11.785985092979544,,
n=40:q=43:t=30:beta=14:seed=1,40,43,30,14,1,18,ok,False,,131459,65729,11.786450294912019,11.785985092979544,1.0004653101556746,0.0004652019324744572,325602,0.129436,0.502606,True,10000000,False,FIRST_N_SOLUTIONS,18,11.785985092979544,,
n=40:q=43:t=30:beta=14:seed=1,40,43,30,14,1,19,ok,False,,124067,62033,11.728577021246135,11.728018190400753,1.000558987020429,0.0005588308453816637,391332,0.222193,0.724874,True,10000000,False,FIRST_N_SOLUTIONS,18,11.785985092979544,,
n=40:q=43:t=30:beta=14:seed=1,40,43,30,14,1,20,ok,False,,117491,58745,11.674117013888067,11.672712440436818,1.0014055603265304,0.0014045734512482255,453366,0.100046,0.824985,True,10000000,False,FIRST_N_SOLUTIONS,18,11.785985092979544,,
n=40:q=43:t=30:beta=14:seed=1,40,43,30,14,1,21,ok,False,,97703,48851,11.48968754380305,11.488405630865103,1.0012827349395454,0.0012819129379479932,512112,0.088155,0.913232,True,10000000,False,FIRST_N_SOLUTIONS,18,11.785985092979544,,
n=40:q=43:t=30:beta=14:seed=1,40,43,30,14,1,22,ok,False,,79133,39566,11.278885260180807,11.27681098146305,1.0020764315221042,0.0020742787177567834,560964,0.07233,0.985635,True,10000000,False,FIRST_N_SOLUTIONS,18,11.785985092979544,,
n=40:q=43:t=30:beta=14:seed=1,40,43,30,14,1,23,ok,False,,62271,31135,11.03925110683503,11.0411996677786,0.9980533362688279,-0.0019485609435694329,600531,0.05714,1.042841,True,10000000,False,FIRST_N_SOLUTIONS,18,11.785985092979544,,
n=40:q=43:t=30:beta=14:seed=1,40,43,30,14,1,24,ok,False,,43715,21857,10.68544657161499,10.684979916840462,1.0004667636748075,0.0004666547745291183,631667,0.038761,1.081702,True,10000000,False,FIRST_N_SOLUTIONS,18,11.785985092979544,,
n=40:q=43:t=30:beta=14:seed=1,40,43,30,14,1,25,ok,False,,31387,15693,10.354149073430555,10.352413300483448,1.0017372802729683,0.0017357729471072503,653525,0.032291,1.114075,True,10000000,False,FIRST_N_SOLUTIONS,18,11.785985092979544,,
n=40:q=43:t=30:beta=14:seed=1,40,43,30,14,1,26,ok,False,,21725,10862,9.986218950133592,9.986819167259839,0.9993999629680194,-0.0006002171262462497,669219,0.025223,1.13936,True,10000000,False,FIRST_N_SOLUTIONS,18,11.785985092979544,,
n=40:q=43:t=30:beta=14:seed=1,40,43,30,14,1,27,ok,False,,14481,7240,9.580592724328602,9.588566939364483,0.9920574946741754,-0.007974215035881471,680082,0.019589,1.159025,True,10000000,False,FIRST_N_SOLUTIONS,18,11.785985092979544,,
n=40:q=43:t=30:beta=14:seed=1,40,43,30,14,1,28,ok,False,,8625,4312,9.062420241899561,9.06771824542804,0.9947160061402045,-0.005298003528478645,687323,0.014953,1.174051,True,10000000,False,FIRST_N_SOLUTIONS,18,11.785985092979544,,
n=40:q=43:t=30:beta=14:seed=1,40,43,30,14,1,29,ok,False,,5143,2571,8.545391845774915,8.545384406491166,1.0000074393114207,7.439283749022252e-06,691636,0.012458,1.186573,True,10000000,False,FIRST_N_SOLUTIONS,18,11.785985092979544,,
n=40:q=43:t=30:beta=14:seed=1,40,43,30,14,1,30,ok,False,,2805,1402,7.9391588179567965,7.950762391232303,0.9884634885446699,-0.011603573275506207,694208,0.011334,1.197971,True,10000000,False,FIRST_N_SOLUTIONS,18,11.785985092979544,,
n=40:q=43:t=30:beta=14:seed=1,40,43,30,14,1,31,ok,False,,1667,833,7.418780882750794,7.410194044861953,1.0086238105315664,0.008586837888841181,695611,0.014024,1.212062,True,10000000,False,FIRST_N_SOLUTIONS,18,11.785985092979544,,
n=40:q=43:t=30:beta=14:seed=1,40,43,30,14,1,32,ok,False,,859,429,6.755768921984255,6.727142177628949,1.0290404276351375,0.02862674435530632,696445,0.01359,1.225739,True,10000000,False,FIRST_N_SOLUTIONS,18,11.785985092979544,,
n=40:q=43:t=30:beta=14:seed=1,40,43,30,14,1,33,ok,False,,431,215,6.066108090103747,6.088179279081203,0.9781705976079096,-0.022071188977455414,696875,0.010157,1.235944,True,10000000,False,FIRST_N_SOLUTIONS,18,11.785985092979544,,
n=40:q=43:t=30:beta=14:seed=1,40,43,30,14,1,34,ok,False,,229,114,5.43372200355424,5.3660496453419455,1.0700146695207307,0.06767235821229445,697091,0.011691,1.247697,True,10000000,False,FIRST_N_SOLUTIONS,18,11.785985092979544,,
n=40:q=43:t=30:beta=14:seed=1,40,43,30,14,1,35,ok,False,,97,48,4.574710978503383,4.596475209278097,0.9784709011844908,-0.02176423077471412,697206,0.011854,1.259603,True,10000000,False,FIRST_N_SOLUTIONS,18,11.785985092979544,,
n=40:q=43:t=30:beta=14:seed=1,40,43,30,14,1,36,ok,False,,37,18,3.6109179126442243,3.7459255926010115,0.873709201613355,-0.1350076799567872,697255,0.011993,1.271696,True,10000000,False,FIRST_N_SOLUTIONS,18,11.785985092979544,,
n=40:q=43:t=30:beta=14:seed=1,40,43,30,14,1,37,ok,False,,11,5,2.3978952727983707,2.8362114945254575,0.6451217490853619,-0.43831622172708684,697274,0.011995,1.283781,True,10000000,False,FIRST_N_SOLUTIONS,18,11.785985092979544,,
n=40:q=43:t=30:beta=14:seed=1,40,43,30,14,1,38,ok,False,,3,1,1.0986122886681098,1.9045651311209042,0.44666212509587006,-0.8059528424527944,697280,0.011949,1.29578,True,10000000,False,FIRST_N_SOLUTIONS,18,11.785985092979544,,
n=40:q=43:t=30:beta=14:seed=1,40,43,30,14,1,39,ok,False,,1,0,0.0,0.9627365987511212,0.3818464942117689,-0.9627365987511212,697282,0.01191,1.307748,True,10000000,False,FIRST_N_SOLUTIONS,18,11.785985092979544,,
n=40:q=43:t=30:beta=14:seed=1,40,43,30,14,1,40,ok,True,rank_complete,1,0,0.0,0.0,1.0,0.0,697283,0.012015,1.31986,True,10000000,False,FIRST_N_SOLUTIONS,18,11.785985092979544,,
n=40:q=43:t=30:beta=14:seed=2,40,43,30,14,2,1,ok,False,,5,2,1.6094379124341003,1.7611338390924032,0.8592495158934371,-0.1516959266583029,2,1.6e-05,2.8e-05,True,10000000,False,FIRST_N_SOLUTIONS,18,11.861798856898808,,
n=40:q=43:t=30:beta=14:seed=2,40,43,30,14,2,2,ok,False,,19,9,2.9444389791664403,3.182002871103778,0.788546507607496,-0.23756389193733796,12,8e-06,6.7e-05,True,10000000,False,FIRST_N_SOLUTIONS,18,11.861798856898808,,
n=40:q=43:t=30:beta=14:seed=2,40,43,30,14,2,3,ok,False,,71,35,4.2626798770413155,4.40983918182755,0.8631564615075514,-0.14715930478623473,47,1.5e-05,0.000101,True,10000000,False,FIRST_N_SOLUTIONS,18,11.861798856898808,,
n=40:q=43:t=30:beta=14:seed=2,40,43,30,14,2,4,ok,False,,245,122,5.501258210544727,5.578752168770208,0.9254326156349427,-0.07749395822548077,169,0.000104,0.000221,True,10000000,False,FIRST_N_SOLUTIONS,18,11.861798856898808,,
n=40:q=43:t=30:beta=14:seed=2,40,43,30,14,2,5,ok,False,,755,377,6.626717749249025,6.63451359176419,0.9922344662531601,-0.0077958425151649635,546,0.000382,0.000623,True,10000000,False,FIRST_N_SOLUTIONS,18,11.861798856898808,,
n=40:q=43:t=30:beta=14:seed=2,40,43,30,14,2,6,ok,False,,1887,943,7.54274354536855,7.525191576490176,1.0177069098631115,0.01755196887837407,1489,0.000397,0.001038,True,10000000,False,FIRST_N_SOLUTIONS,18,11.861798856898808,,
n=40:q=43:t=30:beta=14:seed=2,40,43,30,14,2,7,ok,False,,3945,1972,8.280204233279974,8.263230225492546,1.0171188848113932,0.016974007787428746,3461,0.000862,0.001916,True,10000000,False,FIRST_N_SOLUTIONS,18,11.861798856898808,,
n=40:q=43:t=30:beta=14:seed=2,40,43,30,14,2,8,ok,False,,7987,3993,8.985570498917388,8.983640663269497,1.0019316989791531,0.001929835647890954,7454,0.001903,0.003848,True,10000000,False,FIRST_N_SOLUTIONS,18,11.861798856898808,,
n=40:q=43:t=30:beta=14:seed=2,40,43,30,14,2,9,ok,False,,15121,7560,9.623839785112668,9.627223274408301,0.9966222282540336,-0.0033834892956328133,15014,0.004152,0.008033,True,10000000,False,FIRST_N_SOLUTIONS,18,11.861798856898808,,
n=40:q=43:t=30:beta=14:seed=2,40,43,30,14,2,10,ok,False,,25681,12840,10.153506697855693,10.158070360856119,0.9954467346863723,-0.004563663000425322,27854,0.008,0.016106,True,10000000,False,FIRST_N_SOLUTIONS,18,11.861798856898808,,
n=40:q=43:t=30:beta=14:seed=2,40,43,30,14,2,11,ok,False,,38675,19337,10.562948675441266,10.564675123439038,0.9982750414562943,-0.001726447997771885,27864,0.013787,0.029946,True,10000000,False,FIRST_N_SOLUTIONS,18,11.861798856898808,,
n=40:q=43:t=30:beta=14:seed=2,40,43,30,14,2,12,ok,False,,57403,28701,10.957851845750262,10.961550994045535,0.996307685125241,-0.003699148295272181,47202,0.024207,0.054234,True,10000000,False,FIRST_N_SOLUTIONS,18,11.861798856898808,,
n=40:q=43:t=30:beta=14:seed=2,40,43,30,14,2,13,ok,False,,74827,37413,11.2229340613981,11.222983311375707,0.999950751235153,-4.9249977607246365e-05,75904,0.033222,0.087514,True,10000000,False,FIRST_N_SOLUTIONS,18,11.861798856898808,,
n=40:q=43:t=30:beta=14:seed=2,40,43,30,14,2,14,ok,False,,95131,47565,11.463010168076295,11.463318171786163,0.9996920437184048,-0.00030800370986838743,113318,0.051764,0.139347,True,10000000,False,FIRST_N_SOLUTIONS,18,11.861798856898808,,
n=40:q=43:t=30:beta=14:seed=2,40,43,30,14,2,15,ok,False,,114023,57011,11.644155461412918,11.6434273980325,1.000728328482894,0.0007280633804178649,160884,0.069546,0.208959,True,10000000,False,FIRST_N_SOLUTIONS,18,11.861798856898808,,
n=40:q=43:t=30:beta=14:seed=2,40,43,30,14,2,16,ok,False,,130175,65087,11.7766349780311,11.773511757473706,1.0031281028922647,0.003123220557393225,217896,0.15861,0.367647,True,10000000,False,FIRST_N_SOLUTIONS,18,11.861798856898808,,
n=40:q=43:t=30:beta=14:seed=2,40,43,30,14,2,17,ok,False,,138961,69480,11.84194859720458,11.839655238770945,1.0022959901915574,0.0022933584336346513,282984,0.100743,0.468492,True,10000000,False,FIRST_N_SOLUTIONS,18,11.861798856898808,,
n=40:q=43:t=30:beta=14:seed=2,40,43,30,14,2,18,ok,False,,141719,70859,11.861601502787423,11.861798856898808,0.9998026653616561,-0.00019735411138555037,352465,0.113256,0.581839,True,10000000,False,FIRST_N_SOLUTIONS,18,11.861798856898808,,
n=40:q=43:t=30:beta=14:seed=2,40,43,30,14,2,19,ok,False,,133853,66926,11.804497461846376,11.80559079354375,0.9989072657719619,-0.0010933316973744667,423325,0.112253,0.694196,True,10000000,False,FIRST_N_SOLUTIONS,18,11.861798856898808,,
n=40:q=43:t=30:beta=14:seed=2,40,43,30,14,2,20,ok,False,,128227,64113,11.761557409718202,11.765963639735105,0.9956034631725447,-0.004406230016902768,490252,0.103839,0.798129,True,10000000,False,FIRST_N_SOLUTIONS,18,11.861798856898808,,
n=40:q=43:t=30:beta=14:seed=2,40,43,30,14,2,21,ok,False,,114719,57359,11.650240938919584,11.651936116276772,0.9983062586444075,-0.0016951773571882711,554366,0.09856,0.896746,True,10000000,False,FIRST_N_SOLUTIONS,18,11.861798856898808,,
n=40:q=43:t=30:beta=14:seed=2,40,43,30,14,2,22,ok,False,,97317,48658,11.485728970281757,11.48968728385669,0.9960495102218287,-0.0039583135749321485,611726,0.084478,0.981282,True,10000000,False,FIRST_N_SOLUTIONS,18,11.861798856898808,,
n=40:q=43:t=30:beta=14:seed=2,40,43,30,14,2,23,ok,False,,73669,36834,11.207337365538308,11.211108289547205,0.9962361769964552,-0.003770924008897225,660385,0.0735,1.05485,True,10000000,False,FIRST_N_SOLUTIONS,18,11.861798856898808,,
n=40:q=43:t=30:beta=14:seed=2,40,43,30,14,2,24,ok,False,,54885,27442,10.912995366121416,10.920118938394879,0.9929017402267005,-0.007123572273462386,697220,0.060203,1.11512,True,10000000,False,FIRST_N_SOLUTIONS,18,11.861798856898808,,
n=40:q=43:t=30:beta=14:seed=2,40,43,30,14,2,25,ok,False,,38229,19114,10.55134966888039,10.556865920014417,0.9944989354421051,-0.005516251134027428,724663,0.036243,1.151437,True,10000000,False,FIRST_N_SOLUTIONS,18,11.861798856898808,,
n=40:q=43:t=30:beta=14:seed=2,40,43,30,14,2,26,ok,False,,24727,12363,10.115651043007174,10.122130647258828,0.993541343116005,-0.0064796042516537256,743778,0.035334,1.186842,True,10000000,False,FIRST_N_SOLUTIONS,18,11.861798856898808,,
n=40:q=43:t=30:beta=14:seed=2,40,43,30,14,2,27,ok,False,,15785,7892,9.666815400992093,9.6686583908199,0.9981587074351059,-0.0018429898278071732,756142,0.02616,1.213092,True,10000000,False,FIRST_N_SOLUTIONS,18,11.861798856898808,,
n=40:q=43:t=30:beta=14:seed=2,40,43,30,14,2,28,ok,False,,10143,5071,9.224539091375995,9.232726393453945,0.9918461225981986,-0.00818730207794971,764035,0.021606,1.234817,True,10000000,False,FIRST_N_SOLUTIONS,18,11.861798856898808,,
n=40:q=43:t=30:beta=14:seed=2,40,43,30,14,2,29,ok,False,,6127,3063,8.720460512725655,8.73150832923794,0.9890129864930831,-0.011047816512284925,769107,0.014819,1.249736,True,10000000,False,FIRST_N_SOLUTIONS,18,11.861798856898808,,
n=40:q=43:t=30:beta=14:seed=2,40,43,30,14,2,30,ok,False,,3565,1782,8.178919332848396,8.194080367471457,0.9849533152455455,-0.015161034623060843,772171,0.013083,1.262886,True,10000000,False,FIRST_N_SOLUTIONS,18,11.861798856898808,,
n=40:q=43:t=30:beta=14:seed=2,40,43,30,14,2,31,ok,False,,1901,950,7.550135342488429,7.557797551936005,0.992367070448608,-0.007662209447576451,773954,0.01418,1.277135,True,10000000,False,FIRST_N_SOLUTIONS,18,11.861798856898808,,
n=40:q=43:t=30:beta=14:seed=2,40,43,30,14,2,32,ok,False,,943,471,6.849066282633458,6.886073214530754,0.9636694552682094,-0.03700693189729609,774905,0.014269,1.291468,True,10000000,False,FIRST_N_SOLUTIONS,18,11.861798856898808,,
n=40:q=43:t=30:beta=14:seed=2,40,43,30,14,2,33,ok,False,,491,245,6.19644412779452,6.158903840774897,1.0382538243914676,0.037540287019623086,775377,0.013894,1.305454,True,10000000,False,FIRST_N_SOLUTIONS,18,11.861798856898808,,
n=40:q=43:t=30:beta=14:seed=2,40,43,30,14,2,34,ok,False,,245,122,5.501258210544727,5.365216625678656,1.1457295376135959,0.13604158486607165,775623,0.013886,1.31944,True,10000000,False,FIRST_N_SOLUTIONS,18,11.861798856898808,,
n=40:q=43:t=30:beta=14:seed=2,40,43,30,14,2,35,ok,False,,97,48,4.574710978503383,4.51649643740366,1.0599423725208232,0.058214541099722794,775746,0.013546,1.333073,True,10000000,False,FIRST_N_SOLUTIONS,18,11.861798856898808,,
n=40:q=43:t=30:beta=14:seed=2,40,43,30,14,2,36,ok,False,,33,16,3.4965075614664802,3.711181429520394,0.8068045220041732,-0.21467386805391397,775795,0.013592,1.346722,True,10000000,False,FIRST_N_SOLUTIONS,18,11.861798856898808,,
n=40:q=43:t=30:beta=14:seed=2,40,43,30,14,2,37,ok,False,,17,8,2.833213344056216,2.825076528279453,1.0081700096319368,0.008136815776762951,775812,0.011825,1.358645,True,10000000,False,FIRST_N_SOLUTIONS,18,11.861798856898808,,
n=40:q=43:t=30:beta=14:seed=2,40,43,30,14,2,38,ok,False,,7,3,1.9459101490553132,1.9411524590645683,1.0047690257680104,0.004757689990744884,775821,0.010907,1.369602,True,10000000,False,FIRST_N_SOLUTIONS,18,11.861798856898808,,
n=40:q=43:t=30:beta=14:seed=2,40,43,30,14,2,39,ok,False,,5,2,1.6094379124341003,1.0038722401475582,1.8322883905520049,0.6055656722865421,775825,0.010907,1.38055,True,10000000,False,FIRST_N_SOLUTIONS,18,11.861798856898808,,
n=40:q=43:t=30:beta=14:seed=2,40,43,30,14,2,40,ok,True,rank_complete,3,1,1.0986122886681098,0.0,3.0000000000000004,1.0986122886681098,775828,0.01097,1.391568,True,10000000,False,FIRST_N_SOLUTIONS,18,11.861798856898808,,
n=40:q=43:t=30:beta=2:seed=0,40,43,30,2,0,1,ok,False,,5,2,1.6094379124341003,1.78439384690985,0.8394940126979415,-0.17495593447574964,2,5.1e-05,6.6e-05,True,10000000,False,FIRST_N_SOLUTIONS,18,13.581063036589832,,
n=40:q=43:t=30:beta=2:seed=0,40,43,30,2,0,2,ok,False,,27,13,3.295836866004329,3.3354201234370473,0.9611899244536529,-0.03958325743271818,16,4.9e-05,0.000158,True,10000000,False,FIRST_N_SOLUTIONS,18,13.581063036589832,,
n=40:q=43:t=30:beta=2:seed=0,40,43,30,2,0,3,ok,False,,109,54,4.6913478822291435,4.736044239495602,0.9562878075971664,-0.044696357266458264,70,3.1e-05,0.00022,True,10000000,False,FIRST_N_SOLUTIONS,18,13.581063036589832,,
n=40:q=43:t=30:beta=2:seed=0,40,43,30,2,0,4,ok,False,,391,195,5.968707559985366,5.992612986625378,0.9763780447439352,-0.023905426640012273,265,0.000173,0.000416,True,10000000,False,FIRST_N_SOLUTIONS,18,13.581063036589832,,
n=40:q=43:t=30:beta=2:seed=0,40,43,30,2,0,5,ok,False,,1243,621,7.1252830915107115,7.139725714434622,0.9856611714659853,-0.01444262292391052,886,0.000335,0.000782,True,10000000,False,FIRST_N_SOLUTIONS,18,13.581063036589832,,
n=40:q=43:t=30:beta=2:seed=0,40,43,30,2,0,6,ok,False,,3585,1792,8.184513753033722,8.187760801560417,0.9967582174342197,-0.0032470485266955507,2678,0.004127,0.004935,True,10000000,False,FIRST_N_SOLUTIONS,18,13.581063036589832,,
n=40:q=43:t=30:beta=2:seed=0,40,43,30,2,0,7,ok,False,,9059,4529,9.111514017669288,9.110266666434704,1.0012481295006919,0.00124735123458386,7207,0.00602,0.011,True,10000000,False,FIRST_N_SOLUTIONS,18,13.581063036589832,,
n=40:q=43:t=30:beta=2:seed=0,40,43,30,2,0,8,ok,False,,22257,11128,10.010411844857636,10.013398226191377,0.9970180734673122,-0.002986381333741406,18335,0.017726,0.028802,True,10000000,False,FIRST_N_SOLUTIONS,18,13.581063036589832,,
n=40:q=43:t=30:beta=2:seed=0,40,43,30,2,0,9,ok,False,,47595,23797,10.770482992685405,10.775459592028398,0.9950357634108583,-0.004976599342992216,42132,0.029467,0.058352,True,10000000,False,FIRST_N_SOLUTIONS,18,13.581063036589832,,
n=40:q=43:t=30:beta=2:seed=0,40,43,30,2,0,10,ok,False,,87749,43874,11.382235745251782,11.384704122298523,0.9975346668908379,-0.002468377046740855,86006,0.035032,0.09346,True,10000000,False,FIRST_N_SOLUTIONS,18,13.581063036589832,,
n=40:q=43:t=30:beta=2:seed=0,40,43,30,2,0,11,ok,False,,138781,69390,11.840652430076808,11.842852212587541,0.9978026352376494,-0.0021997825107327174,86016,0.067892,0.161437,True,10000000,False,FIRST_N_SOLUTIONS,18,13.581063036589832,,
n=40:q=43:t=30:beta=2:seed=0,40,43,30,2,0,12,ok,False,,214251,107125,12.274903503893707,12.274171924589083,1.0007318469740332,0.0007315793046238639,155407,0.12442,0.285927,True,10000000,False,FIRST_N_SOLUTIONS,18,13.581063036589832,,
n=40:q=43:t=30:beta=2:seed=0,40,43,30,2,0,13,ok,False,,323889,161944,12.688156143483624,12.68935064460548,0.9988062120106359,-0.0011945011218550405,262533,0.217051,0.503053,True,10000000,False,FIRST_N_SOLUTIONS,18,13.581063036589832,,
n=40:q=43:t=30:beta=2:seed=0,40,43,30,2,0,14,ok,False,,465533,232766,13.050938264701074,13.051394282798604,0.9995440858629191,-0.00045601809753037514,424478,0.352301,0.855436,True,10000000,False,FIRST_N_SOLUTIONS,18,13.581063036589832,,
n=40:q=43:t=30:beta=2:seed=0,40,43,30,2,0,15,ok,False,,612355,306177,13.32506745868106,13.325393311798258,0.9996741999671626,-0.0003258531171983492,657245,0.492492,1.348005,True,10000000,False,FIRST_N_SOLUTIONS,18,13.581063036589832,,
n=40:q=43:t=30:beta=2:seed=0,40,43,30,2,0,16,ok,False,,728107,364053,13.49820329440059,13.498002923382728,1.0002003910934745,0.00020037101786130052,963423,0.627807,1.975912,True,10000000,False,FIRST_N_SOLUTIONS,18,13.581063036589832,,
n=40:q=43:t=30:beta=2:seed=0,40,43,30,2,0,17,ok,False,,768219,384109,13.551830127730494,13.551272314536305,1.0005579688008996,0.0005578131941881281,1327477,0.684149,2.660159,True,10000000,False,FIRST_N_SOLUTIONS,18,13.581063036589832,,
n=40:q=43:t=30:beta=2:seed=0,40,43,30,2,0,18,ok,False,,790971,395485,13.581016583625114,13.581063036589832,0.9999535481142048,-4.645296471750271e-05,1711587,0.739161,3.399407,True,10000000,False,FIRST_N_SOLUTIONS,18,13.581063036589832,,
n=40:q=43:t=30:beta=2:seed=0,40,43,30,2,0,19,ok,False,,768793,384396,13.552577031497913,13.553168935029092,0.9994082716091592,-0.0005919035311787724,2107073,0.712733,4.112219,True,10000000,False,FIRST_N_SOLUTIONS,18,13.581063036589832,,
n=40:q=43:t=30:beta=2:seed=0,40,43,30,2,0,20,ok,False,,711163,355581,13.47465693708159,13.474125156649677,1.0005319218521944,0.0005317804319133757,2491470,0.682195,4.794498,True,10000000,False,FIRST_N_SOLUTIONS,18,13.581063036589832,,
n=40:q=43:t=30:beta=2:seed=0,40,43,30,2,0,21,ok,False,,613449,306724,13.326852410093295,13.326259811606668,1.0005927741077991,0.0005925984866266276,2847052,0.611435,5.406026,True,10000000,False,FIRST_N_SOLUTIONS,18,13.581063036589832,,
n=40:q=43:t=30:beta=2:seed=0,40,43,30,2,0,22,ok,False,,532807,266403,13.18591453626015,13.184664471874115,1.0012508460421925,0.0012500643860349214,3153777,0.512418,5.918541,True,10000000,False,FIRST_N_SOLUTIONS,18,13.581063036589832,,
n=40:q=43:t=30:beta=2:seed=0,40,43,30,2,0,23,ok,False,,459605,229802,13.0381227039228,13.036658173254452,1.0014656036171128,0.0014645306683487291,3420181,0.467162,6.385781,True,10000000,False,FIRST_N_SOLUTIONS,18,13.581063036589832,,
n=40:q=43:t=30:beta=2:seed=0,40,43,30,2,0,24,ok,False,,346471,173235,12.755554400025856,12.755154073680657,1.000400406486484,0.0004003263451988204,3649984,0.444089,6.829949,True,10000000,False,FIRST_N_SOLUTIONS,18,13.581063036589832,,
n=40:q=43:t=30:beta=2:seed=0,40,43,30,2,0,25,ok,False,,257173,128586,12.457504289163314,12.457107125171305,1.0003972428720695,0.0003971639920088421,3823220,0.302738,7.132785,True,10000000,False,FIRST_N_SOLUTIONS,18,13.581063036589832,,
n=40:q=43:t=30:beta=2:seed=0,40,43,30,2,0,26,ok,False,,174373,87186,12.068951961957941,12.067893749838618,1.0010587722233204,0.0010582121193234428,3951807,0.231701,7.364567,True,10000000,False,FIRST_N_SOLUTIONS,18,13.581063036589832,,
n=40:q=43:t=30:beta=2:seed=0,40,43,30,2,0,27,ok,False,,100385,50192,11.516768072687679,11.520418025873951,0.9963566997960392,-0.00364995318627237,4038994,0.142834,7.507481,True,10000000,False,FIRST_N_SOLUTIONS,18,13.581063036589832,,
n=40:q=43:t=30:beta=2:seed=0,40,43,30,2,0,28,ok,False,,56501,28250,10.942013616092948,10.943887020792289,0.9981283490279254,-0.0018734046993404974,4089187,0.102453,7.61001,True,10000000,False,FIRST_N_SOLUTIONS,18,13.581063036589832,,
n=40:q=43:t=30:beta=2:seed=0,40,43,30,2,0,29,ok,False,,29443,14721,10.290211469825051,10.296579575822236,0.9936521274175187,-0.006368105997184514,4117438,0.082368,7.69246,True,10000000,False,FIRST_N_SOLUTIONS,18,13.581063036589832,,
n=40:q=43:t=30:beta=2:seed=0,40,43,30,2,0,30,ok,False,,14811,7405,9.603125426926972,9.612400725610442,0.9907675842130567,-0.009275298683469657,4132160,0.06812,7.76066,True,10000000,False,FIRST_N_SOLUTIONS,18,13.581063036589832,,
n=40:q=43:t=30:beta=2:seed=0,40,43,30,2,0,31,ok,False,,6653,3326,8.802823159741887,8.831475918661866,0.9717538387405905,-0.028652758919978538,4139566,0.060942,7.82169,True,10000000,False,FIRST_N_SOLUTIONS,18,13.581063036589832,,
n=40:q=43:t=30:beta=2:seed=0,40,43,30,2,0,32,ok,False,,2775,1387,7.928406026180535,7.993821359307304,0.9366783490294779,-0.0654153331267695,4142893,0.057674,7.879438,True,10000000,False,FIRST_N_SOLUTIONS,18,13.581063036589832,,
n=40:q=43:t=30:beta=2:seed=0,40,43,30,2,0,33,ok,False,,1277,638,7.152268856032539,7.217636498572844,0.9367230208344758,-0.0653676425403047,4144281,0.056333,7.935844,True,10000000,False,FIRST_N_SOLUTIONS,18,13.581063036589832,,
n=40:q=43:t=30:beta=2:seed=0,40,43,30,2,0,34,ok,False,,487,243,6.18826412308259,6.338453496107405,0.8605449969845211,-0.1501893730248156,4144920,0.055891,7.991811,True,10000000,False,FIRST_N_SOLUTIONS,18,13.581063036589832,,
n=40:q=43:t=30:beta=2:seed=0,40,43,30,2,0,35,ok,False,,183,91,5.209486152841421,5.37226824365851,0.8497763423089004,-0.16278209081708894,4145164,0.055854,8.047729,True,10000000,False,FIRST_N_SOLUTIONS,18,13.581063036589832,,
n=40:q=43:t=30:beta=2:seed=0,40,43,30,2,0,36,ok,False,,81,40,4.394449154672439,4.3238932732785855,1.0731045343323653,0.0705558813938536,4145256,0.055674,8.103456,True,10000000,False,FIRST_N_SOLUTIONS,18,13.581063036589832,,
n=40:q=43:t=30:beta=2:seed=0,40,43,30,2,0,37,ok,False,,43,21,3.7612001156935624,3.242806649277682,1.6793275852430685,0.5183934664158802,4145297,0.056537,8.160054,True,10000000,False,FIRST_N_SOLUTIONS,18,13.581063036589832,,
n=40:q=43:t=30:beta=2:seed=0,40,43,30,2,0,38,ok,False,,13,6,2.5649493574615367,2.101614276458861,1.589365819492036,0.46333508100267595,4145319,0.055575,8.215695,True,10000000,False,FIRST_N_SOLUTIONS,18,13.581063036589832,,
n=40:q=43:t=30:beta=2:seed=0,40,43,30,2,0,39,ok,False,,5,2,1.6094379124341003,1.0187474790884892,1.8052343792329377,0.5906904333456111,4145326,0.055201,8.270939,True,10000000,False,FIRST_N_SOLUTIONS,18,13.581063036589832,,
n=40:q=43:t=30:beta=2:seed=0,40,43,30,2,0,40,ok,True,rank_complete,1,0,0.0,0.0,1.0,0.0,4145329,0.055421,8.326408,True,10000000,False,FIRST_N_SOLUTIONS,18,13.581063036589832,,
n=40:q=43:t=30:beta=2:seed=1,40,43,30,2,1,1,ok,False,,7,3,1.9459101490553132,1.8278995354046645,1.1252560543786143,0.11801061365064869,3,7.2e-05,8.9e-05,True,10000000,False,FIRST_N_SOLUTIONS,17,13.583627390830529,,
n=40:q=43:t=30:beta=2:seed=1,40,43,30,2,1,2,ok,False,,33,16,3.4965075614664802,3.410750260880792,1.0895418650413737,0.08575730058568842,20,4.4e-05,0.000189,True,10000000,False,FIRST_N_SOLUTIONS,17,13.583627390830529,,
n=40:q=43:t=30:beta=2:seed=1,40,43,30,2,1,3,ok,False,,129,64,4.859812404361672,4.8339125962982825,1.0262381225374426,0.02589980806338943,84,4e-05,0.00027,True,10000000,False,FIRST_N_SOLUTIONS,17,13.583627390830529,,
n=40:q=43:t=30:beta=2:seed=1,40,43,30,2,1,4,ok,False,,471,235,6.154858094016418,6.156328717581529,0.9985304572718244,-0.0014706235651109623,319,0.000207,0.000509,True,10000000,False,FIRST_N_SOLUTIONS,17,13.583627390830529,,
n=40:q=43:t=30:beta=2:seed=1,40,43,30,2,1,5,ok,False,,1577,788,7.3632795869630385,7.377102640485051,0.986272046188567,-0.013823053522012074,1107,0.000455,0.000999,True,10000000,False,FIRST_N_SOLUTIONS,17,13.583627390830529,,
n=40:q=43:t=30:beta=2:seed=1,40,43,30,2,1,6,ok,False,,4307,2153,8.36799688505411,8.387632454979922,0.9805559522796342,-0.01963556992581239,3260,0.001315,0.002351,True,10000000,False,FIRST_N_SOLUTIONS,17,13.583627390830529,,
n=40:q=43:t=30:beta=2:seed=1,40,43,30,2,1,7,ok,False,,11745,5872,9.371182897093012,9.381866185199222,0.9893735755391196,-0.010683288106209332,9132,0.003896,0.006288,True,10000000,False,FIRST_N_SOLUTIONS,17,13.583627390830529,,
n=40:q=43:t=30:beta=2:seed=1,40,43,30,2,1,8,ok,False,,28207,14103,10.247325453073348,10.249256341547671,0.9980709744915742,-0.0019308884743232113,23235,0.010566,0.01692,True,10000000,False,FIRST_N_SOLUTIONS,17,13.583627390830529,,
n=40:q=43:t=30:beta=2:seed=1,40,43,30,2,1,9,ok,False,,61213,30606,11.022114864243498,11.020935076707293,1.0011804837592924,0.0011797875362056232,53841,0.024045,0.041061,True,10000000,False,FIRST_N_SOLUTIONS,17,13.583627390830529,,
n=40:q=43:t=30:beta=2:seed=1,40,43,30,2,1,10,ok,False,,121893,60946,11.710898889702406,11.709887633948323,1.0010117672455847,0.001011255754082896,114787,0.053694,0.094844,True,10000000,False,FIRST_N_SOLUTIONS,17,13.583627390830529,,
n=40:q=43:t=30:beta=2:seed=1,40,43,30,2,1,11,ok,False,,224651,112325,12.322303365857195,12.32234829920868,0.9999550676580021,-4.493335148580968e-05,114797,0.114708,0.209643,True,10000000,False,FIRST_N_SOLUTIONS,17,13.583627390830529,,
n=40:q=43:t=30:beta=2:seed=1,40,43,30,2,1,12,ok,False,,372961,186480,12.829229135518672,12.829119603870595,1.0001095376468867,0.00010953164807681048,227123,0.236713,0.446432,True,10000000,False,FIRST_N_SOLUTIONS,17,13.583627390830529,,
n=40:q=43:t=30:beta=2:seed=1,40,43,30,2,1,13,ok,False,,541587,270793,13.202258997337918,13.20249784031597,0.9997611855426602,-0.00023884297805309984,413604,0.408963,0.855471,True,10000000,False,FIRST_N_SOLUTIONS,17,13.583627390830529,,
n=40:q=43:t=30:beta=2:seed=1,40,43,30,2,1,14,ok,False,,684033,342016,13.43576144105494,13.436245915269168,0.9995156431244533,-0.0004844742142289249,684398,0.633828,1.489382,True,10000000,False,FIRST_N_SOLUTIONS,17,13.583627390830529,,
n=40:q=43:t=30:beta=2:seed=1,40,43,30,2,1,15,ok,False,,754033,377016,13.533191412610615,13.533561398136811,0.9996300829100077,-0.00036998552619671443,1026415,0.648745,2.138214,True,10000000,False,FIRST_N_SOLUTIONS,17,13.583627390830529,,
n=40:q=43:t=30:beta=2:seed=1,40,43,30,2,1,16,ok,False,,761757,380878,13.543382886172324,13.543461205563602,0.9999216836756053,-7.831939127811438e-05,1403432,0.690123,2.828427,True,10000000,False,FIRST_N_SOLUTIONS,17,13.583627390830529,,
n=40:q=43:t=30:beta=2:seed=1,40,43,30,2,1,17,ok,False,,793321,396660,13.583983210640216,13.583627390830529,1.000355883121065,0.0003558198096875742,1784311,0.906149,3.734654,True,10000000,False,FIRST_N_SOLUTIONS,17,13.583627390830529,,
n=40:q=43:t=30:beta=2:seed=1,40,43,30,2,1,18,ok,False,,768255,384127,13.551876988269631,13.552679250701068,0.9991980592950256,-0.0008022624314367732,2180972,0.769185,4.503942,True,10000000,False,FIRST_N_SOLUTIONS,17,13.583627390830529,,
n=40:q=43:t=30:beta=2:seed=1,40,43,30,2,1,19,ok,False,,712127,356063,13.476011545274453,13.475815670500914,1.0001958939582547,0.00019587477353866234,2565100,0.691428,5.195459,True,10000000,False,FIRST_N_SOLUTIONS,17,13.583627390830529,,
n=40:q=43:t=30:beta=2:seed=1,40,43,30,2,1,20,ok,False,,702095,351047,13.461824001487317,13.460275109630771,1.0015500920090927,0.001548891856545609,2921164,0.721854,5.9174,True,10000000,False,FIRST_N_SOLUTIONS,17,13.583627390830529,,
n=40:q=43:t=30:beta=2:seed=1,40,43,30,2,1,21,ok,False,,609309,304654,13.32008080717624,13.318239003759963,1.0018435005779747,0.0018418034162763774,3272212,0.68767,6.60517,True,10000000,False,FIRST_N_SOLUTIONS,17,13.583627390830529,,
n=40:q=43:t=30:beta=2:seed=1,40,43,30,2,1,22,ok,False,,493065,246532,13.108396290175714,13.107640658199173,1.0007559175383043,0.0007556319765402719,3576867,0.56489,7.170165,True,10000000,False,FIRST_N_SOLUTIONS,17,13.583627390830529,,
n=40:q=43:t=30:beta=2:seed=1,40,43,30,2,1,23,ok,False,,374357,187178,12.832965166562408,12.835058996559823,0.9979083605354794,-0.002093829997415142,3823400,0.439757,7.610023,True,10000000,False,FIRST_N_SOLUTIONS,17,13.583627390830529,,
n=40:q=43:t=30:beta=2:seed=1,40,43,30,2,1,24,ok,False,,252405,126202,12.438790219278657,12.441319733116742,0.9974736826862571,-0.0025295138380858617,4010579,0.327736,7.937844,True,10000000,False,FIRST_N_SOLUTIONS,17,13.583627390830529,,
n=40:q=43:t=30:beta=2:seed=1,40,43,30,2,1,25,ok,False,,166205,83102,12.020977245186824,12.025095486578785,0.9958902269352602,-0.004118241391960709,4136782,0.223051,8.160982,True,10000000,False,FIRST_N_SOLUTIONS,17,13.583627390830529,,
n=40:q=43:t=30:beta=2:seed=1,40,43,30,2,1,26,ok,False,,109493,54746,11.60361589925464,11.604673473508313,0.9989429847808867,-0.0010575742536733657,4219885,0.169787,8.330846,True,10000000,False,FIRST_N_SOLUTIONS,17,13.583627390830529,,
n=40:q=43:t=30:beta=2:seed=1,40,43,30,2,1,27,ok,False,,65577,32788,11.090980303698112,11.097757520630182,0.9932456966100325,-0.006777216932070118,4274632,0.122637,8.45358,True,10000000,False,FIRST_N_SOLUTIONS,17,13.583627390830529,,
n=40:q=43:t=30:beta=2:seed=1,40,43,30,2,1,28,ok,False,,35811,17905,10.486010387763148,10.489801478396004,0.9962160864786797,-0.0037910906328555427,4307421,0.090903,8.544565,True,10000000,False,FIRST_N_SOLUTIONS,17,13.583627390830529,,
n=40:q=43:t=30:beta=2:seed=1,40,43,30,2,1,29,ok,False,,17989,8994,9.797515738962685,9.812077896450205,0.9855433579295227,-0.014562157487519656,4325327,0.07411,8.618765,True,10000000,False,FIRST_N_SOLUTIONS,17,13.583627390830529,,
n=40:q=43:t=30:beta=2:seed=1,40,43,30,2,1,30,ok,False,,9421,4710,9.150696519048667,9.168822624908572,0.9820371839059224,-0.018126105859904484,4334322,0.066513,8.685363,True,10000000,False,FIRST_N_SOLUTIONS,17,13.583627390830529,,
n=40:q=43:t=30:beta=2:seed=1,40,43,30,2,1,31,ok,False,,4391,2195,8.387312270561717,8.40535505617629,0.9821190108938844,-0.01804278561457373,4339033,0.062912,8.748353,True,10000000,False,FIRST_N_SOLUTIONS,17,13.583627390830529,,
n=40:q=43:t=30:beta=2:seed=1,40,43,30,2,1,32,ok,False,,1997,998,7.599401333415815,7.6245516628607675,0.975163305250535,-0.025150329444952213,4341229,0.061534,8.809948,True,10000000,False,FIRST_N_SOLUTIONS,17,13.583627390830529,,
n=40:q=43:t=30:beta=2:seed=1,40,43,30,2,1,33,ok,False,,937,468,6.842683282238422,6.8378555300396044,1.0048394245706778,0.004827752198817592,4342228,0.06042,8.870442,True,10000000,False,FIRST_N_SOLUTIONS,17,13.583627390830529,,
n=40:q=43:t=30:beta=2:seed=1,40,43,30,2,1,34,ok,False,,409,204,6.013715156042802,5.959077236137631,1.0561581315984752,0.054637919905171195,4342697,0.060298,8.930809,True,10000000,False,FIRST_N_SOLUTIONS,17,13.583627390830529,,
n=40:q=43:t=30:beta=2:seed=1,40,43,30,2,1,35,ok,False,,183,91,5.209486152841421,5.0756530031735565,1.1432020600875186,0.13383314966786486,4342902,0.06137,8.992236,True,10000000,False,FIRST_N_SOLUTIONS,17,13.583627390830529,,
n=40:q=43:t=30:beta=2:seed=1,40,43,30,2,1,36,ok,False,,63,31,4.143134726391533,4.12192053131875,1.0214408157974724,0.021214195072782438,4342994,0.060085,9.052387,True,10000000,False,FIRST_N_SOLUTIONS,17,13.583627390830529,,
n=40:q=43:t=30:beta=2:seed=1,40,43,30,2,1,37,ok,False,,19,9,2.9444389791664403,3.07412684521951,0.8783695570930123,-0.1296878660530698,4343026,0.05961,9.112046,True,10000000,False,FIRST_N_SOLUTIONS,17,13.583627390830529,,
n=40:q=43:t=30:beta=2:seed=1,40,43,30,2,1,38,ok,False,,5,2,1.6094379124341003,2.0180993775559415,0.6645391639313644,-0.4086614651218412,4343036,0.059833,9.171938,True,10000000,False,FIRST_N_SOLUTIONS,17,13.583627390830529,,
n=40:q=43:t=30:beta=2:seed=1,40,43,30,2,1,39,ok,False,,3,1,1.0986122886681098,1.0084965505663916,1.0943009286884389,0.09011573810171813,4343039,0.059746,9.231724,True,10000000,False,FIRST_N_SOLUTIONS,17,13.583627390830529,,
n=40:q=43:t=30:beta=2:seed=1,40,43,30,2,1,40,ok,True,rank_complete,1,0,0.0,0.0,1.0,0.0,4343041,0.059478,9.291252,True,10000000,False,FIRST_N_SOLUTIONS,17,13.583627390830529,,
n=40:q=43:t=30:beta=2:seed=2,40,43,30,2,2,1,ok,False,,5,2,1.6094379124341003,1.6840584991787741,0.9280955512896415,-0.07462058674467387,2,6.7e-05,8.4e-05,True,10000000,False,FIRST_N_SOLUTIONS,19,13.819808717593126,,
n=40:q=43:t=30:beta=2:seed=2,40,43,30,2,2,2,ok,False,,25,12,3.2188758248682006,3.210198259781216,1.0087153242952074,0.008677565086984362,15,5.3e-05,0.000189,True,10000000,False,FIRST_N_SOLUTIONS,19,13.819808717593126,,
n=40:q=43:t=30:beta=2:seed=2,40,43,30,2,2,3,ok,False,,99,49,4.59511985013459,4.599870000642397,0.9952611136146323,-0.004750150507807582,64,3.4e-05,0.00027,True,10000000,False,FIRST_N_SOLUTIONS,19,13.819808717593126,,
n=40:q=43:t=30:beta=2:seed=2,40,43,30,2,2,4,ok,False,,335,167,5.814130531825066,5.8144696603914525,0.9996609289312061,-0.0003391285663862931,231,0.000165,0.000473,True,10000000,False,FIRST_N_SOLUTIONS,19,13.819808717593126,,
n=40:q=43:t=30:beta=2:seed=2,40,43,30,2,2,5,ok,False,,991,495,6.898714534329988,6.885964424224978,1.0128317393170758,0.012750110105010037,726,0.000306,0.000816,True,10000000,False,FIRST_N_SOLUTIONS,19,13.819808717593126,,
n=40:q=43:t=30:beta=2:seed=2,40,43,30,2,2,6,ok,False,,2475,1237,7.813995675002791,7.810292248665679,1.0037102924939147,0.00370342633711207,1963,0.000818,0.001673,True,10000000,False,FIRST_N_SOLUTIONS,19,13.819808717593126,,
n=40:q=43:t=30:beta=2:seed=2,40,43,30,2,2,7,ok,False,,6275,3137,8.744328763999984,8.746541872630894,0.9977893384884164,-0.0022131086309098436,5100,0.002112,0.003826,True,10000000,False,FIRST_N_SOLUTIONS,19,13.819808717593126,,
n=40:q=43:t=30:beta=2:seed=2,40,43,30,2,2,8,ok,False,,14301,7150,9.568084743872936,9.572028690826158,0.9960638201911384,-0.0039439469532229765,12250,0.005247,0.009122,True,10000000,False,FIRST_N_SOLUTIONS,19,13.819808717593126,,
n=40:q=43:t=30:beta=2:seed=2,40,43,30,2,2,9,ok,False,,30303,15151,10.319001996497294,10.32070613939781,0.9982973083265131,-0.0017041429005164588,27401,0.012843,0.022044,True,10000000,False,FIRST_N_SOLUTIONS,19,13.819808717593126,,
n=40:q=43:t=30:beta=2:seed=2,40,43,30,2,2,10,ok,False,,61515,30757,11.027036326494269,11.028626400881208,0.9984111891115642,-0.0015900743869394773,58158,0.02506,0.047214,True,10000000,False,FIRST_N_SOLUTIONS,19,13.819808717593126,,
n=40:q=43:t=30:beta=2:seed=2,40,43,30,2,2,11,ok,False,,111763,55881,11.624135836806074,11.62545430777444,0.9986823978326096,-0.0013184709683660145,58168,0.052328,0.099638,True,10000000,False,FIRST_N_SOLUTIONS,19,13.819808717593126,,
n=40:q=43:t=30:beta=2:seed=2,40,43,30,2,2,12,ok,False,,191277,95638,12.16147791819491,12.161404906267947,1.0000730145923986,7.301192696296255e-05,114050,0.10522,0.20495,True,10000000,False,FIRST_N_SOLUTIONS,19,13.819808717593126,,
n=40:q=43:t=30:beta=2:seed=2,40,43,30,2,2,13,ok,False,,288511,144255,12.572488492452996,12.572471720543476,1.0000167720501691,1.677190951987484e-05,209689,0.232069,0.437112,True,10000000,False,FIRST_N_SOLUTIONS,19,13.819808717593126,,
n=40:q=43:t=30:beta=2:seed=2,40,43,30,2,2,14,ok,False,,453543,226771,13.024845362123965,13.02361161810748,1.0012345053917158,0.0012337440164849056,353945,0.317129,0.754327,True,10000000,False,FIRST_N_SOLUTIONS,19,13.819808717593126,,
n=40:q=43:t=30:beta=2:seed=2,40,43,30,2,2,15,ok,False,,637357,318678,13.365085217127142,13.366989022873497,0.9980980053423019,-0.0019038057463554026,580717,0.541463,1.295864,True,10000000,False,FIRST_N_SOLUTIONS,19,13.819808717593126,,
n=40:q=43:t=30:beta=2:seed=2,40,43,30,2,2,16,ok,False,,778247,389123,13.564799233493984,13.566480164500902,0.9983204809663528,-0.0016809310069181294,899396,0.710308,2.006245,True,10000000,False,FIRST_N_SOLUTIONS,19,13.819808717593126,,
n=40:q=43:t=30:beta=2:seed=2,40,43,30,2,2,17,ok,False,,929507,464753,13.742409617045887,13.742693402348294,0.9997162549608326,-0.0002837853024075798,1288520,1.055739,3.06206,True,10000000,False,FIRST_N_SOLUTIONS,19,13.819808717593126,,
n=40:q=43:t=30:beta=2:seed=2,40,43,30,2,2,18,ok,False,,984723,492361,13.80011566233084,13.79970484611082,1.00041090061656,0.00041081622002003826,1753274,0.980954,4.043114,True,10000000,False,FIRST_N_SOLUTIONS,19,13.819808717593126,,
n=40:q=43:t=30:beta=2:seed=2,40,43,30,2,2,19,ok,False,,1004255,502127,13.819756531049064,13.819808717593126,0.9999478148176318,-5.2186544062138296e-05,2245636,1.030961,5.074164,True,10000000,False,FIRST_N_SOLUTIONS,19,13.819808717593126,,
n=40:q=43:t=30:beta=2:seed=2,40,43,30,2,2,20,ok,False,,940001,470000,13.753636218075409,13.753160426363117,1.0004759049191223,0.00047579171229195083,2747764,1.037401,6.111669,True,10000000,False,FIRST_N_SOLUTIONS,19,13.819808717593126,,
n=40:q=43:t=30:beta=2:seed=2,40,43,30,2,2,21,ok,False,,802821,401410,13.595887054007635,13.594560217691253,1.0013277169531312,0.001326836316382085,3217765,0.907221,7.018987,True,10000000,False,FIRST_N_SOLUTIONS,19,13.819808717593126,,
n=40:q=43:t=30:beta=2:seed=2,40,43,30,2,2,22,ok,False,,650235,325117,13.385089114994077,13.385643608266236,0.9994456604308256,-0.0005544932721583962,3619176,0.723867,7.742949,True,10000000,False,FIRST_N_SOLUTIONS,19,13.819808717593126,,
n=40:q=43:t=30:beta=2:seed=2,40,43,30,2,2,23,ok,False,,502295,251147,13.126942875477962,13.126775167178856,1.0001677223629288,0.00016770829910583984,3944294,0.561886,8.304923,True,10000000,False,FIRST_N_SOLUTIONS,19,13.819808717593126,,
n=40:q=43:t=30:beta=2:seed=2,40,43,30,2,2,24,ok,False,,409007,204503,12.921487549792905,12.921677137567436,0.9998104301960963,-0.0001895877745301533,4195442,0.538981,8.843985,True,10000000,False,FIRST_N_SOLUTIONS,19,13.819808717593126,,
n=40:q=43:t=30:beta=2:seed=2,40,43,30,2,2,25,ok,False,,295251,147625,12.595581121014076,12.596204670912698,0.9993766444682151,-0.0006235498986217891,4399946,0.398805,9.242874,True,10000000,False,FIRST_N_SOLUTIONS,19,13.819808717593126,,
n=40:q=43:t=30:beta=2:seed=2,40,43,30,2,2,26,ok,False,,201391,100695,12.213003571078424,12.214435466990395,0.998569128761847,-0.001431895911970571,4547572,0.282397,9.525362,True,10000000,False,FIRST_N_SOLUTIONS,19,13.819808717593126,,
n=40:q=43:t=30:beta=2:seed=2,40,43,30,2,2,27,ok,False,,127527,63763,11.75608338586752,11.76189688042966,0.994203371098735,-0.00581349456214042,4648268,0.202681,9.728138,True,10000000,False,FIRST_N_SOLUTIONS,19,13.819808717593126,,
n=40:q=43:t=30:beta=2:seed=2,40,43,30,2,2,28,ok,False,,75355,37677,11.229965558853777,11.234038050239661,0.9959357899614408,-0.004072491385883836,4712032,0.135079,9.863302,True,10000000,False,FIRST_N_SOLUTIONS,19,13.819808717593126,,
n=40:q=43:t=30:beta=2:seed=2,40,43,30,2,2,29,ok,False,,45763,22881,10.731231183345313,10.72763184767743,1.0036058210552032,0.0035993356678840627,4749710,0.102635,9.96602,True,10000000,False,FIRST_N_SOLUTIONS,19,13.819808717593126,,
n=40:q=43:t=30:beta=2:seed=2,40,43,30,2,2,30,ok,False,,23491,11745,10.064372648053766,10.05932490781862,1.0050605015387664,0.005047740235145426,4772592,0.084351,10.050453,True,10000000,False,FIRST_N_SOLUTIONS,19,13.819808717593126,,
n=40:q=43:t=30:beta=2:seed=2,40,43,30,2,2,31,ok,False,,10981,5490,9.303921785597714,9.300313124668904,1.0036151799849888,0.003608660928810181,4784338,0.074348,10.124882,True,10000000,False,FIRST_N_SOLUTIONS,19,13.819808717593126,,
n=40:q=43:t=30:beta=2:seed=2,40,43,30,2,2,32,ok,False,,4859,2429,8.488587934405903,8.475850514754427,1.0128188861045069,0.01273741965147579,4789829,0.069478,10.19442,True,10000000,False,FIRST_N_SOLUTIONS,19,13.819808717593126,,
n=40:q=43:t=30:beta=2:seed=2,40,43,30,2,2,33,ok,False,,2073,1036,7.636752112435779,7.591466292291358,1.046326878473434,0.04528582014442151,4792259,0.066765,10.261249,True,10000000,False,FIRST_N_SOLUTIONS,19,13.819808717593126,,
n=40:q=43:t=30:beta=2:seed=2,40,43,30,2,2,34,ok,False,,837,418,6.729824070489475,6.634836964356381,1.0996446763625927,0.09498710613309402,4793296,0.065653,10.326971,True,10000000,False,FIRST_N_SOLUTIONS,19,13.819808717593126,,
n=40:q=43:t=30:beta=2:seed=2,40,43,30,2,2,35,ok,False,,315,157,5.752572638825633,5.582381546362257,1.1855313757871262,0.1701910924633765,4793715,0.0658,10.392838,True,10000000,False,FIRST_N_SOLUTIONS,19,13.819808717593126,,
n=40:q=43:t=30:beta=2:seed=2,40,43,30,2,2,36,ok,False,,97,48,4.574710978503383,4.473726745231289,1.1062591995381275,0.1009842332720936,4793873,0.064479,10.457383,True,10000000,False,FIRST_N_SOLUTIONS,19,13.819808717593126,,
n=40:q=43:t=30:beta=2:seed=2,40,43,30,2,2,37,ok,False,,35,17,3.5553480614894135,3.2652198092869185,1.3365988987859552,0.29012825220249505,4793922,0.064301,10.521725,True,10000000,False,FIRST_N_SOLUTIONS,19,13.819808717593126,,
n=40:q=43:t=30:beta=2:seed=2,40,43,30,2,2,38,ok,False,,7,3,1.9459101490553132,2.170370494773593,0.7989472577514116,-0.22446034571827966,4793940,0.064594,10.586361,True,10000000,False,FIRST_N_SOLUTIONS,19,13.819808717593126,,
n=40:q=43:t=30:beta=2:seed=2,40,43,30,2,2,39,ok,False,,3,1,1.0986122886681098,1.0665562811402367,1.0325753356775291,0.032056007527873076,4793944,0.064949,10.651371,True,10000000,False,FIRST_N_SOLUTIONS,19,13.819808717593126,,
n=40:q=43:t=30:beta=2:seed=2,40,43,30,2,2,40,ok,True,rank_complete,3,1,1.0986122886681098,0.0,3.0000000000000004,1.0986122886681098,4793946,0.067463,10.718891,True,10000000,False,FIRST_N_SOLUTIONS,19,13.819808717593126,,
n=40:q=43:t=30:beta=7:seed=0,40,43,30,7,0,1,ok,False,,5,2,1.6094379124341003,1.78439384690985,0.8394940126979415,-0.17495593447574964,2,2.9e-05,4.7e-05,True,10000000,False,FIRST_N_SOLUTIONS,17,12.309511295828855,,
n=40:q=43:t=30:beta=7:seed=0,40,43,30,7,0,2,ok,False,,23,11,3.1354942159291497,3.288577381398386,0.8580583580179567,-0.15308316546923617,14,1.5e-05,0.000114,True,10000000,False,FIRST_N_SOLUTIONS,17,12.309511295828855,,
n=40:q=43:t=30:beta=7:seed=0,40,43,30,7,0,3,ok,False,,97,48,4.574710978503383,4.609476278290954,0.9658320706507615,-0.034765299787570925,62,2.7e-05,0.000184,True,10000000,False,FIRST_N_SOLUTIONS,17,12.309511295828855,,
n=40:q=43:t=30:beta=7:seed=0,40,43,30,7,0,4,ok,False,,325,162,5.783825182329737,5.8079310580138745,0.9761823503121978,-0.024105875684137246,224,0.00017,0.000391,True,10000000,False,FIRST_N_SOLUTIONS,17,12.309511295828855,,
n=40:q=43:t=30:beta=7:seed=0,40,43,30,7,0,5,ok,False,,951,475,6.85751406254539,6.8552409156189125,1.0022757324836986,0.0022731469264778426,699,0.000297,0.000729,True,10000000,False,FIRST_N_SOLUTIONS,17,12.309511295828855,,
n=40:q=43:t=30:beta=7:seed=0,40,43,30,7,0,6,ok,False,,2323,1161,7.750614732770409,7.764394953230191,0.9863142921452529,-0.013780220459781667,1860,0.000782,0.001553,True,10000000,False,FIRST_N_SOLUTIONS,17,12.309511295828855,,
n=40:q=43:t=30:beta=7:seed=0,40,43,30,7,0,7,ok,False,,5325,2662,8.580167990577626,8.571898499073011,1.008303778195488,0.00826949150461509,4522,0.001837,0.003438,True,10000000,False,FIRST_N_SOLUTIONS,17,12.309511295828855,,
n=40:q=43:t=30:beta=7:seed=0,40,43,30,7,0,8,ok,False,,10757,5378,9.283311984432006,9.280850226856305,1.00246479018889,0.0024617575757002186,9900,0.004125,0.00761,True,10000000,False,FIRST_N_SOLUTIONS,17,12.309511295828855,,
n=40:q=43:t=30:beta=7:seed=0,40,43,30,7,0,9,ok,False,,20205,10102,9.913685377512573,9.910278272383582,1.0034129159091099,0.003407105128991006,20002,0.008638,0.01633,True,10000000,False,FIRST_N_SOLUTIONS,17,12.309511295828855,,
n=40:q=43:t=30:beta=7:seed=0,40,43,30,7,0,10,ok,False,,35563,17781,10.479061050523804,10.477780225076607,1.0012816460544236,0.001280825447196321,37783,0.016657,0.033067,True,10000000,False,FIRST_N_SOLUTIONS,17,12.309511295828855,,
n=40:q=43:t=30:beta=7:seed=0,40,43,30,7,0,11,ok,False,,57411,28705,10.957991201578174,10.956838454491152,1.0011534117553196,0.0011527470870227319,37793,0.030814,0.063981,True,10000000,False,FIRST_N_SOLUTIONS,17,12.309511295828855,,
n=40:q=43:t=30:beta=7:seed=0,40,43,30,7,0,12,ok,False,,86939,43469,11.372962002291217,11.37298776193835,0.9999742406846432,-2.575964713358303e-05,66499,0.086138,0.150275,True,10000000,False,FIRST_N_SOLUTIONS,17,12.309511295828855,,
n=40:q=43:t=30:beta=7:seed=0,40,43,30,7,0,13,ok,False,,113885,56942,11.642944446293964,11.642255060355698,1.0006896236193665,0.0006893859382657297,109969,0.067678,0.218073,True,10000000,False,FIRST_N_SOLUTIONS,17,12.309511295828855,,
n=40:q=43:t=30:beta=7:seed=0,40,43,30,7,0,14,ok,False,,144995,72497,11.884454538049546,11.881659002265273,1.0027994469381745,0.002795535784272829,166912,0.096626,0.314788,True,10000000,False,FIRST_N_SOLUTIONS,17,12.309511295828855,,
n=40:q=43:t=30:beta=7:seed=0,40,43,30,7,0,15,ok,False,,181141,90570,12.107031012505509,12.10614647007555,1.0008849337529853,0.0008845424299579463,239410,0.127046,0.441922,True,10000000,False,FIRST_N_SOLUTIONS,17,12.309511295828855,,
n=40:q=43:t=30:beta=7:seed=0,40,43,30,7,0,16,ok,False,,207551,103775,12.243132371585695,12.243834956048097,0.9992976622922689,-0.0007025844624024558,329981,0.154307,0.596324,True,10000000,False,FIRST_N_SOLUTIONS,17,12.309511295828855,,
n=40:q=43:t=30:beta=7:seed=0,40,43,30,7,0,17,ok,False,,221481,110740,12.308092086007079,12.309511295828855,0.9985817967802334,-0.001419209821776235,433757,0.174252,0.770671,True,10000000,False,FIRST_N_SOLUTIONS,17,12.309511295828855,,
n=40:q=43:t=30:beta=7:seed=0,40,43,30,7,0,18,ok,False,,213471,106735,12.271256271043166,12.270696993436005,1.0005594340320425,0.0005592776071612349,544498,0.169681,0.940414,True,10000000,False,FIRST_N_SOLUTIONS,17,12.309511295828855,,
n=40:q=43:t=30:beta=7:seed=0,40,43,30,7,0,19,ok,False,,198693,99346,12.199516198930928,12.199182803441722,1.0003334510716582,0.0003333954892053015,651234,0.210649,1.151133,True,10000000,False,FIRST_N_SOLUTIONS,17,12.309511295828855,,
n=40:q=43:t=30:beta=7:seed=0,40,43,30,7,0,20,ok,False,,181729,90864,12.110271845391372,12.110112834199711,1.0001590238346105,0.00015901119166095157,750581,0.165689,1.316923,True,10000000,False,FIRST_N_SOLUTIONS,17,12.309511295828855,,
n=40:q=43:t=30:beta=7:seed=0,40,43,30,7,0,21,ok,False,,153953,76976,11.944402640009159,11.944027551473347,1.0003751588903125,0.0003750885358115852,841446,0.140304,1.457329,True,10000000,False,FIRST_N_SOLUTIONS,17,12.309511295828855,,
n=40:q=43:t=30:beta=7:seed=0,40,43,30,7,0,22,ok,False,,126161,63080,11.745314148048118,11.745063897667315,1.0002502816960421,0.00025025038080350726,918423,0.115491,1.572921,True,10000000,False,FIRST_N_SOLUTIONS,17,12.309511295828855,,
n=40:q=43:t=30:beta=7:seed=0,40,43,30,7,0,23,ok,False,,92721,46360,11.437350263115095,11.4341898700959,1.0031653923264177,0.00316039301919524,981504,0.086407,1.659419,True,10000000,False,FIRST_N_SOLUTIONS,17,12.309511295828855,,
n=40:q=43:t=30:beta=7:seed=0,40,43,30,7,0,24,ok,False,,69255,34627,11.145550623609198,11.138349880521147,1.0072267307780058,0.007200743088050743,1027865,0.068676,1.72816,True,10000000,False,FIRST_N_SOLUTIONS,17,12.309511295828855,,
n=40:q=43:t=30:beta=7:seed=0,40,43,30,7,0,25,ok,False,,48431,24215,10.787895383542557,10.790643331447242,0.9972558242481402,-0.002747947904685688,1062493,0.061631,1.789879,True,10000000,False,FIRST_N_SOLUTIONS,17,12.309511295828855,,
n=40:q=43:t=30:beta=7:seed=0,40,43,30,7,0,26,ok,False,,31619,15809,10.361513484709917,10.362367601773542,0.9991462475905277,-0.0008541170636249262,1086709,0.047703,1.837725,True,10000000,False,FIRST_N_SOLUTIONS,17,12.309511295828855,,
n=40:q=43:t=30:beta=7:seed=0,40,43,30,7,0,27,ok,False,,19919,9959,9.899429329075273,9.910462059559293,0.9890279068834961,-0.011032730484020092,1102519,0.028812,1.866652,True,10000000,False,FIRST_N_SOLUTIONS,17,12.309511295828855,,
n=40:q=43:t=30:beta=7:seed=0,40,43,30,7,0,28,ok,False,,12945,6472,9.468464892185638,9.476578505329357,0.9919192133748517,-0.008113613143718723,1112479,0.02466,1.891398,True,10000000,False,FIRST_N_SOLUTIONS,17,12.309511295828855,,
n=40:q=43:t=30:beta=7:seed=0,40,43,30,7,0,29,ok,False,,7301,3650,8.895766604056085,8.92693573393997,0.9693116196500249,-0.031169129883885205,1118952,0.020827,1.912296,True,10000000,False,FIRST_N_SOLUTIONS,17,12.309511295828855,,
n=40:q=43:t=30:beta=7:seed=0,40,43,30,7,0,30,ok,False,,4007,2003,8.295798110636145,8.330705672958274,0.9656946787055283,-0.03490756232212888,1122603,0.018079,1.930455,True,10000000,False,FIRST_N_SOLUTIONS,17,12.309511295828855,,
n=40:q=43:t=30:beta=7:seed=0,40,43,30,7,0,31,ok,False,,2173,1086,7.6838639802564295,7.691402667851875,0.9924896570380487,-0.007538687595445737,1124607,0.017227,1.947768,True,10000000,False,FIRST_N_SOLUTIONS,17,12.309511295828855,,
n=40:q=43:t=30:beta=7:seed=0,40,43,30,7,0,32,ok,False,,1143,571,7.04141166379481,7.026983551090268,1.014532700317914,0.01442811270454225,1125694,0.017042,1.96489,True,10000000,False,FIRST_N_SOLUTIONS,17,12.309511295828855,,
n=40:q=43:t=30:beta=7:seed=0,40,43,30,7,0,33,ok,False,,549,274,6.3080984415095305,6.294050537014542,1.0141470399766526,0.014047904494988828,1126266,0.017214,1.982172,True,10000000,False,FIRST_N_SOLUTIONS,17,12.309511295828855,,
n=40:q=43:t=30:beta=7:seed=0,40,43,30,7,0,34,ok,False,,231,115,5.442417710521793,5.499853610097546,0.9441824109398131,-0.05743589957575246,1126541,0.019335,2.001563,True,10000000,False,FIRST_N_SOLUTIONS,17,12.309511295828855,,
n=40:q=43:t=30:beta=7:seed=0,40,43,30,7,0,35,ok,False,,111,55,4.709530201312334,4.67375019661722,1.036427812156074,0.035780004695113554,1126657,0.019103,2.020751,True,10000000,False,FIRST_N_SOLUTIONS,17,12.309511295828855,,
n=40:q=43:t=30:beta=7:seed=0,40,43,30,7,0,36,ok,False,,45,22,3.8066624897703196,3.792967325516557,1.013789372590681,0.013695164253762826,1126713,0.019215,2.040034,True,10000000,False,FIRST_N_SOLUTIONS,17,12.309511295828855,,
n=40:q=43:t=30:beta=7:seed=0,40,43,30,7,0,37,ok,False,,19,9,2.9444389791664403,2.916719497698267,1.0281072408326717,0.027719481468173157,1126736,0.019065,2.059178,True,10000000,False,FIRST_N_SOLUTIONS,17,12.309511295828855,,
n=40:q=43:t=30:beta=7:seed=0,40,43,30,7,0,38,ok,False,,5,2,1.6094379124341003,1.9599671178064568,0.7043152636552775,-0.35052920537235654,1126746,0.016257,2.075516,True,10000000,False,FIRST_N_SOLUTIONS,17,12.309511295828855,,
n=40:q=43:t=30:beta=7:seed=0,40,43,30,7,0,39,ok,False,,3,1,1.0986122886681098,0.9800865426599046,1.1258358595081313,0.1185257460082052,1126749,0.015397,2.090961,True,10000000,False,FIRST_N_SOLUTIONS,17,12.309511295828855,,
n=40:q=43:t=30:beta=7:seed=0,40,43,30,7,0,40,ok,True,rank_complete,1,0,0.0,0.0,1.0,0.0,1126751,0.015481,2.106493,True,10000000,False,FIRST_N_SOLUTIONS,17,12.309511295828855,,
n=40:q=43:t=30:beta=7:seed=1,40,43,30,7,1,1,ok,False,,5,2,1.6094379124341003,1.7611338390924032,0.8592495158934371,-0.1516959266583029,2,2.5e-05,4.6e-05,True,10000000,False,FIRST_N_SOLUTIONS,18,12.451870597599893,,
n=40:q=43:t=30:beta=7:seed=1,40,43,30,7,1,2,ok,False,,27,13,3.295836866004329,3.3220310638963504,0.9741458941594983,-0.026194197892021265,16,1.4e-05,0.000111,True,10000000,False,FIRST_N_SOLUTIONS,18,12.451870597599893,,
n=40:q=43:t=30:beta=7:seed=1,40,43,30,7,1,3,ok,False,,107,53,4.672828834461906,4.661381094647101,1.0115135159446176,0.011447739814804514,69,2.8e-05,0.00017,True,10000000,False,FIRST_N_SOLUTIONS,18,12.451870597599893,,
n=40:q=43:t=30:beta=7:seed=1,40,43,30,7,1,4,ok,False,,323,161,5.777652323222656,5.79360754497222,0.9841713885415314,-0.015955221749563542,230,0.000263,0.000461,True,10000000,False,FIRST_N_SOLUTIONS,18,12.451870597599893,,
n=40:q=43:t=30:beta=7:seed=1,40,43,30,7,1,5,ok,False,,927,463,6.831953565565855,6.845606864241429,0.986439484859675,-0.013653298675573744,693,0.000307,0.000805,True,10000000,False,FIRST_N_SOLUTIONS,18,12.451870597599893,,
n=40:q=43:t=30:beta=7:seed=1,40,43,30,7,1,6,ok,False,,2299,1149,7.740229524763182,7.76115632433674,0.9792906464387852,-0.020926799573558696,1842,0.00073,0.001594,True,10000000,False,FIRST_N_SOLUTIONS,18,12.451870597599893,,
n=40:q=43:t=30:beta=7:seed=1,40,43,30,7,1,7,ok,False,,5253,2626,8.566554620953962,8.564417953927517,1.0021389513260754,0.002136667026444883,4468,0.001821,0.003478,True,10000000,False,FIRST_N_SOLUTIONS,18,12.451870597599893,,
n=40:q=43:t=30:beta=7:seed=1,40,43,30,7,1,8,ok,False,,11059,5529,9.31099985507536,9.305610691504903,1.0054037112339578,0.005389163570457711,9997,0.004154,0.007701,True,10000000,False,FIRST_N_SOLUTIONS,18,12.451870597599893,,
n=40:q=43:t=30:beta=7:seed=1,40,43,30,7,1,9,ok,False,,21179,10589,9.960765403687601,9.960135828444688,1.0006297734670029,0.0006295752429128498,20586,0.00866,0.016437,True,10000000,False,FIRST_N_SOLUTIONS,18,12.451870597599893,,
n=40:q=43:t=30:beta=7:seed=1,40,43,30,7,1,10,ok,False,,39877,19938,10.59355499556915,10.588241077688053,1.0053280617848028,0.005313917881096586,40524,0.013802,0.030301,True,10000000,False,FIRST_N_SOLUTIONS,18,12.451870597599893,,
n=40:q=43:t=30:beta=7:seed=1,40,43,30,7,1,11,ok,False,,63143,31571,11.053157274445402,11.053981325024647,0.9991762888571892,-0.0008240505792453945,40534,0.027264,0.057646,True,10000000,False,FIRST_N_SOLUTIONS,18,12.451870597599893,,
n=40:q=43:t=30:beta=7:seed=1,40,43,30,7,1,12,ok,False,,90383,45191,11.411811475598721,11.412924561118498,0.9988875337301302,-0.0011130855197762912,72106,0.047627,0.105339,True,10000000,False,FIRST_N_SOLUTIONS,18,12.451870597599893,,
n=40:q=43:t=30:beta=7:seed=1,40,43,30,7,1,13,ok,False,,122395,61197,11.71500879855279,11.717999565106904,0.9970137013329301,-0.0029907665541148987,117298,0.067075,0.172474,True,10000000,False,FIRST_N_SOLUTIONS,18,12.451870597599893,,
n=40:q=43:t=30:beta=7:seed=1,40,43,30,7,1,14,ok,False,,153571,76785,11.941918279787018,11.94346097869144,0.9984584904438512,-0.0015426989044229344,178496,0.099569,0.272127,True,10000000,False,FIRST_N_SOLUTIONS,18,12.451870597599893,,
n=40:q=43:t=30:beta=7:seed=1,40,43,30,7,1,15,ok,False,,189869,94934,12.154089639662123,12.156102937603826,0.9979887273831758,-0.0020132979417031294,255282,0.129721,0.401934,True,10000000,False,FIRST_N_SOLUTIONS,18,12.451870597599893,,
n=40:q=43:t=30:beta=7:seed=1,40,43,30,7,1,16,ok,False,,218621,109310,12.295094915984286,12.293193299314552,1.0019034258893458,0.0019016166697340964,350217,0.156253,0.558253,True,10000000,False,FIRST_N_SOLUTIONS,18,12.451870597599893,,
n=40:q=43:t=30:beta=7:seed=1,40,43,30,7,1,17,ok,False,,241227,120613,12.393493677868827,12.391524072946595,1.0019715458680967,0.001969604922232193,459528,0.211737,0.770063,True,10000000,False,FIRST_N_SOLUTIONS,18,12.451870597599893,,
n=40:q=43:t=30:beta=7:seed=1,40,43,30,7,1,18,ok,False,,255753,127876,12.451967413950353,12.451870597599893,1.0000968210373142,9.681635046021597e-05,580142,0.284214,1.054392,True,10000000,False,FIRST_N_SOLUTIONS,18,12.451870597599893,,
n=40:q=43:t=30:beta=7:seed=1,40,43,30,7,1,19,ok,False,,247547,123773,12.41935574195225,12.419531343110734,0.9998244142584976,-0.0001756011584834738,708019,0.217259,1.271751,True,10000000,False,FIRST_N_SOLUTIONS,18,12.451870597599893,,
n=40:q=43:t=30:beta=7:seed=1,40,43,30,7,1,20,ok,False,,228415,114207,12.338919428863225,12.336627778465363,1.0022942782356128,0.002291650397861389,831793,0.218585,1.490394,True,10000000,False,FIRST_N_SOLUTIONS,18,12.451870597599893,,
n=40:q=43:t=30:beta=7:seed=1,40,43,30,7,1,21,ok,False,,202317,101158,12.217591053238657,12.215292584057941,1.0023011126859531,0.0022984691807153013,946001,0.246878,1.737339,True,10000000,False,FIRST_N_SOLUTIONS,18,12.451870597599893,,
n=40:q=43:t=30:beta=7:seed=1,40,43,30,7,1,22,ok,False,,162361,81180,11.997577530086367,11.996745173641415,1.0008327029497102,0.0008323564449526089,1047160,0.171106,1.908524,True,10000000,False,FIRST_N_SOLUTIONS,18,12.451870597599893,,
n=40:q=43:t=30:beta=7:seed=1,40,43,30,7,1,23,ok,False,,122761,61380,11.717994654676382,11.721356157224982,0.9966441409757473,-0.003361502548600015,1128341,0.119266,2.027857,True,10000000,False,FIRST_N_SOLUTIONS,18,12.451870597599893,,
n=40:q=43:t=30:beta=7:seed=1,40,43,30,7,1,24,ok,False,,92417,46208,11.434066223391019,11.433373944069864,1.0006925190017901,0.0006922793211554534,1189722,0.112285,2.140217,True,10000000,False,FIRST_N_SOLUTIONS,18,12.451870597599893,,
n=40:q=43:t=30:beta=7:seed=1,40,43,30,7,1,25,ok,False,,67497,33748,11.119838431428493,11.121706084877545,0.9981340895303881,-0.0018676534490520424,1235931,0.07217,2.212461,True,10000000,False,FIRST_N_SOLUTIONS,18,12.451870597599893,,
n=40:q=43:t=30:beta=7:seed=1,40,43,30,7,1,26,ok,False,,45739,22869,10.73070660463555,10.734215817184733,0.9964969375410802,-0.003509212549182905,1269680,0.055088,2.267633,True,10000000,False,FIRST_N_SOLUTIONS,18,12.451870597599893,,
n=40:q=43:t=30:beta=7:seed=1,40,43,30,7,1,27,ok,False,,29457,14728,10.2906868518374,10.299027497820461,0.9916940407012036,-0.008340645983061279,1292550,0.041293,2.309017,True,10000000,False,FIRST_N_SOLUTIONS,18,12.451870597599893,,
n=40:q=43:t=30:beta=7:seed=1,40,43,30,7,1,28,ok,False,,17529,8764,9.771611931222546,9.787721616139464,0.9840193820516419,-0.016109684916918,1307279,0.031432,2.340547,True,10000000,False,FIRST_N_SOLUTIONS,18,12.451870597599893,,
n=40:q=43:t=30:beta=7:seed=1,40,43,30,7,1,29,ok,False,,9827,4913,9.192888978362427,9.197410389748526,0.9954887948064365,-0.004521411386098961,1316044,0.02453,2.365158,True,10000000,False,FIRST_N_SOLUTIONS,18,12.451870597599893,,
n=40:q=43:t=30:beta=7:seed=1,40,43,30,7,1,30,ok,False,,5441,2720,8.601718146485926,8.604789035481005,0.9969338213616361,-0.003070888995079457,1320958,0.021967,2.387201,True,10000000,False,FIRST_N_SOLUTIONS,18,12.451870597599893,,
n=40:q=43:t=30:beta=7:seed=1,40,43,30,7,1,31,ok,False,,2905,1452,7.974188669286011,7.95336499977185,1.021041994932224,0.02082366951416148,1323679,0.019879,2.407139,True,10000000,False,FIRST_N_SOLUTIONS,18,12.451870597599893,,
n=40:q=43:t=30:beta=7:seed=1,40,43,30,7,1,32,ok,False,,1409,704,7.25063551189868,7.249412708611629,1.0012235512158154,0.001222803287050489,1325132,0.019175,2.426387,True,10000000,False,FIRST_N_SOLUTIONS,18,12.451870597599893,,
n=40:q=43:t=30:beta=7:seed=1,40,43,30,7,1,33,ok,False,,653,326,6.481577129276431,6.503866186840554,0.9779575081758786,-0.022289057564123027,1325837,0.018478,2.444929,True,10000000,False,FIRST_N_SOLUTIONS,18,12.451870597599893,,
n=40:q=43:t=30:beta=7:seed=1,40,43,30,7,1,34,ok,False,,303,151,5.713732805509369,5.670477196169969,1.0442047692326288,0.04325560933939965,1326164,0.018513,2.463505,True,10000000,False,FIRST_N_SOLUTIONS,18,12.451870597599893,,
n=40:q=43:t=30:beta=7:seed=1,40,43,30,7,1,35,ok,False,,127,63,4.844187086458591,4.863738361475413,0.9806386116382245,-0.019551275016821634,1326316,0.018369,2.481909,True,10000000,False,FIRST_N_SOLUTIONS,18,12.451870597599893,,
n=40:q=43:t=30:beta=7:seed=1,40,43,30,7,1,36,ok,False,,59,29,4.07753744390572,3.957750587566693,1.12725655838209,0.11978685633902675,1326380,0.018245,2.50021,True,10000000,False,FIRST_N_SOLUTIONS,18,12.451870597599893,,
n=40:q=43:t=30:beta=7:seed=1,40,43,30,7,1,37,ok,False,,19,9,2.9444389791664403,3.006676136016992,0.939660013554772,-0.062237156850551756,1326410,0.01819,2.518443,True,10000000,False,FIRST_N_SOLUTIONS,18,12.451870597599893,,
n=40:q=43:t=30:beta=7:seed=1,40,43,30,7,1,38,ok,False,,5,2,1.6094379124341003,2.0180993775559415,0.6645391639313644,-0.4086614651218412,1326420,0.018396,2.536868,True,10000000,False,FIRST_N_SOLUTIONS,18,12.451870597599893,,
n=40:q=43:t=30:beta=7:seed=1,40,43,30,7,1,39,ok,False,,3,1,1.0986122886681098,1.0084965505663916,1.0943009286884389,0.09011573810171813,1326423,0.0183,2.55521,True,10000000,False,FIRST_N_SOLUTIONS,18,12.451870597599893,,
n=40:q=43:t=30:beta=7:seed=1,40,43,30,7,1,40,ok,True,rank_complete,1,0,0.0,0.0,1.0,0.0,1326425,0.018534,2.573782,True,10000000,False,FIRST_N_SOLUTIONS,18,12.451870597599893,,
n=40:q=43:t=30:beta=7:seed=2,40,43,30,7,2,1,ok,False,,5,2,1.6094379124341003,1.6840584991787741,0.9280955512896415,-0.07462058674467387,2,2.3e-05,3.7e-05,True,10000000,False,FIRST_N_SOLUTIONS,18,12.242951749731915,,
n=40:q=43:t=30:beta=7:seed=2,40,43,30,7,2,2,ok,False,,19,9,2.9444389791664403,3.1124670846037095,0.8453300759793637,-0.1680281054372692,12,1e-05,8.3e-05,True,10000000,False,FIRST_N_SOLUTIONS,18,12.242951749731915,,
n=40:q=43:t=30:beta=7:seed=2,40,43,30,7,2,3,ok,False,,75,37,4.31748811353631,4.383239484361554,0.9363636426724206,-0.06575137082524396,49,1.5e-05,0.00012,True,10000000,False,FIRST_N_SOLUTIONS,18,12.242951749731915,,
n=40:q=43:t=30:beta=7:seed=2,40,43,30,7,2,4,ok,False,,259,129,5.556828061699537,5.510519669369149,1.0473973704711812,0.046308392330388415,178,0.000326,0.000464,True,10000000,False,FIRST_N_SOLUTIONS,18,12.242951749731915,,
n=40:q=43:t=30:beta=7:seed=2,40,43,30,7,2,5,ok,False,,689,344,6.535241271013659,6.510651809105177,1.024894276003908,0.02458946190848188,522,0.000127,0.000613,True,10000000,False,FIRST_N_SOLUTIONS,18,12.242951749731915,,
n=40:q=43:t=30:beta=7:seed=2,40,43,30,7,2,6,ok,False,,1615,807,7.387090235656757,7.39979997934101,0.987370684008966,-0.012709743684252928,1329,0.000345,0.000977,True,10000000,False,FIRST_N_SOLUTIONS,18,12.242951749731915,,
n=40:q=43:t=30:beta=7:seed=2,40,43,30,7,2,7,ok,False,,3531,1765,8.169336395928386,8.16982217680081,0.9995143371000004,-0.0004857808724239021,3094,0.000756,0.001754,True,10000000,False,FIRST_N_SOLUTIONS,18,12.242951749731915,,
n=40:q=43:t=30:beta=7:seed=2,40,43,30,7,2,8,ok,False,,6921,3460,8.842315546841863,8.836510716572473,1.0058217109439624,0.005804830269390493,6554,0.001658,0.003444,True,10000000,False,FIRST_N_SOLUTIONS,18,12.242951749731915,,
n=40:q=43:t=30:beta=7:seed=2,40,43,30,7,2,9,ok,False,,13101,6550,9.48044384215367,9.478278554494647,1.0021676335872443,0.0021652876590234627,13104,0.003595,0.00708,True,10000000,False,FIRST_N_SOLUTIONS,18,12.242951749731915,,
n=40:q=43:t=30:beta=7:seed=2,40,43,30,7,2,10,ok,False,,23625,11812,10.070060752361943,10.065683489741378,1.004386856828271,0.004377262620565148,24916,0.007459,0.014591,True,10000000,False,FIRST_N_SOLUTIONS,18,12.242951749731915,,
n=40:q=43:t=30:beta=7:seed=2,40,43,30,7,2,11,ok,False,,40023,20011,10.597209567846916,10.594281723366919,1.0029321348027571,0.002927844479996722,24926,0.014977,0.029627,True,10000000,False,FIRST_N_SOLUTIONS,18,12.242951749731915,,
n=40:q=43:t=30:beta=7:seed=2,40,43,30,7,2,12,ok,False,,60925,30462,11.017398878493408,11.013469063453769,1.003937546887688,0.00392981503963874,44938,0.027966,0.05767,True,10000000,False,FIRST_N_SOLUTIONS,18,12.242951749731915,,
n=40:q=43:t=30:beta=7:seed=2,40,43,30,7,2,13,ok,False,,88151,44075,11.38680653206116,11.38728131891926,0.9995253258353435,-0.000474786858100984,75401,0.046022,0.103775,True,10000000,False,FIRST_N_SOLUTIONS,18,12.242951749731915,,
n=40:q=43:t=30:beta=7:seed=2,40,43,30,7,2,14,ok,False,,119501,59750,11.691080018519527,11.691001786684168,1.0000782348955481,7.823183535826672e-05,119477,0.071991,0.175852,True,10000000,False,FIRST_N_SOLUTIONS,18,12.242951749731915,,
n=40:q=43:t=30:beta=7:seed=2,40,43,30,7,2,15,ok,False,,152969,76484,11.937990565466421,11.934833497464446,1.0031620567897592,0.0031570680019754604,179228,0.100471,0.27643,True,10000000,False,FIRST_N_SOLUTIONS,18,12.242951749731915,,
n=40:q=43:t=30:beta=7:seed=2,40,43,30,7,2,16,ok,False,,177715,88857,12.087936422510476,12.084634822895922,1.0033070558977297,0.003301599614554007,255713,0.119765,0.396269,True,10000000,False,FIRST_N_SOLUTIONS,18,12.242951749731915,,
n=40:q=43:t=30:beta=7:seed=2,40,43,30,7,2,17,ok,False,,199465,99732,12.203394061324413,12.202179457267945,1.0012153419867091,0.001214604056468005,344571,0.146987,0.543325,True,10000000,False,FIRST_N_SOLUTIONS,18,12.242951749731915,,
n=40:q=43:t=30:beta=7:seed=2,40,43,30,7,2,18,ok,False,,207437,103718,12.242582958094857,12.242951749731915,0.9996312763582188,-0.0003687916370580524,444304,0.182786,0.72621,True,10000000,False,FIRST_N_SOLUTIONS,18,12.242951749731915,,
n=40:q=43:t=30:beta=7:seed=2,40,43,30,7,2,19,ok,False,,201699,100849,12.214531766071808,12.213966002404788,1.0005659237414695,0.0005657636670193256,548023,0.2339,0.960229,True,10000000,False,FIRST_N_SOLUTIONS,18,12.242951749731915,,
n=40:q=43:t=30:beta=7:seed=2,40,43,30,7,2,20,ok,False,,174413,87206,12.069181328963356,12.070923281315572,0.9982595639662036,-0.0017419523522157476,648873,0.155642,1.115968,True,10000000,False,FIRST_N_SOLUTIONS,18,12.242951749731915,,
n=40:q=43:t=30:beta=7:seed=2,40,43,30,7,2,21,ok,False,,149487,74743,11.914964711510201,11.914379123738975,1.0005857592612177,0.0005855877712264146,736080,0.132186,1.248245,True,10000000,False,FIRST_N_SOLUTIONS,18,12.242951749731915,,
n=40:q=43:t=30:beta=7:seed=2,40,43,30,7,2,22,ok,False,,122103,61051,11.712620229821528,11.714445836462431,0.9981760587652876,-0.0018256066409030325,810824,0.116555,1.364885,True,10000000,False,FIRST_N_SOLUTIONS,18,12.242951749731915,,
n=40:q=43:t=30:beta=7:seed=2,40,43,30,7,2,23,ok,False,,94555,47277,11.456936954761373,11.45746364376793,0.9994734496697499,-0.0005266890065573904,871876,0.099165,1.464136,True,10000000,False,FIRST_N_SOLUTIONS,18,12.242951749731915,,
n=40:q=43:t=30:beta=7:seed=2,40,43,30,7,2,24,ok,False,,68167,34083,11.129715855760479,11.12455292444998,1.005176282207056,0.005162931310499275,919154,0.06694,1.531151,True,10000000,False,FIRST_N_SOLUTIONS,18,12.242951749731915,,
n=40:q=43:t=30:beta=7:seed=2,40,43,30,7,2,25,ok,False,,47451,23725,10.767452878631598,10.768943345779917,0.9985106430462034,-0.001490467148318686,953238,0.047488,1.578703,True,10000000,False,FIRST_N_SOLUTIONS,18,12.242951749731915,,
n=40:q=43:t=30:beta=7:seed=2,40,43,30,7,2,26,ok,False,,31385,15692,10.354085350751632,10.352595035470927,1.0014914263524035,0.0014903152807050901,976964,0.105633,1.684409,True,10000000,False,FIRST_N_SOLUTIONS,18,12.242951749731915,,
n=40:q=43:t=30:beta=7:seed=2,40,43,30,7,2,27,ok,False,,19331,9665,9.869465303921691,9.87435585743259,0.9951213857747545,-0.004890553510898954,992657,0.034346,1.718841,True,10000000,False,FIRST_N_SOLUTIONS,18,12.242951749731915,,
n=40:q=43:t=30:beta=7:seed=2,40,43,30,7,2,28,ok,False,,11471,5735,9.347577390281268,9.349746498549848,0.9978332425467287,-0.002169108268580189,1002323,0.022445,1.741361,True,10000000,False,FIRST_N_SOLUTIONS,18,12.242951749731915,,
n=40:q=43:t=30:beta=7:seed=2,40,43,30,7,2,29,ok,False,,6389,3194,8.762333040602343,8.783087470489875,0.97945946100888,-0.020754429887531956,1008059,0.018702,1.760122,True,10000000,False,FIRST_N_SOLUTIONS,18,12.242951749731915,,
n=40:q=43:t=30:beta=7:seed=2,40,43,30,7,2,30,ok,False,,3641,1820,8.200013648175434,8.209596841982673,0.9904625786623585,-0.00958319380723971,1011254,0.01999,1.780192,True,10000000,False,FIRST_N_SOLUTIONS,18,12.242951749731915,,
n=40:q=43:t=30:beta=7:seed=2,40,43,30,7,2,31,ok,False,,1937,968,7.5688956634069955,7.55046267499317,1.0186039246178042,0.018432988413825235,1013075,0.018521,1.798824,True,10000000,False,FIRST_N_SOLUTIONS,18,12.242951749731915,,
n=40:q=43:t=30:beta=7:seed=2,40,43,30,7,2,32,ok,False,,941,470,6.846943139585379,6.823490114034996,1.0237302104539383,0.02345302555038309,1014044,0.017867,1.816797,True,10000000,False,FIRST_N_SOLUTIONS,18,12.242951749731915,,
n=40:q=43:t=30:beta=7:seed=2,40,43,30,7,2,33,ok,False,,449,224,6.1070228877422545,6.066690239369208,1.041157055794885,0.040332648373046176,1014515,0.017455,1.834348,True,10000000,False,FIRST_N_SOLUTIONS,18,12.242951749731915,,
n=40:q=43:t=30:beta=7:seed=2,40,43,30,7,2,34,ok,False,,229,114,5.43372200355424,5.304205255596941,1.1382781751374176,0.1295167479572994,1014740,0.016038,1.850455,True,10000000,False,FIRST_N_SOLUTIONS,18,12.242951749731915,,
n=40:q=43:t=30:beta=7:seed=2,40,43,30,7,2,35,ok,False,,95,47,4.553876891600541,4.503315654073745,1.0518612747657843,0.050561237526795644,1014855,0.013895,1.864401,True,10000000,False,FIRST_N_SOLUTIONS,18,12.242951749731915,,
n=40:q=43:t=30:beta=7:seed=2,40,43,30,7,2,36,ok,False,,47,23,3.8501476017100584,3.607955258782866,1.2740392216839114,0.2421923429271926,1014903,0.013875,1.878318,True,10000000,False,FIRST_N_SOLUTIONS,18,12.242951749731915,,
n=40:q=43:t=30:beta=7:seed=2,40,43,30,7,2,37,ok,False,,23,11,3.1354942159291497,2.6928012451124346,1.5568942489827302,0.4426929708167151,1014927,0.013805,1.892161,True,10000000,False,FIRST_N_SOLUTIONS,18,12.242951749731915,,
n=40:q=43:t=30:beta=7:seed=2,40,43,30,7,2,38,ok,False,,9,4,2.1972245773362196,1.747035239137972,1.5686091550066086,0.4501893381982476,1014939,0.013823,1.906015,True,10000000,False,FIRST_N_SOLUTIONS,18,12.242951749731915,,
n=40:q=43:t=30:beta=7:seed=2,40,43,30,7,2,39,ok,False,,3,1,1.0986122886681098,0.7806923925101472,1.374266172817943,0.31791989615796257,1014944,0.013823,1.919887,True,10000000,False,FIRST_N_SOLUTIONS,18,12.242951749731915,,
n=40:q=43:t=30:beta=7:seed=2,40,43,30,7,2,40,ok,True,rank_complete,3,1,1.0986122886681098,0.0,3.0000000000000004,1.0986122886681098,1014946,0.013837,1.933771,True,10000000,False,FIRST_N_SOLUTIONS,18,12.242951749731915,,
n=40:q=5:t=20:beta=14:seed=0,40,5,20,14,0,1,ok,False,,5,2,1.6094379124341003,1.6569283716678007,0.9536195713506932,-0.04749045923370043,2,2.8e-05,4.8e-05,True,10000000,False,FIRST_N_SOLUTIONS,18,12.08899425633292,,
n=40:q=5:t=20:beta=14:seed=0,40,5,20,14,0,2,ok,False,,21,10,3.044522437723423,3.112085987024284,0.9346683212103023,-0.06756354930086106,13,1.4e-05,0.000116,True,10000000,False,FIRST_N_SOLUTIONS,18,12.08899425633292,,
n=40:q=5:t=20:beta=14:seed=0,40,5,20,14,0,3,ok,False,,79,39,4.3694478524670215,4.385546631467769,0.9840301137430516,-0.016098779000747854,52,2.6e-05,0.000182,True,10000000,False,FIRST_N_SOLUTIONS,18,12.08899425633292,,
n=40:q=5:t=20:beta=14:seed=0,40,5,20,14,0,4,ok,False,,257,128,5.54907608489522,5.533957440526368,1.0152335092094786,0.015118644368851797,180,0.000172,0.00039,True,10000000,False,FIRST_N_SOLUTIONS,18,12.08899425633292,,
n=40:q=5:t=20:beta=14:seed=0,40,5,20,14,0,5,ok,False,,713,356,6.569481420414296,6.561366335973464,1.0081481009888351,0.008115084440832199,536,0.000313,0.000741,True,10000000,False,FIRST_N_SOLUTIONS,18,12.08899425633292,,
n=40:q=5:t=20:beta=14:seed=0,40,5,20,14,0,6,ok,False,,1825,912,7.509335266016592,7.50573081634832,1.0036109535088849,0.00360444966827167,1448,0.000601,0.001383,True,10000000,False,FIRST_N_SOLUTIONS,18,12.08899425633292,,
n=40:q=5:t=20:beta=14:seed=0,40,5,20,14,0,7,ok,False,,4067,2033,8.310660905907225,8.31330048391304,0.9973639026170782,-0.0026395780058141582,3481,0.001312,0.002736,True,10000000,False,FIRST_N_SOLUTIONS,18,12.08899425633292,,
n=40:q=5:t=20:beta=14:seed=0,40,5,20,14,0,8,ok,False,,8089,4044,8.998260393017953,8.98958070215998,1.008717468595258,0.008679690857972489,7525,0.002476,0.005263,True,10000000,False,FIRST_N_SOLUTIONS,18,12.08899425633292,,
n=40:q=5:t=20:beta=14:seed=0,40,5,20,14,0,9,ok,False,,15277,7638,9.634103708365723,9.629813416433835,1.004299508410065,0.00429029193188768,15163,0.004094,0.009407,True,10000000,False,FIRST_N_SOLUTIONS,18,12.08899425633292,,
n=40:q=5:t=20:beta=14:seed=0,40,5,20,14,0,10,ok,False,,25801,12900,10.158168529848494,10.153008385978753,1.0051734803416228,0.005160143869741063,28063,0.007699,0.017149,True,10000000,False,FIRST_N_SOLUTIONS,18,12.08899425633292,,
n=40:q=5:t=20:beta=14:seed=0,40,5,20,14,0,11,ok,False,,43019,21509,10.669397157549227,10.666383263209056,1.0030184406859723,0.003013894340170964,28073,0.015681,0.032883,True,10000000,False,FIRST_N_SOLUTIONS,18,12.08899425633292,,
n=40:q=5:t=20:beta=14:seed=0,40,5,20,14,0,12,ok,False,,63079,31539,11.052143188066092,11.046249950902169,1.005910636448636,0.005893237163922649,49583,0.029079,0.062014,True,10000000,False,FIRST_N_SOLUTIONS,18,12.08899425633292,,
n=40:q=5:t=20:beta=14:seed=0,40,5,20,14,0,13,ok,False,,87197,43598,11.375925205635527,11.370304276332476,1.0056367563665385,0.005620929303050914,81123,0.047081,0.109177,True,10000000,False,FIRST_N_SOLUTIONS,18,12.08899425633292,,
n=40:q=5:t=20:beta=14:seed=0,40,5,20,14,0,14,ok,False,,111889,55944,11.625262587412646,11.623001472929928,1.0022636727298693,0.0022611144827173746,124722,0.072907,0.182171,True,10000000,False,FIRST_N_SOLUTIONS,18,12.08899425633292,,
n=40:q=5:t=20:beta=14:seed=0,40,5,20,14,0,15,ok,False,,136987,68493,11.827641309796924,11.825480541779557,1.0021631041588963,0.0021607680173669763,180667,0.101813,0.284081,True,10000000,False,FIRST_N_SOLUTIONS,18,12.08899425633292,,
n=40:q=5:t=20:beta=14:seed=0,40,5,20,14,0,16,ok,False,,159495,79747,11.979767852753296,11.981057293352768,0.9987113903718572,-0.0012894405994714475,249161,0.113124,0.397273,True,10000000,False,FIRST_N_SOLUTIONS,18,12.08899425633292,,
n=40:q=5:t=20:beta=14:seed=0,40,5,20,14,0,17,ok,False,,171107,85553,12.050044370790939,12.0530819620602,0.9969670175433554,-0.003037591269260176,328909,0.124583,0.521942,True,10000000,False,FIRST_N_SOLUTIONS,18,12.08899425633292,,
n=40:q=5:t=20:beta=14:seed=0,40,5,20,14,0,18,ok,False,,177415,88707,12.086246899961763,12.08899425633292,0.9972564141585706,-0.0027473563711577498,414463,0.140448,0.662451,True,10000000,False,FIRST_N_SOLUTIONS,18,12.08899425633292,,
n=40:q=5:t=20:beta=14:seed=0,40,5,20,14,0,19,ok,False,,174383,87191,12.069009308641599,12.070513718022541,0.9984967216755888,-0.0015044093809422066,503171,0.156253,0.8188,True,10000000,False,FIRST_N_SOLUTIONS,18,12.08899425633292,,
n=40:q=5:t=20:beta=14:seed=0,40,5,20,14,0,20,ok,False,,159493,79746,11.979755313096632,11.978567947693362,1.001188070600652,0.0011873654032701353,590363,0.145385,0.964271,True,10000000,False,FIRST_N_SOLUTIONS,18,12.08899425633292,,
n=40:q=5:t=20:beta=14:seed=0,40,5,20,14,0,21,ok,False,,140101,70050,11.850118870058369,11.848368920117977,1.0017514819963318,0.0017499499403914598,670110,0.118638,1.082971,True,10000000,False,FIRST_N_SOLUTIONS,18,12.08899425633292,,
n=40:q=5:t=20:beta=14:seed=0,40,5,20,14,0,22,ok,False,,111361,55680,11.620532455412985,11.620854296150688,0.9996782110474716,-0.00032184073770302746,740161,0.104664,1.187706,True,10000000,False,FIRST_N_SOLUTIONS,18,12.08899425633292,,
n=40:q=5:t=20:beta=14:seed=0,40,5,20,14,0,23,ok,False,,84487,42243,11.344352955355886,11.347552988213849,0.9968050817900478,-0.0032000328579631088,795842,0.083472,1.271255,True,10000000,False,FIRST_N_SOLUTIONS,18,12.08899425633292,,
n=40:q=5:t=20:beta=14:seed=0,40,5,20,14,0,24,ok,False,,60595,30297,11.011967660402588,11.016098260584851,0.9958779190128372,-0.004130600182262967,838086,0.068587,1.339936,True,10000000,False,FIRST_N_SOLUTIONS,18,12.08899425633292,,
n=40:q=5:t=20:beta=14:seed=0,40,5,20,14,0,25,ok,False,,41297,20648,10.628545137085586,10.632669391287907,0.9958842388541891,-0.004124254202320543,868384,0.041629,1.38168,True,10000000,False,FIRST_N_SOLUTIONS,18,12.08899425633292,,
n=40:q=5:t=20:beta=14:seed=0,40,5,20,14,0,26,ok,False,,28511,14255,10.258045256703726,10.261179109912527,0.9968710521835679,-0.0031338532088014404,889033,0.033596,1.415354,True,10000000,False,FIRST_N_SOLUTIONS,18,12.08899425633292,,
n=40:q=5:t=20:beta=14:seed=0,40,5,20,14,0,27,ok,False,,18709,9354,9.836759970485419,9.837642234568293,0.99911812499765,-0.0008822640828736183,903289,0.031876,1.447301,True,10000000,False,FIRST_N_SOLUTIONS,18,12.08899425633292,,
n=40:q=5:t=20:beta=14:seed=0,40,5,20,14,0,28,ok,False,,11593,5796,9.358156746670401,9.34917731148154,1.0090198712574154,0.008979435188861018,912644,0.024594,1.471989,True,10000000,False,FIRST_N_SOLUTIONS,18,12.08899425633292,,
n=40:q=5:t=20:beta=14:seed=0,40,5,20,14,0,29,ok,False,,6947,3473,8.846065190692881,8.826997871109526,1.019250261810836,0.019067319583355058,918441,0.019179,1.49126,True,10000000,False,FIRST_N_SOLUTIONS,18,12.08899425633292,,
n=40:q=5:t=20:beta=14:seed=0,40,5,20,14,0,30,ok,False,,3747,1873,8.228710798793687,8.214822413699832,1.0139852767507034,0.013888385093855149,921915,0.016166,1.507478,True,10000000,False,FIRST_N_SOLUTIONS,18,12.08899425633292,,
n=40:q=5:t=20:beta=14:seed=0,40,5,20,14,0,31,ok,False,,2077,1038,7.638679823876112,7.604555423067897,1.0347133178950827,0.03412440080821533,923789,0.017133,1.524683,True,10000000,False,FIRST_N_SOLUTIONS,18,12.08899425633292,,
n=40:q=5:t=20:beta=14:seed=0,40,5,20,14,0,32,ok,False,,1045,522,6.951772164398911,6.933098048972912,1.0188495671530713,0.018674115425999283,924828,0.016253,1.541019,True,10000000,False,FIRST_N_SOLUTIONS,18,12.08899425633292,,
n=40:q=5:t=20:beta=14:seed=0,40,5,20,14,0,33,ok,False,,547,273,6.304448802421981,6.19113591687222,1.1199823044116823,0.11331288554976116,925351,0.015839,1.55695,True,10000000,False,FIRST_N_SOLUTIONS,18,12.08899425633292,,
n=40:q=5:t=20:beta=14:seed=0,40,5,20,14,0,34,ok,False,,223,111,5.407171771460119,5.421797820799256,0.9854803917510697,-0.014626049339137026,925625,0.015773,1.572808,True,10000000,False,FIRST_N_SOLUTIONS,18,12.08899425633292,,
n=40:q=5:t=20:beta=14:seed=0,40,5,20,14,0,35,ok,False,,103,51,4.634728988229636,4.630686234619862,1.004050936561652,0.004042753609773797,925737,0.021512,1.59441,True,10000000,False,FIRST_N_SOLUTIONS,18,12.08899425633292,,
n=40:q=5:t=20:beta=14:seed=0,40,5,20,14,0,36,ok,False,,41,20,3.713572066704308,3.7839843826841175,0.9320094582791909,-0.07041231597980957,925789,0.015565,1.610056,True,10000000,False,FIRST_N_SOLUTIONS,18,12.08899425633292,,
n=40:q=5:t=20:beta=14:seed=0,40,5,20,14,0,37,ok,False,,11,5,2.3978952727983707,2.9059083032812474,0.6016899314006794,-0.5080130304828767,925810,0.015509,1.625645,True,10000000,False,FIRST_N_SOLUTIONS,18,12.08899425633292,,
n=40:q=5:t=20:beta=14:seed=0,40,5,20,14,0,38,ok,False,,7,3,1.9459101490553132,1.9685948888410891,0.9775706243229403,-0.022684739785775898,925816,0.015556,1.641282,True,10000000,False,FIRST_N_SOLUTIONS,18,12.08899425633292,,
n=40:q=5:t=20:beta=14:seed=0,40,5,20,14,0,39,ok,False,,5,2,1.6094379124341003,0.9950312190379051,1.8485595115699944,0.6144066933961951,925820,0.015534,1.656874,True,10000000,False,FIRST_N_SOLUTIONS,18,12.08899425633292,,
n=40:q=5:t=20:beta=14:seed=0,40,5,20,14,0,40,ok,True,rank_complete,1,0,0.0,0.0,1.0,0.0,925823,0.013578,1.670529,True,10000000,False,FIRST_N_SOLUTIONS,18,12.08899425633292,,
n=40:q=5:t=20:beta=14:seed=1,40,5,20,14,1,1,ok,False,,7,3,1.9459101490553132,1.8196395718851146,1.1345891206676069,0.12627057717019863,3,1.5e-05,2.5e-05,True,10000000,False,FIRST_N_SOLUTIONS,17,11.529422410839071,,
n=40:q=5:t=20:beta=14:seed=1,40,5,20,14,1,2,ok,False,,31,15,3.4339872044851463,3.3229488015142565,1.1174378189625094,0.11103840297088974,19,8e-06,6.2e-05,True,10000000,False,FIRST_N_SOLUTIONS,17,11.529422410839071,,
n=40:q=5:t=20:beta=14:seed=1,40,5,20,14,1,3,ok,False,,101,50,4.61512051684126,4.57907730199256,1.0367006463844872,0.03604321484869999,69,2e-05,0.000102,True,10000000,False,FIRST_N_SOLUTIONS,17,11.529422410839071,,
n=40:q=5:t=20:beta=14:seed=1,40,5,20,14,1,4,ok,False,,271,135,5.602118820879701,5.608515875333629,0.9936233631382326,-0.0063970544539282415,204,0.000108,0.000226,True,10000000,False,FIRST_N_SOLUTIONS,17,11.529422410839071,,
n=40:q=5:t=20:beta=14:seed=1,40,5,20,14,1,5,ok,False,,689,344,6.535241271013659,6.551644665700216,0.9837304083848905,-0.016403394686557604,548,0.00012,0.000366,True,10000000,False,FIRST_N_SOLUTIONS,17,11.529422410839071,,
n=40:q=5:t=20:beta=14:seed=1,40,5,20,14,1,6,ok,False,,1607,803,7.382124365737512,7.398259798860532,0.9839940456439699,-0.01613543312301946,1351,0.000345,0.000731,True,10000000,False,FIRST_N_SOLUTIONS,17,11.529422410839071,,
n=40:q=5:t=20:beta=14:seed=1,40,5,20,14,1,7,ok,False,,3325,1662,8.109224953089955,8.1246937764918,0.9846502043169512,-0.015468823401844745,3013,0.000709,0.001461,True,10000000,False,FIRST_N_SOLUTIONS,17,11.529422410839071,,
n=40:q=5:t=20:beta=14:seed=1,40,5,20,14,1,8,ok,False,,6611,3305,8.796490207333578,8.792761148112305,1.0037360208133175,0.00372905922127309,6318,0.001532,0.003021,True,10000000,False,FIRST_N_SOLUTIONS,17,11.529422410839071,,
n=40:q=5:t=20:beta=14:seed=1,40,5,20,14,1,9,ok,False,,11903,5951,9.384545748167879,9.379766032120319,1.0047911571113903,0.004779716047560001,12269,0.003148,0.006209,True,10000000,False,FIRST_N_SOLUTIONS,17,11.529422410839071,,
n=40:q=5:t=20:beta=14:seed=1,40,5,20,14,1,10,ok,False,,19549,9774,9.88067941321012,9.873449932804682,1.0072556761881528,0.007229480405436917,22043,0.006156,0.012421,True,10000000,False,FIRST_N_SOLUTIONS,17,11.529422410839071,,
n=40:q=5:t=20:beta=14:seed=1,40,5,20,14,1,11,ok,False,,29363,14681,10.28749065734496,10.282885657154402,1.0046156194983167,0.004605000190558428,22053,0.010134,0.022607,True,10000000,False,FIRST_N_SOLUTIONS,17,11.529422410839071,,
n=40:q=5:t=20:beta=14:seed=1,40,5,20,14,1,12,ok,False,,41501,20750,10.633472802314019,10.636796245989752,0.9966820728502204,-0.0033234436757325625,36735,0.01805,0.040724,True,10000000,False,FIRST_N_SOLUTIONS,17,11.529422410839071,,
n=40:q=5:t=20:beta=14:seed=1,40,5,20,14,1,13,ok,False,,55623,27811,10.926352063765963,10.929813935470133,0.9965441136648262,-0.0034618717041698943,57486,0.025808,0.066592,True,10000000,False,FIRST_N_SOLUTIONS,17,11.529422410839071,,
n=40:q=5:t=20:beta=14:seed=1,40,5,20,14,1,14,ok,False,,70951,35475,11.169744776921561,11.171564045559736,0.9981823852279205,-0.0018192686381741652,85298,0.038031,0.104702,True,10000000,False,FIRST_N_SOLUTIONS,17,11.529422410839071,,
n=40:q=5:t=20:beta=14:seed=1,40,5,20,14,1,15,ok,False,,82701,41350,11.322986972837104,11.333546669343436,0.9894958613587909,-0.010559696506332372,120774,0.053055,0.15784,True,10000000,False,FIRST_N_SOLUTIONS,17,11.529422410839071,,
n=40:q=5:t=20:beta=14:seed=1,40,5,20,14,1,16,ok,False,,95663,47831,11.468586877812998,11.47569976519457,0.992912349331131,-0.007112887381572008,162125,0.058285,0.216186,True,10000000,False,FIRST_N_SOLUTIONS,17,11.529422410839071,,
n=40:q=5:t=20:beta=14:seed=1,40,5,20,14,1,17,ok,False,,101291,50645,11.525752841275015,11.529422410839071,0.996337155078307,-0.0036695695640567294,209957,0.06697,0.283244,True,10000000,False,FIRST_N_SOLUTIONS,17,11.529422410839071,,
n=40:q=5:t=20:beta=14:seed=1,40,5,20,14,1,18,ok,False,,100673,50336,11.519632919617186,11.516830649545726,1.0028062001003795,0.0028022700714593896,260603,0.071465,0.354793,True,10000000,False,FIRST_N_SOLUTIONS,17,11.529422410839071,,
n=40:q=5:t=20:beta=14:seed=1,40,5,20,14,1,19,ok,False,,97077,48538,11.483259757014471,11.480168670920321,1.0030958684270355,0.0030910860941499863,310940,0.074979,0.429832,True,10000000,False,FIRST_N_SOLUTIONS,17,11.529422410839071,,
n=40:q=5:t=20:beta=14:seed=1,40,5,20,14,1,20,ok,False,,86903,43451,11.372547833097183,11.371864921085693,1.000683145248988,0.0006829120114897336,359479,0.068298,0.498195,True,10000000,False,FIRST_N_SOLUTIONS,17,11.529422410839071,,
n=40:q=5:t=20:beta=14:seed=1,40,5,20,14,1,21,ok,False,,75595,37797,11.233145422414301,11.2313163958188,1.0018307002848972,0.0018290265955016594,402931,0.063372,0.561647,True,10000000,False,FIRST_N_SOLUTIONS,17,11.529422410839071,,
n=40:q=5:t=20:beta=14:seed=1,40,5,20,14,1,22,ok,False,,60733,30366,11.01424248665062,11.007871708027686,1.0063911151967306,0.0063707786229336705,440729,0.050461,0.61218,True,10000000,False,FIRST_N_SOLUTIONS,17,11.529422410839071,,
n=40:q=5:t=20:beta=14:seed=1,40,5,20,14,1,23,ok,False,,49749,24874,10.814745641882208,10.810500837454544,1.0042538263709233,0.004244804427663951,471096,0.040023,0.652268,True,10000000,False,FIRST_N_SOLUTIONS,17,11.529422410839071,,
n=40:q=5:t=20:beta=14:seed=1,40,5,20,14,1,24,ok,False,,36717,18358,10.510995142050447,10.507992542550138,1.0030071118172856,0.003002599500309344,495971,0.030695,0.683017,True,10000000,False,FIRST_N_SOLUTIONS,17,11.529422410839071,,
n=40:q=5:t=20:beta=14:seed=1,40,5,20,14,1,25,ok,False,,27541,13770,10.223431082444048,10.226957561842278,0.9964797313274324,-0.0035264793982303644,514330,0.024996,0.708093,True,10000000,False,FIRST_N_SOLUTIONS,17,11.529422410839071,,
n=40:q=5:t=20:beta=14:seed=1,40,5,20,14,1,26,ok,False,,19079,9539,9.85634353272731,9.868630419469426,0.9877882888444912,-0.012286886742115755,528101,0.018661,0.726811,True,10000000,False,FIRST_N_SOLUTIONS,17,11.529422410839071,,
n=40:q=5:t=20:beta=14:seed=1,40,5,20,14,1,27,ok,False,,12763,6381,9.45430563898269,9.472452315036595,0.9820169834182992,-0.018146676053904187,537641,0.016506,0.743394,True,10000000,False,FIRST_N_SOLUTIONS,17,11.529422410839071,,
n=40:q=5:t=20:beta=14:seed=1,40,5,20,14,1,28,ok,False,,8345,4172,9.029417836095936,9.05541580333161,0.9743370702043749,-0.02599796723567316,544023,0.013807,0.757261,True,10000000,False,FIRST_N_SOLUTIONS,17,11.529422410839071,,
n=40:q=5:t=20:beta=14:seed=1,40,5,20,14,1,29,ok,False,,4839,2419,8.48446336679332,8.506869603443956,0.9778429187222959,-0.022406236650637013,548196,0.012902,0.770241,True,10000000,False,FIRST_N_SOLUTIONS,17,11.529422410839071,,
n=40:q=5:t=20:beta=14:seed=1,40,5,20,14,1,30,ok,False,,2693,1346,7.898411092811599,7.9185701676356715,0.9800427607764506,-0.020159074824072754,550616,0.011299,0.781647,True,10000000,False,FIRST_N_SOLUTIONS,17,11.529422410839071,,
n=40:q=5:t=20:beta=14:seed=1,40,5,20,14,1,31,ok,False,,1501,750,7.313886831633462,7.307267747866771,1.0066410383145796,0.00661908376669107,551963,0.010448,0.792188,True,10000000,False,FIRST_N_SOLUTIONS,17,11.529422410839071,,
n=40:q=5:t=20:beta=14:seed=1,40,5,20,14,1,32,ok,False,,773,386,6.650279048587422,6.63772587348846,1.0126322969316066,0.012553175098962477,552714,0.009909,0.802195,True,10000000,False,FIRST_N_SOLUTIONS,17,11.529422410839071,,
n=40:q=5:t=20:beta=14:seed=1,40,5,20,14,1,33,ok,False,,385,192,5.953243334287785,5.975803034094081,0.9776928673762203,-0.022559699806296685,553101,0.009651,0.811922,True,10000000,False,FIRST_N_SOLUTIONS,17,11.529422410839071,,
n=40:q=5:t=20:beta=14:seed=1,40,5,20,14,1,34,ok,False,,219,109,5.389071729816501,5.259781641674614,1.1380202024534776,0.1292900881418868,553294,0.009673,0.821665,True,10000000,False,FIRST_N_SOLUTIONS,17,11.529422410839071,,
n=40:q=5:t=20:beta=14:seed=1,40,5,20,14,1,35,ok,False,,105,52,4.653960350157523,4.503955286803588,1.1618401255211608,0.1500050633539347,553404,0.009383,0.831111,True,10000000,False,FIRST_N_SOLUTIONS,17,11.529422410839071,,
n=40:q=5:t=20:beta=14:seed=1,40,5,20,14,1,36,ok,False,,67,33,4.204692619390966,3.6616762170999237,1.721190843771748,0.543016402291042,553457,0.008587,0.839752,True,10000000,False,FIRST_N_SOLUTIONS,17,11.529422410839071,,
n=40:q=5:t=20:beta=14:seed=1,40,5,20,14,1,37,ok,False,,17,8,2.833213344056216,2.802001960415275,1.031703566094492,0.031211383640941115,553491,0.007605,0.847399,True,10000000,False,FIRST_N_SOLUTIONS,17,11.529422410839071,,
n=40:q=5:t=20:beta=14:seed=1,40,5,20,14,1,38,ok,False,,7,3,1.9459101490553132,1.879691450621376,1.0684603622241002,0.06621869843393724,553500,0.007436,0.854866,True,10000000,False,FIRST_N_SOLUTIONS,17,11.529422410839071,,
n=40:q=5:t=20:beta=14:seed=1,40,5,20,14,1,39,ok,False,,7,3,1.9459101490553132,0.9605347832944275,2.6788172319912777,0.9853753657608857,553504,0.007479,0.862368,True,10000000,False,FIRST_N_SOLUTIONS,17,11.529422410839071,,
n=40:q=5:t=20:beta=14:seed=1,40,5,20,14,1,40,ok,True,rank_complete,1,0,0.0,0.0,1.0,0.0,553508,0.008338,0.870746,True,10000000,False,FIRST_N_SOLUTIONS,17,11.529422410839071,,
n=40:q=5:t=20:beta=14:seed=2,40,5,20,14,2,1,ok,False,,7,3,1.9459101490553132,1.8196395718851146,1.1345891206676069,0.12627057717019863,3,1.1e-05,2e-05,True,10000000,False,FIRST_N_SOLUTIONS,18,11.887141906635346,,
n=40:q=5:t=20:beta=14:seed=2,40,5,20,14,2,2,ok,False,,31,15,3.4339872044851463,3.352522637765604,1.0848747762307445,0.08146456671954239,19,8e-06,5.7e-05,True,10000000,False,FIRST_N_SOLUTIONS,18,11.887141906635346,,
n=40:q=5:t=20:beta=14:seed=2,40,5,20,14,2,3,ok,False,,101,50,4.61512051684126,4.626844122351668,0.9883448481834974,-0.011723605510407964,69,1.8e-05,9.4e-05,True,10000000,False,FIRST_N_SOLUTIONS,18,11.887141906635346,,
n=40:q=5:t=20:beta=14:seed=2,40,5,20,14,2,4,ok,False,,305,152,5.720311776607412,5.7435984485454235,0.9769823701953773,-0.023286671938011594,221,0.000103,0.000214,True,10000000,False,FIRST_N_SOLUTIONS,18,11.887141906635346,,
n=40:q=5:t=20:beta=14:seed=2,40,5,20,14,2,5,ok,False,,801,400,6.68586094706836,6.709845827171924,0.9763004712083276,-0.0239848801035647,621,0.000159,0.000394,True,10000000,False,FIRST_N_SOLUTIONS,18,11.887141906635346,,
n=40:q=5:t=20:beta=14:seed=2,40,5,20,14,2,6,ok,False,,1851,925,7.523481312573497,7.5465977789738705,0.9771486721573154,-0.023116466400373348,1546,0.000386,0.000799,True,10000000,False,FIRST_N_SOLUTIONS,18,11.887141906635346,,
n=40:q=5:t=20:beta=14:seed=2,40,5,20,14,2,7,ok,False,,4211,2105,8.345455428161928,8.355319932886509,0.9901839899126287,-0.00986450472458067,3651,0.000907,0.001725,True,10000000,False,FIRST_N_SOLUTIONS,18,11.887141906635346,,
n=40:q=5:t=20:beta=14:seed=2,40,5,20,14,2,8,ok,False,,8609,4304,9.060563446657955,9.063271389459256,0.997295720368509,-0.0027079428013010443,7955,0.002109,0.003859,True,10000000,False,FIRST_N_SOLUTIONS,18,11.887141906635346,,
n=40:q=5:t=20:beta=14:seed=2,40,5,20,14,2,9,ok,False,,15435,7717,9.64439293693626,9.643053286743159,1.0013405479252584,0.0013396501931008942,15672,0.004316,0.008205,True,10000000,False,FIRST_N_SOLUTIONS,18,11.887141906635346,,
n=40:q=5:t=20:beta=14:seed=2,40,5,20,14,2,10,ok,False,,25941,12970,10.16358000762854,10.160094639463253,1.0034914491236504,0.003485368165286218,28642,0.008144,0.016393,True,10000000,False,FIRST_N_SOLUTIONS,18,11.887141906635346,,
n=40:q=5:t=20:beta=14:seed=2,40,5,20,14,2,11,ok,False,,41843,20921,10.6416797978892,10.636193174563655,1.0055017024084392,0.005486623325545281,28652,0.01563,0.032082,True,10000000,False,FIRST_N_SOLUTIONS,18,11.887141906635346,,
n=40:q=5:t=20:beta=14:seed=2,40,5,20,14,2,12,ok,False,,61335,30667,11.024105921466852,11.02056471083879,1.0035474881222062,0.003541210628061009,49574,0.030395,0.06255,True,10000000,False,FIRST_N_SOLUTIONS,18,11.887141906635346,,
n=40:q=5:t=20:beta=14:seed=2,40,5,20,14,2,13,ok,False,,80059,40029,11.29051914183653,11.28945747802458,1.001062227576466,0.001061663811949387,80242,0.043925,0.106535,True,10000000,False,FIRST_N_SOLUTIONS,18,11.887141906635346,,
n=40:q=5:t=20:beta=14:seed=2,40,5,20,14,2,14,ok,False,,101053,50526,11.52340041066421,11.524994435688988,0.9984072447583339,-0.0015940250247776788,120272,0.06466,0.171286,True,10000000,False,FIRST_N_SOLUTIONS,18,11.887141906635346,,
n=40:q=5:t=20:beta=14:seed=2,40,5,20,14,2,15,ok,False,,118073,59036,11.679058356234243,11.680757233435315,0.9983025650739352,-0.00169887720107198,170799,0.077774,0.249158,True,10000000,False,FIRST_N_SOLUTIONS,18,11.887141906635346,,
n=40:q=5:t=20:beta=14:seed=2,40,5,20,14,2,16,ok,False,,128007,64003,11.759840228906448,11.763831305720629,0.9960168769480106,-0.003991076814180872,229836,0.091437,0.340683,True,10000000,False,FIRST_N_SOLUTIONS,18,11.887141906635346,,
n=40:q=5:t=20:beta=14:seed=2,40,5,20,14,2,17,ok,False,,140981,70490,11.85638040850742,11.858561544643702,0.9978212408126758,-0.002181136136282902,293840,0.108357,0.449134,True,10000000,False,FIRST_N_SOLUTIONS,18,11.887141906635346,,
n=40:q=5:t=20:beta=14:seed=2,40,5,20,14,2,18,ok,False,,145239,72619,11.886135940348964,11.887141906635346,0.9989945395280779,-0.001005966286381721,364331,0.111798,0.560994,True,10000000,False,FIRST_N_SOLUTIONS,18,11.887141906635346,,
n=40:q=5:t=20:beta=14:seed=2,40,5,20,14,2,19,ok,False,,140713,70356,11.854477634001332,11.85213742119014,1.0023429532465107,0.002340212811192899,436951,0.113592,0.674646,True,10000000,False,FIRST_N_SOLUTIONS,18,11.887141906635346,,
n=40:q=5:t=20:beta=14:seed=2,40,5,20,14,2,20,ok,False,,129067,64533,11.768086928357743,11.764324286028458,1.0037697299545456,0.0037626423292849154,507308,0.109304,0.78403,True,10000000,False,FIRST_N_SOLUTIONS,18,11.887141906635346,,
n=40:q=5:t=20:beta=14:seed=2,40,5,20,14,2,21,ok,False,,107879,53939,11.588765507651935,11.584753255379447,1.0040203121324296,0.004012252272488581,571842,0.102395,0.886517,True,10000000,False,FIRST_N_SOLUTIONS,18,11.887141906635346,,
n=40:q=5:t=20:beta=14:seed=2,40,5,20,14,2,22,ok,False,,85761,42880,11.359319636684408,11.359068598354858,1.0002510698423082,0.0002510383295497576,625782,0.089409,0.975986,True,10000000,False,FIRST_N_SOLUTIONS,18,11.887141906635346,,
n=40:q=5:t=20:beta=14:seed=2,40,5,20,14,2,23,ok,False,,67961,33980,11.126689290215575,11.122472970742272,1.00422522065393,0.004216319473302477,668663,0.071162,1.047219,True,10000000,False,FIRST_N_SOLUTIONS,18,11.887141906635346,,
n=40:q=5:t=20:beta=14:seed=2,40,5,20,14,2,24,ok,False,,52447,26223,10.867558414857822,10.862392556606132,1.005179224303226,0.005165858251690025,702644,0.075294,1.122586,True,10000000,False,FIRST_N_SOLUTIONS,18,11.887141906635346,,
n=40:q=5:t=20:beta=14:seed=2,40,5,20,14,2,25,ok,False,,37715,18857,10.53781317228773,10.533858933266645,1.0039620673391496,0.003954239021085826,728868,0.05854,1.18124,True,10000000,False,FIRST_N_SOLUTIONS,18,11.887141906635346,,
n=40:q=5:t=20:beta=14:seed=2,40,5,20,14,2,26,ok,False,,24701,12350,10.114599007626499,10.113737720014209,1.0008616586269747,0.0008612876122899848,747726,0.0458,1.227162,True,10000000,False,FIRST_N_SOLUTIONS,18,11.887141906635346,,
n=40:q=5:t=20:beta=14:seed=2,40,5,20,14,2,27,ok,False,,15687,7843,9.66058762285624,9.662574231963394,0.9980153628946378,-0.001986609107152759,760077,0.031807,1.259144,True,10000000,False,FIRST_N_SOLUTIONS,18,11.887141906635346,,
n=40:q=5:t=20:beta=14:seed=2,40,5,20,14,2,28,ok,False,,9395,4697,9.147932911847565,9.155193672137873,0.9927655353490887,-0.007260760290307644,767921,0.025448,1.284756,True,10000000,False,FIRST_N_SOLUTIONS,18,11.887141906635346,,
n=40:q=5:t=20:beta=14:seed=2,40,5,20,14,2,29,ok,False,,5323,2661,8.579792333172758,8.592143796190534,0.9877245032151983,-0.012351463017775899,772619,0.020679,1.305529,True,10000000,False,FIRST_N_SOLUTIONS,18,11.887141906635346,,
n=40:q=5:t=20:beta=14:seed=2,40,5,20,14,2,30,ok,False,,2801,1400,7.937731775260109,7.976741791243953,0.9617410763150434,-0.03901001598384379,775281,0.018238,1.323866,True,10000000,False,FIRST_N_SOLUTIONS,18,11.887141906635346,,
n=40:q=5:t=20:beta=14:seed=2,40,5,20,14,2,31,ok,False,,1431,715,7.266128779556451,7.318249282086068,0.949214477205255,-0.05212050252961742,776682,0.016964,1.340918,True,10000000,False,FIRST_N_SOLUTIONS,18,11.887141906635346,,
n=40:q=5:t=20:beta=14:seed=2,40,5,20,14,2,32,ok,False,,687,343,6.532334292222349,6.64638654771241,0.8922113317238575,-0.11405225549006115,777398,0.016332,1.357319,True,10000000,False,FIRST_N_SOLUTIONS,18,11.887141906635346,,
n=40:q=5:t=20:beta=14:seed=2,40,5,20,14,2,33,ok,False,,325,162,5.783825182329737,5.891794890056357,0.8976547880228255,-0.10796970772661929,777742,0.016101,1.37351,True,10000000,False,FIRST_N_SOLUTIONS,18,11.887141906635346,,
n=40:q=5:t=20:beta=14:seed=2,40,5,20,14,2,34,ok,False,,157,78,5.056245805348308,5.20006650410809,0.8660430167258376,-0.14382069875978232,777905,0.011376,1.384983,True,10000000,False,FIRST_N_SOLUTIONS,18,11.887141906635346,,
n=40:q=5:t=20:beta=14:seed=2,40,5,20,14,2,35,ok,False,,87,43,4.465908118654584,4.4423925414054,1.0237942485205394,0.023515577249183295,777984,0.010707,1.395764,True,10000000,False,FIRST_N_SOLUTIONS,18,11.887141906635346,,
n=40:q=5:t=20:beta=14:seed=2,40,5,20,14,2,36,ok,False,,47,23,3.8501476017100584,3.621712301747273,1.256632218350358,0.22843529996278544,778028,0.010626,1.406425,True,10000000,False,FIRST_N_SOLUTIONS,18,11.887141906635346,,
n=40:q=5:t=20:beta=14:seed=2,40,5,20,14,2,37,ok,False,,17,8,2.833213344056216,2.7822013933367202,1.0523354693740672,0.051011950719495935,778052,0.010561,1.417025,True,10000000,False,FIRST_N_SOLUTIONS,18,11.887141906635346,,
n=40:q=5:t=20:beta=14:seed=2,40,5,20,14,2,38,ok,False,,9,4,2.1972245773362196,1.8461593353311052,1.4205800043768089,0.35106524200511435,778061,0.010588,1.427639,True,10000000,False,FIRST_N_SOLUTIONS,18,11.887141906635346,,
n=40:q=5:t=20:beta=14:seed=2,40,5,20,14,2,39,ok,False,,5,2,1.6094379124341003,0.923480797217568,1.9856714426735143,0.6859571152165322,778066,0.010548,1.438218,True,10000000,False,FIRST_N_SOLUTIONS,18,11.887141906635346,,
n=40:q=5:t=20:beta=14:seed=2,40,5,20,14,2,40,ok,True,rank_complete,5,2,1.6094379124341003,0.0,4.999999999999999,1.6094379124341003,778069,0.01061,1.448854,True,10000000,False,FIRST_N_SOLUTIONS,18,11.887141906635346,,
n=40:q=5:t=20:beta=2:seed=0,40,5,20,2,0,1,ok,False,,5,2,1.6094379124341003,1.6569283716678007,0.9536195713506932,-0.04749045923370043,2,6.2e-05,8.2e-05,True,10000000,False,FIRST_N_SOLUTIONS,20,14.42100264755214,,
n=40:q=5:t=20:beta=2:seed=0,40,5,20,2,0,2,ok,False,,29,14,3.367295829986474,3.3175433434621486,1.0510109248123962,0.04975248652432551,17,4.8e-05,0.00018,True,10000000,False,FIRST_N_SOLUTIONS,20,14.42100264755214,,
n=40:q=5:t=20:beta=2:seed=0,40,5,20,2,0,3,ok,False,,119,59,4.77912349311153,4.739705197542966,1.0402055060134126,0.0394182955685638,76,4.3e-05,0.000266,True,10000000,False,FIRST_N_SOLUTIONS,20,14.42100264755214,,
n=40:q=5:t=20:beta=2:seed=0,40,5,20,2,0,4,ok,False,,397,198,5.983936280687191,5.964707886586332,1.0194144502779066,0.019228394100858637,274,0.000172,0.000477,True,10000000,False,FIRST_N_SOLUTIONS,20,14.42100264755214,,
n=40:q=5:t=20:beta=2:seed=0,40,5,20,2,0,5,ok,False,,1323,661,7.187657164114956,7.174367591737049,1.0133782712326507,0.013289572377907177,935,0.000389,0.000905,True,10000000,False,FIRST_N_SOLUTIONS,20,14.42100264755214,,
n=40:q=5:t=20:beta=2:seed=0,40,5,20,2,0,6,ok,False,,4031,2015,8.301769763117166,8.300425182023377,1.0013454854482289,0.001344581093789543,2950,0.00123,0.002175,True,10000000,False,FIRST_N_SOLUTIONS,20,14.42100264755214,,
n=40:q=5:t=20:beta=2:seed=0,40,5,20,2,0,7,ok,False,,10715,5357,9.279399907907678,9.285229399908957,0.994187466518031,-0.005829492001279135,8307,0.003531,0.005748,True,10000000,False,FIRST_N_SOLUTIONS,20,14.42100264755214,,
n=40:q=5:t=20:beta=2:seed=0,40,5,20,2,0,8,ok,False,,28987,14493,10.274602732600881,10.276302868059345,0.9983013089531438,-0.001700135458463592,22800,0.011211,0.017028,True,10000000,False,FIRST_N_SOLUTIONS,20,14.42100264755214,,
n=40:q=5:t=20:beta=2:seed=0,40,5,20,2,0,9,ok,False,,68661,34330,11.13693663142645,11.140652482255666,0.9962910444012827,-0.0037158508292165493,57130,0.034103,0.051241,True,10000000,False,FIRST_N_SOLUTIONS,20,14.42100264755214,,
n=40:q=5:t=20:beta=2:seed=0,40,5,20,2,0,10,ok,False,,140197,70098,11.850803855350833,11.849766959407534,1.0010374337057495,0.0010368959432991431,127228,0.077241,0.128575,True,10000000,False,FIRST_N_SOLUTIONS,20,14.42100264755214,,
n=40:q=5:t=20:beta=2:seed=0,40,5,20,2,0,11,ok,False,,284157,142078,12.55728218129778,12.556708620700809,1.000573725114302,0.0005735605969707791,127238,0.165218,0.293896,True,10000000,False,FIRST_N_SOLUTIONS,20,14.42100264755214,,
n=40:q=5:t=20:beta=2:seed=0,40,5,20,2,0,12,ok,False,,490345,245172,13.102864503970274,13.100929313489331,1.0019370641704952,0.0019351904809425946,269317,0.400738,0.694703,True,10000000,False,FIRST_N_SOLUTIONS,20,14.42100264755214,,
n=40:q=5:t=20:beta=2:seed=0,40,5,20,2,0,13,ok,False,,758543,379271,13.539154767001039,13.537160429734381,1.001996327279923,0.001994337266657098,514490,0.647179,1.341972,True,10000000,False,FIRST_N_SOLUTIONS,20,14.42100264755214,,
n=40:q=5:t=20:beta=2:seed=0,40,5,20,2,0,14,ok,False,,1011473,505736,13.826918242203519,13.825211214775631,1.001708485228591,0.0017070274278871977,893762,0.928257,2.270314,True,10000000,False,FIRST_N_SOLUTIONS,20,14.42100264755214,,
n=40:q=5:t=20:beta=2:seed=0,40,5,20,2,0,15,ok,False,,1257043,628521,14.044272695420066,14.043608855591089,1.000664060219402,0.0006638398289773306,1399499,1.113773,3.384163,True,10000000,False,FIRST_N_SOLUTIONS,20,14.42100264755214,,
n=40:q=5:t=20:beta=2:seed=0,40,5,20,2,0,16,ok,False,,1529373,764686,14.240368405454475,14.239666392941645,1.0007022589812857,0.0007020125128303079,2028021,1.417532,4.801784,True,10000000,False,FIRST_N_SOLUTIONS,20,14.42100264755214,,
n=40:q=5:t=20:beta=2:seed=0,40,5,20,2,0,17,ok,False,,1660285,830142,14.322499832343231,14.323246090295196,0.999254020429248,-0.0007462579519650347,2792708,1.583415,6.385286,True,10000000,False,FIRST_N_SOLUTIONS,20,14.42100264755214,,
n=40:q=5:t=20:beta=2:seed=0,40,5,20,2,0,18,ok,False,,1758943,879471,14.380223618419208,14.381892322311703,0.9983326876197306,-0.0016687038924949604,3622851,1.756423,8.141795,True,10000000,False,FIRST_N_SOLUTIONS,20,14.42100264755214,,
n=40:q=5:t=20:beta=2:seed=0,40,5,20,2,0,19,ok,False,,1804777,902388,14.405947596410348,14.407453932165133,0.9984947981994748,-0.001506335754784871,4502323,1.839485,9.98137,True,10000000,False,FIRST_N_SOLUTIONS,20,14.42100264755214,,
n=40:q=5:t=20:beta=2:seed=0,40,5,20,2,0,20,ok,False,,1830215,915107,14.419944004255422,14.42100264755214,0.998941916868408,-0.0010586432967176762,5404712,1.811819,11.793261,True,10000000,False,FIRST_N_SOLUTIONS,20,14.42100264755214,,
n=40:q=5:t=20:beta=2:seed=0,40,5,20,2,0,21,ok,False,,1666913,833456,14.32648397080892,14.327730176886693,0.9987545701145569,-0.0012462060777718165,6319820,1.694352,13.487699,True,10000000,False,FIRST_N_SOLUTIONS,20,14.42100264755214,,
n=40:q=5:t=20:beta=2:seed=0,40,5,20,2,0,22,ok,False,,1301453,650726,14.07899189058644,14.07936295491983,0.9996290045024657,-0.00037106433338962574,7153277,1.399881,14.887668,True,10000000,False,FIRST_N_SOLUTIONS,20,14.42100264755214,,
n=40:q=5:t=20:beta=2:seed=0,40,5,20,2,0,23,ok,False,,929617,464808,13.742527952348027,13.740749242600957,1.0017802925895853,0.0017787097470698399,7804004,1.022227,15.909977,True,10000000,False,FIRST_N_SOLUTIONS,20,14.42100264755214,,
n=40:q=5:t=20:beta=2:seed=0,40,5,20,2,0,24,ok,False,,613625,306812,13.327139271360354,13.323994967319269,1.0031492525502157,0.003144304041084567,8268813,0.724692,16.634752,True,10000000,False,FIRST_N_SOLUTIONS,20,14.42100264755214,,
n=40:q=5:t=20:beta=2:seed=0,40,5,20,2,0,25,ok,False,,386653,193326,12.865282928962209,12.859958696829828,1.0053384310445306,0.005324232132380757,8575626,0.489553,17.124388,True,10000000,False,FIRST_N_SOLUTIONS,20,14.42100264755214,,
n=40:q=5:t=20:beta=2:seed=0,40,5,20,2,0,26,ok,False,,249135,124567,12.425750197201209,12.424036573297302,1.0017150929963863,0.0017136239039068357,8768953,0.35986,17.48432,True,10000000,False,FIRST_N_SOLUTIONS,20,14.42100264755214,,
n=40:q=5:t=20:beta=2:seed=0,40,5,20,2,0,27,ok,False,,143159,71579,11.871711179664171,11.868701449231125,1.003014264219036,0.0030097304330460872,8893521,0.247539,17.73192,True,10000000,False,FIRST_N_SOLUTIONS,20,14.42100264755214,,
n=40:q=5:t=20:beta=2:seed=0,40,5,20,2,0,28,ok,False,,74387,37193,11.217036474371115,11.218489947492078,0.998547582659516,-0.0014534731209625562,8965101,0.181455,17.913455,True,10000000,False,FIRST_N_SOLUTIONS,20,14.42100264755214,,
n=40:q=5:t=20:beta=2:seed=0,40,5,20,2,0,29,ok,False,,39469,19734,10.58327083263794,10.587632670142039,0.9956476614930608,-0.004361837504099242,9002295,0.149677,18.06321,True,10000000,False,FIRST_N_SOLUTIONS,20,14.42100264755214,,
n=40:q=5:t=20:beta=2:seed=0,40,5,20,2,0,30,ok,False,,20911,10455,9.9480306152868,9.951018377608086,0.9970166965987216,-0.0029877623212861693,9022030,0.133749,18.19704,True,10000000,False,FIRST_N_SOLUTIONS,20,14.42100264755214,,
n=40:q=5:t=20:beta=2:seed=0,40,5,20,2,0,31,ok,False,,10927,5463,9.298992069570746,9.297540759906408,1.001452363323876,0.0014513096643380408,9032486,0.127255,18.324378,True,10000000,False,FIRST_N_SOLUTIONS,20,14.42100264755214,,
n=40:q=5:t=20:beta=2:seed=0,40,5,20,2,0,32,ok,False,,5057,2528,8.528528701079983,8.503609514590163,1.0252322645584842,0.024919186489819722,9037950,0.123528,18.447999,True,10000000,False,FIRST_N_SOLUTIONS,20,14.42100264755214,,
n=40:q=5:t=20:beta=2:seed=0,40,5,20,2,0,33,ok,False,,2379,1189,7.774435510302958,7.741163218479539,1.0338320049208936,0.033272291823418954,9040479,0.120954,18.569029,True,10000000,False,FIRST_N_SOLUTIONS,20,14.42100264755214,,
n=40:q=5:t=20:beta=2:seed=0,40,5,20,2,0,34,ok,False,,995,497,6.902742737158593,6.862773752323083,1.0407784937756175,0.039968984835510035,9041669,0.119823,18.688915,True,10000000,False,FIRST_N_SOLUTIONS,20,14.42100264755214,,
n=40:q=5:t=20:beta=2:seed=0,40,5,20,2,0,35,ok,False,,351,175,5.860786223465865,5.865856792321445,0.994942264778243,-0.005070568855579438,9042167,0.119606,18.808579,True,10000000,False,FIRST_N_SOLUTIONS,20,14.42100264755214,,
n=40:q=5:t=20:beta=2:seed=0,40,5,20,2,0,36,ok,False,,139,69,4.9344739331306915,4.732654191107294,1.2236274196277614,0.2018197420233978,9042343,0.119691,18.928319,True,10000000,False,FIRST_N_SOLUTIONS,20,14.42100264755214,,
n=40:q=5:t=20:beta=2:seed=0,40,5,20,2,0,37,ok,False,,33,16,3.4965075614664802,3.5492635524010083,0.9486114540386268,-0.052755990934528096,9042413,0.119141,19.047519,True,10000000,False,FIRST_N_SOLUTIONS,20,14.42100264755214,,
n=40:q=5:t=20:beta=2:seed=0,40,5,20,2,0,38,ok,False,,9,4,2.1972245773362196,2.3511709400995358,0.8573180039469386,-0.1539463627633162,9042430,0.119198,19.166755,True,10000000,False,FIRST_N_SOLUTIONS,20,14.42100264755214,,
n=40:q=5:t=20:beta=2:seed=0,40,5,20,2,0,39,ok,False,,1,0,0.0,1.138872255263795,0.32017989948539405,-1.138872255263795,9042435,0.118679,19.285471,True,10000000,False,FIRST_N_SOLUTIONS,20,14.42100264755214,,
n=40:q=5:t=20:beta=2:seed=0,40,5,20,2,0,40,ok,True,rank_complete,1,0,0.0,0.0,1.0,0.0,9042436,0.118517,19.404022,True,10000000,False,FIRST_N_SOLUTIONS,20,14.42100264755214,,
n=40:q=5:t=20:beta=2:seed=1,40,5,20,2,1,1,ok,False,,7,3,1.9459101490553132,1.9838916053711326,0.9627307933014562,-0.037981456315819395,3,5.6e-05,7.4e-05,True,10000000,False,FIRST_N_SOLUTIONS,20,14.126155325876203,,
n=40:q=5:t=20:beta=2:seed=1,40,5,20,2,1,2,ok,False,,37,18,3.6109179126442243,3.5952765456564544,1.0157643334530586,0.015641366987769967,22,0.00023,0.000357,True,10000000,False,FIRST_N_SOLUTIONS,20,14.126155325876203,,
n=40:q=5:t=20:beta=2:seed=1,40,5,20,2,1,3,ok,False,,157,78,5.056245805348308,5.043385028420738,1.012943832389831,0.012860776927569262,100,5e-05,0.000453,True,10000000,False,FIRST_N_SOLUTIONS,20,14.126155325876203,,
n=40:q=5:t=20:beta=2:seed=1,40,5,20,2,1,4,ok,False,,577,288,6.3578422665081,6.352200786468871,1.0056574231545674,0.005641480039228597,388,0.000225,0.000716,True,10000000,False,FIRST_N_SOLUTIONS,20,14.126155325876203,,
n=40:q=5:t=20:beta=2:seed=1,40,5,20,2,1,5,ok,False,,1801,900,7.496097345175956,7.491036406259382,1.0050737670996865,0.005060938916574109,1288,0.000511,0.001268,True,10000000,False,FIRST_N_SOLUTIONS,20,14.126155325876203,,
n=40:q=5:t=20:beta=2:seed=1,40,5,20,2,1,6,ok,False,,4973,2486,8.511778558714738,8.503406179912398,1.0084075251835447,0.008372378802340208,3774,0.001506,0.002813,True,10000000,False,FIRST_N_SOLUTIONS,20,14.126155325876203,,
n=40:q=5:t=20:beta=2:seed=1,40,5,20,2,1,7,ok,False,,12881,6440,9.463508636396089,9.464082776093692,0.9994260250890546,-0.0005741396976031155,10214,0.004188,0.007043,True,10000000,False,FIRST_N_SOLUTIONS,20,14.126155325876203,,
n=40:q=5:t=20:beta=2:seed=1,40,5,20,2,1,8,ok,False,,29969,14984,10.307918793053995,10.310579954535683,0.9973423762696558,-0.002661161481688268,25198,0.011746,0.01885,True,10000000,False,FIRST_N_SOLUTIONS,20,14.126155325876203,,
n=40:q=5:t=20:beta=2:seed=1,40,5,20,2,1,9,ok,False,,61753,30876,11.03089783630606,11.033596666532713,0.9973048083416151,-0.0026988302266524045,56074,0.027065,0.046002,True,10000000,False,FIRST_N_SOLUTIONS,20,14.126155325876203,,
n=40:q=5:t=20:beta=2:seed=1,40,5,20,2,1,10,ok,False,,120961,60480,11.703223458574953,11.703419083987166,0.9998043937211909,-0.00019562541221240792,116554,0.054339,0.100434,True,10000000,False,FIRST_N_SOLUTIONS,20,14.126155325876203,,
n=40:q=5:t=20:beta=2:seed=1,40,5,20,2,1,11,ok,False,,211355,105677,12.261294463155368,12.261656515351426,0.9996380133369291,-0.0003620521960581158,116564,0.183557,0.284078,True,10000000,False,FIRST_N_SOLUTIONS,20,14.126155325876203,,
n=40:q=5:t=20:beta=2:seed=1,40,5,20,2,1,12,ok,False,,323475,161737,12.686877110184154,12.686881001667416,0.99999610852431,-3.891483261853068e-06,222242,0.220384,0.504531,True,10000000,False,FIRST_N_SOLUTIONS,20,14.126155325876203,,
n=40:q=5:t=20:beta=2:seed=1,40,5,20,2,1,13,ok,False,,466749,233374,13.053546918927116,13.052544938782859,1.0010024822940633,0.0010019801442577858,383980,0.34925,0.853868,True,10000000,False,FIRST_N_SOLUTIONS,20,14.126155325876203,,
n=40:q=5:t=20:beta=2:seed=1,40,5,20,2,1,14,ok,False,,631513,315756,13.355873806467368,13.35555971621731,1.000314139581565,0.00031409025005757485,617355,0.571153,1.425124,True,10000000,False,FIRST_N_SOLUTIONS,20,14.126155325876203,,
n=40:q=5:t=20:beta=2:seed=1,40,5,20,2,1,15,ok,False,,853933,426966,13.657608015360452,13.656377714529526,1.001231057961461,0.0012303008309260122,933112,0.747082,2.172314,True,10000000,False,FIRST_N_SOLUTIONS,20,14.126155325876203,,
n=40:q=5:t=20:beta=2:seed=1,40,5,20,2,1,16,ok,False,,1101047,550523,13.911772103258722,13.912316872120776,0.9994553794975601,-0.0005447688620545676,1360079,1.017801,3.190191,True,10000000,False,FIRST_N_SOLUTIONS,20,14.126155325876203,,
n=40:q=5:t=20:beta=2:seed=1,40,5,20,2,1,17,ok,False,,1248959,624479,14.037820962307912,14.038236750010633,0.9995842987250069,-0.0004157877027211043,1910603,1.247816,4.438118,True,10000000,False,FIRST_N_SOLUTIONS,20,14.126155325876203,,
n=40:q=5:t=20:beta=2:seed=1,40,5,20,2,1,18,ok,False,,1330185,665092,14.100828588269103,14.101351455333301,0.9994772696069637,-0.0005228670641983513,2535083,1.357647,5.79586,True,10000000,False,FIRST_N_SOLUTIONS,20,14.126155325876203,,
n=40:q=5:t=20:beta=2:seed=1,40,5,20,2,1,19,ok,False,,1360575,680287,14.123417962477633,14.123796680171358,0.9996213540107691,-0.00037871769372443964,3200176,1.462456,7.258421,True,10000000,False,FIRST_N_SOLUTIONS,20,14.126155325876203,,
n=40:q=5:t=20:beta=2:seed=1,40,5,20,2,1,20,ok,False,,1362939,681469,14.125153955458535,14.126155325876203,0.9989991307863771,-0.0010013704176685678,3880464,1.590172,8.848671,True,10000000,False,FIRST_N_SOLUTIONS,20,14.126155325876203,,
n=40:q=5:t=20:beta=2:seed=1,40,5,20,2,1,21,ok,False,,1197361,598680,13.99563052637339,13.996395463380573,0.9992353554825458,-0.000764937007183164,4561934,1.580769,10.429537,True,10000000,False,FIRST_N_SOLUTIONS,20,14.126155325876203,,
n=40:q=5:t=20:beta=2:seed=1,40,5,20,2,1,22,ok,False,,936145,468072,13.749525657991628,13.749409624266777,1.0001160404570237,0.00011603372485069485,5160615,1.131351,11.560998,True,10000000,False,FIRST_N_SOLUTIONS,20,14.126155325876203,,
n=40:q=5:t=20:beta=2:seed=1,40,5,20,2,1,23,ok,False,,796057,398028,13.587426070302987,13.588174298105994,0.999252052049614,-0.0007482278030064293,5628688,0.974165,12.535249,True,10000000,False,FIRST_N_SOLUTIONS,20,14.126155325876203,,
n=40:q=5:t=20:beta=2:seed=1,40,5,20,2,1,24,ok,False,,606923,303461,13.316157208617799,13.31615251311649,1.0000046955123325,4.695501308660255e-06,6026717,0.798181,13.333531,True,10000000,False,FIRST_N_SOLUTIONS,20,14.126155325876203,,
n=40:q=5:t=20:beta=2:seed=1,40,5,20,2,1,25,ok,False,,444981,222490,13.005786863607637,13.005492706680432,1.000294200195597,0.000294156927205691,6330179,0.581751,13.915398,True,10000000,False,FIRST_N_SOLUTIONS,20,14.126155325876203,,
n=40:q=5:t=20:beta=2:seed=1,40,5,20,2,1,26,ok,False,,290621,145310,12.57977529178818,12.579487296773712,1.0002880364890148,0.00028799501446918896,6552670,0.440599,14.356084,True,10000000,False,FIRST_N_SOLUTIONS,20,14.126155325876203,,
n=40:q=5:t=20:beta=2:seed=1,40,5,20,2,1,27,ok,False,,190983,95491,12.159939697831964,12.160427497944577,0.9995123188425198,-0.00048780011261229106,6697981,0.303688,14.659868,True,10000000,False,FIRST_N_SOLUTIONS,20,14.126155325876203,,
n=40:q=5:t=20:beta=2:seed=1,40,5,20,2,1,28,ok,False,,110013,55006,11.608353819609814,11.607676071204981,1.0006779781281783,0.000677748404832812,6793473,0.212566,14.872532,True,10000000,False,FIRST_N_SOLUTIONS,20,14.126155325876203,,
n=40:q=5:t=20:beta=2:seed=1,40,5,20,2,1,29,ok,False,,58253,29126,10.97255087224768,10.971573934020665,1.0009774155866031,0.0009769382270157223,6848480,0.154228,15.02686,True,10000000,False,FIRST_N_SOLUTIONS,20,14.126155325876203,,
n=40:q=5:t=20:beta=2:seed=1,40,5,20,2,1,30,ok,False,,29017,14508,10.275637144113018,10.279246734502014,0.9963969163511495,-0.003609590388995443,6877607,0.118434,15.145396,True,10000000,False,FIRST_N_SOLUTIONS,20,14.126155325876203,,
n=40:q=5:t=20:beta=2:seed=1,40,5,20,2,1,31,ok,False,,12629,6314,9.44375103564617,9.453744811746567,0.9900559957391102,-0.009993776100397866,6892116,0.103642,15.249135,True,10000000,False,FIRST_N_SOLUTIONS,20,14.126155325876203,,
n=40:q=5:t=20:beta=2:seed=1,40,5,20,2,1,32,ok,False,,5515,2757,8.615226931687603,8.60719375354747,1.0080655306888864,0.008033178140133046,6898431,0.097634,15.346821,True,10000000,False,FIRST_N_SOLUTIONS,20,14.126155325876203,,
n=40:q=5:t=20:beta=2:seed=1,40,5,20,2,1,33,ok,False,,2235,1117,7.711996507047669,7.7271682747533355,0.9849427437169828,-0.015171767705666639,6901189,0.095508,15.442392,True,10000000,False,FIRST_N_SOLUTIONS,20,14.126155325876203,,
n=40:q=5:t=20:beta=2:seed=1,40,5,20,2,1,34,ok,False,,849,424,6.744059186311348,6.76013527435191,0.9840524425845143,-0.016076088040562375,6902307,0.095184,15.53764,True,10000000,False,FIRST_N_SOLUTIONS,20,14.126155325876203,,
n=40:q=5:t=20:beta=2:seed=1,40,5,20,2,1,35,ok,False,,283,141,5.645446897643238,5.7042785619987235,0.9428654736661118,-0.05883166435548581,6902732,0.093833,15.631532,True,10000000,False,FIRST_N_SOLUTIONS,20,14.126155325876203,,
n=40:q=5:t=20:beta=2:seed=1,40,5,20,2,1,36,ok,False,,105,52,4.653960350157523,4.676695233005301,0.9775216071674591,-0.022734882847777804,6902874,0.093263,15.724852,True,10000000,False,FIRST_N_SOLUTIONS,20,14.126155325876203,,
n=40:q=5:t=20:beta=2:seed=1,40,5,20,2,1,37,ok,False,,35,17,3.5553480614894135,3.5492635524010083,1.0061030573136949,0.006084509088405188,6902927,0.093098,15.818005,True,10000000,False,FIRST_N_SOLUTIONS,20,14.126155325876203,,
n=40:q=5:t=20:beta=2:seed=1,40,5,20,2,1,38,ok,False,,11,5,2.3978952727983707,2.424472677195471,0.9737726666321358,-0.026577404397100324,6902945,0.106206,15.924269,True,10000000,False,FIRST_N_SOLUTIONS,20,14.126155325876203,,
n=40:q=5:t=20:beta=2:seed=1,40,5,20,2,1,39,ok,False,,3,1,1.0986122886681098,1.2504440309208995,0.8591328243340697,-0.15183174225278973,6902951,0.096346,16.020688,True,10000000,False,FIRST_N_SOLUTIONS,20,14.126155325876203,,
n=40:q=5:t=20:beta=2:seed=1,40,5,20,2,1,40,ok,True,rank_complete,1,0,0.0,0.0,1.0,0.0,6902953,0.09326,16.114007,True,10000000,False,FIRST_N_SOLUTIONS,20,14.126155325876203,,
n=40:q=5:t=20:beta=2:seed=2,40,5,20,2,2,1,ok,False,,5,2,1.6094379124341003,1.760748054056923,0.8595810654477287,-0.15131014162282264,2,5.5e-05,7.3e-05,True,10000000,False,FIRST_N_SOLUTIONS,18,13.413143644400424,,
n=40:q=5:t=20:beta=2:seed=2,40,5,20,2,2,2,ok,False,,29,14,3.367295829986474,3.3852140173970295,0.9822413887826483,-0.017918187410555397,17,5.3e-05,0.000176,True,10000000,False,FIRST_N_SOLUTIONS,18,13.413143644400424,,
n=40:q=5:t=20:beta=2:seed=2,40,5,20,2,2,3,ok,False,,119,59,4.77912349311153,4.785122178156194,0.9940192711440201,-0.005998685044664498,76,4.3e-05,0.000266,True,10000000,False,FIRST_N_SOLUTIONS,18,13.413143644400424,,
n=40:q=5:t=20:beta=2:seed=2,40,5,20,2,2,4,ok,False,,451,225,6.111467339502679,6.09444789478333,1.0171651006228615,0.017019444719348797,301,0.000183,0.000487,True,10000000,False,FIRST_N_SOLUTIONS,18,13.413143644400424,,
n=40:q=5:t=20:beta=2:seed=2,40,5,20,2,2,5,ok,False,,1473,736,7.29505641646263,7.261430907456963,1.0341972366478538,0.03362550900566763,1037,0.000431,0.00096,True,10000000,False,FIRST_N_SOLUTIONS,18,13.413143644400424,,
n=40:q=5:t=20:beta=2:seed=2,40,5,20,2,2,6,ok,False,,3809,1904,8.245121966478605,8.228274709171242,1.01698997267447,0.01684725730736325,2941,0.001172,0.002172,True,10000000,False,FIRST_N_SOLUTIONS,18,13.413143644400424,,
n=40:q=5:t=20:beta=2:seed=2,40,5,20,2,2,7,ok,False,,9241,4620,9.13140538388804,9.127620167727633,1.0037923891386669,0.0037852161604075008,7561,0.003083,0.005297,True,10000000,False,FIRST_N_SOLUTIONS,18,13.413143644400424,,
n=40:q=5:t=20:beta=2:seed=2,40,5,20,2,2,8,ok,False,,21363,10681,9.969415732650235,9.96624594610223,1.0031748156336906,0.003169786548005149,18242,0.008009,0.013371,True,10000000,False,FIRST_N_SOLUTIONS,18,13.413143644400424,,
n=40:q=5:t=20:beta=2:seed=2,40,5,20,2,2,9,ok,False,,43437,21718,10.679066891449532,10.678498093675202,1.0005689595704585,0.0005687977743296102,39960,0.01982,0.033294,True,10000000,False,FIRST_N_SOLUTIONS,18,13.413143644400424,,
n=40:q=5:t=20:beta=2:seed=2,40,5,20,2,2,10,ok,False,,77667,38833,11.26018573571601,11.26234576427679,0.9978423026221371,-0.0021600285607785707,78793,0.035434,0.068842,True,10000000,False,FIRST_N_SOLUTIONS,18,13.413143644400424,,
n=40:q=5:t=20:beta=2:seed=2,40,5,20,2,2,11,ok,False,,140361,70180,11.851972954208676,11.853194714644395,0.9987789856097017,-0.001221760435718977,78803,0.07361,0.142551,True,10000000,False,FIRST_N_SOLUTIONS,18,13.413143644400424,,
n=40:q=5:t=20:beta=2:seed=2,40,5,20,2,2,12,ok,False,,226839,113419,12.331995793724666,12.331155945675592,1.0008402008201975,0.000839848049073666,148984,0.142551,0.285205,True,10000000,False,FIRST_N_SOLUTIONS,18,13.413143644400424,,
n=40:q=5:t=20:beta=2:seed=2,40,5,20,2,2,13,ok,False,,329625,164812,12.705710923655587,12.705939657858831,0.9997712919544296,-0.0002287342032438744,262404,0.228152,0.513438,True,10000000,False,FIRST_N_SOLUTIONS,18,13.413143644400424,,
n=40:q=5:t=20:beta=2:seed=2,40,5,20,2,2,14,ok,False,,434423,217211,12.981773992793244,12.981351764551484,1.000422317392651,0.0004222282417600809,427217,0.350966,0.86449,True,10000000,False,FIRST_N_SOLUTIONS,18,13.413143644400424,,
n=40:q=5:t=20:beta=2:seed=2,40,5,20,2,2,15,ok,False,,518681,259340,13.159044329631966,13.158870130598388,1.000174214207111,0.00017419903357840383,644429,0.449166,1.313743,True,10000000,False,FIRST_N_SOLUTIONS,18,13.413143644400424,,
n=40:q=5:t=20:beta=2:seed=2,40,5,20,2,2,16,ok,False,,578619,289309,13.26839950886957,13.267397198421376,1.001002812929177,0.0010023104481931,903770,0.503264,1.817096,True,10000000,False,FIRST_N_SOLUTIONS,18,13.413143644400424,,
n=40:q=5:t=20:beta=2:seed=2,40,5,20,2,2,17,ok,False,,626623,313311,13.348100362859135,13.347867945125394,1.0002324447448354,0.00023241773374138575,1193080,0.572784,2.389948,True,10000000,False,FIRST_N_SOLUTIONS,18,13.413143644400424,,
n=40:q=5:t=20:beta=2:seed=2,40,5,20,2,2,18,ok,False,,668727,334363,13.413131184077553,13.413143644400424,0.9999875397547582,-1.2460322871277185e-05,1506392,0.619384,3.009434,True,10000000,False,FIRST_N_SOLUTIONS,18,13.413143644400424,,
n=40:q=5:t=20:beta=2:seed=2,40,5,20,2,2,19,ok,False,,641113,320556,13.370961007417552,13.372661680256055,0.9983007724860915,-0.0017006728385027259,1840756,0.643511,3.653016,True,10000000,False,FIRST_N_SOLUTIONS,18,13.413143644400424,,
n=40:q=5:t=20:beta=2:seed=2,40,5,20,2,2,20,ok,False,,553727,276863,13.224427064490168,13.224963838284317,0.999463370243131,-0.0005367737941490702,2161313,0.562652,4.215768,True,10000000,False,FIRST_N_SOLUTIONS,18,13.413143644400424,,
n=40:q=5:t=20:beta=2:seed=2,40,5,20,2,2,21,ok,False,,493225,246612,13.10872073836317,13.108757045842154,0.9999636931801243,-3.630747898419884e-05,2438177,0.503886,4.719743,True,10000000,False,FIRST_N_SOLUTIONS,18,13.413143644400424,,
n=40:q=5:t=20:beta=2:seed=2,40,5,20,2,2,22,ok,False,,396073,198036,12.889353816681798,12.888580908431576,1.000773207020772,0.0007729082502212492,2684790,0.43903,5.158864,True,10000000,False,FIRST_N_SOLUTIONS,18,13.413143644400424,,
n=40:q=5:t=20:beta=2:seed=2,40,5,20,2,2,23,ok,False,,316331,158165,12.664544412711292,12.663659432094658,1.0008853723275237,0.0008849806166342233,2882827,0.358089,5.517046,True,10000000,False,FIRST_N_SOLUTIONS,18,13.413143644400424,,
n=40:q=5:t=20:beta=2:seed=2,40,5,20,2,2,24,ok,False,,236557,118278,12.373944472673879,12.37221081646774,1.001735159856871,0.001733656206138079,3040993,0.305796,5.822951,True,10000000,False,FIRST_N_SOLUTIONS,18,13.413143644400424,,
n=40:q=5:t=20:beta=2:seed=2,40,5,20,2,2,25,ok,False,,160663,80331,11.987064282527449,11.983636609282103,1.0034335544349633,0.0034276732453459857,3159272,0.203258,6.026277,True,10000000,False,FIRST_N_SOLUTIONS,18,13.413143644400424,,
n=40:q=5:t=20:beta=2:seed=2,40,5,20,2,2,26,ok,False,,96899,48449,11.481424477908167,11.476134843178372,1.0053036495477754,0.005289634729795267,3239604,0.143069,6.169427,True,10000000,False,FIRST_N_SOLUTIONS,18,13.413143644400424,,
n=40:q=5:t=20:beta=2:seed=2,40,5,20,2,2,27,ok,False,,51445,25722,10.848268554809911,10.846665973097268,1.001603866532967,0.0016025817126426034,3288054,0.092758,6.262245,True,10000000,False,FIRST_N_SOLUTIONS,18,13.413143644400424,,
n=40:q=5:t=20:beta=2:seed=2,40,5,20,2,2,28,ok,False,,27537,13768,10.2232858338872,10.225488421327665,0.9977998364752962,-0.002202587440464754,3313777,0.067792,6.33013,True,10000000,False,FIRST_N_SOLUTIONS,18,13.413143644400424,,
n=40:q=5:t=20:beta=2:seed=2,40,5,20,2,2,29,ok,False,,14253,7126,9.564722689855031,9.563608874824464,1.0011144355528898,0.001113815030567622,3327546,0.055994,6.386213,True,10000000,False,FIRST_N_SOLUTIONS,18,13.413143644400424,,
n=40:q=5:t=20:beta=2:seed=2,40,5,20,2,2,30,ok,False,,6653,3326,8.802823159741887,8.815844471517085,0.9870630987292618,-0.01302131177519783,3334673,0.050037,6.436334,True,10000000,False,FIRST_N_SOLUTIONS,18,13.413143644400424,,
n=40:q=5:t=20:beta=2:seed=2,40,5,20,2,2,31,ok,False,,3151,1575,8.055475141757274,8.103729837520635,0.9528910588522568,-0.04825469576336161,3338000,0.047354,6.483768,True,10000000,False,FIRST_N_SOLUTIONS,18,13.413143644400424,,
n=40:q=5:t=20:beta=2:seed=2,40,5,20,2,2,32,ok,False,,1407,703,7.249215057114389,7.285567788122211,0.964300094943031,-0.036352731007822214,3339576,0.046499,6.530336,True,10000000,False,FIRST_N_SOLUTIONS,18,13.413143644400424,,
n=40:q=5:t=20:beta=2:seed=2,40,5,20,2,2,33,ok,False,,617,308,6.424869023905388,6.4948093951007415,0.9324494190925291,-0.06994037119535346,3340280,0.045922,6.576323,True,10000000,False,FIRST_N_SOLUTIONS,18,13.413143644400424,,
n=40:q=5:t=20:beta=2:seed=2,40,5,20,2,2,34,ok,False,,287,143,5.659482215759621,5.678002102717127,0.9816505523548535,-0.01851988695750517,3340589,0.045752,6.622147,True,10000000,False,FIRST_N_SOLUTIONS,18,13.413143644400424,,
n=40:q=5:t=20:beta=2:seed=2,40,5,20,2,2,35,ok,False,,115,57,4.74493212836325,4.824926882357733,0.9231211890727842,-0.07999475399448297,3340733,0.045661,6.667864,True,10000000,False,FIRST_N_SOLUTIONS,18,13.413143644400424,,
n=40:q=5:t=20:beta=2:seed=2,40,5,20,2,2,36,ok,False,,37,18,3.6109179126442243,3.8575165629194395,0.7814542670558582,-0.2465986502752151,3340791,0.046283,6.714182,True,10000000,False,FIRST_N_SOLUTIONS,18,13.413143644400424,,
n=40:q=5:t=20:beta=2:seed=2,40,5,20,2,2,37,ok,False,,25,12,3.2188758248682006,3.02808455884189,1.2102068144378237,0.1907912660263107,3340810,0.046591,6.760836,True,10000000,False,FIRST_N_SOLUTIONS,18,13.413143644400424,,
n=40:q=5:t=20:beta=2:seed=2,40,5,20,2,2,38,ok,False,,17,8,2.833213344056216,2.10617517166796,2.068943669396657,0.727038172388256,3340823,0.046942,6.807837,True,10000000,False,FIRST_N_SOLUTIONS,18,13.413143644400424,,
n=40:q=5:t=20:beta=2:seed=2,40,5,20,2,2,39,ok,False,,9,4,2.1972245773362196,1.0576127905149058,3.1255547480864094,1.1396117868213138,3340832,0.045657,6.853563,True,10000000,False,FIRST_N_SOLUTIONS,18,13.413143644400424,,
n=40:q=5:t=20:beta=2:seed=2,40,5,20,2,2,40,ok,True,rank_complete,5,2,1.6094379124341003,0.0,4.999999999999999,1.6094379124341003,3340837,0.044962,6.898586,True,10000000,False,FIRST_N_SOLUTIONS,18,13.413143644400424,,
n=40:q=5:t=20:beta=7:seed=0,40,5,20,7,0,1,ok,False,,5,2,1.6094379124341003,1.6569283716678007,0.9536195713506932,-0.04749045923370043,2,3.2e-05,5.1e-05,True,10000000,False,FIRST_N_SOLUTIONS,19,12.157660110344196,,
n=40:q=5:t=20:beta=7:seed=0,40,5,20,7,0,2,ok,False,,23,11,3.1354942159291497,3.166402907525682,0.9695640983842954,-0.0309086915965322,14,1.7e-05,0.000116,True,10000000,False,FIRST_N_SOLUTIONS,19,12.157660110344196,,
n=40:q=5:t=20:beta=7:seed=0,40,5,20,7,0,3,ok,False,,87,43,4.465908118654584,4.442692009173415,1.0234877010448638,0.0232161094811687,57,2.5e-05,0.000184,True,10000000,False,FIRST_N_SOLUTIONS,19,12.157660110344196,,
n=40:q=5:t=20:beta=7:seed=0,40,5,20,7,0,4,ok,False,,285,142,5.652489180268651,5.659157612473271,0.9933537524497352,-0.0066684322046199895,199,0.000318,0.000538,True,10000000,False,FIRST_N_SOLUTIONS,19,12.157660110344196,,
n=40:q=5:t=20:beta=7:seed=0,40,5,20,7,0,5,ok,False,,767,383,6.642486801367256,6.653211810325027,0.9893322988920896,-0.010725008957771287,582,0.000231,0.00081,True,10000000,False,FIRST_N_SOLUTIONS,19,12.157660110344196,,
n=40:q=5:t=20:beta=7:seed=0,40,5,20,7,0,6,ok,False,,1931,965,7.565793282428515,7.571443865654386,0.9943653512922906,-0.0056505832258713085,1547,0.000604,0.001453,True,10000000,False,FIRST_N_SOLUTIONS,19,12.157660110344196,,
n=40:q=5:t=20:beta=7:seed=0,40,5,20,7,0,7,ok,False,,4493,2246,8.41027590907016,8.403825120187832,1.0064716400322729,0.0064507888823275294,3793,0.001443,0.002935,True,10000000,False,FIRST_N_SOLUTIONS,19,12.157660110344196,,
n=40:q=5:t=20:beta=7:seed=0,40,5,20,7,0,8,ok,False,,9327,4663,9.140668698726863,9.132828307240944,1.0078712078400243,0.007840391485919085,8456,0.003256,0.006235,True,10000000,False,FIRST_N_SOLUTIONS,19,12.157660110344196,,
n=40:q=5:t=20:beta=7:seed=0,40,5,20,7,0,9,ok,False,,17243,8621,9.755161543000131,9.745489053267514,1.009719419448456,0.009672489732617251,17077,0.006704,0.013002,True,10000000,False,FIRST_N_SOLUTIONS,19,12.157660110344196,,
n=40:q=5:t=20:beta=7:seed=0,40,5,20,7,0,10,ok,False,,30305,15152,10.319067994385385,10.317351916107288,1.0017175515830736,0.0017160782780969441,32229,0.013344,0.026404,True,10000000,False,FIRST_N_SOLUTIONS,19,12.157660110344196,,
n=40:q=5:t=20:beta=7:seed=0,40,5,20,7,0,11,ok,False,,47685,23842,10.772372162013014,10.775620979185486,0.9967564545235663,-0.0032488171724729398,32239,0.020151,0.046628,True,10000000,False,FIRST_N_SOLUTIONS,19,12.157660110344196,,
n=40:q=5:t=20:beta=7:seed=0,40,5,20,7,0,12,ok,False,,67791,33895,11.124184721754474,11.127276457569769,0.9969130386781231,-0.0030917358152944274,56082,0.034054,0.080783,True,10000000,False,FIRST_N_SOLUTIONS,19,12.157660110344196,,
n=40:q=5:t=20:beta=7:seed=0,40,5,20,7,0,13,ok,False,,92397,46198,11.433849789570226,11.434425963874968,0.999423991651798,-0.0005761743047418832,89978,0.049576,0.130435,True,10000000,False,FIRST_N_SOLUTIONS,19,12.157660110344196,,
n=40:q=5:t=20:beta=7:seed=0,40,5,20,7,0,14,ok,False,,118693,59346,11.68429560666001,11.686068374439579,0.998228802645095,-0.0017727677795686958,136177,0.078904,0.209414,True,10000000,False,FIRST_N_SOLUTIONS,19,12.157660110344196,,
n=40:q=5:t=20:beta=7:seed=0,40,5,20,7,0,15,ok,False,,143081,71540,11.871166182445538,11.873403361588732,0.9977653214769397,-0.002237179143193657,195524,0.093397,0.302915,True,10000000,False,FIRST_N_SOLUTIONS,19,12.157660110344196,,
n=40:q=5:t=20:beta=7:seed=0,40,5,20,7,0,16,ok,False,,167779,83889,12.030402916196566,12.03032775908029,1.000075159940643,7.515711627625876e-05,267065,0.115509,0.418486,True,10000000,False,FIRST_N_SOLUTIONS,19,12.157660110344196,,
n=40:q=5:t=20:beta=7:seed=0,40,5,20,7,0,17,ok,False,,185057,92528,12.128419164713014,12.131153434602815,0.9972694648214354,-0.0027342698898014106,350955,0.152878,0.57146,True,10000000,False,FIRST_N_SOLUTIONS,19,12.157660110344196,,
n=40:q=5:t=20:beta=7:seed=0,40,5,20,7,0,18,ok,False,,186669,93334,12.137092273965099,12.138765740866274,0.9983279325637973,-0.0016734669011757575,443484,0.152135,0.723705,True,10000000,False,FIRST_N_SOLUTIONS,19,12.157660110344196,,
n=40:q=5:t=20:beta=7:seed=0,40,5,20,7,0,19,ok,False,,190479,95239,12.157297231251961,12.157660110344196,0.9996371867404199,-0.00036287909223453596,536819,0.184954,0.908753,True,10000000,False,FIRST_N_SOLUTIONS,19,12.157660110344196,,
n=40:q=5:t=20:beta=7:seed=0,40,5,20,7,0,20,ok,False,,177531,88765,12.086900520535764,12.088000957433767,0.9989001683606433,-0.0011004368980032098,632059,0.197409,1.106237,True,10000000,False,FIRST_N_SOLUTIONS,19,12.157660110344196,,
n=40:q=5:t=20:beta=7:seed=0,40,5,20,7,0,21,ok,False,,154307,77153,11.946699403492039,11.944222702852615,1.0024797701960533,0.0024767006394235125,720825,0.139983,1.246316,True,10000000,False,FIRST_N_SOLUTIONS,19,12.157660110344196,,
n=40:q=5:t=20:beta=7:seed=0,40,5,20,7,0,22,ok,False,,127137,63568,11.753020524176144,11.753506894372377,0.9995137480625774,-0.0004863701962332101,797979,0.119777,1.366175,True,10000000,False,FIRST_N_SOLUTIONS,19,12.157660110344196,,
n=40:q=5:t=20:beta=7:seed=0,40,5,20,7,0,23,ok,False,,92239,46119,11.432138313600566,11.433637020307351,0.998502415793275,-0.0014987067067853133,861548,0.101576,1.467855,True,10000000,False,FIRST_N_SOLUTIONS,19,12.157660110344196,,
n=40:q=5:t=20:beta=7:seed=0,40,5,20,7,0,24,ok,False,,68217,34108,11.130449079631902,11.13211363438874,0.9983368298460759,-0.0016645547568376884,907668,0.068476,1.536408,True,10000000,False,FIRST_N_SOLUTIONS,19,12.157660110344196,,
n=40:q=5:t=20:beta=7:seed=0,40,5,20,7,0,25,ok,False,,48117,24058,10.781390824005488,10.780951528104326,1.0004393924057366,0.00043929590116142947,941777,0.052913,1.589412,True,10000000,False,FIRST_N_SOLUTIONS,19,12.157660110344196,,
n=40:q=5:t=20:beta=7:seed=0,40,5,20,7,0,26,ok,False,,33477,16738,10.418613914853811,10.418626931344292,0.9999869835942331,-1.3016490481021492e-05,965836,0.040401,1.629879,True,10000000,False,FIRST_N_SOLUTIONS,19,12.157660110344196,,
n=40:q=5:t=20:beta=7:seed=0,40,5,20,7,0,27,ok,False,,21953,10976,9.996659083423923,9.991243752771627,1.005430020059361,0.0054153306522959355,982575,0.028943,1.658914,True,10000000,False,FIRST_N_SOLUTIONS,19,12.157660110344196,,
n=40:q=5:t=20:beta=7:seed=0,40,5,20,7,0,28,ok,False,,13783,6891,9.531191227694439,9.528742771802367,1.0024514558080873,0.002448455892071877,993552,0.023054,1.682051,True,10000000,False,FIRST_N_SOLUTIONS,19,12.157660110344196,,
n=40:q=5:t=20:beta=7:seed=0,40,5,20,7,0,29,ok,False,,7951,3975,8.981052985901483,8.976161672987619,1.0049032949128114,0.004891312913864354,1000444,0.019134,1.701268,True,10000000,False,FIRST_N_SOLUTIONS,19,12.157660110344196,,
n=40:q=5:t=20:beta=7:seed=0,40,5,20,7,0,30,ok,False,,4315,2157,8.36985260351753,8.363027988196166,1.0068479560755177,0.006824615321363581,1004420,0.016442,1.717795,True,10000000,False,FIRST_N_SOLUTIONS,19,12.157660110344196,,
n=40:q=5:t=20:beta=7:seed=0,40,5,20,7,0,31,ok,False,,2273,1136,7.728855823852543,7.720092968908858,1.0088013611496511,0.008762854943684673,1006578,0.015308,1.733175,True,10000000,False,FIRST_N_SOLUTIONS,19,12.157660110344196,,
n=40:q=5:t=20:beta=7:seed=0,40,5,20,7,0,32,ok,False,,1151,575,7.048386408721883,7.040803960220909,1.007611268058496,0.007582448500973449,1007715,0.014635,1.747883,True,10000000,False,FIRST_N_SOLUTIONS,19,12.157660110344196,,
n=40:q=5:t=20:beta=7:seed=0,40,5,20,7,0,33,ok,False,,581,290,6.364750756851911,6.27838972509991,1.0901998540265445,0.08636103175200116,1008291,0.014345,1.762294,True,10000000,False,FIRST_N_SOLUTIONS,19,12.157660110344196,,
n=40:q=5:t=20:beta=7:seed=0,40,5,20,7,0,34,ok,False,,273,136,5.60947179518496,5.481153543935243,1.1369147696738813,0.12831825124971719,1008582,0.01425,1.776602,True,10000000,False,FIRST_N_SOLUTIONS,19,12.157660110344196,,
n=40:q=5:t=20:beta=7:seed=0,40,5,20,7,0,35,ok,False,,125,62,4.8283137373023015,4.624176959980893,1.226465894704226,0.20413677732140822,1008719,0.014173,1.79081,True,10000000,False,FIRST_N_SOLUTIONS,19,12.157660110344196,,
n=40:q=5:t=20:beta=7:seed=0,40,5,20,7,0,36,ok,False,,55,27,4.007333185232471,3.767459752761063,1.2710882616400803,0.23987343247140824,1008782,0.014044,1.804906,True,10000000,False,FIRST_N_SOLUTIONS,19,12.157660110344196,,
n=40:q=5:t=20:beta=7:seed=0,40,5,20,7,0,37,ok,False,,27,13,3.295836866004329,2.9033268196507827,1.4806927407690844,0.39251004635354647,1008810,0.014105,1.819054,True,10000000,False,FIRST_N_SOLUTIONS,19,12.157660110344196,,
n=40:q=5:t=20:beta=7:seed=0,40,5,20,7,0,38,ok,False,,11,5,2.3978952727983707,2.001429440595018,1.4865616445710694,0.3964658322033525,1008824,0.014,1.833096,True,10000000,False,FIRST_N_SOLUTIONS,19,12.157660110344196,,
n=40:q=5:t=20:beta=7:seed=0,40,5,20,7,0,39,ok,False,,5,2,1.6094379124341003,1.0273004796066907,1.7898600506959765,0.5821374328274096,1008830,0.013947,1.84709,True,10000000,False,FIRST_N_SOLUTIONS,19,12.157660110344196,,
n=40:q=5:t=20:beta=7:seed=0,40,5,20,7,0,40,ok,True,rank_complete,1,0,0.0,0.0,1.0,0.0,1008833,0.01392,1.861069,True,10000000,False,FIRST_N_SOLUTIONS,19,12.157660110344196,,
n=40:q=5:t=20:beta=7:seed=1,40,5,20,7,1,1,ok,False,,5,2,1.6094379124341003,1.7284787934881374,0.8877715069851415,-0.1190408810540371,2,2.8e-05,4.6e-05,True,10000000,False,FIRST_N_SOLUTIONS,19,12.152522405113844,,
n=40:q=5:t=20:beta=7:seed=1,40,5,20,7,1,2,ok,False,,23,11,3.1354942159291497,3.226382565065171,0.913119655806528,-0.0908883491360215,14,2.1e-05,0.000121,True,10000000,False,FIRST_N_SOLUTIONS,19,12.152522405113844,,
n=40:q=5:t=20:beta=7:seed=1,40,5,20,7,1,3,ok,False,,95,47,4.553876891600541,4.561848590035182,0.9920599912904383,-0.007971698434641183,61,3.2e-05,0.000192,True,10000000,False,FIRST_N_SOLUTIONS,19,12.152522405113844,,
n=40:q=5:t=20:beta=7:seed=1,40,5,20,7,1,4,ok,False,,319,159,5.765191102784844,5.737727923840214,1.027843768118177,0.027463178944630684,220,0.000327,0.000554,True,10000000,False,FIRST_N_SOLUTIONS,19,12.152522405113844,,
n=40:q=5:t=20:beta=7:seed=1,40,5,20,7,1,5,ok,False,,873,436,6.771935555839602,6.742876818944422,1.0294850614554358,0.02905873689517957,656,0.000281,0.000876,True,10000000,False,FIRST_N_SOLUTIONS,19,12.152522405113844,,
n=40:q=5:t=20:beta=7:seed=1,40,5,20,7,1,6,ok,False,,2075,1037,7.637716432664798,7.614011192747159,1.023988442484754,0.023705239917639176,1693,0.000663,0.001577,True,10000000,False,FIRST_N_SOLUTIONS,19,12.152522405113844,,
n=40:q=5:t=20:beta=7:seed=1,40,5,20,7,1,7,ok,False,,4437,2218,8.39773375137891,8.397111278702075,1.000622666453156,0.0006224726768344624,3911,0.001478,0.003096,True,10000000,False,FIRST_N_SOLUTIONS,19,12.152522405113844,,
n=40:q=5:t=20:beta=7:seed=1,40,5,20,7,1,8,ok,False,,9831,4915,9.193295937366925,9.194732949893554,0.9985640194814758,-0.001437012526629644,8826,0.003652,0.006807,True,10000000,False,FIRST_N_SOLUTIONS,19,12.152522405113844,,
n=40:q=5:t=20:beta=7:seed=1,40,5,20,7,1,9,ok,False,,18203,9101,9.809341694645898,9.811107330448806,0.9982359220150051,-0.0017656358029078945,17927,0.007401,0.014289,True,10000000,False,FIRST_N_SOLUTIONS,19,12.152522405113844,,
n=40:q=5:t=20:beta=7:seed=1,40,5,20,7,1,10,ok,False,,32575,16287,10.391300401993046,10.394325558201157,0.996979414966264,-0.003025156208110502,34214,0.014298,0.028663,True,10000000,False,FIRST_N_SOLUTIONS,19,12.152522405113844,,
n=40:q=5:t=20:beta=7:seed=1,40,5,20,7,1,11,ok,False,,50451,25225,10.82875784719086,10.830045706643412,0.9987129694825427,-0.001287859452553164,34224,0.025855,0.054621,True,10000000,False,FIRST_N_SOLUTIONS,19,12.152522405113844,,
n=40:q=5:t=20:beta=7:seed=1,40,5,20,7,1,12,ok,False,,73717,36858,11.20798871643591,11.211191978331263,0.9968018630743654,-0.0032032618953525827,59450,0.045595,0.100349,True,10000000,False,FIRST_N_SOLUTIONS,19,12.152522405113844,,
n=40:q=5:t=20:beta=7:seed=1,40,5,20,7,1,13,ok,False,,98055,49027,11.49328382471494,11.49291334187641,1.000370551475773,0.00037048283853025055,96309,0.069243,0.169691,True,10000000,False,FIRST_N_SOLUTIONS,19,12.152522405113844,,
n=40:q=5:t=20:beta=7:seed=1,40,5,20,7,1,14,ok,False,,125099,62549,11.736860702817937,11.735769758674873,1.001091539439084,0.0010909441430637656,145337,0.11351,0.283304,True,10000000,False,FIRST_N_SOLUTIONS,19,12.152522405113844,,
n=40:q=5:t=20:beta=7:seed=1,40,5,20,7,1,15,ok,False,,154585,77292,11.94849938584871,11.946314744837114,1.0021870290784767,0.002184641011595545,207887,0.123916,0.407293,True,10000000,False,FIRST_N_SOLUTIONS,19,12.152522405113844,,
n=40:q=5:t=20:beta=7:seed=1,40,5,20,7,1,16,ok,False,,175225,87612,12.073826141368526,12.071466325120603,1.0023626028057753,0.002359816247922808,285180,0.125496,0.532865,True,10000000,False,FIRST_N_SOLUTIONS,19,12.152522405113844,,
n=40:q=5:t=20:beta=7:seed=1,40,5,20,7,1,17,ok,False,,184693,92346,12.126450266172979,12.124474919826504,1.001977298628335,0.0019753463464748933,372793,0.190999,0.723933,True,10000000,False,FIRST_N_SOLUTIONS,19,12.152522405113844,,
n=40:q=5:t=20:beta=7:seed=1,40,5,20,7,1,18,ok,False,,188149,94074,12.144989481099142,12.14464514756484,1.0003443928238989,0.0003443335343025211,465140,0.146255,0.870276,True,10000000,False,FIRST_N_SOLUTIONS,19,12.152522405113844,,
n=40:q=5:t=20:beta=7:seed=1,40,5,20,7,1,19,ok,False,,189053,94526,12.149782678010943,12.152522405113844,0.9972640225242985,-0.002739727102900602,559215,0.158957,1.02932,True,10000000,False,FIRST_N_SOLUTIONS,19,12.152522405113844,,
n=40:q=5:t=20:beta=7:seed=1,40,5,20,7,1,20,ok,False,,179987,89993,12.100639905041975,12.10337044628919,0.9972731832897639,-0.002730541247215612,653742,0.172527,1.201906,True,10000000,False,FIRST_N_SOLUTIONS,19,12.152522405113844,,
n=40:q=5:t=20:beta=7:seed=1,40,5,20,7,1,21,ok,False,,151377,75688,11.927528692989418,11.930982956039273,0.9965516960533422,-0.0034542630498552995,743736,0.143498,1.3455,True,10000000,False,FIRST_N_SOLUTIONS,19,12.152522405113844,,
n=40:q=5:t=20:beta=7:seed=1,40,5,20,7,1,22,ok,False,,123325,61662,11.722578426101938,11.725041773831663,0.9975396838215282,-0.002463347729724674,819425,0.120446,1.466054,True,10000000,False,FIRST_N_SOLUTIONS,19,12.152522405113844,,
n=40:q=5:t=20:beta=7:seed=1,40,5,20,7,1,23,ok,False,,96695,48347,11.479316973796399,11.4838862760702,0.9954411211059331,-0.004569302273800702,881088,0.091389,1.55752,True,10000000,False,FIRST_N_SOLUTIONS,19,12.152522405113844,,
n=40:q=5:t=20:beta=7:seed=1,40,5,20,7,1,24,ok,False,,72827,36413,11.195842044546996,11.197151436935632,0.9986914644915392,-0.0013093923886362546,929436,0.07019,1.62779,True,10000000,False,FIRST_N_SOLUTIONS,19,12.152522405113844,,
n=40:q=5:t=20:beta=7:seed=1,40,5,20,7,1,25,ok,False,,52095,26047,10.860824253846284,10.858647605964968,1.0021790184990027,0.002176647881315219,965850,0.053966,1.681828,True,10000000,False,FIRST_N_SOLUTIONS,19,12.152522405113844,,
n=40:q=5:t=20:beta=7:seed=1,40,5,20,7,1,26,ok,False,,36309,18154,10.499820923406714,10.502424958953062,0.9973993520131357,-0.002604035546347916,991898,0.042608,1.724509,True,10000000,False,FIRST_N_SOLUTIONS,19,12.152522405113844,,
n=40:q=5:t=20:beta=7:seed=1,40,5,20,7,1,27,ok,False,,23907,11953,10.081926582065858,10.083363923615316,0.9985636909311717,-0.001437341549458182,1010053,0.034209,1.758797,True,10000000,False,FIRST_N_SOLUTIONS,19,12.152522405113844,,
n=40:q=5:t=20:beta=7:seed=1,40,5,20,7,1,28,ok,False,,14401,7200,9.575052927597383,9.574299639236173,1.0007535721541425,0.000753288361210025,1022007,0.030897,1.78978,True,10000000,False,FIRST_N_SOLUTIONS,19,12.152522405113844,,
n=40:q=5:t=20:beta=7:seed=1,40,5,20,7,1,29,ok,False,,8071,4035,8.996032669324372,8.996471389260659,0.9995613762872316,-0.0004387199362874128,1029208,0.024703,1.814588,True,10000000,False,FIRST_N_SOLUTIONS,19,12.152522405113844,,
n=40:q=5:t=20:beta=7:seed=1,40,5,20,7,1,30,ok,False,,4343,2171,8.376320632534823,8.399374332681063,0.9772100060440265,-0.02305370014624053,1033244,0.024132,1.838844,True,10000000,False,FIRST_N_SOLUTIONS,19,12.152522405113844,,
n=40:q=5:t=20:beta=7:seed=1,40,5,20,7,1,31,ok,False,,2419,1209,7.791109510610028,7.816324890754313,0.9750998722587672,-0.02521538014428515,1035416,0.023389,1.862329,True,10000000,False,FIRST_N_SOLUTIONS,19,12.152522405113844,,
n=40:q=5:t=20:beta=7:seed=1,40,5,20,7,1,32,ok,False,,1173,586,7.067319848653476,7.101408998067768,0.966485339194853,-0.03408914941429231,1036626,0.022401,1.884821,True,10000000,False,FIRST_N_SOLUTIONS,19,12.152522405113844,,
n=40:q=5:t=20:beta=7:seed=1,40,5,20,7,1,33,ok,False,,529,264,6.270988431858299,6.348185135415626,0.9257077456898228,-0.07719670355732688,1037213,0.015993,1.900896,True,10000000,False,FIRST_N_SOLUTIONS,19,12.152522405113844,,
n=40:q=5:t=20:beta=7:seed=1,40,5,20,7,1,34,ok,False,,255,127,5.541263545158426,5.57241952690325,0.969324364377778,-0.031155981744824146,1037478,0.014708,1.915673,True,10000000,False,FIRST_N_SOLUTIONS,19,12.152522405113844,,
n=40:q=5:t=20:beta=7:seed=1,40,5,20,7,1,35,ok,False,,129,64,4.859812404361672,4.756831798492673,1.1084699110568745,0.10298060586899904,1037606,0.014198,1.929927,True,10000000,False,FIRST_N_SOLUTIONS,19,12.152522405113844,,
n=40:q=5:t=20:beta=7:seed=1,40,5,20,7,1,36,ok,False,,61,30,4.110873864173311,3.914088798099513,1.2174823343239283,0.1967850660737982,1037671,0.014174,1.944142,True,10000000,False,FIRST_N_SOLUTIONS,19,12.152522405113844,,
n=40:q=5:t=20:beta=7:seed=1,40,5,20,7,1,37,ok,False,,29,14,3.367295829986474,3.0080252990216536,1.4322842263977544,0.35927053096482053,1037702,0.014163,1.958355,True,10000000,False,FIRST_N_SOLUTIONS,19,12.152522405113844,,
n=40:q=5:t=20:beta=7:seed=1,40,5,20,7,1,38,ok,False,,7,3,1.9459101490553132,2.0139824011605576,0.9341929737296834,-0.06807225210524437,1037717,0.014563,1.972958,True,10000000,False,FIRST_N_SOLUTIONS,19,12.152522405113844,,
n=40:q=5:t=20:beta=7:seed=1,40,5,20,7,1,39,ok,False,,1,0,0.0,1.0576127905149058,0.3472838608984899,-1.0576127905149058,1037721,0.014463,1.98745,True,10000000,False,FIRST_N_SOLUTIONS,19,12.152522405113844,,
n=40:q=5:t=20:beta=7:seed=1,40,5,20,7,1,40,ok,True,rank_complete,1,0,0.0,0.0,1.0,0.0,1037722,0.014535,2.002045,True,10000000,False,FIRST_N_SOLUTIONS,19,12.152522405113844,,
n=40:q=5:t=20:beta=7:seed=2,40,5,20,7,2,1,ok,False,,5,2,1.6094379124341003,1.7284787934881374,0.8877715069851415,-0.1190408810540371,2,2.4e-05,4e-05,True,10000000,False,FIRST_N_SOLUTIONS,19,12.114063244969197,,
n=40:q=5:t=20:beta=7:seed=2,40,5,20,7,2,2,ok,False,,25,12,3.2188758248682006,3.2392588131163786,0.9798233406125924,-0.02038298824817808,15,1.7e-05,0.000105,True,10000000,False,FIRST_N_SOLUTIONS,19,12.114063244969197,,
n=40:q=5:t=20:beta=7:seed=2,40,5,20,7,2,3,ok,False,,87,43,4.465908118654584,4.501204640908537,0.9653191352095564,-0.03529652225395363,58,2.7e-05,0.000172,True,10000000,False,FIRST_N_SOLUTIONS,19,12.114063244969197,,
n=40:q=5:t=20:beta=7:seed=2,40,5,20,7,2,4,ok,False,,285,142,5.652489180268651,5.6641818559925206,0.9883754179514336,-0.011692675723869783,200,0.000315,0.000525,True,10000000,False,FIRST_N_SOLUTIONS,19,12.114063244969197,,
n=40:q=5:t=20:beta=7:seed=2,40,5,20,7,2,5,ok,False,,791,395,6.673297967767654,6.673751640478641,0.999546430182917,-0.00045367271098673,595,0.000249,0.000813,True,10000000,False,FIRST_N_SOLUTIONS,19,12.114063244969197,,
n=40:q=5:t=20:beta=7:seed=2,40,5,20,7,2,6,ok,False,,1911,955,7.555381944240273,7.57109176823978,0.9844129316218015,-0.015709823999507044,1550,0.000607,0.001457,True,10000000,False,FIRST_N_SOLUTIONS,19,12.114063244969197,,
n=40:q=5:t=20:beta=7:seed=2,40,5,20,7,2,7,ok,False,,4191,2095,8.340694647925071,8.340729872036059,0.9999647765093738,-3.522411098799694e-05,3645,0.001391,0.002887,True,10000000,False,FIRST_N_SOLUTIONS,19,12.114063244969197,,
n=40:q=5:t=20:beta=7:seed=2,40,5,20,7,2,8,ok,False,,8489,4244,9.046526486737967,9.041105666318355,1.0054355396513748,0.005420820419612227,7889,0.003065,0.005999,True,10000000,False,FIRST_N_SOLUTIONS,19,12.114063244969197,,
n=40:q=5:t=20:beta=7:seed=2,40,5,20,7,2,9,ok,False,,16273,8136,9.697262571660614,9.696667517812905,1.0005952309273722,0.0005950538477090817,16025,0.006442,0.012502,True,10000000,False,FIRST_N_SOLUTIONS,19,12.114063244969197,,
n=40:q=5:t=20:beta=7:seed=2,40,5,20,7,2,10,ok,False,,28427,14213,10.255094676741612,10.251903141493127,1.0031966336195401,0.0031915352484848114,30238,0.012992,0.02563,True,10000000,False,FIRST_N_SOLUTIONS,19,12.114063244969197,,
n=40:q=5:t=20:beta=7:seed=2,40,5,20,7,2,11,ok,False,,43661,21830,10.684210534101828,10.68544608297844,0.9987652140996365,-0.0012355488766129241,30248,0.023037,0.048815,True,10000000,False,FIRST_N_SOLUTIONS,19,12.114063244969197,,
n=40:q=5:t=20:beta=7:seed=2,40,5,20,7,2,12,ok,False,,66693,33346,11.107855278870101,11.110811583942851,0.9970480604940491,-0.0029563050727503537,52079,0.040586,0.089536,True,10000000,False,FIRST_N_SOLUTIONS,19,12.114063244969197,,
n=40:q=5:t=20:beta=7:seed=2,40,5,20,7,2,13,ok,False,,93043,46521,11.440817030868757,11.444360161292689,0.9964631390559547,-0.0035431304239317285,85426,0.079421,0.169052,True,10000000,False,FIRST_N_SOLUTIONS,19,12.114063244969197,,
n=40:q=5:t=20:beta=7:seed=2,40,5,20,7,2,14,ok,False,,119285,59642,11.689270866735798,11.68868840983669,1.0005826265600666,0.0005824568991084078,131948,0.120614,0.289763,True,10000000,False,FIRST_N_SOLUTIONS,19,12.114063244969197,,
n=40:q=5:t=20:beta=7:seed=2,40,5,20,7,2,15,ok,False,,138347,69173,11.837520300845526,11.836567461704941,1.0009532932360135,0.0009528391405844161,191591,0.111299,0.401154,True,10000000,False,FIRST_N_SOLUTIONS,19,12.114063244969197,,
n=40:q=5:t=20:beta=7:seed=2,40,5,20,7,2,16,ok,False,,160777,80388,11.987773590670676,11.986953301510386,1.0008206256894536,0.0008202891602895335,260765,0.126525,0.527761,True,10000000,False,FIRST_N_SOLUTIONS,19,12.114063244969197,,
n=40:q=5:t=20:beta=7:seed=2,40,5,20,7,2,17,ok,False,,168623,84311,12.03542073280221,12.036479362313806,0.9989419306389448,-0.0010586295115952993,341154,0.127458,0.655273,True,10000000,False,FIRST_N_SOLUTIONS,19,12.114063244969197,,
n=40:q=5:t=20:beta=7:seed=2,40,5,20,7,2,18,ok,False,,177247,88623,12.085299519004314,12.087084737522018,0.9982163740370475,-0.001785218517703413,425466,0.145869,0.801205,True,10000000,False,FIRST_N_SOLUTIONS,19,12.114063244969197,,
n=40:q=5:t=20:beta=7:seed=2,40,5,20,7,2,19,ok,False,,182289,91144,12.113348618747478,12.114063244969197,0.9992856290627854,-0.0007146262217183619,514090,0.143788,0.945071,True,10000000,False,FIRST_N_SOLUTIONS,19,12.114063244969197,,
n=40:q=5:t=20:beta=7:seed=2,40,5,20,7,2,20,ok,False,,167755,83877,12.030259860649045,12.026728041741794,1.003538063128636,0.0035318189072501838,605235,0.160866,1.106043,True,10000000,False,FIRST_N_SOLUTIONS,19,12.114063244969197,,
n=40:q=5:t=20:beta=7:seed=2,40,5,20,7,2,21,ok,False,,145657,72828,11.889009821651529,11.886413889373737,1.0025993046274868,0.002595932277792201,689113,0.137588,1.243699,True,10000000,False,FIRST_N_SOLUTIONS,19,12.114063244969197,,
n=40:q=5:t=20:beta=7:seed=2,40,5,20,7,2,22,ok,False,,122591,61295,11.716608890327977,11.713412861822162,1.0032011412502952,0.0031960285058154625,761942,0.143627,1.387418,True,10000000,False,FIRST_N_SOLUTIONS,19,12.114063244969197,,
n=40:q=5:t=20:beta=7:seed=2,40,5,20,7,2,23,ok,False,,95061,47530,11.462274069784455,11.460214354892384,1.002061837561903,0.0020597148920700192,823238,0.093209,1.480718,True,10000000,False,FIRST_N_SOLUTIONS,19,12.114063244969197,,
n=40:q=5:t=20:beta=7:seed=2,40,5,20,7,2,24,ok,False,,74935,37467,11.224376350079096,11.224882220257156,0.9994942577526857,-0.0005058701780598085,870769,0.076163,1.55694,True,10000000,False,FIRST_N_SOLUTIONS,19,12.114063244969197,,
n=40:q=5:t=20:beta=7:seed=2,40,5,20,7,2,25,ok,False,,54065,27032,10.897942305379637,10.892219290824032,1.0057394222890386,0.005723014555604422,908237,0.05427,1.611271,True,10000000,False,FIRST_N_SOLUTIONS,19,12.114063244969197,,
n=40:q=5:t=20:beta=7:seed=2,40,5,20,7,2,26,ok,False,,34963,17481,10.462045638444781,10.459226333937897,1.0028232824833327,0.0028193045068842792,935270,0.050201,1.661543,True,10000000,False,FIRST_N_SOLUTIONS,19,12.114063244969197,,
n=40:q=5:t=20:beta=7:seed=2,40,5,20,7,2,27,ok,False,,21363,10681,9.969415732650235,9.962476900856153,1.0069629612652433,0.00693883179408239,952752,0.037065,1.698712,True,10000000,False,FIRST_N_SOLUTIONS,19,12.114063244969197,,
n=40:q=5:t=20:beta=7:seed=2,40,5,20,7,2,28,ok,False,,12373,6186,9.423271958213975,9.420771624359809,1.0025034622956974,0.002500333854166925,963434,0.030286,1.729103,True,10000000,False,FIRST_N_SOLUTIONS,19,12.114063244969197,,
n=40:q=5:t=20:beta=7:seed=2,40,5,20,7,2,29,ok,False,,7013,3506,8.85552084853691,8.847803416218358,1.0077472884541634,0.007717432318552042,969621,0.025959,1.755174,True,10000000,False,FIRST_N_SOLUTIONS,19,12.114063244969197,,
n=40:q=5:t=20:beta=7:seed=2,40,5,20,7,2,30,ok,False,,3951,1975,8.281723990411392,8.266800872158772,1.0150350239495125,0.014923118252619716,973128,0.023385,1.778653,True,10000000,False,FIRST_N_SOLUTIONS,19,12.114063244969197,,
n=40:q=5:t=20:beta=7:seed=2,40,5,20,7,2,31,ok,False,,2053,1026,7.627057417018934,7.636154648357099,0.9909440232751427,-0.009097231338165201,975104,0.021777,1.800515,True,10000000,False,FIRST_N_SOLUTIONS,19,12.114063244969197,,
n=40:q=5:t=20:beta=7:seed=2,40,5,20,7,2,32,ok,False,,1095,547,6.9985096422506015,7.016728786781297,0.9819458207218853,-0.018219144530695175,976131,0.020853,1.821463,True,10000000,False,FIRST_N_SOLUTIONS,19,12.114063244969197,,
n=40:q=5:t=20:beta=7:seed=2,40,5,20,7,2,33,ok,False,,501,250,6.2166061010848646,6.283874246783213,0.9349444663846734,-0.06726814569834882,976679,0.0161,1.837628,True,10000000,False,FIRST_N_SOLUTIONS,19,12.114063244969197,,
n=40:q=5:t=20:beta=7:seed=2,40,5,20,7,2,34,ok,False,,209,104,5.342334251964811,5.47478381586912,0.8759471123444831,-0.1324495639043093,976930,0.014142,1.851826,True,10000000,False,FIRST_N_SOLUTIONS,19,12.114063244969197,,
n=40:q=5:t=20:beta=7:seed=2,40,5,20,7,2,35,ok,False,,91,45,4.51085950651685,4.702062655364941,0.8259647773134069,-0.19120314884809098,977035,0.013807,1.865675,True,10000000,False,FIRST_N_SOLUTIONS,19,12.114063244969197,,
n=40:q=5:t=20:beta=7:seed=2,40,5,20,7,2,36,ok,False,,37,18,3.6109179126442243,3.8575165629194395,0.7814542670558582,-0.2465986502752151,977081,0.013832,1.879553,True,10000000,False,FIRST_N_SOLUTIONS,19,12.114063244969197,,
n=40:q=5:t=20:beta=7:seed=2,40,5,20,7,2,37,ok,False,,15,7,2.70805020110221,2.9375535827702777,0.7949282804497135,-0.2295033816680676,977100,0.013909,1.893514,True,10000000,False,FIRST_N_SOLUTIONS,19,12.114063244969197,,
n=40:q=5:t=20:beta=7:seed=2,40,5,20,7,2,38,ok,False,,5,2,1.6094379124341003,1.9753365640097336,0.6935730901877307,-0.3658986515756333,977108,0.013804,1.907365,True,10000000,False,FIRST_N_SOLUTIONS,19,12.114063244969197,,
n=40:q=5:t=20:beta=7:seed=2,40,5,20,7,2,39,ok,False,,5,2,1.6094379124341003,1.0273004796066907,1.7898600506959765,0.5821374328274096,977111,0.013984,1.921395,True,10000000,False,FIRST_N_SOLUTIONS,19,12.114063244969197,,
n=40:q=5:t=20:beta=7:seed=2,40,5,20,7,2,40,ok,True,rank_complete,5,2,1.6094379124341003,0.0,4.999999999999999,1.6094379124341003,977114,0.014198,1.935635,True,10000000,False,FIRST_N_SOLUTIONS,19,12.114063244969197,,
n=40:q=5:t=30:beta=14:seed=0,40,5,30,14,0,1,ok,False,,5,2,1.6094379124341003,1.5815321272626073,1.0282987988624799,0.027905785171493003,2,1.6e-05,3.5e-05,True,10000000,False,FIRST_N_SOLUTIONS,17,11.374665046861052,,
n=40:q=5:t=30:beta=14:seed=0,40,5,30,14,0,2,ok,False,,21,10,3.044522437723423,3.012660557651701,1.0323749039096137,0.03186188007172186,13,9e-06,9.4e-05,True,10000000,False,FIRST_N_SOLUTIONS,17,11.374665046861052,,
n=40:q=5:t=30:beta=14:seed=0,40,5,30,14,0,3,ok,False,,77,38,4.343805421853684,4.282658445390929,1.0630551467908451,0.06114697646275502,51,2e-05,0.000149,True,10000000,False,FIRST_N_SOLUTIONS,17,11.374665046861052,,
n=40:q=5:t=30:beta=14:seed=0,40,5,30,14,0,4,ok,False,,235,117,5.459585514144159,5.421479423442166,1.0388414384499653,0.03810609070199256,168,0.000104,0.000286,True,10000000,False,FIRST_N_SOLUTIONS,17,11.374665046861052,,
n=40:q=5:t=30:beta=14:seed=0,40,5,30,14,0,5,ok,False,,627,313,6.440946540632921,6.41576645113978,1.0254997856324173,0.025180089493140656,481,0.000158,0.00049,True,10000000,False,FIRST_N_SOLUTIONS,17,11.374665046861052,,
n=40:q=5:t=30:beta=14:seed=0,40,5,30,14,0,6,ok,False,,1511,755,7.32052696227274,7.316939833624458,1.0035935700940468,0.003587128648281812,1236,0.000446,0.000974,True,10000000,False,FIRST_N_SOLUTIONS,17,11.374665046861052,,
n=40:q=5:t=30:beta=14:seed=0,40,5,30,14,0,7,ok,False,,3249,1624,8.0861025356691,8.085989756407315,1.0001127856216054,0.00011277926178543396,2860,0.00098,0.001989,True,10000000,False,FIRST_N_SOLUTIONS,17,11.374665046861052,,
n=40:q=5:t=30:beta=14:seed=0,40,5,30,14,0,8,ok,False,,6303,3151,8.74878098951311,8.759302269190325,0.9895338753823931,-0.01052127967721539,6011,0.002034,0.004074,True,10000000,False,FIRST_N_SOLUTIONS,17,11.374665046861052,,
n=40:q=5:t=30:beta=14:seed=0,40,5,30,14,0,9,ok,False,,11031,5515,9.308464769969381,9.311568243385075,0.996901337379915,-0.003103473415693614,11526,0.003965,0.008091,True,10000000,False,FIRST_N_SOLUTIONS,17,11.374665046861052,,
n=40:q=5:t=30:beta=14:seed=0,40,5,30,14,0,10,ok,False,,17579,8789,9.774460286799892,9.776429356233699,0.9980328679116127,-0.001969069433807036,20315,0.006922,0.015071,True,10000000,False,FIRST_N_SOLUTIONS,17,11.374665046861052,,
n=40:q=5:t=30:beta=14:seed=0,40,5,30,14,0,11,ok,False,,26483,13241,10.184258296685131,10.177565842898353,1.0067148982973022,0.006692453786778074,20325,0.011045,0.026169,True,10000000,False,FIRST_N_SOLUTIONS,17,11.374665046861052,,
n=40:q=5:t=30:beta=14:seed=0,40,5,30,14,0,12,ok,False,,39065,19532,10.572982204430845,10.567682684411283,1.0053135873147738,0.005299520019562465,33567,0.017876,0.044112,True,10000000,False,FIRST_N_SOLUTIONS,17,11.374665046861052,,
n=40:q=5:t=30:beta=14:seed=0,40,5,30,14,0,13,ok,False,,50611,25305,10.83192422295384,10.828075798771055,1.0038558388757066,0.0038484241827845267,53100,0.024206,0.068384,True,10000000,False,FIRST_N_SOLUTIONS,17,11.374665046861052,,
n=40:q=5:t=30:beta=14:seed=0,40,5,30,14,0,14,ok,False,,62275,31137,11.039315340130381,11.038297254331429,1.001018604224218,0.0010180857989521286,78406,0.026297,0.094739,True,10000000,False,FIRST_N_SOLUTIONS,17,11.374665046861052,,
n=40:q=5:t=30:beta=14:seed=0,40,5,30,14,0,15,ok,False,,74405,37202,11.217278422864151,11.217964607550938,0.9993140506840864,-0.0006861846867867172,109544,0.035512,0.130303,True,10000000,False,FIRST_N_SOLUTIONS,17,11.374665046861052,,
n=40:q=5:t=30:beta=14:seed=0,40,5,30,14,0,16,ok,False,,82461,41230,11.320080733279282,11.32545410352299,0.9946410404872285,-0.005373370243708209,146747,0.047826,0.178181,True,10000000,False,FIRST_N_SOLUTIONS,17,11.374665046861052,,
n=40:q=5:t=30:beta=14:seed=0,40,5,30,14,0,17,ok,False,,86683,43341,11.370013065111372,11.374665046861052,0.9953588219580437,-0.0046519817496797344,187978,0.059926,0.238166,True,10000000,False,FIRST_N_SOLUTIONS,17,11.374665046861052,,
n=40:q=5:t=30:beta=14:seed=0,40,5,30,14,0,18,ok,False,,83281,41640,11.329975710901676,11.331063239386257,0.9989130626602067,-0.0010875284845806021,231320,0.062272,0.300542,True,10000000,False,FIRST_N_SOLUTIONS,17,11.374665046861052,,
n=40:q=5:t=30:beta=14:seed=0,40,5,30,14,0,19,ok,False,,78323,39161,11.268596580863035,11.266836209976493,1.0017619212489752,0.0017603708865419065,272961,0.057121,0.357754,True,10000000,False,FIRST_N_SOLUTIONS,17,11.374665046861052,,
n=40:q=5:t=30:beta=14:seed=0,40,5,30,14,0,20,ok,False,,70905,35452,11.169096231895447,11.17016275447196,0.998934045956554,-0.0010665225765134068,312123,0.056422,0.414259,True,10000000,False,FIRST_N_SOLUTIONS,17,11.374665046861052,,
n=40:q=5:t=30:beta=14:seed=0,40,5,30,14,0,21,ok,False,,59937,29968,11.001049289568058,11.002401965425776,0.9986482385959047,-0.001352675857717145,347576,0.045254,0.459613,True,10000000,False,FIRST_N_SOLUTIONS,17,11.374665046861052,,
n=40:q=5:t=30:beta=14:seed=0,40,5,30,14,0,22,ok,False,,48351,24175,10.786242183190828,10.782905110822998,1.0033426465926292,0.003337072367829208,377545,0.041383,0.50109,True,10000000,False,FIRST_N_SOLUTIONS,17,11.374665046861052,,
n=40:q=5:t=30:beta=14:seed=0,40,5,30,14,0,23,ok,False,,36969,18484,10.517835002606233,10.51721874492845,1.000616447603559,0.000616257677783949,401721,0.030954,0.532137,True,10000000,False,FIRST_N_SOLUTIONS,17,11.374665046861052,,
n=40:q=5:t=30:beta=14:seed=0,40,5,30,14,0,24,ok,False,,28537,14268,10.258956769878603,10.240619868853805,1.01850605432836,0.01833690102479757,420206,0.024011,0.556229,True,10000000,False,FIRST_N_SOLUTIONS,17,11.374665046861052,,
n=40:q=5:t=30:beta=14:seed=0,40,5,30,14,0,25,ok,False,,20913,10456,9.94812625415451,9.924822599884248,1.0235773059819562,0.023303654270261376,434475,0.020165,0.576477,True,10000000,False,FIRST_N_SOLUTIONS,17,11.374665046861052,,
n=40:q=5:t=30:beta=14:seed=0,40,5,30,14,0,26,ok,False,,13603,6801,9.51804563563343,9.5009854767439,1.0172065144989304,0.01706015888952983,444932,0.014815,0.591377,True,10000000,False,FIRST_N_SOLUTIONS,17,11.374665046861052,,
n=40:q=5:t=30:beta=14:seed=0,40,5,30,14,0,27,ok,False,,9147,4573,9.121181235656364,9.103676386233275,1.0176589571976395,0.017504849423088942,451734,0.011937,0.603396,True,10000000,False,FIRST_N_SOLUTIONS,17,11.374665046861052,,
n=40:q=5:t=30:beta=14:seed=0,40,5,30,14,0,28,ok,False,,5267,2633,8.569216219483389,8.563902897546914,1.00532746266513,0.005313321936474935,456308,0.009279,0.61276,True,10000000,False,FIRST_N_SOLUTIONS,17,11.374665046861052,,
n=40:q=5:t=30:beta=14:seed=0,40,5,30,14,0,29,ok,False,,3061,1530,8.026496938945412,8.00600061336679,1.0207078177256763,0.020496325578621466,458942,0.008137,0.620973,True,10000000,False,FIRST_N_SOLUTIONS,17,11.374665046861052,,
n=40:q=5:t=30:beta=14:seed=0,40,5,30,14,0,30,ok,False,,1729,864,7.455298485683291,7.427791690520472,1.0278885997539169,0.027506795162818953,460473,0.007372,0.628417,True,10000000,False,FIRST_N_SOLUTIONS,17,11.374665046861052,,
n=40:q=5:t=30:beta=14:seed=0,40,5,30,14,0,31,ok,False,,895,447,6.796823718274855,6.817303271544077,0.9797287285192703,-0.020479553269221462,461338,0.006942,0.635419,True,10000000,False,FIRST_N_SOLUTIONS,17,11.374665046861052,,
n=40:q=5:t=30:beta=14:seed=0,40,5,30,14,0,32,ok,False,,529,264,6.270988431858299,6.192365336076094,1.0817965115543906,0.07862309578220561,461786,0.006825,0.642292,True,10000000,False,FIRST_N_SOLUTIONS,17,11.374665046861052,,
n=40:q=5:t=30:beta=14:seed=0,40,5,30,14,0,33,ok,False,,331,165,5.802118375377063,5.550713255276847,1.2858308947696337,0.2514051201002161,462051,0.006689,0.649012,True,10000000,False,FIRST_N_SOLUTIONS,17,11.374665046861052,,
n=40:q=5:t=30:beta=14:seed=0,40,5,30,14,0,34,ok,False,,205,102,5.3230099791384085,4.873946412894597,1.5668442524377355,0.4490635662438116,462217,0.006565,0.655615,True,10000000,False,FIRST_N_SOLUTIONS,17,11.374665046861052,,
n=40:q=5:t=30:beta=14:seed=0,40,5,30,14,0,35,ok,False,,129,64,4.859812404361672,4.112146016825108,2.1120655188309114,0.7476663875365643,462320,0.00654,0.662186,True,10000000,False,FIRST_N_SOLUTIONS,17,11.374665046861052,,
n=40:q=5:t=30:beta=14:seed=0,40,5,30,14,0,36,ok,False,,107,53,4.672828834461906,3.316047519079177,3.883672844859135,1.3567813153827286,462385,0.006586,0.668819,True,10000000,False,FIRST_N_SOLUTIONS,17,11.374665046861052,,
n=40:q=5:t=30:beta=14:seed=0,40,5,30,14,0,37,ok,False,,89,44,4.48863636973214,2.5064371515614496,7.258688884968977,1.98219921817069,462439,0.006543,0.675397,True,10000000,False,FIRST_N_SOLUTIONS,17,11.374665046861052,,
n=40:q=5:t=30:beta=14:seed=0,40,5,30,14,0,38,ok,False,,89,44,4.48863636973214,1.6836704067333557,16.52651338353329,2.804965962998784,462484,0.006547,0.681978,True,10000000,False,FIRST_N_SOLUTIONS,17,11.374665046861052,,
n=40:q=5:t=30:beta=14:seed=0,40,5,30,14,0,39,ok,False,,85,42,4.442651256490317,0.8480845528123666,36.39992461696134,3.59456670367795,462529,0.006532,0.688541,True,10000000,False,FIRST_N_SOLUTIONS,17,11.374665046861052,,
n=40:q=5:t=30:beta=14:seed=0,40,5,30,14,0,40,ok,True,rank_complete,85,42,4.442651256490317,0.0,85.00000000000001,4.442651256490317,462572,0.00658,0.695165,True,10000000,False,FIRST_N_SOLUTIONS,17,11.374665046861052,,
n=40:q=5:t=30:beta=14:seed=1,40,5,30,14,1,1,ok,False,,5,2,1.6094379124341003,1.5815321272626073,1.0282987988624799,0.027905785171493003,2,1.7e-05,3.2e-05,True,10000000,False,FIRST_N_SOLUTIONS,18,11.539526534447717,,
n=40:q=5:t=30:beta=14:seed=1,40,5,30,14,1,2,ok,False,,19,9,2.9444389791664403,2.9411101358313645,1.003334390087099,0.0033288433350757707,12,1.3e-05,9.4e-05,True,10000000,False,FIRST_N_SOLUTIONS,18,11.539526534447717,,
n=40:q=5:t=30:beta=14:seed=1,40,5,30,14,1,3,ok,False,,59,29,4.07753744390572,4.038175030414183,1.0401473787933515,0.039362413491536685,41,2.5e-05,0.000157,True,10000000,False,FIRST_N_SOLUTIONS,18,11.539526534447717,,
n=40:q=5:t=30:beta=14:seed=1,40,5,30,14,1,4,ok,False,,173,86,5.153291594497779,5.112490604851534,1.0416447868193652,0.0408009896462449,127,0.000104,0.000298,True,10000000,False,FIRST_N_SOLUTIONS,18,11.539526534447717,,
n=40:q=5:t=30:beta=14:seed=1,40,5,30,14,1,5,ok,False,,485,242,6.184148890937483,6.124535422746484,1.0614261922567625,0.05961346819099944,369,0.000284,0.000617,True,10000000,False,FIRST_N_SOLUTIONS,18,11.539526534447717,,
n=40:q=5:t=30:beta=14:seed=1,40,5,30,14,1,6,ok,False,,1127,563,7.027314514039777,7.0044187807308225,1.0231598524931307,0.022895733308954114,932,0.000374,0.001029,True,10000000,False,FIRST_N_SOLUTIONS,18,11.539526534447717,,
n=40:q=5:t=30:beta=14:seed=1,40,5,30,14,1,7,ok,False,,2455,1227,7.805882040228621,7.806156270628978,0.9997258071973618,-0.00027423040035756685,2159,0.000793,0.001859,True,10000000,False,FIRST_N_SOLUTIONS,18,11.539526534447717,,
n=40:q=5:t=30:beta=14:seed=1,40,5,30,14,1,8,ok,False,,4925,2462,8.502079553606189,8.504944942585535,0.9971387123294382,-0.002865388979346406,4621,0.001162,0.003162,True,10000000,False,FIRST_N_SOLUTIONS,18,11.539526534447717,,
n=40:q=5:t=30:beta=14:seed=1,40,5,30,14,1,9,ok,False,,8327,4163,9.02725852623582,9.04201123886935,0.9853555754630783,-0.014752712633530507,8784,0.002202,0.005403,True,10000000,False,FIRST_N_SOLUTIONS,18,11.539526534447717,,
n=40:q=5:t=30:beta=14:seed=1,40,5,30,14,1,10,ok,False,,14509,7254,9.582524425515684,9.590615120792688,0.9919419463076704,-0.008090695277003235,16038,0.00411,0.009546,True,10000000,False,FIRST_N_SOLUTIONS,18,11.539526534447717,,
n=40:q=5:t=30:beta=14:seed=1,40,5,30,14,1,11,ok,False,,22911,11455,10.039372423556493,10.037201435311813,1.0021733465459657,0.0021709882446803164,16048,0.007841,0.017429,True,10000000,False,FIRST_N_SOLUTIONS,18,11.539526534447717,,
n=40:q=5:t=30:beta=14:seed=1,40,5,30,14,1,12,ok,False,,33953,16976,10.432732494325869,10.424436783605733,1.0083302154761395,0.008295710720135574,27504,0.01362,0.031099,True,10000000,False,FIRST_N_SOLUTIONS,18,11.539526534447717,,
n=40:q=5:t=30:beta=14:seed=1,40,5,30,14,1,13,ok,False,,50179,25089,10.823351891463572,10.816549509373267,1.006825570841118,0.006802382090304704,44481,0.024084,0.055243,True,10000000,False,FIRST_N_SOLUTIONS,18,11.539526534447717,,
n=40:q=5:t=30:beta=14:seed=1,40,5,30,14,1,14,ok,False,,68217,34108,11.130449079631902,11.124638360904873,1.0058276336999366,0.00581071872702843,69571,0.036186,0.09152,True,10000000,False,FIRST_N_SOLUTIONS,18,11.539526534447717,,
n=40:q=5:t=30:beta=14:seed=1,40,5,30,14,1,15,ok,False,,81047,40523,11.302784512290009,11.30130261793222,1.0014829929058087,0.001481894357787894,103680,0.050125,0.141724,True,10000000,False,FIRST_N_SOLUTIONS,18,11.539526534447717,,
n=40:q=5:t=30:beta=14:seed=1,40,5,30,14,1,16,ok,False,,94387,47193,11.455158630786036,11.457016302882487,0.9981440523084001,-0.0018576720964507132,144204,0.060089,0.201896,True,10000000,False,FIRST_N_SOLUTIONS,18,11.539526534447717,,
n=40:q=5:t=30:beta=14:seed=1,40,5,30,14,1,17,ok,False,,100103,50051,11.51395493488419,11.518900906930044,0.9950662391335389,-0.004945972045854674,191398,0.068386,0.270357,True,10000000,False,FIRST_N_SOLUTIONS,18,11.539526534447717,,
n=40:q=5:t=30:beta=14:seed=1,40,5,30,14,1,18,ok,False,,102039,51019,11.533110372129325,11.539526534447717,0.9936043772990724,-0.006416162318391372,241450,0.072356,0.342791,True,10000000,False,FIRST_N_SOLUTIONS,18,11.539526534447717,,
n=40:q=5:t=30:beta=14:seed=1,40,5,30,14,1,19,ok,False,,96515,48257,11.477453715661976,11.485465228546836,0.9920204937535929,-0.008011512884859684,292470,0.069301,0.412149,True,10000000,False,FIRST_N_SOLUTIONS,18,11.539526534447717,,
n=40:q=5:t=30:beta=14:seed=1,40,5,30,14,1,20,ok,False,,82451,41225,11.31995945647696,11.328985399502244,0.991014668520782,-0.009025943025283922,340728,0.063307,0.475535,True,10000000,False,FIRST_N_SOLUTIONS,18,11.539526534447717,,
n=40:q=5:t=30:beta=14:seed=1,40,5,30,14,1,21,ok,False,,67587,33793,11.121170935845253,11.125767540593486,0.9954139434711852,-0.004596604748233091,381954,0.056425,0.532043,True,10000000,False,FIRST_N_SOLUTIONS,18,11.539526534447717,,
n=40:q=5:t=30:beta=14:seed=1,40,5,30,14,1,22,ok,False,,53349,26674,10.88461051241177,10.880303520963526,1.0043162798661698,0.004306991448244091,415748,0.045538,0.577637,True,10000000,False,FIRST_N_SOLUTIONS,18,11.539526534447717,,
n=40:q=5:t=30:beta=14:seed=1,40,5,30,14,1,23,ok,False,,43029,21514,10.669629585962323,10.66919679293213,1.0004328866986085,0.00043279303019261306,442423,0.038409,0.616134,True,10000000,False,FIRST_N_SOLUTIONS,18,11.539526534447717,,
n=40:q=5:t=30:beta=14:seed=1,40,5,30,14,1,24,ok,False,,32961,16480,10.403080323368991,10.389530312618245,1.0136422281914497,0.013550010750746466,463938,0.028137,0.644333,True,10000000,False,FIRST_N_SOLUTIONS,18,11.539526534447717,,
n=40:q=5:t=30:beta=14:seed=1,40,5,30,14,1,25,ok,False,,23835,11917,10.078910367638926,10.061250650239803,1.017816572185076,0.01765971739912331,480419,0.022205,0.666593,True,10000000,False,FIRST_N_SOLUTIONS,18,11.539526534447717,,
n=40:q=5:t=30:beta=14:seed=1,40,5,30,14,1,26,ok,False,,15923,7961,9.675519883856426,9.658910279145399,1.0167483110839055,0.016609604711026904,492337,0.016439,0.683088,True,10000000,False,FIRST_N_SOLUTIONS,18,11.539526534447717,,
n=40:q=5:t=30:beta=14:seed=1,40,5,30,14,1,27,ok,False,,10461,5230,9.25540933534376,9.224814932444431,1.0310672211896208,0.0305944028993288,500299,0.013919,0.697072,True,10000000,False,FIRST_N_SOLUTIONS,18,11.539526534447717,,
n=40:q=5:t=30:beta=14:seed=1,40,5,30,14,1,28,ok,False,,6375,3187,8.760139370026627,8.714258940017558,1.0469492197638188,0.04588043000906872,505530,0.01069,0.707824,True,10000000,False,FIRST_N_SOLUTIONS,18,11.539526534447717,,
n=40:q=5:t=30:beta=14:seed=1,40,5,30,14,1,29,ok,False,,3575,1787,8.181720455128108,8.143839000304837,1.0386081035992576,0.0378814548232711,508718,0.009019,0.716892,True,10000000,False,FIRST_N_SOLUTIONS,18,11.539526534447717,,
n=40:q=5:t=30:beta=14:seed=1,40,5,30,14,1,30,ok,False,,2045,1022,7.623153068476902,7.57864218733603,1.0455163530592833,0.044510881140872094,510506,0.00821,0.725161,True,10000000,False,FIRST_N_SOLUTIONS,18,11.539526534447717,,
n=40:q=5:t=30:beta=14:seed=1,40,5,30,14,1,31,ok,False,,1079,539,6.983789965258135,6.910028996445519,1.0765494458466356,0.07376096881261596,511529,0.007587,0.732814,True,10000000,False,FIRST_N_SOLUTIONS,18,11.539526534447717,,
n=40:q=5:t=30:beta=14:seed=1,40,5,30,14,1,32,ok,False,,547,273,6.304448802421981,6.20835685900262,1.1008602761990416,0.09609194341936078,512069,0.007579,0.740443,True,10000000,False,FIRST_N_SOLUTIONS,18,11.539526534447717,,
n=40:q=5:t=30:beta=14:seed=1,40,5,30,14,1,33,ok,False,,305,152,5.720311776607412,5.551712256608184,1.1836460174342431,0.16859951999922806,512343,0.007334,0.747815,True,10000000,False,FIRST_N_SOLUTIONS,18,11.539526534447717,,
n=40:q=5:t=30:beta=14:seed=1,40,5,30,14,1,34,ok,False,,181,90,5.198497031265826,4.830440724399779,1.4449233957914795,0.3680563068660474,512496,0.007339,0.755184,True,10000000,False,FIRST_N_SOLUTIONS,18,11.539526534447717,,
n=40:q=5:t=30:beta=14:seed=1,40,5,30,14,1,35,ok,False,,109,54,4.6913478822291435,4.112146016825108,1.784613500407514,0.5792018654040358,512587,0.007377,0.762602,True,10000000,False,FIRST_N_SOLUTIONS,18,11.539526534447717,,
n=40:q=5:t=30:beta=14:seed=1,40,5,30,14,1,36,ok,False,,93,46,4.532599493153256,3.316047519079177,3.3755287343168208,1.2165519740740791,512642,0.007447,0.770084,True,10000000,False,FIRST_N_SOLUTIONS,18,11.539526534447717,,
n=40:q=5:t=30:beta=14:seed=1,40,5,30,14,1,37,ok,False,,91,45,4.51085950651685,2.5064371515614496,7.421805489125582,2.0044223549554,512689,0.008384,0.7785,True,10000000,False,FIRST_N_SOLUTIONS,18,11.539526534447717,,
n=40:q=5:t=30:beta=14:seed=1,40,5,30,14,1,38,ok,False,,79,39,4.3694478524670215,1.6836704067333557,14.669601767405956,2.685777445733666,512735,0.00877,0.787306,True,10000000,False,FIRST_N_SOLUTIONS,18,11.539526534447717,,
n=40:q=5:t=30:beta=14:seed=1,40,5,30,14,1,39,ok,False,,81,40,4.394449154672439,0.8480845528123737,34.686986987927625,3.5463646018600654,512775,0.008872,0.796254,True,10000000,False,FIRST_N_SOLUTIONS,18,11.539526534447717,,
n=40:q=5:t=30:beta=14:seed=1,40,5,30,14,1,40,ok,True,rank_complete,81,40,4.394449154672439,0.0,81.00000000000003,4.394449154672439,512816,0.008753,0.80508,True,10000000,False,FIRST_N_SOLUTIONS,18,11.539526534447717,,
n=40:q=5:t=30:beta=14:seed=2,40,5,30,14,2,1,ok,False,,5,2,1.6094379124341003,1.7497682455732138,0.8690711049908478,-0.14033033313911347,2,1.1e-05,2e-05,True,10000000,False,FIRST_N_SOLUTIONS,17,11.421161882967931,,
n=40:q=5:t=30:beta=14:seed=2,40,5,30,14,2,2,ok,False,,23,11,3.1354942159291497,3.1565015938775915,0.9792117399690771,-0.021007377948441874,14,7e-06,5.3e-05,True,10000000,False,FIRST_N_SOLUTIONS,17,11.421161882967931,,
n=40:q=5:t=30:beta=14:seed=2,40,5,30,14,2,3,ok,False,,75,37,4.31748811353631,4.406778615591171,0.9145798476542799,-0.08929050205486089,51,1.4e-05,8.7e-05,True,10000000,False,FIRST_N_SOLUTIONS,17,11.421161882967931,,
n=40:q=5:t=30:beta=14:seed=2,40,5,30,14,2,4,ok,False,,233,116,5.4510384535657,5.503574620579887,0.9488200044486792,-0.0525361670141864,167,8.6e-05,0.000189,True,10000000,False,FIRST_N_SOLUTIONS,17,11.421161882967931,,
n=40:q=5:t=30:beta=14:seed=2,40,5,30,14,2,5,ok,False,,637,318,6.456769655572163,6.463701470133886,0.9930921550485604,-0.00693181456172276,485,0.000115,0.000321,True,10000000,False,FIRST_N_SOLUTIONS,17,11.421161882967931,,
n=40:q=5:t=30:beta=14:seed=2,40,5,30,14,2,6,ok,False,,1491,745,7.307202314764738,7.311979940294388,0.9952337691694431,-0.004777625529650109,1230,0.000309,0.00065,True,10000000,False,FIRST_N_SOLUTIONS,17,11.421161882967931,,
n=40:q=5:t=30:beta=14:seed=2,40,5,30,14,2,7,ok,False,,3331,1665,8.11102783819368,8.113069159645095,0.9979607606282468,-0.0020413214514150013,2895,0.000687,0.001355,True,10000000,False,FIRST_N_SOLUTIONS,17,11.421161882967931,,
n=40:q=5:t=30:beta=14:seed=2,40,5,30,14,2,8,ok,False,,6595,3297,8.794067065151415,8.782389658716067,1.0117458535145298,0.011677406435348203,6192,0.001596,0.002975,True,10000000,False,FIRST_N_SOLUTIONS,17,11.421161882967931,,
n=40:q=5:t=30:beta=14:seed=2,40,5,30,14,2,9,ok,False,,11757,5878,9.372204086867741,9.369757461774139,1.0024496205231765,0.0024466250936026057,12070,0.002999,0.006001,True,10000000,False,FIRST_N_SOLUTIONS,17,11.421161882967931,,
n=40:q=5:t=30:beta=14:seed=2,40,5,30,14,2,10,ok,False,,19737,9868,9.890250325754108,9.888468148515123,1.001783766260673,0.0017821772389847723,21938,0.005621,0.011652,True,10000000,False,FIRST_N_SOLUTIONS,17,11.421161882967931,,
n=40:q=5:t=30:beta=14:seed=2,40,5,30,14,2,11,ok,False,,29947,14973,10.307184431581645,10.304196611113689,1.002992288452267,0.0029878204679558706,21948,0.00982,0.021512,True,10000000,False,FIRST_N_SOLUTIONS,17,11.421161882967931,,
n=40:q=5:t=30:beta=14:seed=2,40,5,30,14,2,12,ok,False,,41781,20890,10.640196969721202,10.641158389645314,0.9990390420919478,-0.000961419924111695,36922,0.016602,0.038181,True,10000000,False,FIRST_N_SOLUTIONS,17,11.421161882967931,,
n=40:q=5:t=30:beta=14:seed=2,40,5,30,14,2,13,ok,False,,56025,28012,10.933553298669128,10.935085014242967,0.9984694569037508,-0.0015317155738383548,57813,0.027059,0.065319,True,10000000,False,FIRST_N_SOLUTIONS,17,11.421161882967931,,
n=40:q=5:t=30:beta=14:seed=2,40,5,30,14,2,14,ok,False,,69239,34619,11.145319566667077,11.142783845548648,1.0025389387783454,0.002535721118428924,85826,0.036419,0.101821,True,10000000,False,FIRST_N_SOLUTIONS,17,11.421161882967931,,
n=40:q=5:t=30:beta=14:seed=2,40,5,30,14,2,15,ok,False,,77975,38987,11.264143541476004,11.26004445553487,1.0041074986848353,0.004099085941133396,120446,0.048879,0.150783,True,10000000,False,FIRST_N_SOLUTIONS,17,11.421161882967931,,
n=40:q=5:t=30:beta=14:seed=2,40,5,30,14,2,16,ok,False,,85935,42967,11.361346475510787,11.358425789008221,1.0029249558628652,0.002920686502566383,159434,0.053196,0.20407,True,10000000,False,FIRST_N_SOLUTIONS,17,11.421161882967931,,
n=40:q=5:t=30:beta=14:seed=2,40,5,30,14,2,17,ok,False,,91147,45573,11.420228866784042,11.421161882967931,0.9990674189403735,-0.0009330161838896345,202402,0.062414,0.266589,True,10000000,False,FIRST_N_SOLUTIONS,17,11.421161882967931,,
n=40:q=5:t=30:beta=14:seed=2,40,5,30,14,2,18,ok,False,,87153,43576,11.375420473763613,11.377244685829755,0.9981774507973973,-0.001824212066141584,247976,0.061645,0.328326,True,10000000,False,FIRST_N_SOLUTIONS,17,11.421161882967931,,
n=40:q=5:t=30:beta=14:seed=2,40,5,30,14,2,19,ok,False,,80035,40017,11.290219317980798,11.29434306034683,0.9958847485840125,-0.004123742366031635,291553,0.061132,0.389563,True,10000000,False,FIRST_N_SOLUTIONS,17,11.421161882967931,,
n=40:q=5:t=30:beta=14:seed=2,40,5,30,14,2,20,ok,False,,68601,34300,11.136062390867204,11.13843717378364,0.9976280346497042,-0.0023747829164353362,331571,0.055726,0.445384,True,10000000,False,FIRST_N_SOLUTIONS,17,11.421161882967931,,
n=40:q=5:t=30:beta=14:seed=2,40,5,30,14,2,21,ok,False,,56599,28299,10.943746596190673,10.949537322474995,0.9942260076549922,-0.005790726284322645,365872,0.045017,0.490493,True,10000000,False,FIRST_N_SOLUTIONS,17,11.421161882967931,,
n=40:q=5:t=30:beta=14:seed=2,40,5,30,14,2,22,ok,False,,48423,24211,10.78773018644139,10.788785707290614,0.9989450360169622,-0.001055520849224223,394172,0.03965,0.530233,True,10000000,False,FIRST_N_SOLUTIONS,17,11.421161882967931,,
n=40:q=5:t=30:beta=14:seed=2,40,5,30,14,2,23,ok,False,,39319,19659,10.579463141587746,10.58147568830401,0.9979894770979774,-0.002012546716263941,418384,0.032826,0.563162,True,10000000,False,FIRST_N_SOLUTIONS,17,11.421161882967931,,
n=40:q=5:t=30:beta=14:seed=2,40,5,30,14,2,24,ok,False,,29297,14648,10.285240400684541,10.28951322830503,0.9957362879197836,-0.004272827620487973,438044,0.025871,0.589132,True,10000000,False,FIRST_N_SOLUTIONS,17,11.421161882967931,,
n=40:q=5:t=30:beta=14:seed=2,40,5,30,14,2,25,ok,False,,20699,10349,9.937840668907791,9.931329566362582,1.0065323458541466,0.0065111025452093685,452693,0.020561,0.609748,True,10000000,False,FIRST_N_SOLUTIONS,17,11.421161882967931,,
n=40:q=5:t=30:beta=14:seed=2,40,5,30,14,2,26,ok,False,,14027,7013,9.54873932271967,9.54576463629553,1.0029791151941134,0.002974686424140671,463043,0.01567,0.625506,True,10000000,False,FIRST_N_SOLUTIONS,17,11.421161882967931,,
n=40:q=5:t=30:beta=14:seed=2,40,5,30,14,2,27,ok,False,,8917,4458,9.095714846134879,9.09185807180328,1.0038642212563462,0.0038567743315987,470057,0.012643,0.638213,True,10000000,False,FIRST_N_SOLUTIONS,17,11.421161882967931,,
n=40:q=5:t=30:beta=14:seed=2,40,5,30,14,2,28,ok,False,,5237,2618,8.563504094279487,8.584212803079357,0.9795042439845141,-0.020708708799869413,474516,0.009617,0.647925,True,10000000,False,FIRST_N_SOLUTIONS,17,11.421161882967931,,
n=40:q=5:t=30:beta=14:seed=2,40,5,30,14,2,29,ok,False,,3025,1512,8.014666370464942,8.049269791400054,0.9659884310934101,-0.03460342093511137,477135,0.008169,0.65618,True,10000000,False,FIRST_N_SOLUTIONS,17,11.421161882967931,,
n=40:q=5:t=30:beta=14:seed=2,40,5,30,14,2,30,ok,False,,1597,798,7.3758821482150125,7.455926255348004,0.9230756312690993,-0.08004410713299137,478648,0.007473,0.663716,True,10000000,False,FIRST_N_SOLUTIONS,17,11.421161882967931,,
n=40:q=5:t=30:beta=14:seed=2,40,5,30,14,2,31,ok,False,,871,435,6.769641976852503,6.841772986064193,0.9304089956772871,-0.0721310092116898,479447,0.007168,0.670945,True,10000000,False,FIRST_N_SOLUTIONS,17,11.421161882967931,,
n=40:q=5:t=30:beta=14:seed=2,40,5,30,14,2,32,ok,False,,477,238,6.1675164908883415,6.192365336076094,0.9754573459573619,-0.02484884518775221,479883,0.006871,0.677878,True,10000000,False,FIRST_N_SOLUTIONS,17,11.421161882967931,,
n=40:q=5:t=30:beta=14:seed=2,40,5,30,14,2,33,ok,False,,285,142,5.652489180268651,5.550713255276847,1.1071353625659992,0.10177592499180399,480122,0.006774,0.684684,True,10000000,False,FIRST_N_SOLUTIONS,17,11.421161882967931,,
n=40:q=5:t=30:beta=14:seed=2,40,5,30,14,2,34,ok,False,,177,88,5.176149732573829,4.873946412894597,1.3528362569828245,0.302203319679232,480265,0.006744,0.691482,True,10000000,False,FIRST_N_SOLUTIONS,17,11.421161882967931,,
n=40:q=5:t=30:beta=14:seed=2,40,5,30,14,2,35,ok,False,,123,61,4.812184355372417,4.112146016825108,2.013829913303892,0.7000383385473095,480354,0.006688,0.698211,True,10000000,False,FIRST_N_SOLUTIONS,17,11.421161882967931,,
n=40:q=5:t=30:beta=14:seed=2,40,5,30,14,2,36,ok,False,,107,53,4.672828834461906,3.316047519079177,3.883672844859135,1.3567813153827286,480416,0.006645,0.704906,True,10000000,False,FIRST_N_SOLUTIONS,17,11.421161882967931,,
n=40:q=5:t=30:beta=14:seed=2,40,5,30,14,2,37,ok,False,,95,47,4.553876891600541,2.5064371515614496,7.748038697438797,2.047439740039091,480470,0.006712,0.711657,True,10000000,False,FIRST_N_SOLUTIONS,17,11.421161882967931,,
n=40:q=5:t=30:beta=14:seed=2,40,5,30,14,2,38,ok,False,,81,40,4.394449154672439,1.6836704067333557,15.040984090631428,2.7107787479390835,480518,0.006743,0.718436,True,10000000,False,FIRST_N_SOLUTIONS,17,11.421161882967931,,
n=40:q=5:t=30:beta=14:seed=2,40,5,30,14,2,39,ok,False,,79,39,4.3694478524670215,0.8480845528123666,33.83051817341112,3.521363299654655,480559,0.006626,0.725107,True,10000000,False,FIRST_N_SOLUTIONS,17,11.421161882967931,,
n=40:q=5:t=30:beta=14:seed=2,40,5,30,14,2,40,ok,True,rank_complete,81,40,4.394449154672439,0.0,81.00000000000003,4.394449154672439,480599,0.006669,0.731808,True,10000000,False,FIRST_N_SOLUTIONS,17,11.421161882967931,,
n=40:q=5:t=30:beta=2:seed=0,40,5,30,2,0,1,ok,False,,5,2,1.6094379124341003,1.5815321272626073,1.0282987988624799,0.027905785171493003,2,4.2e-05,5.4e-05,True,10000000,False,FIRST_N_SOLUTIONS,16,12.496460526149205,,
n=40:q=5:t=30:beta=2:seed=0,40,5,30,2,0,2,ok,False,,21,10,3.044522437723423,2.9957097818138605,1.0500236165927253,0.04881265590956252,13,3.2e-05,0.000116,True,10000000,False,FIRST_N_SOLUTIONS,16,12.496460526149205,,
n=40:q=5:t=30:beta=2:seed=0,40,5,30,2,0,3,ok,False,,83,41,4.418840607796598,4.386995815488076,1.0323572630824442,0.03184479230852233,54,1.7e-05,0.000155,True,10000000,False,FIRST_N_SOLUTIONS,16,12.496460526149205,,
n=40:q=5:t=30:beta=2:seed=0,40,5,30,2,0,4,ok,False,,285,142,5.652489180268651,5.611346504610441,1.0420007630850499,0.04114267565821006,196,0.000109,0.000281,True,10000000,False,FIRST_N_SOLUTIONS,16,12.496460526149205,,
n=40:q=5:t=30:beta=2:seed=0,40,5,30,2,0,5,ok,False,,783,391,6.663132695990803,6.653466737493761,1.0097128247545983,0.009665958497041771,587,0.000143,0.000447,True,10000000,False,FIRST_N_SOLUTIONS,16,12.496460526149205,,
n=40:q=5:t=30:beta=2:seed=0,40,5,30,2,0,6,ok,False,,2089,1044,7.644440761556566,7.652460376449634,0.992012456427969,-0.008019614893068017,1631,0.000402,0.000869,True,10000000,False,FIRST_N_SOLUTIONS,16,12.496460526149205,,
n=40:q=5:t=30:beta=2:seed=0,40,5,30,2,0,7,ok,False,,5157,2578,8.548110294050959,8.554538974304432,0.9935919395018288,-0.006428680253472763,4209,0.001117,0.002008,True,10000000,False,FIRST_N_SOLUTIONS,16,12.496460526149205,,
n=40:q=5:t=30:beta=2:seed=0,40,5,30,2,0,8,ok,False,,11069,5534,9.311903687385623,9.319168947624817,0.992761067964975,-0.007265260239194049,9743,0.002739,0.004783,True,10000000,False,FIRST_N_SOLUTIONS,16,12.496460526149205,,
n=40:q=5:t=30:beta=2:seed=0,40,5,30,2,0,9,ok,False,,21775,10887,9.988517801720704,9.999477992223518,0.989099653551493,-0.010960190502814271,20630,0.006273,0.011099,True,10000000,False,FIRST_N_SOLUTIONS,16,12.496460526149205,,
n=40:q=5:t=30:beta=2:seed=0,40,5,30,2,0,10,ok,False,,41081,20540,10.623301006492076,10.627973896473922,0.9953380109822668,-0.004672889981845785,41170,0.013291,0.024459,True,10000000,False,FIRST_N_SOLUTIONS,16,12.496460526149205,,
n=40:q=5:t=30:beta=2:seed=0,40,5,30,2,0,11,ok,False,,67161,33580,11.114848000895991,11.1145600209897,1.0002880213764853,0.00028797990629136905,41180,0.027649,0.052174,True,10000000,False,FIRST_N_SOLUTIONS,16,12.496460526149205,,
n=40:q=5:t=30:beta=2:seed=0,40,5,30,2,0,12,ok,False,,108495,54247,11.59445936795149,11.593151333719703,1.0013088900816824,0.0013080342317870475,74761,0.058638,0.110898,True,10000000,False,FIRST_N_SOLUTIONS,16,12.496460526149205,,
n=40:q=5:t=30:beta=2:seed=0,40,5,30,2,0,13,ok,False,,163931,81965,12.0072008865666,12.003254002024509,1.0039546837483662,0.003946884542092022,129009,0.099734,0.210731,True,10000000,False,FIRST_N_SOLUTIONS,16,12.496460526149205,,
n=40:q=5:t=30:beta=2:seed=0,40,5,30,2,0,14,ok,False,,217425,108712,12.289609242457965,12.288044604679156,1.0015658624631447,0.0015646377788094412,210975,0.147969,0.358784,True,10000000,False,FIRST_N_SOLUTIONS,16,12.496460526149205,,
n=40:q=5:t=30:beta=2:seed=0,40,5,30,2,0,15,ok,False,,253549,126774,12.44331237722012,12.44277012836056,1.0005423959030495,0.0005422488595598907,319688,0.178803,0.537665,True,10000000,False,FIRST_N_SOLUTIONS,16,12.496460526149205,,
n=40:q=5:t=30:beta=2:seed=0,40,5,30,2,0,16,ok,False,,266729,133364,12.49398844066668,12.496460526149205,0.9975309676044425,-0.002472085482525088,446463,0.253405,0.791121,True,10000000,False,FIRST_N_SOLUTIONS,16,12.496460526149205,,
n=40:q=5:t=30:beta=2:seed=0,40,5,30,2,0,17,ok,False,,257697,128848,12.459539755129155,12.462301674189783,0.9972418915288335,-0.0027619190606280597,579828,0.218575,1.00976,True,10000000,False,FIRST_N_SOLUTIONS,16,12.496460526149205,,
n=40:q=5:t=30:beta=2:seed=0,40,5,30,2,0,18,ok,False,,234101,117050,12.363507925148648,12.366854896947038,0.9966586230680258,-0.0033469717983898306,708677,0.216797,1.226627,True,10000000,False,FIRST_N_SOLUTIONS,16,12.496460526149205,,
n=40:q=5:t=30:beta=2:seed=0,40,5,30,2,0,19,ok,False,,211905,105952,12.263893340013874,12.266344502060115,0.9975518395984415,-0.002451162046240185,825728,0.198471,1.425184,True,10000000,False,FIRST_N_SOLUTIONS,16,12.496460526149205,,
n=40:q=5:t=30:beta=2:seed=0,40,5,30,2,0,20,ok,False,,170349,85174,12.045604552804786,12.047371588974087,0.998234524119946,-0.0017670361693014058,931681,0.15634,1.581614,True,10000000,False,FIRST_N_SOLUTIONS,16,12.496460526149205,,
n=40:q=5:t=30:beta=2:seed=0,40,5,30,2,0,21,ok,False,,121879,60939,11.710784028274388,11.711629907808753,0.9991544781208764,-0.0008458795343653236,1016856,0.117129,1.698818,True,10000000,False,FIRST_N_SOLUTIONS,16,12.496460526149205,,
n=40:q=5:t=30:beta=2:seed=0,40,5,30,2,0,22,ok,False,,96777,48388,11.480164641726745,11.477671105968756,1.0024966472039065,0.0024935357579884965,1077796,0.093559,1.792468,True,10000000,False,FIRST_N_SOLUTIONS,16,12.496460526149205,,
n=40:q=5:t=30:beta=2:seed=0,40,5,30,2,0,23,ok,False,,71259,35629,11.174076405943204,11.171721475591426,1.002357705378163,0.0023549303517782505,1126185,0.074115,1.866654,True,10000000,False,FIRST_N_SOLUTIONS,16,12.496460526149205,,
n=40:q=5:t=30:beta=2:seed=0,40,5,30,2,0,24,ok,False,,46417,23208,10.74542105042418,10.73901416843388,1.006427449960778,0.006406881990301372,1161815,0.050794,1.917525,True,10000000,False,FIRST_N_SOLUTIONS,16,12.496460526149205,,
n=40:q=5:t=30:beta=2:seed=0,40,5,30,2,0,25,ok,False,,31427,15713,10.355422675029144,10.349336884080778,1.006104346997748,0.00608579094836692,1185024,0.03591,1.953508,True,10000000,False,FIRST_N_SOLUTIONS,16,12.496460526149205,,
n=40:q=5:t=30:beta=2:seed=0,40,5,30,2,0,26,ok,False,,18879,9439,9.845805472195043,9.832461001792993,1.0134339052245345,0.01334447040204978,1200738,0.029033,1.982617,True,10000000,False,FIRST_N_SOLUTIONS,16,12.496460526149205,,
n=40:q=5:t=30:beta=2:seed=0,40,5,30,2,0,27,ok,False,,11417,5708,9.342858751676328,9.333049234243187,1.009857788458654,0.009809517433140513,1210178,0.023571,2.006245,True,10000000,False,FIRST_N_SOLUTIONS,16,12.496460526149205,,
n=40:q=5:t=30:beta=2:seed=0,40,5,30,2,0,28,ok,False,,7013,3506,8.85552084853691,8.834217767238812,1.021531611851172,0.021303081298098547,1215887,0.021498,2.027817,True,10000000,False,FIRST_N_SOLUTIONS,16,12.496460526149205,,
n=40:q=5:t=30:beta=2:seed=0,40,5,30,2,0,29,ok,False,,3927,1963,8.27563105457801,8.244197004307548,1.03193331762827,0.03143405027046242,1219394,0.021677,2.049563,True,10000000,False,FIRST_N_SOLUTIONS,16,12.496460526149205,,
n=40:q=5:t=30:beta=2:seed=0,40,5,30,2,0,30,ok,False,,2109,1054,7.653969180478774,7.609840841968548,1.0451164749732842,0.044128338510225795,1221358,0.022041,2.071682,True,10000000,False,FIRST_N_SOLUTIONS,16,12.496460526149205,,
n=40:q=5:t=30:beta=2:seed=0,40,5,30,2,0,31,ok,False,,1053,526,6.959398512133975,6.930439993705647,1.0293818932106982,0.028958518428328084,1222413,0.021103,2.092882,True,10000000,False,FIRST_N_SOLUTIONS,16,12.496460526149205,,
n=40:q=5:t=30:beta=2:seed=0,40,5,30,2,0,32,ok,False,,599,299,6.395261598115449,6.303937111733205,1.0956244628030132,0.091324486382244,1222940,0.021053,2.114035,True,10000000,False,FIRST_N_SOLUTIONS,16,12.496460526149205,,
n=40:q=5:t=30:beta=2:seed=0,40,5,30,2,0,33,ok,False,,337,168,5.820082930352362,5.6418740336738225,1.195074942347444,0.17820889667853912,1223240,0.018463,2.132583,True,10000000,False,FIRST_N_SOLUTIONS,16,12.496460526149205,,
n=40:q=5:t=30:beta=2:seed=0,40,5,30,2,0,34,ok,False,,201,100,5.303304908059076,4.8943574101547185,1.5052326905402758,0.40894749790435725,1223409,0.017857,2.150488,True,10000000,False,FIRST_N_SOLUTIONS,16,12.496460526149205,,
n=40:q=5:t=30:beta=2:seed=0,40,5,30,2,0,35,ok,False,,129,64,4.859812404361672,4.112146016825108,2.1120655188309114,0.7476663875365643,1223510,0.017336,2.167882,True,10000000,False,FIRST_N_SOLUTIONS,16,12.496460526149205,,
n=40:q=5:t=30:beta=2:seed=0,40,5,30,2,0,36,ok,False,,107,53,4.672828834461906,3.316047519079177,3.883672844859135,1.3567813153827286,1223575,0.017148,2.185078,True,10000000,False,FIRST_N_SOLUTIONS,16,12.496460526149205,,
n=40:q=5:t=30:beta=2:seed=0,40,5,30,2,0,37,ok,False,,89,44,4.48863636973214,2.5064371515614496,7.258688884968977,1.98219921817069,1223629,0.016989,2.202104,True,10000000,False,FIRST_N_SOLUTIONS,16,12.496460526149205,,
n=40:q=5:t=30:beta=2:seed=0,40,5,30,2,0,38,ok,False,,89,44,4.48863636973214,1.6836704067333557,16.52651338353329,2.804965962998784,1223674,0.016964,2.21912,True,10000000,False,FIRST_N_SOLUTIONS,16,12.496460526149205,,
n=40:q=5:t=30:beta=2:seed=0,40,5,30,2,0,39,ok,False,,85,42,4.442651256490317,0.8480845528123666,36.39992461696134,3.59456670367795,1223719,0.016768,2.235938,True,10000000,False,FIRST_N_SOLUTIONS,16,12.496460526149205,,
n=40:q=5:t=30:beta=2:seed=0,40,5,30,2,0,40,ok,True,rank_complete,85,42,4.442651256490317,0.0,85.00000000000001,4.442651256490317,1223762,0.016897,2.252893,True,10000000,False,FIRST_N_SOLUTIONS,16,12.496460526149205,,
n=40:q=5:t=30:beta=2:seed=1,40,5,30,2,1,1,ok,False,,5,2,1.6094379124341003,1.6726929056595847,0.9387040799874129,-0.06325499322548445,2,5.6e-05,7.4e-05,True,10000000,False,FIRST_N_SOLUTIONS,17,12.580716683409005,,
n=40:q=5:t=30:beta=2:seed=1,40,5,30,2,1,2,ok,False,,31,15,3.4339872044851463,3.3065538901027605,1.1359091169144129,0.1274333143823858,18,0.000201,0.000327,True,10000000,False,FIRST_N_SOLUTIONS,17,12.580716683409005,,
n=40:q=5:t=30:beta=2:seed=1,40,5,30,2,1,3,ok,False,,111,55,4.709530201312334,4.666483299319863,1.043986858766141,0.0430469019924713,73,3.6e-05,0.000415,True,10000000,False,FIRST_N_SOLUTIONS,17,12.580716683409005,,
n=40:q=5:t=30:beta=2:seed=1,40,5,30,2,1,4,ok,False,,343,171,5.8377304471659395,5.873829248702812,0.9645449902477284,-0.036098801536872394,244,0.000158,0.000612,True,10000000,False,FIRST_N_SOLUTIONS,17,12.580716683409005,,
n=40:q=5:t=30:beta=2:seed=1,40,5,30,2,1,5,ok,False,,1047,523,6.953684210870537,6.967802977685424,0.9859804355528138,-0.014118766814886996,767,0.000313,0.000969,True,10000000,False,FIRST_N_SOLUTIONS,17,12.580716683409005,,
n=40:q=5:t=30:beta=2:seed=1,40,5,30,2,1,6,ok,False,,2853,1426,7.9561263512135,7.966227525539739,0.989949671191321,-0.010101174326238471,2193,0.000912,0.001928,True,10000000,False,FIRST_N_SOLUTIONS,17,12.580716683409005,,
n=40:q=5:t=30:beta=2:seed=1,40,5,30,2,1,7,ok,False,,6885,3442,8.837100411162755,8.844140780622286,0.9929843558823243,-0.007040369459531348,5635,0.002275,0.004258,True,10000000,False,FIRST_N_SOLUTIONS,17,12.580716683409005,,
n=40:q=5:t=30:beta=2:seed=1,40,5,30,2,1,8,ok,False,,13987,6993,9.545883605779304,9.553672712689762,0.9922411495748095,-0.007789106910458088,12628,0.00419,0.008513,True,10000000,False,FIRST_N_SOLUTIONS,17,12.580716683409005,,
n=40:q=5:t=30:beta=2:seed=1,40,5,30,2,1,9,ok,False,,26881,13440,10.199174996326047,10.205387664840943,0.9938065902068173,-0.006212668514896436,26068,0.007932,0.016509,True,10000000,False,FIRST_N_SOLUTIONS,17,12.580716683409005,,
n=40:q=5:t=30:beta=2:seed=1,40,5,30,2,1,10,ok,False,,47815,23907,10.775094676783644,10.775362308059343,0.9997324045343559,-0.00026763127569928713,49975,0.018174,0.034762,True,10000000,False,FIRST_N_SOLUTIONS,17,12.580716683409005,,
n=40:q=5:t=30:beta=2:seed=1,40,5,30,2,1,11,ok,False,,82293,41146,11.3180413283698,11.317004295005418,1.0010375712694068,0.0010370333643816565,49985,0.037378,0.072231,True,10000000,False,FIRST_N_SOLUTIONS,17,12.580716683409005,,
n=40:q=5:t=30:beta=2:seed=1,40,5,30,2,1,12,ok,False,,131227,65613,11.784683927002643,11.783279140214905,1.0014057739629003,0.0014047867877380327,91132,0.068245,0.140556,True,10000000,False,FIRST_N_SOLUTIONS,17,12.580716683409005,,
n=40:q=5:t=30:beta=2:seed=1,40,5,30,2,1,13,ok,False,,184949,92474,12.127835390379262,12.127648278522813,1.0001871293629652,0.00018711185644981754,156746,0.114725,0.255365,True,10000000,False,FIRST_N_SOLUTIONS,17,12.580716683409005,,
n=40:q=5:t=30:beta=2:seed=1,40,5,30,2,1,14,ok,False,,230393,115196,12.347541825397888,12.344985685153263,1.0025594099564539,0.002556140244625027,249221,0.157575,0.413003,True,10000000,False,FIRST_N_SOLUTIONS,17,12.580716683409005,,
n=40:q=5:t=30:beta=2:seed=1,40,5,30,2,1,15,ok,False,,260755,130377,12.47133654813459,12.469645056826067,1.0016929226868863,0.0016914913085219752,364418,0.195134,0.608196,True,10000000,False,FIRST_N_SOLUTIONS,17,12.580716683409005,,
n=40:q=5:t=30:beta=2:seed=1,40,5,30,2,1,16,ok,False,,284893,142446,12.559868950159581,12.558304180374634,1.0015659946759945,0.0015647697849470177,494796,0.241878,0.850174,True,10000000,False,FIRST_N_SOLUTIONS,17,12.580716683409005,,
n=40:q=5:t=30:beta=2:seed=1,40,5,30,2,1,17,ok,False,,291377,145688,12.582373240321365,12.580716683409005,1.0016579297607247,0.0016565569123603296,637243,0.253954,1.104212,True,10000000,False,FIRST_N_SOLUTIONS,17,12.580716683409005,,
n=40:q=5:t=30:beta=2:seed=1,40,5,30,2,1,18,ok,False,,275317,137658,12.525678440041485,12.522427325489893,1.0032564051564061,0.0032511145515918827,782932,0.226064,1.330348,True,10000000,False,FIRST_N_SOLUTIONS,17,12.580716683409005,,
n=40:q=5:t=30:beta=2:seed=1,40,5,30,2,1,19,ok,False,,278263,139131,12.536321988621442,12.535948492650558,1.0003735657291883,0.0003734959708836527,920591,0.247736,1.578163,True,10000000,False,FIRST_N_SOLUTIONS,17,12.580716683409005,,
n=40:q=5:t=30:beta=2:seed=1,40,5,30,2,1,20,ok,False,,248721,124360,12.42408706530995,12.424439686806416,0.9996474406671867,-0.0003526214964661989,1059723,0.233865,1.812118,True,10000000,False,FIRST_N_SOLUTIONS,17,12.580716683409005,,
n=40:q=5:t=30:beta=2:seed=1,40,5,30,2,1,21,ok,False,,209765,104882,12.253743135479263,12.255461007389489,0.9982836027871569,-0.0017178719102250994,1184084,0.196938,2.009135,True,10000000,False,FIRST_N_SOLUTIONS,17,12.580716683409005,,
n=40:q=5:t=30:beta=2:seed=1,40,5,30,2,1,22,ok,False,,174089,87044,12.067321941680945,12.066991445618896,1.000330550681889,0.00033049606204826887,1288967,0.1773,2.186524,True,10000000,False,FIRST_N_SOLUTIONS,17,12.580716683409005,,
n=40:q=5:t=30:beta=2:seed=1,40,5,30,2,1,23,ok,False,,131369,65684,11.785765436346585,11.78548028223669,1.0002851947701925,0.0002851541098944921,1376012,0.12883,2.315449,True,10000000,False,FIRST_N_SOLUTIONS,17,12.580716683409005,,
n=40:q=5:t=30:beta=2:seed=1,40,5,30,2,1,24,ok,False,,88021,44010,11.385330701354851,11.382597958647477,1.0027364800523524,0.002732742707374669,1441697,0.0925,2.408039,True,10000000,False,FIRST_N_SOLUTIONS,17,12.580716683409005,,
n=40:q=5:t=30:beta=2:seed=1,40,5,30,2,1,25,ok,False,,55919,27959,10.931659494058238,10.926241943662077,1.0054322518589562,0.005417550396160209,1485708,0.071611,2.479732,True,10000000,False,FIRST_N_SOLUTIONS,17,12.580716683409005,,
n=40:q=5:t=30:beta=2:seed=1,40,5,30,2,1,26,ok,False,,32483,16241,10.388472154542294,10.374624423462421,1.0139440550170042,0.01384773107987236,1513668,0.054106,2.533937,True,10000000,False,FIRST_N_SOLUTIONS,17,12.580716683409005,,
n=40:q=5:t=30:beta=2:seed=1,40,5,30,2,1,27,ok,False,,18807,9403,9.841984419942078,9.83287670907323,1.0091493122694113,0.009107710868848429,1529910,0.035438,2.569457,True,10000000,False,FIRST_N_SOLUTIONS,17,12.580716683409005,,
n=40:q=5:t=30:beta=2:seed=1,40,5,30,2,1,28,ok,False,,10233,5116,9.233373071086755,9.251613079830918,0.9819253334083943,-0.018240008744163205,1539314,0.02906,2.598608,True,10000000,False,FIRST_N_SOLUTIONS,17,12.580716683409005,,
n=40:q=5:t=30:beta=2:seed=1,40,5,30,2,1,29,ok,False,,5313,2656,8.577911926450943,8.582361702124441,0.9955601099099624,-0.004449775673498024,1544431,0.024801,2.623495,True,10000000,False,FIRST_N_SOLUTIONS,17,12.580716683409005,,
n=40:q=5:t=30:beta=2:seed=1,40,5,30,2,1,30,ok,False,,2789,1394,7.933438387627489,7.876035742809464,1.0590821584992955,0.05740264481802537,1547088,0.023086,2.646666,True,10000000,False,FIRST_N_SOLUTIONS,17,12.580716683409005,,
n=40:q=5:t=30:beta=2:seed=1,40,5,30,2,1,31,ok,False,,1373,686,7.224753405767971,7.153583545019856,1.0737636006672668,0.07116986074811482,1548483,0.022365,2.669091,True,10000000,False,FIRST_N_SOLUTIONS,17,12.580716683409005,,
n=40:q=5:t=30:beta=2:seed=1,40,5,30,2,1,32,ok,False,,655,327,6.484635235635252,6.41550888739031,1.0715715917854387,0.06912634824494202,1549170,0.021791,2.690953,True,10000000,False,FIRST_N_SOLUTIONS,17,12.580716683409005,,
n=40:q=5:t=30:beta=2:seed=1,40,5,30,2,1,33,ok,False,,321,160,5.771441123130016,5.662285030933951,1.1153364320677273,0.10915609219606459,1549498,0.021617,2.712625,True,10000000,False,FIRST_N_SOLUTIONS,17,12.580716683409005,,
n=40:q=5:t=30:beta=2:seed=1,40,5,30,2,1,34,ok,False,,199,99,5.293304824724492,4.894357410154726,1.4902552508333966,0.3989474145697667,1549659,0.021421,2.734106,True,10000000,False,FIRST_N_SOLUTIONS,17,12.580716683409005,,
n=40:q=5:t=30:beta=2:seed=1,40,5,30,2,1,35,ok,False,,109,54,4.6913478822291435,4.112146016825108,1.784613500407514,0.5792018654040358,1549759,0.021486,2.755638,True,10000000,False,FIRST_N_SOLUTIONS,17,12.580716683409005,,
n=40:q=5:t=30:beta=2:seed=1,40,5,30,2,1,36,ok,False,,93,46,4.532599493153256,3.316047519079177,3.3755287343168208,1.2165519740740791,1549814,0.021313,2.77699,True,10000000,False,FIRST_N_SOLUTIONS,17,12.580716683409005,,
n=40:q=5:t=30:beta=2:seed=1,40,5,30,2,1,37,ok,False,,91,45,4.51085950651685,2.5064371515614496,7.421805489125582,2.0044223549554,1549861,0.021439,2.798464,True,10000000,False,FIRST_N_SOLUTIONS,17,12.580716683409005,,
n=40:q=5:t=30:beta=2:seed=1,40,5,30,2,1,38,ok,False,,79,39,4.3694478524670215,1.6836704067333557,14.669601767405956,2.685777445733666,1549907,0.021326,2.819838,True,10000000,False,FIRST_N_SOLUTIONS,17,12.580716683409005,,
n=40:q=5:t=30:beta=2:seed=1,40,5,30,2,1,39,ok,False,,81,40,4.394449154672439,0.8480845528123737,34.686986987927625,3.5463646018600654,1549947,0.021293,2.841169,True,10000000,False,FIRST_N_SOLUTIONS,17,12.580716683409005,,
n=40:q=5:t=30:beta=2:seed=1,40,5,30,2,1,40,ok,True,rank_complete,81,40,4.394449154672439,0.0,81.00000000000003,4.394449154672439,1549988,0.021279,2.862492,True,10000000,False,FIRST_N_SOLUTIONS,17,12.580716683409005,,
n=40:q=5:t=30:beta=2:seed=2,40,5,30,2,2,1,ok,False,,5,2,1.6094379124341003,1.7497682455732138,0.8690711049908478,-0.14033033313911347,2,3.1e-05,4.1e-05,True,10000000,False,FIRST_N_SOLUTIONS,16,12.900606380681747,,
n=40:q=5:t=30:beta=2:seed=2,40,5,30,2,2,2,ok,False,,29,14,3.367295829986474,3.3065538901027605,1.0626246577586445,0.06074193988371368,17,2.9e-05,9.7e-05,True,10000000,False,FIRST_N_SOLUTIONS,16,12.900606380681747,,
n=40:q=5:t=30:beta=2:seed=2,40,5,30,2,2,3,ok,False,,117,58,4.762173934797756,4.712971527548914,1.050432944466429,0.04920240724884195,75,2.3e-05,0.000141,True,10000000,False,FIRST_N_SOLUTIONS,16,12.900606380681747,,
n=40:q=5:t=30:beta=2:seed=2,40,5,30,2,2,4,ok,False,,371,185,5.916202062607435,5.872888160527378,1.0442656405645963,0.043313902080057254,260,0.000113,0.000272,True,10000000,False,FIRST_N_SOLUTIONS,16,12.900606380681747,,
n=40:q=5:t=30:beta=2:seed=2,40,5,30,2,2,5,ok,False,,1135,567,7.034387929915503,7.032248088443002,1.0021421325671664,0.002139841472501125,827,0.000219,0.000511,True,10000000,False,FIRST_N_SOLUTIONS,16,12.900606380681747,,
n=40:q=5:t=30:beta=2:seed=2,40,5,30,2,2,6,ok,False,,3035,1517,8.017966703493599,8.022173682288587,0.9958018581436882,-0.004206978794988103,2344,0.000617,0.001148,True,10000000,False,FIRST_N_SOLUTIONS,16,12.900606380681747,,
n=40:q=5:t=30:beta=2:seed=2,40,5,30,2,2,7,ok,False,,7407,3703,8.91018077801329,8.917043492891192,0.9931607797734247,-0.006862714877902576,6047,0.001698,0.00287,True,10000000,False,FIRST_N_SOLUTIONS,16,12.900606380681747,,
n=40:q=5:t=30:beta=2:seed=2,40,5,30,2,2,8,ok,False,,16681,8340,9.722025626154055,9.722233802283888,0.9997918455373138,-0.0002081761298331486,14387,0.004438,0.007342,True,10000000,False,FIRST_N_SOLUTIONS,16,12.900606380681747,,
n=40:q=5:t=30:beta=2:seed=2,40,5,30,2,2,9,ok,False,,34567,17283,10.450654748704556,10.449565427104154,1.0010899151266703,0.0010893216004017603,31670,0.011085,0.018474,True,10000000,False,FIRST_N_SOLUTIONS,16,12.900606380681747,,
n=40:q=5:t=30:beta=2:seed=2,40,5,30,2,2,10,ok,False,,60347,30173,11.007866515265238,11.002833911725261,1.0050452883594676,0.005032603539977032,61843,0.028503,0.047047,True,10000000,False,FIRST_N_SOLUTIONS,16,12.900606380681747,,
n=40:q=5:t=30:beta=2:seed=2,40,5,30,2,2,11,ok,False,,104843,52421,11.56021927206037,11.558579113645266,1.0016415042105904,0.0016401584151051196,61853,0.064317,0.111451,True,10000000,False,FIRST_N_SOLUTIONS,16,12.900606380681747,,
n=40:q=5:t=30:beta=2:seed=2,40,5,30,2,2,12,ok,False,,170511,85255,12.046555089753666,12.044057207233639,1.0025010048277467,0.0024978825200268062,114275,0.121347,0.232883,True,10000000,False,FIRST_N_SOLUTIONS,16,12.900606380681747,,
n=40:q=5:t=30:beta=2:seed=2,40,5,30,2,2,13,ok,False,,238827,119413,12.383494719435815,12.383311445109014,1.0001832911225665,0.00018327432680109723,199531,0.147483,0.380454,True,10000000,False,FIRST_N_SOLUTIONS,16,12.900606380681747,,
n=40:q=5:t=30:beta=2:seed=2,40,5,30,2,2,14,ok,False,,322203,161101,12.682937060668628,12.685432330741149,0.9975078405260478,-0.0024952700725204835,318945,0.242191,0.622736,True,10000000,False,FIRST_N_SOLUTIONS,16,12.900606380681747,,
n=40:q=5:t=30:beta=2:seed=2,40,5,30,2,2,15,ok,False,,380779,190389,12.849974433319868,12.85229260510818,0.997684513096832,-0.0023181717883122843,480047,0.291277,0.9141,True,10000000,False,FIRST_N_SOLUTIONS,16,12.900606380681747,,
n=40:q=5:t=30:beta=2:seed=2,40,5,30,2,2,16,ok,False,,400755,200377,12.90110554700033,12.900606380681747,1.000499290922822,0.0004991663185833772,670437,0.346454,1.260626,True,10000000,False,FIRST_N_SOLUTIONS,16,12.900606380681747,,
n=40:q=5:t=30:beta=2:seed=2,40,5,30,2,2,17,ok,False,,394947,197473,12.886506857665502,12.884267618175867,1.0022417484587587,0.00223923948963467,870815,0.346192,1.606908,True,10000000,False,FIRST_N_SOLUTIONS,16,12.900606380681747,,
n=40:q=5:t=30:beta=2:seed=2,40,5,30,2,2,18,ok,False,,383099,191549,12.856048720400812,12.853759936233295,1.0022914054334553,0.0022887841675167664,1068289,0.358051,1.965033,True,10000000,False,FIRST_N_SOLUTIONS,16,12.900606380681747,,
n=40:q=5:t=30:beta=2:seed=2,40,5,30,2,2,19,ok,False,,351393,175696,12.769660534217996,12.766217208146767,1.0034492611286032,0.0034433260712294356,1259839,0.316656,2.281749,True,10000000,False,FIRST_N_SOLUTIONS,16,12.900606380681747,,
n=40:q=5:t=30:beta=2:seed=2,40,5,30,2,2,20,ok,False,,297541,148770,12.60330730959824,12.600915260372226,1.002394912458306,0.0023920492260138815,1435536,0.291677,2.573502,True,10000000,False,FIRST_N_SOLUTIONS,16,12.900606380681747,,
n=40:q=5:t=30:beta=2:seed=2,40,5,30,2,2,21,ok,False,,224983,112491,12.323780122776537,12.320751457291895,1.00303325652569,0.00302866548464209,1584307,0.279612,2.853199,True,10000000,False,FIRST_N_SOLUTIONS,16,12.900606380681747,,
n=40:q=5:t=30:beta=2:seed=2,40,5,30,2,2,22,ok,False,,151131,75565,11.92590228936223,11.920977610928631,1.0049368245928947,0.004924678433599894,1696799,0.165142,3.018477,True,10000000,False,FIRST_N_SOLUTIONS,16,12.900606380681747,,
n=40:q=5:t=30:beta=2:seed=2,40,5,30,2,2,23,ok,False,,99029,49514,11.503168015514248,11.49956190268685,1.00361262267499,0.0036061128273985332,1772365,0.1173,3.13587,True,10000000,False,FIRST_N_SOLUTIONS,16,12.900606380681747,,
n=40:q=5:t=30:beta=2:seed=2,40,5,30,2,2,24,ok,False,,63779,31889,11.063179261544928,11.066921492663823,0.996264762301593,-0.0037422311188954893,1821880,0.076973,3.21295,True,10000000,False,FIRST_N_SOLUTIONS,16,12.900606380681747,,
n=40:q=5:t=30:beta=2:seed=2,40,5,30,2,2,25,ok,False,,41807,20903,10.640819068607131,10.64710600153359,0.9937327884856432,-0.006286932926458988,1853770,0.052927,3.265959,True,10000000,False,FIRST_N_SOLUTIONS,16,12.900606380681747,,
n=40:q=5:t=30:beta=2:seed=2,40,5,30,2,2,26,ok,False,,26685,13342,10.191856888768045,10.19186357600432,0.9999933127860855,-6.6872362740610924e-06,1874674,0.045867,3.311907,True,10000000,False,FIRST_N_SOLUTIONS,16,12.900606380681747,,
n=40:q=5:t=30:beta=2:seed=2,40,5,30,2,2,27,ok,False,,16793,8396,9.728717411895008,9.716279765489375,1.0125153156029993,0.012437646405633274,1888017,0.037386,3.349388,True,10000000,False,FIRST_N_SOLUTIONS,16,12.900606380681747,,
n=40:q=5:t=30:beta=2:seed=2,40,5,30,2,2,28,ok,False,,9665,4832,9.17626639164243,9.160452301433942,1.0159397946929027,0.01581409020848845,1896414,0.031618,3.381089,True,10000000,False,FIRST_N_SOLUTIONS,16,12.900606380681747,,
n=40:q=5:t=30:beta=2:seed=2,40,5,30,2,2,29,ok,False,,5215,2607,8.559294367434873,8.561950704864312,0.9973471875129942,-0.0026563374294390485,1901247,0.028522,3.409692,True,10000000,False,FIRST_N_SOLUTIONS,16,12.900606380681747,,
n=40:q=5:t=30:beta=2:seed=2,40,5,30,2,2,30,ok,False,,2507,1253,7.826842098158293,7.876035742809464,0.9519967627672045,-0.04919364465117049,1903855,0.026928,3.436699,True,10000000,False,FIRST_N_SOLUTIONS,16,12.900606380681747,,
n=40:q=5:t=30:beta=2:seed=2,40,5,30,2,2,31,ok,False,,1205,602,7.094234845924755,7.153583545019856,0.9423781054654453,-0.059348699095100876,1905109,0.026053,3.46283,True,10000000,False,FIRST_N_SOLUTIONS,16,12.900606380681747,,
n=40:q=5:t=30:beta=2:seed=2,40,5,30,2,2,32,ok,False,,611,305,6.415096959171596,6.41550888739031,0.9995881566120661,-0.0004119282187140527,1905712,0.025809,3.488704,True,10000000,False,FIRST_N_SOLUTIONS,16,12.900606380681747,,
n=40:q=5:t=30:beta=2:seed=2,40,5,30,2,2,33,ok,False,,303,151,5.713732805509369,5.662285030933951,1.0527942022321535,0.051447774575417604,1906018,0.02548,3.514244,True,10000000,False,FIRST_N_SOLUTIONS,16,12.900606380681747,,
n=40:q=5:t=30:beta=2:seed=2,40,5,30,2,2,34,ok,False,,179,89,5.187385805840755,4.8943574101547185,1.340480853764723,0.29302839568603645,1906170,0.025743,3.540068,True,10000000,False,FIRST_N_SOLUTIONS,16,12.900606380681747,,
n=40:q=5:t=30:beta=2:seed=2,40,5,30,2,2,35,ok,False,,123,61,4.812184355372417,4.112146016825108,2.013829913303892,0.7000383385473095,1906260,0.025714,3.565832,True,10000000,False,FIRST_N_SOLUTIONS,16,12.900606380681747,,
n=40:q=5:t=30:beta=2:seed=2,40,5,30,2,2,36,ok,False,,107,53,4.672828834461906,3.316047519079177,3.883672844859135,1.3567813153827286,1906322,0.025583,3.591464,True,10000000,False,FIRST_N_SOLUTIONS,16,12.900606380681747,,
n=40:q=5:t=30:beta=2:seed=2,40,5,30,2,2,37,ok,False,,95,47,4.553876891600541,2.5064371515614496,7.748038697438797,2.047439740039091,1906376,0.02529,3.616793,True,10000000,False,FIRST_N_SOLUTIONS,16,12.900606380681747,,
n=40:q=5:t=30:beta=2:seed=2,40,5,30,2,2,38,ok,False,,81,40,4.394449154672439,1.6836704067333557,15.040984090631428,2.7107787479390835,1906424,0.02552,3.642348,True,10000000,False,FIRST_N_SOLUTIONS,16,12.900606380681747,,
n=40:q=5:t=30:beta=2:seed=2,40,5,30,2,2,39,ok,False,,79,39,4.3694478524670215,0.8480845528123737,33.83051817341088,3.521363299654648,1906465,0.025913,3.668304,True,10000000,False,FIRST_N_SOLUTIONS,16,12.900606380681747,,
n=40:q=5:t=30:beta=2:seed=2,40,5,30,2,2,40,ok,True,rank_complete,81,40,4.394449154672439,0.0,81.00000000000003,4.394449154672439,1906505,0.026245,3.694598,True,10000000,False,FIRST_N_SOLUTIONS,16,12.900606380681747,,
n=40:q=5:t=30:beta=7:seed=0,40,5,30,7,0,1,ok,False,,5,2,1.6094379124341003,1.5815321272626073,1.0282987988624799,0.027905785171493003,2,2e-05,3.3e-05,True,10000000,False,FIRST_N_SOLUTIONS,16,11.361832543780999,,
n=40:q=5:t=30:beta=7:seed=0,40,5,30,7,0,2,ok,False,,21,10,3.044522437723423,2.9957097818138605,1.0500236165927253,0.04881265590956252,13,1.1e-05,8.2e-05,True,10000000,False,FIRST_N_SOLUTIONS,16,11.361832543780999,,
n=40:q=5:t=30:beta=7:seed=0,40,5,30,7,0,3,ok,False,,79,39,4.3694478524670215,4.288153006178726,1.0846906664399119,0.0812948462882952,52,2.1e-05,0.00013,True,10000000,False,FIRST_N_SOLUTIONS,16,11.361832543780999,,
n=40:q=5:t=30:beta=7:seed=0,40,5,30,7,0,4,ok,False,,221,110,5.3981627015177525,5.3888382773969585,1.0093680319974474,0.009324424120793928,162,0.000123,0.000277,True,10000000,False,FIRST_N_SOLUTIONS,16,11.361832543780999,,
n=40:q=5:t=30:beta=7:seed=0,40,5,30,7,0,5,ok,False,,577,288,6.3578422665081,6.350026396212797,1.007846493941028,0.007815870295302396,450,0.000178,0.000484,True,10000000,False,FIRST_N_SOLUTIONS,16,11.361832543780999,,
n=40:q=5:t=30:beta=7:seed=0,40,5,30,7,0,6,ok,False,,1533,766,7.334981878871814,7.323614903219725,1.0114318252013141,0.01136697565208955,1216,0.000532,0.001065,True,10000000,False,FIRST_N_SOLUTIONS,16,11.361832543780999,,
n=40:q=5:t=30:beta=7:seed=0,40,5,30,7,0,7,ok,False,,3287,1643,8.097730573664219,8.104810757687694,0.9929448214302198,-0.007080184023475766,2859,0.001063,0.002177,True,10000000,False,FIRST_N_SOLUTIONS,16,11.361832543780999,,
n=40:q=5:t=30:beta=7:seed=0,40,5,30,7,0,8,ok,False,,6547,3273,8.786762208441091,8.795408111060045,0.9913913657136295,-0.008645902618953372,6132,0.002252,0.004483,True,10000000,False,FIRST_N_SOLUTIONS,16,11.361832543780999,,
n=40:q=5:t=30:beta=7:seed=0,40,5,30,7,0,9,ok,False,,11853,5926,9.3803362790795,9.38133060295466,0.9990061703010205,-0.0009943238751599637,12058,0.004544,0.009102,True,10000000,False,FIRST_N_SOLUTIONS,16,11.361832543780999,,
n=40:q=5:t=30:beta=7:seed=0,40,5,30,7,0,10,ok,False,,19633,9816,9.884967102898749,9.884226697904626,1.0007406791615607,0.0007404049941222013,21874,0.008142,0.017307,True,10000000,False,FIRST_N_SOLUTIONS,16,11.361832543780999,,
n=40:q=5:t=30:beta=7:seed=0,40,5,30,7,0,11,ok,False,,30071,15035,10.311316531166229,10.305497037023134,1.0058364602946421,0.0058194941430951275,21884,0.013528,0.030918,True,10000000,False,FIRST_N_SOLUTIONS,16,11.361832543780999,,
n=40:q=5:t=30:beta=7:seed=0,40,5,30,7,0,12,ok,False,,42469,21234,10.65652967699761,10.653659124549076,1.0028746764293048,0.0028705524485346245,36920,0.021793,0.052797,True,10000000,False,FIRST_N_SOLUTIONS,16,11.361832543780999,,
n=40:q=5:t=30:beta=7:seed=0,40,5,30,7,0,13,ok,False,,53605,26802,10.88939762629034,10.88259802308117,1.0068227729964194,0.006799603209168836,58155,0.030046,0.082927,True,10000000,False,FIRST_N_SOLUTIONS,16,11.361832543780999,,
n=40:q=5:t=30:beta=7:seed=0,40,5,30,7,0,14,ok,False,,63761,31880,11.062896997155411,11.058531949208323,1.004374588645696,0.00436504794708803,84958,0.028522,0.111536,True,10000000,False,FIRST_N_SOLUTIONS,16,11.361832543780999,,
n=40:q=5:t=30:beta=7:seed=0,40,5,30,7,0,15,ok,False,,75547,37773,11.232510258110352,11.235455909529918,0.9970586827548769,-0.00294565141956582,116839,0.044048,0.155644,True,10000000,False,FIRST_N_SOLUTIONS,16,11.361832543780999,,
n=40:q=5:t=30:beta=7:seed=0,40,5,30,7,0,16,ok,False,,85531,42765,11.356634162310524,11.361832543780999,0.9948151067320861,-0.0051983814704748,154613,0.071154,0.226865,True,10000000,False,FIRST_N_SOLUTIONS,16,11.361832543780999,,
n=40:q=5:t=30:beta=7:seed=0,40,5,30,7,0,17,ok,False,,83655,41827,11.334456477491765,11.344783856707519,0.9897257650606087,-0.010327379215754107,197379,0.106869,0.333791,True,10000000,False,FIRST_N_SOLUTIONS,16,11.361832543780999,,
n=40:q=5:t=30:beta=7:seed=0,40,5,30,7,0,18,ok,False,,80173,40086,11.291942078818346,11.300770677688988,0.9912102587714413,-0.008828598870641358,239207,0.051787,0.385642,True,10000000,False,FIRST_N_SOLUTIONS,16,11.361832543780999,,
n=40:q=5:t=30:beta=7:seed=0,40,5,30,7,0,19,ok,False,,75005,37502,11.225310056962991,11.228330238219115,0.9969843749033225,-0.0030201812561241326,279294,0.050855,0.436562,True,10000000,False,FIRST_N_SOLUTIONS,16,11.361832543780999,,
n=40:q=5:t=30:beta=7:seed=0,40,5,30,7,0,20,ok,False,,65593,32796,11.091224261921477,11.087738692250873,1.0034916513325338,0.003485569670603539,316797,0.050059,0.486681,True,10000000,False,FIRST_N_SOLUTIONS,16,11.361832543780999,,
n=40:q=5:t=30:beta=7:seed=0,40,5,30,7,0,21,ok,False,,57093,28546,10.952436796185138,10.948528787410432,1.0039156549982562,0.0039080087747063175,349594,0.063754,0.550529,True,10000000,False,FIRST_N_SOLUTIONS,16,11.361832543780999,,
n=40:q=5:t=30:beta=7:seed=0,40,5,30,7,0,22,ok,False,,49203,24601,10.803709876231219,10.795334693187833,1.0084103530052824,0.008375183043385803,378141,0.038718,0.589372,True,10000000,False,FIRST_N_SOLUTIONS,16,11.361832543780999,,
n=40:q=5:t=30:beta=7:seed=0,40,5,30,7,0,23,ok,False,,38327,19163,10.553909887636076,10.544335366196162,1.009620503806201,0.009574521439914108,402743,0.02957,0.619032,True,10000000,False,FIRST_N_SOLUTIONS,16,11.361832543780999,,
n=40:q=5:t=30:beta=7:seed=0,40,5,30,7,0,24,ok,False,,28537,14268,10.258956769878603,10.240619868853805,1.01850605432836,0.01833690102479757,421907,0.022119,0.641208,True,10000000,False,FIRST_N_SOLUTIONS,16,11.361832543780999,,
n=40:q=5:t=30:beta=7:seed=0,40,5,30,7,0,25,ok,False,,20913,10456,9.94812625415451,9.924822599884248,1.0235773059819562,0.023303654270261376,436176,0.018596,0.659898,True,10000000,False,FIRST_N_SOLUTIONS,16,11.361832543780999,,
n=40:q=5:t=30:beta=7:seed=0,40,5,30,7,0,26,ok,False,,13603,6801,9.51804563563343,9.5009854767439,1.0172065144989304,0.01706015888952983,446633,0.014468,0.674448,True,10000000,False,FIRST_N_SOLUTIONS,16,11.361832543780999,,
n=40:q=5:t=30:beta=7:seed=0,40,5,30,7,0,27,ok,False,,9147,4573,9.121181235656364,9.103676386233275,1.0176589571976395,0.017504849423088942,453435,0.011831,0.68636,True,10000000,False,FIRST_N_SOLUTIONS,16,11.361832543780999,,
n=40:q=5:t=30:beta=7:seed=0,40,5,30,7,0,28,ok,False,,5267,2633,8.569216219483389,8.563902897546914,1.00532746266513,0.005313321936474935,458009,0.009281,0.695723,True,10000000,False,FIRST_N_SOLUTIONS,16,11.361832543780999,,
n=40:q=5:t=30:beta=7:seed=0,40,5,30,7,0,29,ok,False,,3061,1530,8.026496938945412,8.00600061336679,1.0207078177256763,0.020496325578621466,460643,0.008065,0.703842,True,10000000,False,FIRST_N_SOLUTIONS,16,11.361832543780999,,
n=40:q=5:t=30:beta=7:seed=0,40,5,30,7,0,30,ok,False,,1729,864,7.455298485683291,7.427791690520472,1.0278885997539169,0.027506795162818953,462174,0.00754,0.711435,True,10000000,False,FIRST_N_SOLUTIONS,16,11.361832543780999,,
n=40:q=5:t=30:beta=7:seed=0,40,5,30,7,0,31,ok,False,,895,447,6.796823718274855,6.817303271544077,0.9797287285192703,-0.020479553269221462,463039,0.007052,0.718555,True,10000000,False,FIRST_N_SOLUTIONS,16,11.361832543780999,,
n=40:q=5:t=30:beta=7:seed=0,40,5,30,7,0,32,ok,False,,529,264,6.270988431858299,6.192365336076101,1.0817965115543828,0.0786230957821985,463487,0.006842,0.725447,True,10000000,False,FIRST_N_SOLUTIONS,16,11.361832543780999,,
n=40:q=5:t=30:beta=7:seed=0,40,5,30,7,0,33,ok,False,,331,165,5.802118375377063,5.550713255276847,1.2858308947696337,0.2514051201002161,463752,0.006676,0.732152,True,10000000,False,FIRST_N_SOLUTIONS,16,11.361832543780999,,
n=40:q=5:t=30:beta=7:seed=0,40,5,30,7,0,34,ok,False,,205,102,5.3230099791384085,4.873946412894597,1.5668442524377355,0.4490635662438116,463918,0.00678,0.738972,True,10000000,False,FIRST_N_SOLUTIONS,16,11.361832543780999,,
n=40:q=5:t=30:beta=7:seed=0,40,5,30,7,0,35,ok,False,,129,64,4.859812404361672,4.112146016825108,2.1120655188309114,0.7476663875365643,464021,0.006612,0.745615,True,10000000,False,FIRST_N_SOLUTIONS,16,11.361832543780999,,
n=40:q=5:t=30:beta=7:seed=0,40,5,30,7,0,36,ok,False,,107,53,4.672828834461906,3.316047519079177,3.883672844859135,1.3567813153827286,464086,0.006624,0.752266,True,10000000,False,FIRST_N_SOLUTIONS,16,11.361832543780999,,
n=40:q=5:t=30:beta=7:seed=0,40,5,30,7,0,37,ok,False,,89,44,4.48863636973214,2.5064371515614496,7.258688884968977,1.98219921817069,464140,0.006551,0.758856,True,10000000,False,FIRST_N_SOLUTIONS,16,11.361832543780999,,
n=40:q=5:t=30:beta=7:seed=0,40,5,30,7,0,38,ok,False,,89,44,4.48863636973214,1.6836704067333557,16.52651338353329,2.804965962998784,464185,0.006563,0.765461,True,10000000,False,FIRST_N_SOLUTIONS,16,11.361832543780999,,
n=40:q=5:t=30:beta=7:seed=0,40,5,30,7,0,39,ok,False,,85,42,4.442651256490317,0.8480845528123666,36.39992461696134,3.59456670367795,464230,0.006537,0.772033,True,10000000,False,FIRST_N_SOLUTIONS,16,11.361832543780999,,
n=40:q=5:t=30:beta=7:seed=0,40,5,30,7,0,40,ok,True,rank_complete,85,42,4.442651256490317,0.0,85.00000000000001,4.442651256490317,464273,0.006677,0.778744,True,10000000,False,FIRST_N_SOLUTIONS,16,11.361832543780999,,
n=40:q=5:t=30:beta=7:seed=1,40,5,30,7,1,1,ok,False,,5,2,1.6094379124341003,1.5815321272626073,1.0282987988624799,0.027905785171493003,2,1.9e-05,3.8e-05,True,10000000,False,FIRST_N_SOLUTIONS,18,11.539883535328428,,
n=40:q=5:t=30:beta=7:seed=1,40,5,30,7,1,2,ok,False,,19,9,2.9444389791664403,2.9411101358313645,1.003334390087099,0.0033288433350757707,12,1.1e-05,9.8e-05,True,10000000,False,FIRST_N_SOLUTIONS,18,11.539883535328428,,
n=40:q=5:t=30:beta=7:seed=1,40,5,30,7,1,3,ok,False,,65,32,4.174387269895637,4.139737372626042,1.0352571989734536,0.034649897269594554,44,1.8e-05,0.000155,True,10000000,False,FIRST_N_SOLUTIONS,18,11.539883535328428,,
n=40:q=5:t=30:beta=7:seed=1,40,5,30,7,1,4,ok,False,,201,100,5.303304908059076,5.26062351292312,1.0436053441385036,0.042681395135955924,144,0.000124,0.000313,True,10000000,False,FIRST_N_SOLUTIONS,18,11.539883535328428,,
n=40:q=5:t=30:beta=7:seed=1,40,5,30,7,1,5,ok,False,,557,278,6.322565239927284,6.319549391907296,1.0030204002647702,0.003015848019987999,422,0.000139,0.000495,True,10000000,False,FIRST_N_SOLUTIONS,18,11.539883535328428,,
n=40:q=5:t=30:beta=7:seed=1,40,5,30,7,1,6,ok,False,,1299,649,7.1693500166706,7.173173813741554,0.9961835043317397,-0.0038237970709547042,1071,0.00043,0.000962,True,10000000,False,FIRST_N_SOLUTIONS,18,11.539883535328428,,
n=40:q=5:t=30:beta=7:seed=1,40,5,30,7,1,7,ok,False,,2907,1453,7.9748769005588755,7.970138794014745,1.0047493491201034,0.004738106544130538,2524,0.000914,0.001915,True,10000000,False,FIRST_N_SOLUTIONS,18,11.539883535328428,,
n=40:q=5:t=30:beta=7:seed=1,40,5,30,7,1,8,ok,False,,5501,2750,8.612685172875459,8.620982050041427,0.9917374469261963,-0.008296877165967942,5274,0.001859,0.003828,True,10000000,False,FIRST_N_SOLUTIONS,18,11.539883535328428,,
n=40:q=5:t=30:beta=7:seed=1,40,5,30,7,1,9,ok,False,,10589,5294,9.267571005430455,9.269176597946919,0.9983956957576272,-0.0016055925164639717,10568,0.003914,0.007816,True,10000000,False,FIRST_N_SOLUTIONS,18,11.539883535328428,,
n=40:q=5:t=30:beta=7:seed=1,40,5,30,7,1,10,ok,False,,17451,8725,9.767152232578871,9.770518027530127,0.9966398629869714,-0.003365794951255552,19293,0.007095,0.014998,True,10000000,False,FIRST_N_SOLUTIONS,18,11.539883535328428,,
n=40:q=5:t=30:beta=7:seed=1,40,5,30,7,1,11,ok,False,,27099,13549,10.207252105817954,10.209482310755668,0.9977722801215778,-0.0022302049377138644,19303,0.012471,0.027578,True,10000000,False,FIRST_N_SOLUTIONS,18,11.539883535328428,,
n=40:q=5:t=30:beta=7:seed=1,40,5,30,7,1,12,ok,False,,41853,20926,10.641918757936217,10.643452900365336,0.9984670337658174,-0.0015341424291186456,32853,0.024824,0.052501,True,10000000,False,FIRST_N_SOLUTIONS,18,11.539883535328428,,
n=40:q=5:t=30:beta=7:seed=1,40,5,30,7,1,13,ok,False,,57217,28608,10.954606336009089,10.95528207092234,0.9993244933441684,-0.0006757349132513468,53780,0.03155,0.084149,True,10000000,False,FIRST_N_SOLUTIONS,18,11.539883535328428,,
n=40:q=5:t=30:beta=7:seed=1,40,5,30,7,1,14,ok,False,,72951,36475,11.197543261876168,11.20026888166297,0.9972780913423351,-0.0027256197868013032,82389,0.039604,0.123841,True,10000000,False,FIRST_N_SOLUTIONS,18,11.539883535328428,,
n=40:q=5:t=30:beta=7:seed=1,40,5,30,7,1,15,ok,False,,85979,42989,11.361858359370867,11.359849691963575,1.0020106861310907,0.0020086674072921085,118865,0.064333,0.188257,True,10000000,False,FIRST_N_SOLUTIONS,18,11.539883535328428,,
n=40:q=5:t=30:beta=7:seed=1,40,5,30,7,1,16,ok,False,,95031,47515,11.461958433142733,11.461186898095171,1.0007718327572865,0.0007715350475621108,161855,0.060564,0.248954,True,10000000,False,FIRST_N_SOLUTIONS,18,11.539883535328428,,
n=40:q=5:t=30:beta=7:seed=1,40,5,30,7,1,17,ok,False,,100301,50150,11.515930943990057,11.520745501955975,0.9951970134404347,-0.004814557965918453,209371,0.062479,0.311489,True,10000000,False,FIRST_N_SOLUTIONS,18,11.539883535328428,,
n=40:q=5:t=30:beta=7:seed=1,40,5,30,7,1,18,ok,False,,101923,50961,11.531972905223657,11.539883535328428,0.9921205765871401,-0.007910630104770888,259522,0.072614,0.384163,True,10000000,False,FIRST_N_SOLUTIONS,18,11.539883535328428,,
n=40:q=5:t=30:beta=7:seed=1,40,5,30,7,1,19,ok,False,,96689,48344,11.479254921092949,11.488685639961226,0.9906136108976078,-0.009430718868276955,310484,0.082666,0.46692,True,10000000,False,FIRST_N_SOLUTIONS,18,11.539883535328428,,
n=40:q=5:t=30:beta=7:seed=1,40,5,30,7,1,20,ok,False,,86775,43387,11.371073840729988,11.381416764320196,0.9897103805122814,-0.010342923590208386,358829,0.064526,0.531512,True,10000000,False,FIRST_N_SOLUTIONS,18,11.539883535328428,,
n=40:q=5:t=30:beta=7:seed=1,40,5,30,7,1,21,ok,False,,74015,37007,11.212023054347592,11.222711506471096,0.9893684664100556,-0.010688452123504888,402217,0.059604,0.591175,True,10000000,False,FIRST_N_SOLUTIONS,18,11.539883535328428,,
n=40:q=5:t=30:beta=7:seed=1,40,5,30,7,1,22,ok,False,,59455,29727,10.99297500287168,11.002008385724832,0.9910072955696599,-0.00903338285315236,439225,0.045706,0.636949,True,10000000,False,FIRST_N_SOLUTIONS,18,11.539883535328428,,
n=40:q=5:t=30:beta=7:seed=1,40,5,30,7,1,23,ok,False,,44129,22064,10.694872441685067,10.691900488105428,1.0029763742118984,0.002971953579638864,468953,0.035278,0.672293,True,10000000,False,FIRST_N_SOLUTIONS,18,11.539883535328428,,
n=40:q=5:t=30:beta=7:seed=1,40,5,30,7,1,24,ok,False,,31869,15934,10.369389029448124,10.363304915393016,1.0061026598695655,0.006084114055108003,491018,0.034447,0.706802,True,10000000,False,FIRST_N_SOLUTIONS,18,11.539883535328428,,
n=40:q=5:t=30:beta=7:seed=1,40,5,30,7,1,25,ok,False,,23837,11918,10.078994274334729,10.06163840575529,1.017507356800707,0.017355868579439715,506953,0.026975,0.733864,True,10000000,False,FIRST_N_SOLUTIONS,18,11.539883535328428,,
n=40:q=5:t=30:beta=7:seed=1,40,5,30,7,1,26,ok,False,,15959,7979,9.677778212399186,9.655618462599584,1.0224071007546764,0.022159749799602224,518872,0.021429,0.755399,True,10000000,False,FIRST_N_SOLUTIONS,18,11.539883535328428,,
n=40:q=5:t=30:beta=7:seed=1,40,5,30,7,1,27,ok,False,,10125,5062,9.22276289197474,9.194131618231065,1.0290450885694373,0.028631273743675578,526852,0.014135,0.769649,True,10000000,False,FIRST_N_SOLUTIONS,18,11.539883535328428,,
n=40:q=5:t=30:beta=7:seed=1,40,5,30,7,1,28,ok,False,,6549,3274,8.787067645218054,8.75459143674382,1.0330093159838523,0.03247620847423427,531915,0.010712,0.780425,True,10000000,False,FIRST_N_SOLUTIONS,18,11.539883535328428,,
n=40:q=5:t=30:beta=7:seed=1,40,5,30,7,1,29,ok,False,,3629,1814,8.19671240721307,8.178589724088308,1.018287895467829,0.018122683124762062,535190,0.009167,0.789656,True,10000000,False,FIRST_N_SOLUTIONS,18,11.539883535328428,,
n=40:q=5:t=30:beta=7:seed=1,40,5,30,7,1,30,ok,False,,2087,1043,7.643482907077201,7.628559605504613,1.0150352100257178,0.01492330157258781,537005,0.00845,0.798173,True,10000000,False,FIRST_N_SOLUTIONS,18,11.539883535328428,,
n=40:q=5:t=30:beta=7:seed=1,40,5,30,7,1,31,ok,False,,1275,637,7.150701457592526,7.066406851447468,1.0879493631682888,0.08429460614505846,538049,0.008055,0.806283,True,10000000,False,FIRST_N_SOLUTIONS,18,11.539883535328428,,
n=40:q=5:t=30:beta=7:seed=1,40,5,30,7,1,32,ok,False,,655,327,6.484635235635252,6.41550888739031,1.0715715917854387,0.06912634824494202,538687,0.007896,0.814234,True,10000000,False,FIRST_N_SOLUTIONS,18,11.539883535328428,,
n=40:q=5:t=30:beta=7:seed=1,40,5,30,7,1,33,ok,False,,321,160,5.771441123130016,5.662285030933951,1.1153364320677273,0.10915609219606459,539015,0.007748,0.822021,True,10000000,False,FIRST_N_SOLUTIONS,18,11.539883535328428,,
n=40:q=5:t=30:beta=7:seed=1,40,5,30,7,1,34,ok,False,,199,99,5.293304824724492,4.894357410154726,1.4902552508333966,0.3989474145697667,539176,0.007793,0.829865,True,10000000,False,FIRST_N_SOLUTIONS,18,11.539883535328428,,
n=40:q=5:t=30:beta=7:seed=1,40,5,30,7,1,35,ok,False,,109,54,4.6913478822291435,4.112146016825108,1.784613500407514,0.5792018654040358,539276,0.007779,0.837681,True,10000000,False,FIRST_N_SOLUTIONS,18,11.539883535328428,,
n=40:q=5:t=30:beta=7:seed=1,40,5,30,7,1,36,ok,False,,93,46,4.532599493153256,3.316047519079177,3.3755287343168208,1.2165519740740791,539331,0.007844,0.845563,True,10000000,False,FIRST_N_SOLUTIONS,18,11.539883535328428,,
n=40:q=5:t=30:beta=7:seed=1,40,5,30,7,1,37,ok,False,,91,45,4.51085950651685,2.5064371515614496,7.421805489125582,2.0044223549554,539378,0.009319,0.854908,True,10000000,False,FIRST_N_SOLUTIONS,18,11.539883535328428,,
n=40:q=5:t=30:beta=7:seed=1,40,5,30,7,1,38,ok,False,,79,39,4.3694478524670215,1.6836704067333557,14.669601767405956,2.685777445733666,539424,0.009331,0.864299,True,10000000,False,FIRST_N_SOLUTIONS,18,11.539883535328428,,
n=40:q=5:t=30:beta=7:seed=1,40,5,30,7,1,39,ok,False,,81,40,4.394449154672439,0.8480845528123737,34.686986987927625,3.5463646018600654,539464,0.009261,0.873633,True,10000000,False,FIRST_N_SOLUTIONS,18,11.539883535328428,,
n=40:q=5:t=30:beta=7:seed=1,40,5,30,7,1,40,ok,True,rank_complete,81,40,4.394449154672439,0.0,81.00000000000003,4.394449154672439,539505,0.00933,0.883043,True,10000000,False,FIRST_N_SOLUTIONS,18,11.539883535328428,,
n=40:q=5:t=30:beta=7:seed=2,40,5,30,7,2,1,ok,False,,5,2,1.6094379124341003,1.7497682455732138,0.8690711049908478,-0.14033033313911347,2,2.4e-05,4.1e-05,True,10000000,False,FIRST_N_SOLUTIONS,18,11.846489272547412,,
n=40:q=5:t=30:beta=7:seed=2,40,5,30,7,2,2,ok,False,,25,12,3.2188758248682006,3.237135667675653,0.9819058580323249,-0.018259842807452298,15,1.6e-05,0.000104,True,10000000,False,FIRST_N_SOLUTIONS,18,11.846489272547412,,
n=40:q=5:t=30:beta=7:seed=2,40,5,30,7,2,3,ok,False,,91,45,4.51085950651685,4.513151037637827,0.9977110924320951,-0.0022915311209770195,60,2.8e-05,0.000176,True,10000000,False,FIRST_N_SOLUTIONS,18,11.846489272547412,,
n=40:q=5:t=30:beta=7:seed=2,40,5,30,7,2,4,ok,False,,285,142,5.652489180268651,5.651049893412646,1.001440323126436,0.0014392868560051397,202,0.000148,0.000359,True,10000000,False,FIRST_N_SOLUTIONS,18,11.846489272547412,,
n=40:q=5:t=30:beta=7:seed=2,40,5,30,7,2,5,ok,False,,741,370,6.608000625296087,6.642714791095666,0.9658814587589586,-0.03471416579957953,572,0.000205,0.000605,True,10000000,False,FIRST_N_SOLUTIONS,18,11.846489272547412,,
n=40:q=5:t=30:beta=7:seed=2,40,5,30,7,2,6,ok,False,,1891,945,7.544861068658458,7.5689295987690235,0.9762188070827258,-0.024068530110565867,1517,0.000793,0.001434,True,10000000,False,FIRST_N_SOLUTIONS,18,11.846489272547412,,
n=40:q=5:t=30:beta=7:seed=2,40,5,30,7,2,7,ok,False,,3955,1977,8.282735880201754,8.293934975217638,0.9888633814047482,-0.011199095015884453,3494,0.001312,0.002802,True,10000000,False,FIRST_N_SOLUTIONS,18,11.846489272547412,,
n=40:q=5:t=30:beta=7:seed=2,40,5,30,7,2,8,ok,False,,7999,3999,8.987071812848821,8.985038416503322,1.0020354650978085,0.002033396345499483,7493,0.002795,0.005661,True,10000000,False,FIRST_N_SOLUTIONS,18,11.846489272547412,,
n=40:q=5:t=30:beta=7:seed=2,40,5,30,7,2,9,ok,False,,15571,7785,9.653165488841426,9.639568669915306,1.0136896760450975,0.013596818926119525,15278,0.006127,0.011855,True,10000000,False,FIRST_N_SOLUTIONS,18,11.846489272547412,,
n=40:q=5:t=30:beta=7:seed=2,40,5,30,7,2,10,ok,False,,25935,12967,10.1633486867855,10.154627199653833,1.0087596301077477,0.008721487131667871,28245,0.011273,0.023218,True,10000000,False,FIRST_N_SOLUTIONS,18,11.846489272547412,,
n=40:q=5:t=30:beta=7:seed=2,40,5,30,7,2,11,ok,False,,39573,19786,10.58590234651703,10.580993834071615,1.0049205789273752,0.004908512445414459,28255,0.018048,0.041365,True,10000000,False,FIRST_N_SOLUTIONS,18,11.846489272547412,,
n=40:q=5:t=30:beta=7:seed=2,40,5,30,7,2,12,ok,False,,61147,30573,11.021036080222563,11.018222683306451,1.002817358231262,0.002813396916112154,48042,0.025203,0.066646,True,10000000,False,FIRST_N_SOLUTIONS,18,11.846489272547412,,
n=40:q=5:t=30:beta=7:seed=2,40,5,30,7,2,13,ok,False,,80667,40333,11.29808484869358,11.298190006499535,0.9998948477229337,-0.00010515780595454771,78616,0.041724,0.108449,True,10000000,False,FIRST_N_SOLUTIONS,18,11.846489272547412,,
n=40:q=5:t=30:beta=7:seed=2,40,5,30,7,2,14,ok,False,,101945,50972,11.532188731151075,11.536130730843759,0.9960657597887987,-0.0039419996926834955,118950,0.066247,0.174787,True,10000000,False,FIRST_N_SOLUTIONS,18,11.846489272547412,,
n=40:q=5:t=30:beta=7:seed=2,40,5,30,7,2,15,ok,False,,121505,60752,11.707710693179383,11.710823689436324,0.9968918440919409,-0.0031129962569416136,169923,0.100327,0.275206,True,10000000,False,FIRST_N_SOLUTIONS,18,11.846489272547412,,
n=40:q=5:t=30:beta=7:seed=2,40,5,30,7,2,16,ok,False,,135983,67991,11.820285156905038,11.822742904831927,0.9975452698627196,-0.002457747926888132,230676,0.092838,0.368121,True,10000000,False,FIRST_N_SOLUTIONS,18,11.846489272547412,,
n=40:q=5:t=30:beta=7:seed=2,40,5,30,7,2,17,ok,False,,136501,68250,11.824087219587643,11.822587784662064,1.0015005596402022,0.001499434925579024,298668,0.100929,0.469118,True,10000000,False,FIRST_N_SOLUTIONS,18,11.846489272547412,,
n=40:q=5:t=30:beta=7:seed=2,40,5,30,7,2,18,ok,False,,140079,70039,11.849961828156411,11.846489272547412,1.003478591915342,0.0034725556089991727,366919,0.142529,0.611724,True,10000000,False,FIRST_N_SOLUTIONS,18,11.846489272547412,,
n=40:q=5:t=30:beta=7:seed=2,40,5,30,7,2,19,ok,False,,125393,62696,11.739208084251276,11.73600188330568,1.003211346305398,0.003206200945596649,436959,0.110234,0.722025,True,10000000,False,FIRST_N_SOLUTIONS,18,11.846489272547412,,
n=40:q=5:t=30:beta=7:seed=2,40,5,30,7,2,20,ok,False,,110813,55406,11.615599374932724,11.613461662315693,1.002139999153677,0.0021377126170314398,499656,0.106812,0.828901,True,10000000,False,FIRST_N_SOLUTIONS,18,11.846489272547412,,
n=40:q=5:t=30:beta=7:seed=2,40,5,30,7,2,21,ok,False,,88525,44262,11.391040276980105,11.388071880828129,1.0029728062023462,0.0029683961519761937,555063,0.07566,0.904632,True,10000000,False,FIRST_N_SOLUTIONS,18,11.846489272547412,,
n=40:q=5:t=30:beta=7:seed=2,40,5,30,7,2,22,ok,False,,71857,35928,11.182433311953016,11.183595401550733,0.998838585366918,-0.0011620895977166867,599326,0.075737,0.980458,True,10000000,False,FIRST_N_SOLUTIONS,18,11.846489272547412,,
n=40:q=5:t=30:beta=7:seed=2,40,5,30,7,2,23,ok,False,,51835,25917,10.855820875757212,10.858165570725667,0.9976580516816874,-0.00234469496845513,635255,0.044457,1.025045,True,10000000,False,FIRST_N_SOLUTIONS,18,11.846489272547412,,
n=40:q=5:t=30:beta=7:seed=2,40,5,30,7,2,24,ok,False,,38351,19175,10.554535882074735,10.551147768349928,1.003393859869811,0.0033881137248066295,661173,0.036519,1.061649,True,10000000,False,FIRST_N_SOLUTIONS,18,11.846489272547412,,
n=40:q=5:t=30:beta=7:seed=2,40,5,30,7,2,25,ok,False,,26569,13284,10.187500401613525,10.19058831552417,0.996916848791981,-0.0030879139106456677,680349,0.030762,1.092508,True,10000000,False,FIRST_N_SOLUTIONS,18,11.846489272547412,,
n=40:q=5:t=30:beta=7:seed=2,40,5,30,7,2,26,ok,False,,17141,8570,9.749228533507058,9.754093211233243,0.995147135654644,-0.004864677726185818,693634,0.020687,1.113254,True,10000000,False,FIRST_N_SOLUTIONS,18,11.846489272547412,,
n=40:q=5:t=30:beta=7:seed=2,40,5,30,7,2,27,ok,False,,10607,5303,9.26926943950547,9.27903001037108,0.9902869089040818,-0.009760570865610774,702205,0.016999,1.130324,True,10000000,False,FIRST_N_SOLUTIONS,18,11.846489272547412,,
n=40:q=5:t=30:beta=7:seed=2,40,5,30,7,2,28,ok,False,,6005,3002,8.700347734514084,8.717866310466245,0.982633982133691,-0.01751857595216144,707509,0.01311,1.143494,True,10000000,False,FIRST_N_SOLUTIONS,18,11.846489272547412,,
n=40:q=5:t=30:beta=7:seed=2,40,5,30,7,2,29,ok,False,,3463,1731,8.149890544402423,8.160915910972246,0.9890351900269566,-0.011025366569823447,710512,0.011716,1.155264,True,10000000,False,FIRST_N_SOLUTIONS,18,11.846489272547412,,
n=40:q=5:t=30:beta=7:seed=2,40,5,30,7,2,30,ok,False,,1903,951,7.551186867296149,7.549072509106132,1.0021165950215045,0.0021143581900169295,712244,0.010928,1.166258,True,10000000,False,FIRST_N_SOLUTIONS,18,11.846489272547412,,
n=40:q=5:t=30:beta=7:seed=2,40,5,30,7,2,31,ok,False,,1001,500,6.90875477931522,6.931688433804943,0.9773273229023064,-0.022933654489722954,713196,0.01049,1.176813,True,10000000,False,FIRST_N_SOLUTIONS,18,11.846489272547412,,
n=40:q=5:t=30:beta=7:seed=2,40,5,30,7,2,32,ok,False,,557,278,6.322565239927284,6.278290464539424,1.0452695297728036,0.04427477538786029,713697,0.01026,1.187127,True,10000000,False,FIRST_N_SOLUTIONS,18,11.846489272547412,,
n=40:q=5:t=30:beta=7:seed=2,40,5,30,7,2,33,ok,False,,285,142,5.652489180268651,5.550713255276847,1.1071353625659992,0.10177592499180399,713976,0.010203,1.197364,True,10000000,False,FIRST_N_SOLUTIONS,18,11.846489272547412,,
n=40:q=5:t=30:beta=7:seed=2,40,5,30,7,2,34,ok,False,,177,88,5.176149732573829,4.873946412894597,1.3528362569828245,0.302203319679232,714119,0.009904,1.20733,True,10000000,False,FIRST_N_SOLUTIONS,18,11.846489272547412,,
n=40:q=5:t=30:beta=7:seed=2,40,5,30,7,2,35,ok,False,,123,61,4.812184355372417,4.112146016825108,2.013829913303892,0.7000383385473095,714208,0.009968,1.217347,True,10000000,False,FIRST_N_SOLUTIONS,18,11.846489272547412,,
n=40:q=5:t=30:beta=7:seed=2,40,5,30,7,2,36,ok,False,,107,53,4.672828834461906,3.316047519079177,3.883672844859135,1.3567813153827286,714270,0.00994,1.22733,True,10000000,False,FIRST_N_SOLUTIONS,18,11.846489272547412,,
n=40:q=5:t=30:beta=7:seed=2,40,5,30,7,2,37,ok,False,,95,47,4.553876891600541,2.5064371515614496,7.748038697438797,2.047439740039091,714324,0.009888,1.237272,True,10000000,False,FIRST_N_SOLUTIONS,18,11.846489272547412,,
n=40:q=5:t=30:beta=7:seed=2,40,5,30,7,2,38,ok,False,,81,40,4.394449154672439,1.6836704067333557,15.040984090631428,2.7107787479390835,714372,0.009994,1.247292,True,10000000,False,FIRST_N_SOLUTIONS,18,11.846489272547412,,
n=40:q=5:t=30:beta=7:seed=2,40,5,30,7,2,39,ok,False,,79,39,4.3694478524670215,0.8480845528123666,33.83051817341112,3.521363299654655,714413,0.009915,1.25725,True,10000000,False,FIRST_N_SOLUTIONS,18,11.846489272547412,,
n=40:q=5:t=30:beta=7:seed=2,40,5,30,7,2,40,ok,True,rank_complete,81,40,4.394449154672439,0.0,81.00000000000003,4.394449154672439,714453,0.009965,1.267264,True,10000000,False,FIRST_N_SOLUTIONS,18,11.846489272547412,,
n=44:q=11:t=22:beta=15:seed=0,44,11,22,15,0,1,ok,False,,5,2,1.6094379124341003,1.7071002742255519,0.9069550747501715,-0.0976623617914516,2,2.2e-05,3.2e-05,True,10000000,False,FIRST_N_SOLUTIONS,20,13.77453691205504,,
n=44:q=11:t=22:beta=15:seed=0,44,11,22,15,0,2,ok,False,,27,13,3.295836866004329,3.2636977533709435,1.0326611515255686,0.03213911263338565,16,8e-06,7e-05,True,10000000,False,FIRST_N_SOLUTIONS,20,13.77453691205504,,
n=44:q=11:t=22:beta=15:seed=0,44,11,22,15,0,3,ok,False,,105,52,4.653960350157523,4.6524303203515185,1.001531200898801,0.0015300298060045847,68,2.2e-05,0.000111,True,10000000,False,FIRST_N_SOLUTIONS,20,13.77453691205504,,
n=44:q=11:t=22:beta=15:seed=0,44,11,22,15,0,4,ok,False,,387,193,5.958424693029782,5.933690332594475,1.0250427924342986,0.024734360435306968,261,0.000116,0.000244,True,10000000,False,FIRST_N_SOLUTIONS,20,13.77453691205504,,
n=44:q=11:t=22:beta=15:seed=0,44,11,22,15,0,5,ok,False,,1085,542,6.98933526597456,6.977611699848605,1.0117925564679895,0.011723566125954932,803,0.0002,0.000466,True,10000000,False,FIRST_N_SOLUTIONS,20,13.77453691205504,,
n=44:q=11:t=22:beta=15:seed=0,44,11,22,15,0,6,ok,False,,2809,1404,7.940583827104244,7.941392870640891,0.9991912836508324,-0.000809043536647458,2207,0.00055,0.001036,True,10000000,False,FIRST_N_SOLUTIONS,20,13.77453691205504,,
n=44:q=11:t=22:beta=15:seed=0,44,11,22,15,0,7,ok,False,,6681,3340,8.807022955925477,8.8117050475116,0.9953288523179055,-0.004682091586122539,5547,0.001418,0.002475,True,10000000,False,FIRST_N_SOLUTIONS,20,13.77453691205504,,
n=44:q=11:t=22:beta=15:seed=0,44,11,22,15,0,8,ok,False,,14695,7347,9.595262578853017,9.603335029868223,0.9919600437213131,-0.008072451015205928,12894,0.003482,0.005994,True,10000000,False,FIRST_N_SOLUTIONS,20,13.77453691205504,,
n=44:q=11:t=22:beta=15:seed=0,44,11,22,15,0,9,ok,False,,30541,15270,10.326825322178923,10.329349432786119,0.9974790722814323,-0.0025241106071955954,28164,0.008239,0.014266,True,10000000,False,FIRST_N_SOLUTIONS,20,13.77453691205504,,
n=44:q=11:t=22:beta=15:seed=0,44,11,22,15,0,10,ok,False,,58245,29122,10.972413530833878,10.971119115314794,1.0012952536364368,0.0012944155190837137,57286,0.019237,0.03355,True,10000000,False,FIRST_N_SOLUTIONS,20,13.77453691205504,,
n=44:q=11:t=22:beta=15:seed=0,44,11,22,15,0,11,ok,False,,101411,50705,11.52693684551788,11.527529517445531,0.9994075036676645,-0.0005926719276505565,57296,0.041333,0.074953,True,10000000,False,FIRST_N_SOLUTIONS,20,13.77453691205504,,
n=44:q=11:t=22:beta=15:seed=0,44,11,22,15,0,12,ok,False,,163141,81570,12.002370136540334,12.003812751211235,0.9985584253974432,-0.0014426146709016763,108002,0.079252,0.154264,True,10000000,False,FIRST_N_SOLUTIONS,20,13.77453691205504,,
n=44:q=11:t=22:beta=15:seed=0,44,11,22,15,0,13,ok,False,,240403,120201,12.390071960766656,12.391276046264021,0.9987966391227133,-0.0012040854973651705,189573,0.129875,0.284217,True,10000000,False,FIRST_N_SOLUTIONS,20,13.77453691205504,,
n=44:q=11:t=22:beta=15:seed=0,44,11,22,15,0,14,ok,False,,343799,171899,12.747812463258825,12.747742080557149,1.0000703851785961,7.038270167569749e-05,309775,0.21755,0.50185,True,10000000,False,FIRST_N_SOLUTIONS,20,13.77453691205504,,
n=44:q=11:t=22:beta=15:seed=0,44,11,22,15,0,15,ok,False,,465431,232715,13.050719137000309,13.050363052845338,1.0003561475604594,0.00035608415497101475,481675,0.308446,0.810379,True,10000000,False,FIRST_N_SOLUTIONS,20,13.77453691205504,,
n=44:q=11:t=22:beta=15:seed=0,44,11,22,15,0,16,ok,False,,580445,290222,13.271550329722707,13.272250936324628,0.9992996387655791,-0.000700606601920839,714391,0.42594,1.236401,True,10000000,False,FIRST_N_SOLUTIONS,20,13.77453691205504,,
n=44:q=11:t=22:beta=15:seed=0,44,11,22,15,0,17,ok,False,,701985,350992,13.461667315258293,13.46270038578462,0.9989674629073213,-0.0010330705263275064,1004614,0.542693,1.77917,True,10000000,False,FIRST_N_SOLUTIONS,20,13.77453691205504,,
n=44:q=11:t=22:beta=15:seed=0,44,11,22,15,0,18,ok,False,,854843,427421,13.658673105326635,13.659212612497399,0.9994606383370611,-0.0005395071707638976,1355607,0.71003,2.489276,True,10000000,False,FIRST_N_SOLUTIONS,20,13.77453691205504,,
n=44:q=11:t=22:beta=15:seed=0,44,11,22,15,0,19,ok,False,,936899,468449,13.75033076458894,13.750117942952649,1.000212844284422,0.00021282163629088302,1783029,0.810482,3.299837,True,10000000,False,FIRST_N_SOLUTIONS,20,13.77453691205504,,
n=44:q=11:t=22:beta=15:seed=0,44,11,22,15,0,20,ok,False,,959949,479974,13.774635437032837,13.77453691205504,1.0000985298315408,9.852497779583302e-05,2251479,0.865708,4.165625,True,10000000,False,FIRST_N_SOLUTIONS,20,13.77453691205504,,
n=44:q=11:t=22:beta=15:seed=0,44,11,22,15,0,21,ok,False,,936195,468097,13.749579067094688,13.74852349788085,1.001056126523096,0.0010555692138378703,2731454,0.880699,5.046397,True,10000000,False,FIRST_N_SOLUTIONS,20,13.77453691205504,,
n=44:q=11:t=22:beta=15:seed=0,44,11,22,15,0,22,ok,False,,847713,423856,13.650297414092922,13.6480191638753,1.002280847401619,0.0022782502176212915,3199552,0.825155,5.871637,True,10000000,False,FIRST_N_SOLUTIONS,20,13.77453691205504,,
n=44:q=11:t=22:beta=15:seed=0,44,11,22,15,0,23,ok,False,,759377,379688,13.540253639252438,13.539770425005905,1.0004833310133436,0.0004832142465325262,3623409,0.735461,6.607186,True,10000000,False,FIRST_N_SOLUTIONS,20,13.77453691205504,,
n=44:q=11:t=22:beta=15:seed=0,44,11,22,15,0,24,ok,False,,621527,310763,13.339934632271651,13.3406316763926,0.9993031987578683,-0.0006970441209492861,4003098,0.649453,7.25671,True,10000000,False,FIRST_N_SOLUTIONS,20,13.77453691205504,,
n=44:q=11:t=22:beta=15:seed=0,44,11,22,15,0,25,ok,False,,472151,236075,13.065054128659956,13.063755728879144,1.0012992430667413,0.0012983997808113656,4313862,0.516546,7.773343,True,10000000,False,FIRST_N_SOLUTIONS,20,13.77453691205504,,
n=44:q=11:t=22:beta=15:seed=0,44,11,22,15,0,26,ok,False,,354375,177187,12.778110953464154,12.777449460130086,1.0006617121690333,0.0006614933340678419,4549938,0.417115,8.190521,True,10000000,False,FIRST_N_SOLUTIONS,20,13.77453691205504,,
n=44:q=11:t=22:beta=15:seed=0,44,11,22,15,0,27,ok,False,,243733,121866,12.403828642838153,12.401180237440816,1.0026519155209714,0.002648405397337683,4727126,0.294643,8.485251,True,10000000,False,FIRST_N_SOLUTIONS,20,13.77453691205504,,
n=44:q=11:t=22:beta=15:seed=0,44,11,22,15,0,28,ok,False,,168643,84321,12.03553933355072,12.033448363118584,1.0020931580352817,0.002090970432135464,4848993,0.214297,8.699629,True,10000000,False,FIRST_N_SOLUTIONS,20,13.77453691205504,,
n=44:q=11:t=22:beta=15:seed=0,44,11,22,15,0,29,ok,False,,110625,55312,11.61390138231023,11.608612936285674,1.0053024545387705,0.005288446024556137,4933315,0.16228,8.861966,True,10000000,False,FIRST_N_SOLUTIONS,20,13.77453691205504,,
n=44:q=11:t=22:beta=15:seed=0,44,11,22,15,0,30,ok,False,,67689,33844,11.122678964162622,11.118612283937399,1.0040749603897063,0.004066680225223607,4988628,0.124086,8.986126,True,10000000,False,FIRST_N_SOLUTIONS,20,13.77453691205504,,
n=44:q=11:t=22:beta=15:seed=0,44,11,22,15,0,31,ok,False,,39727,19863,10.589786336267235,10.578753291268068,1.011094133497481,0.011033044999166464,5022473,0.097145,9.083335,True,10000000,False,FIRST_N_SOLUTIONS,20,13.77453691205504,,
n=44:q=11:t=22:beta=15:seed=0,44,11,22,15,0,32,ok,False,,22885,11442,10.038236953087743,10.028843939335985,1.0094372665526283,0.009393013751758161,5042337,0.085291,9.168687,True,10000000,False,FIRST_N_SOLUTIONS,20,13.77453691205504,,
n=44:q=11:t=22:beta=15:seed=0,44,11,22,15,0,33,ok,False,,12339,6169,9.420520256898534,9.406787068545299,1.0138279217515227,0.013733188353235448,5053780,0.092901,9.261658,True,10000000,False,FIRST_N_SOLUTIONS,20,13.77453691205504,,
n=44:q=11:t=22:beta=15:seed=0,44,11,22,15,0,34,ok,False,,6375,3187,8.760139370026627,8.75263930609455,1.0075282598579052,0.007500063932075918,5059950,0.072509,9.33425,True,10000000,False,FIRST_N_SOLUTIONS,20,13.77453691205504,,
n=44:q=11:t=22:beta=15:seed=0,44,11,22,15,0,35,ok,False,,3209,1604,8.073714641109857,8.078744950545591,0.9949823213829255,-0.005030309435733571,5063138,0.070219,9.404542,True,10000000,False,FIRST_N_SOLUTIONS,20,13.77453691205504,,
n=44:q=11:t=22:beta=15:seed=0,44,11,22,15,0,36,ok,False,,1577,788,7.3632795869630385,7.3619470923562105,1.0013333827722146,0.0013324946068280497,5064743,0.068974,9.473585,True,10000000,False,FIRST_N_SOLUTIONS,20,13.77453691205504,,
n=44:q=11:t=22:beta=15:seed=0,44,11,22,15,0,37,ok,False,,715,357,6.5722825426940075,6.5575348584943995,1.0148569678603196,0.014747684199607924,5065532,0.068364,9.542013,True,10000000,False,FIRST_N_SOLUTIONS,20,13.77453691205504,,
n=44:q=11:t=22:beta=15:seed=0,44,11,22,15,0,38,ok,False,,299,149,5.700443573390687,5.706506506749612,0.9939554091330416,-0.006062933358925271,5065890,0.068167,9.610241,True,10000000,False,FIRST_N_SOLUTIONS,20,13.77453691205504,,
n=44:q=11:t=22:beta=15:seed=0,44,11,22,15,0,39,ok,False,,121,60,4.795790545596741,4.838231413593967,0.9584471387441975,-0.04244086799722524,5066040,0.068113,9.678395,True,10000000,False,FIRST_N_SOLUTIONS,20,13.77453691205504,,
n=44:q=11:t=22:beta=15:seed=0,44,11,22,15,0,40,ok,False,,49,24,3.8918202981106265,3.9223722042989877,0.9699100864249572,-0.030551906188361233,5066101,0.067684,9.746128,True,10000000,False,FIRST_N_SOLUTIONS,20,13.77453691205504,,
n=44:q=11:t=22:beta=15:seed=0,44,11,22,15,0,41,ok,False,,23,11,3.1354942159291497,3.0162015689425132,1.1266995952879153,0.11929264698663644,5066126,0.067877,9.814046,True,10000000,False,FIRST_N_SOLUTIONS,20,13.77453691205504,,
n=44:q=11:t=22:beta=15:seed=0,44,11,22,15,0,42,ok,False,,15,7,2.70805020110221,2.0867545737649777,1.861338080754318,0.6212956273372323,5066138,0.068133,9.882232,True,10000000,False,FIRST_N_SOLUTIONS,20,13.77453691205504,,
n=44:q=11:t=22:beta=15:seed=0,44,11,22,15,0,43,ok,False,,9,4,2.1972245773362196,1.0423966308590522,3.173477362593746,1.1548279464771674,5066146,0.068342,9.950632,True,10000000,False,FIRST_N_SOLUTIONS,20,13.77453691205504,,
n=44:q=11:t=22:beta=15:seed=0,44,11,22,15,0,44,ok,True,rank_complete,3,1,1.0986122886681098,-7.105427357601002e-15,3.0000000000000218,1.0986122886681169,5066151,0.069008,10.019685,True,10000000,False,FIRST_N_SOLUTIONS,20,13.77453691205504,,
n=44:q=11:t=22:beta=2:seed=0,44,11,22,2,0,1,ok,False,,9,4,2.1972245773362196,2.1332062118203683,1.066111978278147,0.06401836551585127,4,3.5e-05,4.6e-05,True,10000000,False,FIRST_N_SOLUTIONS,19,18.240204112052965,,
n=44:q=11:t=22:beta=2:seed=0,44,11,22,2,0,2,ok,False,,55,27,4.007333185232471,3.9533640645764896,1.0554520099861588,0.053969120655981584,32,3.1e-05,0.000105,True,10000000,False,FIRST_N_SOLUTIONS,19,18.240204112052965,,
n=44:q=11:t=22:beta=2:seed=0,44,11,22,2,0,3,ok,False,,285,142,5.652489180268651,5.63068324963904,1.0220454175118994,0.021805930629610337,174,9.6e-05,0.000221,True,10000000,False,FIRST_N_SOLUTIONS,19,18.240204112052965,,
n=44:q=11:t=22:beta=2:seed=0,44,11,22,2,0,4,ok,False,,1213,606,7.10085190894405,7.116414977774965,0.9845574099087547,-0.015563068830914517,780,0.000198,0.000439,True,10000000,False,FIRST_N_SOLUTIONS,19,18.240204112052965,,
n=44:q=11:t=22:beta=2:seed=0,44,11,22,2,0,5,ok,False,,4755,2377,8.46695197497949,8.472344687080769,0.9946218024679404,-0.005392712101278008,3157,0.000879,0.001338,True,10000000,False,FIRST_N_SOLUTIONS,19,18.240204112052965,,
n=44:q=11:t=22:beta=2:seed=0,44,11,22,2,0,6,ok,False,,16265,8132,9.696770838907451,9.698151825671058,0.9986199663598129,-0.001380986763606984,11289,0.003552,0.004915,True,10000000,False,FIRST_N_SOLUTIONS,19,18.240204112052965,,
n=44:q=11:t=22:beta=2:seed=0,44,11,22,2,0,7,ok,False,,52173,26086,10.862320398675953,10.861744656081163,1.0005759083663706,0.0005757425947905404,37375,0.013174,0.018122,True,10000000,False,FIRST_N_SOLUTIONS,19,18.240204112052965,,
n=44:q=11:t=22:beta=2:seed=0,44,11,22,2,0,8,ok,False,,154141,77070,11.945623046919607,11.9451114816756,1.0005116961158225,0.000511565244007528,114445,0.051903,0.070085,True,10000000,False,FIRST_N_SOLUTIONS,19,18.240204112052965,,
n=44:q=11:t=22:beta=2:seed=0,44,11,22,2,0,9,ok,False,,398605,199302,12.89572623058582,12.894966454648571,1.0007600646400983,0.0007597759372490742,313747,0.171131,0.241296,True,10000000,False,FIRST_N_SOLUTIONS,19,18.240204112052965,,
n=44:q=11:t=22:beta=2:seed=0,44,11,22,2,0,10,ok,False,,1000689,500344,13.816199320712746,13.816049519404613,1.0001498125289094,0.00014980130813313508,814091,0.601838,0.843201,True,10000000,False,FIRST_N_SOLUTIONS,19,18.240204112052965,,
n=44:q=11:t=22:beta=2:seed=0,44,11,22,2,0,11,ok,False,,2300883,1150441,14.6488035202671,14.648647461734912,1.0001560707099537,0.00015605853218758625,814101,1.617152,2.460435,True,10000000,False,FIRST_N_SOLUTIONS,19,18.240204112052965,,
n=44:q=11:t=22:beta=2:seed=0,44,11,22,2,0,12,ok,False,,4736169,2368084,15.370739139030936,15.370922941336074,0.9998162145854711,-0.00018380230513770357,1964543,3.865599,6.326114,True,10000000,False,FIRST_N_SOLUTIONS,19,18.240204112052965,,
n=44:q=11:t=22:beta=2:seed=0,44,11,22,2,0,13,ok,False,,9499605,4749802,16.066760776758972,16.066739692676713,1.0000210843045305,2.1084082259648085e-05,4332628,9.135528,15.461725,True,10000000,False,FIRST_N_SOLUTIONS,19,18.240204112052965,,
n=44:q=11:t=22:beta=2:seed=0,44,11,22,2,0,14,ok,False,,16769483,8384741,16.63507130446311,16.6351349243294,0.9999363821574119,-6.361986628888872e-05,9082431,34.149822,49.611627,True,10000000,False,FIRST_N_SOLUTIONS,19,18.240204112052965,,
n=44:q=11:t=22:beta=2:seed=0,44,11,22,2,0,15,solution_cap,True,solution_cap,20000001,10000000,16.811242881518265,17.114477259638797,0.738426005187634,-0.303234378120532,12030111,54.274241,103.892746,True,10000000,True,FIRST_N_SOLUTIONS,19,18.240204112052965,,
n=44:q=11:t=22:beta=8:seed=0,44,11,22,8,0,1,ok,False,,5,2,1.6094379124341003,1.740445961474888,0.8772107136578139,-0.13100804904078767,2,1.8e-05,2.9e-05,True,10000000,False,FIRST_N_SOLUTIONS,21,14.492287456758902,,
n=44:q=11:t=22:beta=8:seed=0,44,11,22,8,0,2,ok,False,,25,12,3.2188758248682006,3.295843113555004,0.9259201411748524,-0.07696728868680358,15,9e-06,6.8e-05,True,10000000,False,FIRST_N_SOLUTIONS,21,14.492287456758902,,
n=44:q=11:t=22:beta=8:seed=0,44,11,22,8,0,3,ok,False,,107,53,4.672828834461906,4.70150722636538,0.9717289301097227,-0.02867839190347432,68,1.7e-05,0.000104,True,10000000,False,FIRST_N_SOLUTIONS,21,14.492287456758902,,
n=44:q=11:t=22:beta=8:seed=0,44,11,22,8,0,4,ok,False,,379,189,5.937536205082426,5.918682286497244,1.0190327759942481,0.01885391858518215,257,0.000119,0.000241,True,10000000,False,FIRST_N_SOLUTIONS,21,14.492287456758902,,
n=44:q=11:t=22:beta=8:seed=0,44,11,22,8,0,5,ok,False,,1131,565,7.030857476116121,7.013785012115374,1.017219031415233,0.017072464000746912,822,0.00021,0.000474,True,10000000,False,FIRST_N_SOLUTIONS,21,14.492287456758902,,
n=44:q=11:t=22:beta=8:seed=0,44,11,22,8,0,6,ok,False,,3029,1514,8.015987811027237,8.01037610432245,1.005627481825503,0.005611706704787167,2336,0.000605,0.001101,True,10000000,False,FIRST_N_SOLUTIONS,21,14.492287456758902,,
n=44:q=11:t=22:beta=8:seed=0,44,11,22,8,0,7,ok,False,,7283,3641,8.893298144217916,8.892596374127404,1.0007020163887532,0.0007017700905116442,5977,0.001606,0.002731,True,10000000,False,FIRST_N_SOLUTIONS,21,14.492287456758902,,
n=44:q=11:t=22:beta=8:seed=0,44,11,22,8,0,8,ok,False,,18107,9053,9.804053882820643,9.803869798760546,1.0001841010046069,0.00018408406009662315,15030,0.004559,0.007321,True,10000000,False,FIRST_N_SOLUTIONS,21,14.492287456758902,,
n=44:q=11:t=22:beta=8:seed=0,44,11,22,8,0,9,ok,False,,37955,18977,10.544156526450868,10.548552252695274,0.9956139208197415,-0.004395726244405651,34007,0.010677,0.018033,True,10000000,False,FIRST_N_SOLUTIONS,21,14.492287456758902,,
n=44:q=11:t=22:beta=8:seed=0,44,11,22,8,0,10,ok,False,,77517,38758,11.258252546125393,11.257946462703925,1.0003061302697773,0.000306083421467207,72765,0.025602,0.04368,True,10000000,False,FIRST_N_SOLUTIONS,21,14.492287456758902,,
n=44:q=11:t=22:beta=8:seed=0,44,11,22,8,0,11,ok,False,,145521,72760,11.888075685076034,11.888609017170634,0.9994668101016815,-0.0005333320945997144,72775,0.068768,0.112517,True,10000000,False,FIRST_N_SOLUTIONS,21,14.492287456758902,,
n=44:q=11:t=22:beta=8:seed=0,44,11,22,8,0,12,ok,False,,252707,126353,12.43998599382365,12.440644344295206,0.9993418661935647,-0.0006583504715571564,145536,0.126457,0.23905,True,10000000,False,FIRST_N_SOLUTIONS,21,14.492287456758902,,
n=44:q=11:t=22:beta=8:seed=0,44,11,22,8,0,13,ok,False,,392407,196203,12.88005484545409,12.880178689890261,0.9998761632322345,-0.00012384443617108332,271890,0.217416,0.456541,True,10000000,False,FIRST_N_SOLUTIONS,21,14.492287456758902,,
n=44:q=11:t=22:beta=8:seed=0,44,11,22,8,0,14,ok,False,,600677,300338,13.305812631441997,13.30516644568928,1.0006463945757065,0.000646185752716022,468094,0.404331,0.860943,True,10000000,False,FIRST_N_SOLUTIONS,21,14.492287456758902,,
n=44:q=11:t=22:beta=8:seed=0,44,11,22,8,0,15,ok,False,,833997,416998,13.633985084212112,13.633798282157576,1.0001868195031263,0.00018680205453591725,768433,0.606154,1.467153,True,10000000,False,FIRST_N_SOLUTIONS,21,14.492287456758902,,
n=44:q=11:t=22:beta=8:seed=0,44,11,22,8,0,16,ok,False,,1071981,535990,13.885018896575218,13.88504330860793,0.9999755882652595,-2.4412032711751408e-05,1185432,0.867431,2.334654,True,10000000,False,FIRST_N_SOLUTIONS,21,14.492287456758902,,
n=44:q=11:t=22:beta=8:seed=0,44,11,22,8,0,17,ok,False,,1296493,648246,14.07517348479472,14.07513869778881,1.0000347876109836,3.4787005908754054e-05,1721423,1.101977,3.436714,True,10000000,False,FIRST_N_SOLUTIONS,21,14.492287456758902,,
n=44:q=11:t=22:beta=8:seed=0,44,11,22,8,0,18,ok,False,,1521555,760777,14.235243396203447,14.23561115829462,0.9996323055250157,-0.0003677620911730628,2369670,1.376244,4.813039,True,10000000,False,FIRST_N_SOLUTIONS,21,14.492287456758902,,
n=44:q=11:t=22:beta=8:seed=0,44,11,22,8,0,19,ok,False,,1735443,867721,14.366773270183684,14.366679278791567,1.000093995809446,9.399139211652141e-05,3130448,1.631263,6.444389,True,10000000,False,FIRST_N_SOLUTIONS,21,14.492287456758902,,
n=44:q=11:t=22:beta=8:seed=0,44,11,22,8,0,20,ok,False,,1885869,942934,14.449899280590287,14.449697239495357,1.0002020615066065,0.00020204109492993894,3998170,1.877616,8.322086,True,10000000,False,FIRST_N_SOLUTIONS,21,14.492287456758902,,
n=44:q=11:t=22:beta=8:seed=0,44,11,22,8,0,21,ok,False,,1968963,984481,14.493017566180104,14.492287456758902,1.0007303760159625,0.0007301094212017745,4941105,2.014194,10.336363,True,10000000,False,FIRST_N_SOLUTIONS,21,14.492287456758902,,
n=44:q=11:t=22:beta=8:seed=0,44,11,22,8,0,22,ok,False,,1791375,895687,14.398494039360372,14.399030653469275,0.9994635298426983,-0.000536614108902711,5925587,1.9274,12.26385,True,10000000,False,FIRST_N_SOLUTIONS,21,14.492287456758902,,
n=44:q=11:t=22:beta=8:seed=0,44,11,22,8,0,23,ok,False,,1491659,745829,14.21539948134497,14.215741743084223,0.9996577968256151,-0.0003422617392523364,6821275,1.675286,13.939216,True,10000000,False,FIRST_N_SOLUTIONS,21,14.492287456758902,,
n=44:q=11:t=22:beta=8:seed=0,44,11,22,8,0,24,ok,False,,1215945,607972,14.011032110222173,14.011532377609647,0.9994998577253907,-0.0005002673874745511,7567105,1.314253,15.253546,True,10000000,False,FIRST_N_SOLUTIONS,21,14.492287456758902,,
n=44:q=11:t=22:beta=8:seed=0,44,11,22,8,0,25,ok,False,,942565,471282,13.756360161443533,13.75723517502048,0.9991253691357991,-0.0008750135769464151,8175078,1.12337,16.377006,True,10000000,False,FIRST_N_SOLUTIONS,21,14.492287456758902,,
n=44:q=11:t=22:beta=8:seed=0,44,11,22,8,0,26,ok,False,,706487,353243,13.468060080371256,13.468410393537702,0.9996497481860462,-0.00035031316644662525,8646361,0.912353,17.289442,True,10000000,False,FIRST_N_SOLUTIONS,21,14.492287456758902,,
n=44:q=11:t=22:beta=8:seed=0,44,11,22,8,0,27,ok,False,,503267,251633,13.128876123358715,13.128793765100848,1.0000823616494012,8.235825786684359e-05,8999605,0.646438,17.935962,True,10000000,False,FIRST_N_SOLUTIONS,21,14.492287456758902,,
n=44:q=11:t=22:beta=8:seed=0,44,11,22,8,0,28,ok,False,,335135,167567,12.722288714705153,12.721558075874658,1.0007309058120637,0.0007306388304950673,9251239,0.459899,18.395941,True,10000000,False,FIRST_N_SOLUTIONS,21,14.492287456758902,,
n=44:q=11:t=22:beta=8:seed=0,44,11,22,8,0,29,ok,False,,213445,106722,12.271134467222122,12.268274908581336,1.0028636510785216,0.0028595586407860196,9418807,0.355935,18.751956,True,10000000,False,FIRST_N_SOLUTIONS,21,14.492287456758902,,
n=44:q=11:t=22:beta=8:seed=0,44,11,22,8,0,30,ok,False,,129811,64905,11.77383482542412,11.77582047727294,0.9980163182536159,-0.0019856518488214903,9525530,0.2635,19.015541,True,10000000,False,FIRST_N_SOLUTIONS,21,14.492287456758902,,
n=44:q=11:t=22:beta=8:seed=0,44,11,22,8,0,31,ok,False,,73479,36739,11.204754930091111,11.203063120281815,1.0016932417269084,0.0016918098092961742,9590436,0.199433,19.21506,True,10000000,False,FIRST_N_SOLUTIONS,21,14.492287456758902,,
n=44:q=11:t=22:beta=8:seed=0,44,11,22,8,0,32,ok,False,,41069,20534,10.623008857981173,10.604513229674957,1.0186677318564492,0.01849562830621565,9627176,0.164992,19.380132,True,10000000,False,FIRST_N_SOLUTIONS,21,14.492287456758902,,
n=44:q=11:t=22:beta=8:seed=0,44,11,22,8,0,33,ok,False,,21825,10912,9.990811380707804,9.984554943990943,1.0062760490969278,0.006256436716860492,9647711,0.148886,19.529095,True,10000000,False,FIRST_N_SOLUTIONS,21,14.492287456758902,,
n=44:q=11:t=22:beta=8:seed=0,44,11,22,8,0,34,ok,False,,11235,5617,9.326789184619429,9.305933961294585,1.021074213206333,0.02085522332484402,9658624,0.13946,19.668636,True,10000000,False,FIRST_N_SOLUTIONS,21,14.492287456758902,,
n=44:q=11:t=22:beta=8:seed=0,44,11,22,8,0,35,ok,False,,5431,2715,8.599878558034845,8.588673288852036,1.0112682833551871,0.01120526918280973,9664242,0.134593,19.803316,True,10000000,False,FIRST_N_SOLUTIONS,21,14.492287456758902,,
n=44:q=11:t=22:beta=8:seed=0,44,11,22,8,0,36,ok,False,,2433,1216,7.796880342783522,7.80418886070116,0.9927181243547526,-0.007308517917637758,9666958,0.132147,19.935534,True,10000000,False,FIRST_N_SOLUTIONS,21,14.492287456758902,,
n=44:q=11:t=22:beta=8:seed=0,44,11,22,8,0,37,ok,False,,969,484,6.876264611890766,6.920859595277314,0.9563847551164241,-0.04459498338654733,9668175,0.131524,20.067121,True,10000000,False,FIRST_N_SOLUTIONS,21,14.492287456758902,,
n=44:q=11:t=22:beta=8:seed=0,44,11,22,8,0,38,ok,False,,367,183,5.905361848054571,6.066277628142949,0.8513637698693336,-0.16091578008837804,9668660,0.130776,20.197953,True,10000000,False,FIRST_N_SOLUTIONS,21,14.492287456758902,,
n=44:q=11:t=22:beta=8:seed=0,44,11,22,8,0,39,ok,False,,131,65,4.875197323201151,5.108480864440708,0.7919289971579931,-0.2332835412395564,9668844,0.13072,20.32872,True,10000000,False,FIRST_N_SOLUTIONS,21,14.492287456758902,,
n=44:q=11:t=22:beta=8:seed=0,44,11,22,8,0,40,ok,False,,59,29,4.07753744390572,4.158117719329553,0.9225808400431003,-0.08058027542383339,9668910,0.130235,20.458999,True,10000000,False,FIRST_N_SOLUTIONS,21,14.492287456758902,,
n=44:q=11:t=22:beta=8:seed=0,44,11,22,8,0,41,ok,False,,13,6,2.5649493574615367,3.1416644271759893,0.5617406178434613,-0.5767150697144525,9668940,0.130042,20.589092,True,10000000,False,FIRST_N_SOLUTIONS,21,14.492287456758902,,
n=44:q=11:t=22:beta=8:seed=0,44,11,22,8,0,42,ok,False,,5,2,1.6094379124341003,2.1661322146892132,0.5731004327877077,-0.556694302255113,9668947,0.130262,20.719406,True,10000000,False,FIRST_N_SOLUTIONS,21,14.492287456758902,,
n=44:q=11:t=22:beta=8:seed=0,44,11,22,8,0,43,ok,False,,5,2,1.6094379124341003,1.0694302414941887,1.716020025620874,0.5400076709399115,9668950,0.131365,20.850814,True,10000000,False,FIRST_N_SOLUTIONS,21,14.492287456758902,,
n=44:q=11:t=22:beta=8:seed=0,44,11,22,8,0,44,ok,True,rank_complete,3,1,1.0986122886681098,-7.105427357601002e-15,3.0000000000000218,1.0986122886681169,9668953,0.13047,20.981333,True,10000000,False,FIRST_N_SOLUTIONS,21,14.492287456758902,,
n=44:q=11:t=33:beta=15:seed=0,44,11,33,15,0,1,ok,False,,7,3,1.9459101490553132,1.8218738138310928,1.132057003796949,0.12403633522422042,3,1.1e-05,2e-05,True,10000000,False,FIRST_N_SOLUTIONS,20,13.387618183171547,,
n=44:q=11:t=33:beta=15:seed=0,44,11,33,15,0,2,ok,False,,31,15,3.4339872044851463,3.3407022968242774,1.0977744550699886,0.09328490766086883,19,9e-06,5.8e-05,True,10000000,False,FIRST_N_SOLUTIONS,20,13.387618183171547,,
n=44:q=11:t=33:beta=15:seed=0,44,11,33,15,0,3,ok,False,,115,57,4.74493212836325,4.719632027069493,1.0256228650935688,0.025300101293757038,76,1.9e-05,9.6e-05,True,10000000,False,FIRST_N_SOLUTIONS,20,13.387618183171547,,
n=44:q=11:t=33:beta=15:seed=0,44,11,33,15,0,4,ok,False,,381,190,5.942799375126701,5.935378165735568,1.0074488148118292,0.007421209391132777,266,0.000113,0.000225,True,10000000,False,FIRST_N_SOLUTIONS,20,13.387618183171547,,
n=44:q=11:t=33:beta=15:seed=0,44,11,33,15,0,5,ok,False,,1123,561,7.023758954738443,7.0460165340236145,0.977988293079649,-0.02225757928517158,827,0.000207,0.000452,True,10000000,False,FIRST_N_SOLUTIONS,20,13.387618183171547,,
n=44:q=11:t=33:beta=15:seed=0,44,11,33,15,0,6,ok,False,,2915,1457,7.977625098784593,7.989882014134123,0.9878178946787495,-0.012256915349530217,2284,0.00057,0.001043,True,10000000,False,FIRST_N_SOLUTIONS,20,13.387618183171547,,
n=44:q=11:t=33:beta=15:seed=0,44,11,33,15,0,7,ok,False,,7109,3554,8.869116865929483,8.8703472236245,0.9987703988846928,-0.0012303576950163375,5838,0.001536,0.002599,True,10000000,False,FIRST_N_SOLUTIONS,20,13.387618183171547,,
n=44:q=11:t=33:beta=15:seed=0,44,11,33,15,0,8,ok,False,,15085,7542,9.621456151593161,9.62071877297052,1.0007376505530927,0.0007373786226416712,13380,0.003691,0.006321,True,10000000,False,FIRST_N_SOLUTIONS,20,13.387618183171547,,
n=44:q=11:t=33:beta=15:seed=0,44,11,33,15,0,9,ok,False,,29459,14729,10.290754745109203,10.290743325299339,1.0000114198750703,1.141980986396618e-05,28109,0.008271,0.014622,True,10000000,False,FIRST_N_SOLUTIONS,20,13.387618183171547,,
n=44:q=11:t=33:beta=15:seed=0,44,11,33,15,0,10,ok,False,,55073,27536,10.916414856894058,10.916618799096142,0.9997960785927129,-0.00020394220208430625,55645,0.018604,0.033269,True,10000000,False,FIRST_N_SOLUTIONS,20,13.387618183171547,,
n=44:q=11:t=33:beta=15:seed=0,44,11,33,15,0,11,ok,False,,92547,46273,11.43547190256541,11.436189377412846,0.9992827824760977,-0.000717474847435895,55655,0.037316,0.070645,True,10000000,False,FIRST_N_SOLUTIONS,20,13.387618183171547,,
n=44:q=11:t=33:beta=15:seed=0,44,11,33,15,0,12,ok,False,,142301,71150,11.86569981146014,11.866820491710893,0.9988799474768426,-0.0011206802507537361,101929,0.067064,0.137785,True,10000000,False,FIRST_N_SOLUTIONS,20,13.387618183171547,,
n=44:q=11:t=33:beta=15:seed=0,44,11,33,15,0,13,ok,False,,211435,105717,12.261672901628154,12.260215493749847,1.001458470413289,0.001457407878307393,173080,0.113788,0.251649,True,10000000,False,FIRST_N_SOLUTIONS,20,13.387618183171547,,
n=44:q=11:t=33:beta=15:seed=0,44,11,33,15,0,14,ok,False,,280015,140007,12.54259845214506,12.542620395545057,0.999978056840758,-2.1943399996615653e-05,278798,0.176323,0.428048,True,10000000,False,FIRST_N_SOLUTIONS,20,13.387618183171547,,
n=44:q=11:t=33:beta=15:seed=0,44,11,33,15,0,15,ok,False,,360469,180234,12.795161240331419,12.794693273821427,1.000468076023402,0.000467966509992479,418806,0.230642,0.658769,True,10000000,False,FIRST_N_SOLUTIONS,20,13.387618183171547,,
n=44:q=11:t=33:beta=15:seed=0,44,11,33,15,0,16,ok,False,,463147,231573,13.045799777278058,13.04397473940299,1.0018267042702802,0.0018250378750668261,599041,0.322383,0.981233,True,10000000,False,FIRST_N_SOLUTIONS,20,13.387618183171547,,
n=44:q=11:t=33:beta=15:seed=0,44,11,33,15,0,17,ok,False,,539779,269889,13.19891507551177,13.198375063596515,1.000540157747939,0.0005400119152554339,830615,0.391172,1.372493,True,10000000,False,FIRST_N_SOLUTIONS,20,13.387618183171547,,
n=44:q=11:t=33:beta=15:seed=0,44,11,33,15,0,18,ok,False,,610495,305247,13.322025382491168,13.321912961626104,1.0001124271845256,0.00011242086506335625,1100505,0.48176,1.854342,True,10000000,False,FIRST_N_SOLUTIONS,20,13.387618183171547,,
n=44:q=11:t=33:beta=15:seed=0,44,11,33,15,0,19,ok,False,,646853,323426,13.379874345195693,13.380382717003613,0.9994917573911334,-0.0005083718079195165,1405753,0.534813,2.389249,True,10000000,False,FIRST_N_SOLUTIONS,20,13.387618183171547,,
n=44:q=11:t=33:beta=15:seed=0,44,11,33,15,0,20,ok,False,,652139,326069,13.388013008371042,13.387618183171547,1.0003949031532227,0.00039482519949451955,1729180,0.566007,2.955339,True,10000000,False,FIRST_N_SOLUTIONS,20,13.387618183171547,,
n=44:q=11:t=33:beta=15:seed=0,44,11,33,15,0,21,ok,False,,632525,316262,13.357475024494393,13.358523981005682,0.99895159345128,-0.0010489565112887789,2055250,0.560955,3.516377,True,10000000,False,FIRST_N_SOLUTIONS,20,13.387618183171547,,
n=44:q=11:t=33:beta=15:seed=0,44,11,33,15,0,22,ok,False,,553203,276601,13.223480301751529,13.223389763410673,1.0000905424395758,9.053834085648305e-05,2371513,0.498977,4.015447,True,10000000,False,FIRST_N_SOLUTIONS,20,13.387618183171547,,
n=44:q=11:t=33:beta=15:seed=0,44,11,33,15,0,23,ok,False,,480915,240457,13.083445818295216,13.08393040400388,0.9995155316840275,-0.0004845857086639427,2648115,0.442344,4.45787,True,10000000,False,FIRST_N_SOLUTIONS,20,13.387618183171547,,
n=44:q=11:t=33:beta=15:seed=0,44,11,33,15,0,24,ok,False,,396493,198246,12.890413665424527,12.892030870598113,0.9983841017980586,-0.0016172051735861004,2888573,0.385383,4.843332,True,10000000,False,FIRST_N_SOLUTIONS,20,13.387618183171547,,
n=44:q=11:t=33:beta=15:seed=0,44,11,33,15,0,25,ok,False,,320491,160245,12.677609473825335,12.679505134119921,0.9981061353345764,-0.001895660294586321,3086820,0.339648,5.183066,True,10000000,False,FIRST_N_SOLUTIONS,20,13.387618183171547,,
n=44:q=11:t=33:beta=15:seed=0,44,11,33,15,0,26,ok,False,,234657,117328,12.36588015244179,12.370242071229825,0.9956475805629033,-0.004361918788035268,3247066,0.260615,5.443775,True,10000000,False,FIRST_N_SOLUTIONS,20,13.387618183171547,,
n=44:q=11:t=33:beta=15:seed=0,44,11,33,15,0,27,ok,False,,163559,81779,12.004929060495593,12.007277201163639,0.9976546140576698,-0.002348140668045673,3364395,0.193585,5.637468,True,10000000,False,FIRST_N_SOLUTIONS,20,13.387618183171547,,
n=44:q=11:t=33:beta=15:seed=0,44,11,33,15,0,28,ok,False,,115257,57628,11.654919696541562,11.657324375704462,0.997598209761928,-0.002404679162900436,3446175,0.146076,5.783624,True,10000000,False,FIRST_N_SOLUTIONS,20,13.387618183171547,,
n=44:q=11:t=33:beta=15:seed=0,44,11,33,15,0,29,ok,False,,77513,38756,11.258200943209816,11.25867582452338,0.9995252314247214,-0.0004748813135631025,3503804,0.113572,5.897277,True,10000000,False,FIRST_N_SOLUTIONS,20,13.387618183171547,,
n=44:q=11:t=33:beta=15:seed=0,44,11,33,15,0,30,ok,False,,47787,23893,10.774508914962748,10.777846030628758,0.9966684463157616,-0.0033371156660102486,3542561,0.086778,5.98413,True,10000000,False,FIRST_N_SOLUTIONS,20,13.387618183171547,,
n=44:q=11:t=33:beta=15:seed=0,44,11,33,15,0,31,ok,False,,27601,13800,10.225607282932941,10.234975389239672,0.9906756376950966,-0.009368106306730795,3566455,0.068388,6.052592,True,10000000,False,FIRST_N_SOLUTIONS,20,13.387618183171547,,
n=44:q=11:t=33:beta=15:seed=0,44,11,33,15,0,32,ok,False,,15685,7842,9.660460120624778,9.66808017687243,0.9924089027778049,-0.0076200562476511635,3580256,0.059075,6.111742,True,10000000,False,FIRST_N_SOLUTIONS,20,13.387618183171547,,
n=44:q=11:t=33:beta=15:seed=0,44,11,33,15,0,33,ok,False,,8465,4232,9.043695294567236,9.060492332401687,0.9833432458571931,-0.016797037834450634,3588099,0.054001,6.165815,True,10000000,False,FIRST_N_SOLUTIONS,20,13.387618183171547,,
n=44:q=11:t=33:beta=15:seed=0,44,11,33,15,0,34,ok,False,,4401,2200,8.38958706681109,8.396605564489512,0.9930060744563126,-0.007018497678421554,3592332,0.051034,6.216919,True,10000000,False,FIRST_N_SOLUTIONS,20,13.387618183171547,,
n=44:q=11:t=33:beta=15:seed=0,44,11,33,15,0,35,ok,False,,2341,1170,7.75833346749091,7.730259165431413,1.0284720991776077,0.02807430205949757,3594533,0.049685,6.266673,True,10000000,False,FIRST_N_SOLUTIONS,20,13.387618183171547,,
n=44:q=11:t=33:beta=15:seed=0,44,11,33,15,0,36,ok,False,,1113,556,7.014814351275545,7.004860329010427,1.010003728332951,0.009954022265118212,3595704,0.049051,6.315781,True,10000000,False,FIRST_N_SOLUTIONS,20,13.387618183171547,,
n=44:q=11:t=33:beta=15:seed=0,44,11,33,15,0,37,ok,False,,537,268,6.285998094508865,6.195186900734676,1.0950622311720666,0.09081119377418911,3596261,0.048982,6.364813,True,10000000,False,FIRST_N_SOLUTIONS,20,13.387618183171547,,
n=44:q=11:t=33:beta=15:seed=0,44,11,33,15,0,38,ok,False,,265,132,5.579729825986222,5.362276965163005,1.2429068385215905,0.2174528608232169,3596530,0.048842,6.413709,True,10000000,False,FIRST_N_SOLUTIONS,20,13.387618183171547,,
n=44:q=11:t=33:beta=15:seed=0,44,11,33,15,0,39,ok,False,,127,63,4.844187086458591,4.535480127633889,1.3616632886221085,0.3087069588247022,3596663,0.04831,6.462071,True,10000000,False,FIRST_N_SOLUTIONS,20,13.387618183171547,,
n=44:q=11:t=33:beta=15:seed=0,44,11,33,15,0,40,ok,False,,79,39,4.3694478524670215,3.687936533390797,1.9768631466899687,0.6815113190762245,3596727,0.048287,6.510402,True,10000000,False,FIRST_N_SOLUTIONS,20,13.387618183171547,,
n=44:q=11:t=33:beta=15:seed=0,44,11,33,15,0,41,ok,False,,47,23,3.8501476017100584,2.788883849654127,2.890020952378249,1.0612637520559316,3596767,0.048118,6.558562,True,10000000,False,FIRST_N_SOLUTIONS,20,13.387618183171547,,
n=44:q=11:t=33:beta=15:seed=0,44,11,33,15,0,42,ok,False,,21,10,3.044522437723423,1.9039232291380017,3.1286425130818776,1.1405992085854213,3596791,0.048413,6.607015,True,10000000,False,FIRST_N_SOLUTIONS,20,13.387618183171547,,
n=44:q=11:t=33:beta=15:seed=0,44,11,33,15,0,43,ok,False,,11,5,2.3978952727983707,0.9636497500735572,4.196477667058868,1.4342455227248134,3596802,0.048528,6.655569,True,10000000,False,FIRST_N_SOLUTIONS,20,13.387618183171547,,
n=44:q=11:t=33:beta=15:seed=0,44,11,33,15,0,44,ok,True,rank_complete,5,2,1.6094379124341003,0.0,4.999999999999999,1.6094379124341003,3596808,0.048527,6.704165,True,10000000,False,FIRST_N_SOLUTIONS,20,13.387618183171547,,
n=44:q=11:t=33:beta=2:seed=0,44,11,33,2,0,1,ok,False,,7,3,1.9459101490553132,2.0681120563799897,0.8849696686046172,-0.1222019073246765,3,4.9e-05,5.8e-05,True,10000000,False,FIRST_N_SOLUTIONS,20,16.42835948043548,,
n=44:q=11:t=33:beta=2:seed=0,44,11,33,2,0,2,ok,False,,39,19,3.6635616461296463,3.7846286951010883,0.8859745539187891,-0.12106704897144205,23,3.3e-05,0.000122,True,10000000,False,FIRST_N_SOLUTIONS,20,16.42835948043548,,
n=44:q=11:t=33:beta=2:seed=0,44,11,33,2,0,3,ok,False,,189,94,5.241747015059643,5.293071541888465,0.9499703296441329,-0.05132452682882249,117,2.9e-05,0.000177,True,10000000,False,FIRST_N_SOLUTIONS,20,16.42835948043548,,
n=44:q=11:t=33:beta=2:seed=0,44,11,33,2,0,4,ok,False,,779,389,6.658011045870748,6.69646078973661,0.9622800640006072,-0.038449743865862196,506,0.000186,0.000385,True,10000000,False,FIRST_N_SOLUTIONS,20,16.42835948043548,,
n=44:q=11:t=33:beta=2:seed=0,44,11,33,2,0,5,ok,False,,2989,1494,8.002694162283937,8.015402419947756,0.9873721512630684,-0.012708257663819111,2000,0.000551,0.000959,True,10000000,False,FIRST_N_SOLUTIONS,20,16.42835948043548,,
n=44:q=11:t=33:beta=2:seed=0,44,11,33,2,0,6,ok,False,,10243,5121,9.234349824436535,9.23134866768838,1.0030056647276582,0.0030011567481551538,7121,0.002135,0.003116,True,10000000,False,FIRST_N_SOLUTIONS,20,16.42835948043548,,
n=44:q=11:t=33:beta=2:seed=0,44,11,33,2,0,7,ok,False,,32189,16094,10.379380058262003,10.377489322345149,1.0018925244850667,0.0018907359168540694,23215,0.007738,0.010888,True,10000000,False,FIRST_N_SOLUTIONS,20,16.42835948043548,,
n=44:q=11:t=33:beta=2:seed=0,44,11,33,2,0,8,ok,False,,87431,43715,11.378605189831132,11.376481363899387,1.002126082847522,0.0021238259317453156,66930,0.02639,0.037324,True,10000000,False,FIRST_N_SOLUTIONS,20,16.42835948043548,,
n=44:q=11:t=33:beta=2:seed=0,44,11,33,2,0,9,ok,False,,200739,100369,12.209760835787186,12.210059832185523,0.9997010482966314,-0.00029899639833708136,167299,0.074776,0.112168,True,10000000,False,FIRST_N_SOLUTIONS,20,16.42835948043548,,
n=44:q=11:t=33:beta=2:seed=0,44,11,33,2,0,10,ok,False,,428013,214006,12.966908847934434,12.967778304601733,0.9991309212006276,-0.0008694566672993176,381305,0.198805,0.31104,True,10000000,False,FIRST_N_SOLUTIONS,20,16.42835948043548,,
n=44:q=11:t=33:beta=2:seed=0,44,11,33,2,0,11,ok,False,,813307,406653,13.608863931027946,13.61029622176312,0.9985687345036626,-0.0014322907351740355,381315,0.488477,0.799592,True,10000000,False,FIRST_N_SOLUTIONS,20,16.42835948043548,,
n=44:q=11:t=33:beta=2:seed=0,44,11,33,2,0,12,ok,False,,1444901,722450,14.183551365070882,14.183432440557645,1.0001189315850365,0.00011892451323625153,787969,0.964173,1.763839,True,10000000,False,FIRST_N_SOLUTIONS,20,16.42835948043548,,
n=44:q=11:t=33:beta=2:seed=0,44,11,33,2,0,13,ok,False,,2436029,1218014,14.705879812502967,14.70603776615002,0.9998420588269679,-0.00015795364705262216,1510420,1.901051,3.664966,True,10000000,False,FIRST_N_SOLUTIONS,20,16.42835948043548,,
n=44:q=11:t=33:beta=2:seed=0,44,11,33,2,0,14,ok,False,,3819847,1909923,15.15572092742462,15.155664390469322,1.0000565385535407,5.653695529694858e-05,2728435,3.510229,7.17528,True,10000000,False,FIRST_N_SOLUTIONS,20,16.42835948043548,,
n=44:q=11:t=33:beta=2:seed=0,44,11,33,2,0,15,ok,False,,5315337,2657668,15.4861069732044,15.485763207865702,1.0003438244327736,0.0003437653386981765,4638359,5.005288,12.180652,True,10000000,False,FIRST_N_SOLUTIONS,20,16.42835948043548,,
n=44:q=11:t=33:beta=2:seed=0,44,11,33,2,0,16,ok,False,,7219171,3609585,15.792250684332096,15.79200948737974,1.0002412260426794,0.00024119695235569338,7296028,7.372142,19.5529,True,10000000,False,FIRST_N_SOLUTIONS,20,16.42835948043548,,
n=44:q=11:t=33:beta=2:seed=0,44,11,33,2,0,17,ok,False,,9270605,4635302,16.042359199705835,16.042315410999823,1.0000437896647516,4.378870601229323e-05,10905614,10.898578,30.451591,True,10000000,False,FIRST_N_SOLUTIONS,20,16.42835948043548,,
n=44:q=11:t=33:beta=2:seed=0,44,11,33,2,0,18,ok,False,,11578539,5789269,16.26466385634644,16.2644803526062,1.0001835205780836,0.00018350374024223015,15540917,20.845709,51.301047,True,10000000,False,FIRST_N_SOLUTIONS,20,16.42835948043548,,
n=44:q=11:t=33:beta=2:seed=0,44,11,33,2,0,19,ok,False,,13160667,6580333,16.39274316646764,16.392982060549684,0.9997611344508738,-0.00023889408204524898,21330187,70.417869,121.71901,True,10000000,False,FIRST_N_SOLUTIONS,20,16.42835948043548,,
n=44:q=11:t=33:beta=2:seed=0,44,11,33,2,0,20,ok,False,,13635573,6817786,16.428192597581255,16.42835948043548,0.9998331310699453,-0.0001668828542236156,27910521,82.64988,204.378391,True,10000000,False,FIRST_N_SOLUTIONS,20,16.42835948043548,,
n=44:q=11:t=33:beta=2:seed=0,44,11,33,2,0,21,time_cap,True,,,,,16.327259201060848,,,,0.0,,,,,,20,16.42835948043548,"TIMER_REAL, 0.0)
  File ""experiments/node_counts.py"", line 190, in alarm_handler
    raise TimeoutError(""operation exceeded its time cap"")
TimeoutError: operation exceeded its time cap
",enumeration_crash
n=44:q=11:t=33:beta=8:seed=0,44,11,33,8,0,1,ok,False,,7,3,1.9459101490553132,1.8653795023259077,1.083862062960619,0.08053064672940558,3,1.9e-05,3.1e-05,True,10000000,False,FIRST_N_SOLUTIONS,20,13.967804095043942,,
n=44:q=11:t=33:beta=8:seed=0,44,11,33,8,0,2,ok,False,,31,15,3.4339872044851463,3.393849626149089,1.0409539770574323,0.040137578336057356,19,1e-05,7.1e-05,True,10000000,False,FIRST_N_SOLUTIONS,20,13.967804095043942,,
n=44:q=11:t=33:beta=8:seed=0,44,11,33,8,0,3,ok,False,,119,59,4.77912349311153,4.7787270037000855,1.00039656802376,0.0003964894114441009,78,2e-05,0.00011,True,10000000,False,FIRST_N_SOLUTIONS,20,13.967804095043942,,
n=44:q=11:t=33:beta=8:seed=0,44,11,33,8,0,4,ok,False,,391,195,5.968707559985366,6.0154541922277005,0.9543291632014274,-0.04674663224233466,273,0.000129,0.000255,True,10000000,False,FIRST_N_SOLUTIONS,20,13.967804095043942,,
n=44:q=11:t=33:beta=8:seed=0,44,11,33,8,0,5,ok,False,,1255,627,7.134890851565884,7.143615487810028,0.9913133129501526,-0.008724636244144435,900,0.000242,0.000518,True,10000000,False,FIRST_N_SOLUTIONS,20,13.967804095043942,,
n=44:q=11:t=33:beta=8:seed=0,44,11,33,8,0,6,ok,False,,3379,1689,8.12533508671429,8.123720631328489,1.0016157593205188,0.0016144553858019606,2589,0.000713,0.00125,True,10000000,False,FIRST_N_SOLUTIONS,20,13.967804095043942,,
n=44:q=11:t=33:beta=8:seed=0,44,11,33,8,0,7,ok,False,,8273,4136,9.020752479190183,9.015750529130928,1.005014480695279,0.005001950059254412,6725,0.001918,0.003192,True,10000000,False,FIRST_N_SOLUTIONS,20,13.967804095043942,,
n=44:q=11:t=33:beta=8:seed=0,44,11,33,8,0,8,ok,False,,18091,9045,9.803169856021261,9.807525125103432,0.9956542013484724,-0.00435526908217021,15770,0.004731,0.007955,True,10000000,False,FIRST_N_SOLUTIONS,20,13.967804095043942,,
n=44:q=11:t=33:beta=8:seed=0,44,11,33,8,0,9,ok,False,,36901,18450,10.515993929932415,10.51831941978131,0.997677212007838,-0.0023254898488946907,34220,0.010796,0.018789,True,10000000,False,FIRST_N_SOLUTIONS,20,13.967804095043942,,
n=44:q=11:t=33:beta=8:seed=0,44,11,33,8,0,10,ok,False,,71465,35732,11.176963098343215,11.17792706461865,0.9990364981907995,-0.0009639662754352685,69952,0.023684,0.042535,True,10000000,False,FIRST_N_SOLUTIONS,20,13.967804095043942,,
n=44:q=11:t=33:beta=8:seed=0,44,11,33,8,0,11,ok,False,,132679,66339,11.795687956101624,11.796003486335811,0.9996845195402414,-0.00031553023418773307,69962,0.053895,0.096499,True,10000000,False,FIRST_N_SOLUTIONS,20,13.967804095043942,,
n=44:q=11:t=33:beta=8:seed=0,44,11,33,8,0,12,ok,False,,216405,108202,12.284906931047983,12.283390534986367,1.0015175463714923,0.001516396061616021,136302,0.104105,0.200678,True,10000000,False,FIRST_N_SOLUTIONS,20,13.967804095043942,,
n=44:q=11:t=33:beta=8:seed=0,44,11,33,8,0,13,ok,False,,336583,168291,12.726600054412915,12.726059210185163,1.000540990510362,0.0005408442277516912,244505,0.187198,0.38795,True,10000000,False,FIRST_N_SOLUTIONS,20,13.967804095043942,,
n=44:q=11:t=33:beta=8:seed=0,44,11,33,8,0,14,ok,False,,492419,246209,13.107085259063023,13.107635982257293,0.9994494284259141,-0.0005507231942694091,412797,0.317445,0.705473,True,10000000,False,FIRST_N_SOLUTIONS,20,13.967804095043942,,
n=44:q=11:t=33:beta=8:seed=0,44,11,33,8,0,15,ok,False,,647469,323734,13.38082619496184,13.381549719194496,0.9992767374478869,-0.000723524232656203,659007,0.451415,1.156965,True,10000000,False,FIRST_N_SOLUTIONS,20,13.967804095043942,,
n=44:q=11:t=33:beta=8:seed=0,44,11,33,8,0,16,ok,False,,819907,409953,13.616946198174363,13.617655569914604,0.999290879804409,-0.0007093717402408828,982742,0.608681,1.765719,True,10000000,False,FIRST_N_SOLUTIONS,20,13.967804095043942,,
n=44:q=11:t=33:beta=8:seed=0,44,11,33,8,0,17,ok,False,,956427,478213,13.77095974503357,13.77131006894954,0.9996497374402892,-0.00035032391596878654,1392696,0.767624,2.533422,True,10000000,False,FIRST_N_SOLUTIONS,20,13.967804095043942,,
n=44:q=11:t=33:beta=8:seed=0,44,11,33,8,0,18,ok,False,,1073809,536904,13.886722698384542,13.886731230170312,0.9999914682506252,-8.531785770315992e-06,1870910,0.918906,3.452399,True,10000000,False,FIRST_N_SOLUTIONS,20,13.967804095043942,,
n=44:q=11:t=33:beta=8:seed=0,44,11,33,8,0,19,ok,False,,1155061,577530,13.959663714396243,13.959612301505828,1.0000514142120795,5.1412890414326284e-05,2407815,1.026168,4.478647,True,10000000,False,FIRST_N_SOLUTIONS,20,13.967804095043942,,
n=44:q=11:t=33:beta=8:seed=0,44,11,33,8,0,20,ok,False,,1165021,582510,13.968249670570549,13.967804095043942,1.0004456748101274,0.0004455755266068451,2985346,1.054416,5.533139,True,10000000,False,FIRST_N_SOLUTIONS,20,13.967804095043942,,
n=44:q=11:t=33:beta=8:seed=0,44,11,33,8,0,21,ok,False,,1131977,565988,13.93947621951765,13.939152018805416,1.0003242532709642,0.0003242007122334911,3567857,1.059279,6.59249,True,10000000,False,FIRST_N_SOLUTIONS,20,13.967804095043942,,
n=44:q=11:t=33:beta=8:seed=0,44,11,33,8,0,22,ok,False,,1087277,543638,13.899186963446555,13.898903409326714,1.0002835943251107,0.0002835541198411562,4133846,1.091249,7.683826,True,10000000,False,FIRST_N_SOLUTIONS,20,13.967804095043942,,
n=44:q=11:t=33:beta=8:seed=0,44,11,33,8,0,23,ok,False,,935287,467643,13.748608713042394,13.748850563259495,0.9997581790263051,-0.00024185021710110277,4677485,0.947778,8.631684,True,10000000,False,FIRST_N_SOLUTIONS,20,13.967804095043942,,
n=44:q=11:t=33:beta=8:seed=0,44,11,33,8,0,24,ok,False,,775507,387753,13.561272287992551,13.560090556178551,1.0011824303341679,0.0011817318140003863,5145129,0.801859,9.43363,True,10000000,False,FIRST_N_SOLUTIONS,20,13.967804095043942,,
n=44:q=11:t=33:beta=8:seed=0,44,11,33,8,0,25,ok,False,,582263,291131,13.274677514676387,13.273278902886645,1.0013995903033452,0.0013986117897424322,5532883,0.626779,10.06049,True,10000000,False,FIRST_N_SOLUTIONS,20,13.967804095043942,,
n=44:q=11:t=33:beta=8:seed=0,44,11,33,8,0,26,ok,False,,442131,221065,12.99936149723843,12.998133376531335,1.0012288751561507,0.001228120707095215,5824015,0.54213,10.602698,True,10000000,False,FIRST_N_SOLUTIONS,20,13.967804095043942,,
n=44:q=11:t=33:beta=8:seed=0,44,11,33,8,0,27,ok,False,,299295,149647,12.609184988054741,12.608674942529653,1.000510175620424,0.0005100455250879321,6045081,0.375168,10.977954,True,10000000,False,FIRST_N_SOLUTIONS,20,13.967804095043942,,
n=44:q=11:t=33:beta=8:seed=0,44,11,33,8,0,28,ok,False,,199273,99636,12.202431022863875,12.204247434253176,0.9981852372874903,-0.0018164113893011091,6194729,0.286397,11.264433,True,10000000,False,FIRST_N_SOLUTIONS,20,13.967804095043942,,
n=44:q=11:t=33:beta=8:seed=0,44,11,33,8,0,29,ok,False,,133417,66708,11.801234840626206,11.803351541297687,0.9978855379596029,-0.0021167006714808423,6294366,0.225705,11.490222,True,10000000,False,FIRST_N_SOLUTIONS,20,13.967804095043942,,
n=44:q=11:t=33:beta=8:seed=0,44,11,33,8,0,30,ok,False,,80629,40314,11.29761366527052,11.297421705429002,1.0001919782669868,0.00019195984151743062,6361075,0.169372,11.659678,True,10000000,False,FIRST_N_SOLUTIONS,20,13.967804095043942,,
n=44:q=11:t=33:beta=8:seed=0,44,11,33,8,0,31,ok,False,,48755,24377,10.794563035269219,10.795277969436228,0.9992853213375293,-0.0007149341670089626,6401390,0.129145,11.788908,True,10000000,False,FIRST_N_SOLUTIONS,20,13.967804095043942,,
n=44:q=11:t=33:beta=8:seed=0,44,11,33,8,0,32,ok,False,,26987,13493,10.203110547555557,10.202315032857364,1.0007958312039338,0.0007955146981935002,6425768,0.110797,11.899785,True,10000000,False,FIRST_N_SOLUTIONS,20,13.967804095043942,,
n=44:q=11:t=33:beta=8:seed=0,44,11,33,8,0,33,ok,False,,14139,7069,9.556692215591841,9.55142825726007,1.0052778373025182,0.005263958331770624,6439262,0.098324,11.998193,True,10000000,False,FIRST_N_SOLUTIONS,20,13.967804095043942,,
n=44:q=11:t=33:beta=8:seed=0,44,11,33,8,0,34,ok,False,,7081,3540,8.865170419651774,8.859760003048322,1.0054250793392725,0.005410416603451651,6446332,0.09198,12.090248,True,10000000,False,FIRST_N_SOLUTIONS,20,13.967804095043942,,
n=44:q=11:t=33:beta=8:seed=0,44,11,33,8,0,35,ok,False,,3807,1903,8.244596756382498,8.213744065751655,1.0313335675987443,0.030852690630842616,6449873,0.089369,12.179688,True,10000000,False,FIRST_N_SOLUTIONS,20,13.967804095043942,,
n=44:q=11:t=33:beta=8:seed=0,44,11,33,8,0,36,ok,False,,1815,907,7.503840746698951,7.448217301893749,1.0571995148057887,0.055623444805202205,6451777,0.088116,12.267872,True,10000000,False,FIRST_N_SOLUTIONS,20,13.967804095043942,,
n=44:q=11:t=33:beta=8:seed=0,44,11,33,8,0,37,ok,False,,867,433,6.7650389767805414,6.675429375498602,1.0937472028388524,0.08960960128193918,6452685,0.087474,12.355419,True,10000000,False,FIRST_N_SOLUTIONS,20,13.967804095043942,,
n=44:q=11:t=33:beta=8:seed=0,44,11,33,8,0,38,ok,False,,353,176,5.8664680569332965,5.844372480094066,1.0223414919694938,0.0220955768392308,6453119,0.086866,12.442354,True,10000000,False,FIRST_N_SOLUTIONS,20,13.967804095043942,,
n=44:q=11:t=33:beta=8:seed=0,44,11,33,8,0,39,ok,False,,161,80,5.081404364984463,4.958671309571898,1.1305825777617982,0.1227330554125654,6453296,0.086763,12.529165,True,10000000,False,FIRST_N_SOLUTIONS,20,13.967804095043942,,
n=44:q=11:t=33:beta=8:seed=0,44,11,33,8,0,40,ok,False,,75,37,4.31748811353631,4.016449348348402,1.3512617224373142,0.30103876518790784,6453377,0.086585,12.615803,True,10000000,False,FIRST_N_SOLUTIONS,20,13.967804095043942,,
n=44:q=11:t=33:beta=8:seed=0,44,11,33,8,0,41,ok,False,,47,23,3.8501476017100584,3.07862230832788,2.163063044606306,0.7715252933821786,6453415,0.086234,12.702089,True,10000000,False,FIRST_N_SOLUTIONS,20,13.967804095043942,,
n=44:q=11:t=33:beta=8:seed=0,44,11,33,8,0,42,ok,False,,21,10,3.044522437723423,2.086754573764992,2.605873313056008,0.957767863958431,6453439,0.086681,12.788819,True,10000000,False,FIRST_N_SOLUTIONS,20,13.967804095043942,,
n=44:q=11:t=33:beta=8:seed=0,44,11,33,8,0,43,ok,False,,7,3,1.9459101490553132,1.049058616229786,2.451871309548036,0.8968515328255273,6453450,0.087046,12.875909,True,10000000,False,FIRST_N_SOLUTIONS,20,13.967804095043942,,
n=44:q=11:t=33:beta=8:seed=0,44,11,33,8,0,44,ok,True,rank_complete,5,2,1.6094379124341003,0.0,4.999999999999999,1.6094379124341003,6453454,0.086686,12.962623,True,10000000,False,FIRST_N_SOLUTIONS,20,13.967804095043942,,
n=44:q=379:t=22:beta=15:seed=0,44,379,22,15,0,1,ok,False,,7,3,1.9459101490553132,1.887045566850583,1.0606316026215794,0.05886458220473023,3,1.5e-05,2.6e-05,True,10000000,False,FIRST_N_SOLUTIONS,19,13.62131133252619,,
n=44:q=379:t=22:beta=15:seed=0,44,379,22,15,0,2,ok,False,,35,17,3.5553480614894135,3.5320094752178015,1.023613062210306,0.023338586271612005,21,1e-05,8.1e-05,True,10000000,False,FIRST_N_SOLUTIONS,19,13.62131133252619,,
n=44:q=379:t=22:beta=15:seed=0,44,379,22,15,0,3,ok,False,,133,66,4.890349128221754,4.910175879574171,0.9803685061124957,-0.01982675135241685,87,2.7e-05,0.000126,True,10000000,False,FIRST_N_SOLUTIONS,19,13.62131133252619,,
n=44:q=379:t=22:beta=15:seed=0,44,379,22,15,0,4,ok,False,,465,232,6.142037405587356,6.11030284638473,1.03224346940697,0.03173455920262569,319,0.000139,0.00029,True,10000000,False,FIRST_N_SOLUTIONS,19,13.62131133252619,,
n=44:q=379:t=22:beta=15:seed=0,44,379,22,15,0,5,ok,False,,1339,669,7.199678345691172,7.192016168576327,1.0076916067108221,0.007662177114845292,988,0.000446,0.000757,True,10000000,False,FIRST_N_SOLUTIONS,19,13.62131133252619,,
n=44:q=379:t=22:beta=15:seed=0,44,379,22,15,0,6,ok,False,,3513,1756,8.164225652265827,8.150852218678379,1.0134632579236924,0.013373433587448247,2744,0.000718,0.001494,True,10000000,False,FIRST_N_SOLUTIONS,19,13.62131133252619,,
n=44:q=379:t=22:beta=15:seed=0,44,379,22,15,0,7,ok,False,,8143,4071,9.004913941467132,8.99611184770503,1.008840946099708,0.008802093762101393,6815,0.001803,0.003323,True,10000000,False,FIRST_N_SOLUTIONS,19,13.62131133252619,,
n=44:q=379:t=22:beta=15:seed=0,44,379,22,15,0,8,ok,False,,17025,8512,9.742438131017714,9.744667504794798,0.9977731094309594,-0.002229373777083765,15327,0.004241,0.007599,True,10000000,False,FIRST_N_SOLUTIONS,19,13.62131133252619,,
n=44:q=379:t=22:beta=15:seed=0,44,379,22,15,0,9,ok,False,,34257,17128,10.441646202369757,10.44042498692463,1.0012219614323488,0.0012212154451276547,32455,0.009518,0.01716,True,10000000,False,FIRST_N_SOLUTIONS,19,13.62131133252619,,
n=44:q=379:t=22:beta=15:seed=0,44,379,22,15,0,10,ok,False,,61241,30620,11.022572178834904,11.024577778995944,0.9979964097110723,-0.002005600161039567,63075,0.019631,0.036856,True,10000000,False,FIRST_N_SOLUTIONS,19,13.62131133252619,,
n=44:q=379:t=22:beta=15:seed=0,44,379,22,15,0,11,ok,False,,103749,51874,11.549729799492276,11.55146902737166,0.9982622837009701,-0.0017392278793835203,63085,0.040525,0.077453,True,10000000,False,FIRST_N_SOLUTIONS,19,13.62131133252619,,
n=44:q=379:t=22:beta=15:seed=0,44,379,22,15,0,12,ok,False,,165481,82740,12.016611663583436,12.015746769148159,1.000865268564323,0.0008648944352778187,114960,0.072821,0.150341,True,10000000,False,FIRST_N_SOLUTIONS,19,13.62131133252619,,
n=44:q=379:t=22:beta=15:seed=0,44,379,22,15,0,13,ok,False,,253663,126831,12.443761893406329,12.441548897047248,1.002215446842827,0.0022129963590806767,197701,0.125954,0.276345,True,10000000,False,FIRST_N_SOLUTIONS,19,13.62131133252619,,
n=44:q=379:t=22:beta=15:seed=0,44,379,22,15,0,14,ok,False,,365441,182720,12.808860122433304,12.806333807148398,1.0025295091083333,0.0025263152849053228,324533,0.210702,0.4871,True,10000000,False,FIRST_N_SOLUTIONS,19,13.62131133252619,,
n=44:q=379:t=22:beta=15:seed=0,44,379,22,15,0,15,ok,False,,483565,241782,13.088941021240965,13.088836976688981,1.000104049964806,0.00010404455198376183,507254,0.332828,0.819985,True,10000000,False,FIRST_N_SOLUTIONS,19,13.62131133252619,,
n=44:q=379:t=22:beta=15:seed=0,44,379,22,15,0,16,ok,False,,602139,301069,13.308243594648312,13.307164303654943,1.0010798736374884,0.0010792909933687866,749037,0.445326,1.265381,True,10000000,False,FIRST_N_SOLUTIONS,19,13.62131133252619,,
n=44:q=379:t=22:beta=15:seed=0,44,379,22,15,0,17,ok,False,,694669,347334,13.451190752106788,13.451241699146422,0.9999490542581442,-5.09470396341527e-05,1050107,0.548871,1.814337,True,10000000,False,FIRST_N_SOLUTIONS,19,13.62131133252619,,
n=44:q=379:t=22:beta=15:seed=0,44,379,22,15,0,18,ok,False,,787175,393587,13.576205866085798,13.576531126789618,0.9996747921877085,-0.0003252607038195521,1397442,0.651362,2.46576,True,10000000,False,FIRST_N_SOLUTIONS,19,13.62131133252619,,
n=44:q=379:t=22:beta=15:seed=0,44,379,22,15,0,19,ok,False,,823711,411855,13.621575019216765,13.62131133252619,1.0002637214589662,0.0002636866905749713,1791030,0.705998,3.171837,True,10000000,False,FIRST_N_SOLUTIONS,19,13.62131133252619,,
n=44:q=379:t=22:beta=15:seed=0,44,379,22,15,0,20,ok,False,,793075,396537,13.583673073698405,13.582514057825726,1.0011596877911382,0.001159015872678637,2202886,0.699025,3.870937,True,10000000,False,FIRST_N_SOLUTIONS,19,13.62131133252619,,
n=44:q=379:t=22:beta=15:seed=0,44,379,22,15,0,21,ok,False,,737631,368815,13.511198978540927,13.51061858395125,1.0005805630512072,0.0005803945896776241,2599424,0.646464,4.517464,True,10000000,False,FIRST_N_SOLUTIONS,19,13.62131133252619,,
n=44:q=379:t=22:beta=15:seed=0,44,379,22,15,0,22,ok,False,,693333,346666,13.449265682240044,13.448394832984363,1.000871228554991,0.0008708492556817049,2968240,0.677354,5.194886,True,10000000,False,FIRST_N_SOLUTIONS,19,13.62131133252619,,
n=44:q=379:t=22:beta=15:seed=0,44,379,22,15,0,23,ok,False,,598731,299365,13.302567694427148,13.301742219696138,1.0008258155290435,0.0008254747310108002,3314907,0.600165,5.795132,True,10000000,False,FIRST_N_SOLUTIONS,19,13.62131133252619,,
n=44:q=379:t=22:beta=15:seed=0,44,379,22,15,0,24,ok,False,,473933,236966,13.06882124047536,13.070072836190135,0.9987491872044746,-0.0012515957147751777,3614273,0.48488,6.280092,True,10000000,False,FIRST_N_SOLUTIONS,19,13.62131133252619,,
n=44:q=379:t=22:beta=15:seed=0,44,379,22,15,0,25,ok,False,,365575,182787,12.80922673548008,12.808396970144202,1.0008301096863708,0.0008297653358777524,3851240,0.386523,6.666682,True,10000000,False,FIRST_N_SOLUTIONS,19,13.62131133252619,,
n=44:q=379:t=22:beta=15:seed=0,44,379,22,15,0,26,ok,False,,267349,133674,12.496310199954696,12.49555799280688,1.0007524901265608,0.0007522071478156533,4034028,0.298645,6.965392,True,10000000,False,FIRST_N_SOLUTIONS,19,13.62131133252619,,
n=44:q=379:t=22:beta=15:seed=0,44,379,22,15,0,27,ok,False,,197493,98746,12.193458419657219,12.192474493736796,1.0009844101343284,0.0009839259204227346,4167703,0.230595,7.196063,True,10000000,False,FIRST_N_SOLUTIONS,19,13.62131133252619,,
n=44:q=379:t=22:beta=15:seed=0,44,379,22,15,0,28,ok,False,,138901,69450,11.841516728140565,11.84613778659795,0.9953896022057442,-0.004621058457384919,4266450,0.192344,7.388469,True,10000000,False,FIRST_N_SOLUTIONS,19,13.62131133252619,,
n=44:q=379:t=22:beta=15:seed=0,44,379,22,15,0,29,ok,False,,88107,44053,11.386307263932462,11.39489326695221,0.9914507514376648,-0.008586003019747324,4335901,0.136718,7.525262,True,10000000,False,FIRST_N_SOLUTIONS,19,13.62131133252619,,
n=44:q=379:t=22:beta=15:seed=0,44,379,22,15,0,30,ok,False,,57693,28846,10.962891127978956,10.965785453148442,0.9971098593515129,-0.002894325169485512,4379955,0.109441,7.634784,True,10000000,False,FIRST_N_SOLUTIONS,19,13.62131133252619,,
n=44:q=379:t=22:beta=15:seed=0,44,379,22,15,0,31,ok,False,,33495,16747,10.419151452942367,10.430470811229583,0.9887444646104059,-0.011319358287215309,4408802,0.085878,7.720742,True,10000000,False,FIRST_N_SOLUTIONS,19,13.62131133252619,,
n=44:q=379:t=22:beta=15:seed=0,44,379,22,15,0,32,ok,False,,18003,9001,9.798293689657623,9.829213775762156,0.96955305074136,-0.03092008610453334,4425550,0.073035,7.793862,True,10000000,False,FIRST_N_SOLUTIONS,19,13.62131133252619,,
n=44:q=379:t=22:beta=15:seed=0,44,379,22,15,0,33,ok,False,,9559,4779,9.165238398063762,9.20931046633558,0.9568849939401931,-0.04407206827181831,4434552,0.066106,7.860048,True,10000000,False,FIRST_N_SOLUTIONS,19,13.62131133252619,,
n=44:q=379:t=22:beta=15:seed=0,44,379,22,15,0,34,ok,False,,5037,2518,8.52456594574565,8.549419991236405,0.9754522732967859,-0.02485404549075554,4439332,0.06282,7.92294,True,10000000,False,FIRST_N_SOLUTIONS,19,13.62131133252619,,
n=44:q=379:t=22:beta=15:seed=0,44,379,22,15,0,35,ok,False,,2555,1277,7.845807502637805,7.8401484118916756,1.0056751336486358,0.005659090746129358,4441851,0.061123,7.984133,True,10000000,False,FIRST_N_SOLUTIONS,19,13.62131133252619,,
n=44:q=379:t=22:beta=15:seed=0,44,379,22,15,0,36,ok,False,,1213,606,7.10085190894405,7.074736485597484,1.026459419017435,0.02611542334656658,4443129,0.060041,8.044234,True,10000000,False,FIRST_N_SOLUTIONS,19,13.62131133252619,,
n=44:q=379:t=22:beta=15:seed=0,44,379,22,15,0,37,ok,False,,605,302,6.405228458030842,6.330516079142214,1.0775741732274198,0.07471237888862792,4443736,0.059705,8.104084,True,10000000,False,FIRST_N_SOLUTIONS,19,13.62131133252619,,
n=44:q=379:t=22:beta=15:seed=0,44,379,22,15,0,38,ok,False,,259,129,5.556828061699537,5.534716482375288,1.0223578521048042,0.022111579324249675,4444039,0.059869,8.164006,True,10000000,False,FIRST_N_SOLUTIONS,19,13.62131133252619,,
n=44:q=379:t=22:beta=15:seed=0,44,379,22,15,0,39,ok,False,,103,51,4.634728988229636,4.714818034442004,0.9230341500321062,-0.08008904621236823,4444169,0.059394,8.223445,True,10000000,False,FIRST_N_SOLUTIONS,19,13.62131133252619,,
n=44:q=379:t=22:beta=15:seed=0,44,379,22,15,0,40,ok,False,,55,27,4.007333185232471,3.8489762397010026,1.1715843118655638,0.15835694553146862,4444221,0.060191,8.283677,True,10000000,False,FIRST_N_SOLUTIONS,19,13.62131133252619,,
n=44:q=379:t=22:beta=15:seed=0,44,379,22,15,0,41,ok,False,,29,14,3.367295829986474,2.977641935832068,1.4764696906490604,0.3896538941544061,4444249,0.059067,8.342786,True,10000000,False,FIRST_N_SOLUTIONS,19,13.62131133252619,,
n=44:q=379:t=22:beta=15:seed=0,44,379,22,15,0,42,ok,False,,11,5,2.3978952727983707,2.014332364012276,1.4675038684319248,0.3835629087860948,4444264,0.05936,8.402193,True,10000000,False,FIRST_N_SOLUTIONS,19,13.62131133252619,,
n=44:q=379:t=22:beta=15:seed=0,44,379,22,15,0,43,ok,False,,1,0,0.0,0.9949174115179602,0.36975398070306853,-0.9949174115179602,4444270,0.05978,8.462018,True,10000000,False,FIRST_N_SOLUTIONS,19,13.62131133252619,,
n=44:q=379:t=22:beta=15:seed=0,44,379,22,15,0,44,ok,True,rank_complete,1,0,0.0,0.0,1.0,0.0,4444271,0.059405,8.521485,True,10000000,False,FIRST_N_SOLUTIONS,19,13.62131133252619,,
n=44:q=379:t=22:beta=2:seed=0,44,379,22,2,0,1,ok,False,,7,3,1.9459101490553132,1.8977540936003496,1.0493343969044726,0.0481560554549636,3,0.000228,0.00024,True,10000000,False,FIRST_N_SOLUTIONS,20,15.923647174258434,,
n=44:q=379:t=22:beta=2:seed=0,44,379,22,2,0,2,ok,False,,37,18,3.6109179126442243,3.560214583687644,1.0520107458572796,0.05070332895658014,22,0.000252,0.000541,True,10000000,False,FIRST_N_SOLUTIONS,20,15.923647174258434,,
n=44:q=379:t=22:beta=2:seed=0,44,379,22,2,0,3,ok,False,,159,79,5.0689042022202315,5.036711159312533,1.0327168447265036,0.0321930429076982,101,3.8e-05,0.000622,True,10000000,False,FIRST_N_SOLUTIONS,20,15.923647174258434,,
n=44:q=379:t=22:beta=2:seed=0,44,379,22,2,0,4,ok,False,,585,292,6.371611847231857,6.33785546449548,1.0343325947557205,0.033756382736377155,393,0.000155,0.000797,True,10000000,False,FIRST_N_SOLUTIONS,20,15.923647174258434,,
n=44:q=379:t=22:beta=2:seed=0,44,379,22,2,0,5,ok,False,,1943,971,7.57198844937744,7.576725844700032,0.9952738084354366,-0.004737395322591986,1364,0.000378,0.001196,True,10000000,False,FIRST_N_SOLUTIONS,20,15.923647174258434,,
n=44:q=379:t=22:beta=2:seed=0,44,379,22,2,0,6,ok,False,,6341,3170,8.754791763700032,8.75748857856691,0.9973068182716337,-0.0026968148668782277,4534,0.001339,0.002554,True,10000000,False,FIRST_N_SOLUTIONS,20,15.923647174258434,,
n=44:q=379:t=22:beta=2:seed=0,44,379,22,2,0,7,ok,False,,20087,10043,9.907828118634548,9.910983395912243,0.9968496953782431,-0.0031552772776954896,14577,0.004784,0.007363,True,10000000,False,FIRST_N_SOLUTIONS,20,15.923647174258434,,
n=44:q=379:t=22:beta=2:seed=0,44,379,22,2,0,8,ok,False,,55207,27603,10.918845035819478,10.920616850411125,0.998229754145186,-0.0017718145916472139,42180,0.016222,0.023619,True,10000000,False,FIRST_N_SOLUTIONS,20,15.923647174258434,,
n=44:q=379:t=22:beta=2:seed=0,44,379,22,2,0,9,ok,False,,130519,65259,11.779274089016859,11.781646022477744,0.9976308773504942,-0.0023719334608856,107439,0.051144,0.074832,True,10000000,False,FIRST_N_SOLUTIONS,20,15.923647174258434,,
n=44:q=379:t=22:beta=2:seed=0,44,379,22,2,0,10,ok,False,,281583,140791,12.548182532125542,12.547715073466449,1.000467567934919,0.00046745865909336715,248230,0.13784,0.212752,True,10000000,False,FIRST_N_SOLUTIONS,20,15.923647174258434,,
n=44:q=379:t=22:beta=2:seed=0,44,379,22,2,0,11,ok,False,,590523,295261,13.288763863903357,13.28850071299108,1.0002631855395154,0.00026315091227679943,248240,0.336412,0.549238,True,10000000,False,FIRST_N_SOLUTIONS,20,15.923647174258434,,
n=44:q=379:t=22:beta=2:seed=0,44,379,22,2,0,12,ok,False,,1088549,544274,13.900356174720716,13.9002833388584,1.0000728385149116,7.283586231565664e-05,543502,0.649522,1.198839,True,10000000,False,FIRST_N_SOLUTIONS,20,15.923647174258434,,
n=44:q=379:t=22:beta=2:seed=0,44,379,22,2,0,13,ok,False,,1910963,955481,14.463117861444182,14.463005922606815,1.000111945102753,0.00011193883736737575,1087777,2.161451,3.360379,True,10000000,False,FIRST_N_SOLUTIONS,20,15.923647174258434,,
n=44:q=379:t=22:beta=2:seed=0,44,379,22,2,0,14,ok,False,,3030827,1515413,14.924346077538674,14.924371243216932,0.9999748346383953,-2.5165678257721424e-05,2043259,2.755713,6.116199,True,10000000,False,FIRST_N_SOLUTIONS,20,15.923647174258434,,
n=44:q=379:t=22:beta=2:seed=0,44,379,22,2,0,15,ok,False,,4385239,2192619,15.29375468629401,15.29432809077531,0.9994267598836329,-0.0005734044812992778,3558673,3.684533,9.800812,True,10000000,False,FIRST_N_SOLUTIONS,20,15.923647174258434,,
n=44:q=379:t=22:beta=2:seed=0,44,379,22,2,0,16,ok,False,,5505519,2752759,15.521261601624188,15.521667808446026,0.9995938756689835,-0.00040620682183778456,5751293,5.881164,15.682067,True,10000000,False,FIRST_N_SOLUTIONS,20,15.923647174258434,,
n=44:q=379:t=22:beta=2:seed=0,44,379,22,2,0,17,ok,False,,6824151,3412075,15.735978495693127,15.736210947854566,0.999767574853471,-0.0002324521614394115,8504053,7.30327,22.985443,True,10000000,False,FIRST_N_SOLUTIONS,20,15.923647174258434,,
n=44:q=379:t=22:beta=2:seed=0,44,379,22,2,0,18,ok,False,,7718263,3859131,15.859099896684661,15.859173581556306,0.9999263178430192,-7.368487164427506e-05,11916129,7.33213,30.335441,True,10000000,False,FIRST_N_SOLUTIONS,20,15.923647174258434,,
n=44:q=379:t=22:beta=2:seed=0,44,379,22,2,0,19,ok,False,,7869535,3934767,15.878509533514572,15.878394873540536,1.0001146665477423,0.0001146599740362575,15775261,7.767565,38.103083,True,10000000,False,FIRST_N_SOLUTIONS,20,15.923647174258434,,
n=44:q=379:t=22:beta=2:seed=0,44,379,22,2,0,20,ok,False,,8232207,4116103,15.923564701952468,15.923647174258434,0.9999175310947813,-8.247230596580835e-05,19710029,8.761594,46.86475,True,10000000,False,FIRST_N_SOLUTIONS,20,15.923647174258434,,
n=44:q=379:t=22:beta=2:seed=0,44,379,22,2,0,21,ok,False,,7555071,3777535,15.837729551394652,15.837975726163926,0.9997538555292488,-0.00024617476927346615,23826133,8.926447,55.791285,True,10000000,False,FIRST_N_SOLUTIONS,20,15.923647174258434,,
n=44:q=379:t=22:beta=2:seed=0,44,379,22,2,0,22,ok,False,,6049613,3024806,15.615504861018904,15.615812001920446,0.9996929062613957,-0.0003071409015422688,27603669,59.980577,115.771947,True,10000000,False,FIRST_N_SOLUTIONS,20,15.923647174258434,,
n=44:q=379:t=22:beta=2:seed=0,44,379,22,2,0,23,ok,False,,4867917,2433958,15.398176682820946,15.398170010180046,1.0000066726631625,6.67264090026265e-06,30628476,13.394223,129.177661,True,10000000,False,FIRST_N_SOLUTIONS,20,15.923647174258434,,
n=44:q=379:t=22:beta=2:seed=0,44,379,22,2,0,24,ok,False,,3718207,1859103,15.128752120807862,15.12819737744097,1.000554897265451,0.0005547433668926516,33062435,4.456103,133.634149,True,10000000,False,FIRST_N_SOLUTIONS,20,15.923647174258434,,
n=44:q=379:t=22:beta=2:seed=0,44,379,22,2,0,25,ok,False,,2852689,1426344,14.863772616192136,14.863295225520162,1.0004775046410368,0.0004773906719748311,34921539,3.510148,137.14438,True,10000000,False,FIRST_N_SOLUTIONS,20,15.923647174258434,,
n=44:q=379:t=22:beta=2:seed=0,44,379,22,2,0,26,ok,False,,2024881,1012440,14.521021491363921,14.522023208281809,0.9989987846330198,-0.0010017169178873075,36347884,2.712524,139.857047,True,10000000,False,FIRST_N_SOLUTIONS,20,15.923647174258434,,
n=44:q=379:t=22:beta=2:seed=0,44,379,22,2,0,27,ok,False,,1405775,702887,14.156099310097327,14.15703565372442,0.9990640946058104,-0.0009363436270941605,37360325,1.94744,141.804566,True,10000000,False,FIRST_N_SOLUTIONS,20,15.923647174258434,,
n=44:q=379:t=22:beta=2:seed=0,44,379,22,2,0,28,ok,False,,952681,476340,13.767035394177013,13.76648734527835,1.0005481991048997,0.0005480488986631116,38063213,1.466039,143.270684,True,10000000,False,FIRST_N_SOLUTIONS,20,15.923647174258434,,
n=44:q=379:t=22:beta=2:seed=0,44,379,22,2,0,29,ok,False,,609619,304809,13.320589450847864,13.319916901038823,1.0006727760213738,0.0006725498090407456,38539554,1.122432,144.393188,True,10000000,False,FIRST_N_SOLUTIONS,20,15.923647174258434,,
n=44:q=379:t=22:beta=2:seed=0,44,379,22,2,0,30,ok,False,,352671,176335,12.773290889991378,12.772850419706927,1.0004405673057308,0.00044047028445071135,38844364,0.862014,145.255263,True,10000000,False,FIRST_N_SOLUTIONS,20,15.923647174258434,,
n=44:q=379:t=22:beta=2:seed=0,44,379,22,2,0,31,ok,False,,199891,99945,12.205527496963692,12.20300392297051,1.0025267608862545,0.0025235739931819268,39020700,0.702891,145.958228,True,10000000,False,FIRST_N_SOLUTIONS,20,15.923647174258434,,
n=44:q=379:t=22:beta=2:seed=0,44,379,22,2,0,32,ok,False,,105355,52677,11.565090878950908,11.563385043982109,1.0017072907329165,0.0017058349687992802,39120646,0.608272,146.566582,True,10000000,False,FIRST_N_SOLUTIONS,20,15.923647174258434,,
n=44:q=379:t=22:beta=2:seed=0,44,379,22,2,0,33,ok,False,,52547,26273,10.869463286188333,10.859272324879186,1.0102430660039081,0.01019096130914754,39173324,0.576482,147.143147,True,10000000,False,FIRST_N_SOLUTIONS,20,15.923647174258434,,
n=44:q=379:t=22:beta=2:seed=0,44,379,22,2,0,34,ok,False,,23527,11763,10.065903976780419,10.046630798352567,1.019460105090292,0.019273178427852145,39199598,0.531574,147.674809,True,10000000,False,FIRST_N_SOLUTIONS,20,15.923647174258434,,
n=44:q=379:t=22:beta=2:seed=0,44,379,22,2,0,35,ok,False,,9705,4852,9.18039649560311,9.177151431376743,1.0032503351472346,0.003245064226367944,39211362,0.519352,148.194244,True,10000000,False,FIRST_N_SOLUTIONS,20,15.923647174258434,,
n=44:q=379:t=22:beta=2:seed=0,44,379,22,2,0,36,ok,False,,4117,2058,8.322880021769905,8.303207595470894,1.0198672036281848,0.019672426299010226,39216215,0.514735,148.709058,True,10000000,False,FIRST_N_SOLUTIONS,20,15.923647174258434,,
n=44:q=379:t=22:beta=2:seed=0,44,379,22,2,0,37,ok,False,,1741,870,7.462214939768189,7.380983772264486,1.0846215968557715,0.08123116750370318,39218274,0.513159,149.222293,True,10000000,False,FIRST_N_SOLUTIONS,20,15.923647174258434,,
n=44:q=379:t=22:beta=2:seed=0,44,379,22,2,0,38,ok,False,,651,325,6.478509642208569,6.463016839612138,1.01561343825222,0.015492802596431154,39219145,0.512324,149.734689,True,10000000,False,FIRST_N_SOLUTIONS,20,15.923647174258434,,
n=44:q=379:t=22:beta=2:seed=0,44,379,22,2,0,39,ok,False,,261,130,5.564520407322694,5.5524371801395915,1.012156524297066,0.012083227183102174,39219471,0.510826,150.245575,True,10000000,False,FIRST_N_SOLUTIONS,20,15.923647174258434,,
n=44:q=379:t=22:beta=2:seed=0,44,379,22,2,0,40,ok,False,,101,50,4.61512051684126,4.504951297897463,1.1164669818381787,0.11016921894379639,39219602,0.509451,150.755131,True,10000000,False,FIRST_N_SOLUTIONS,20,15.923647174258434,,
n=44:q=379:t=22:beta=2:seed=0,44,379,22,2,0,41,ok,False,,31,15,3.4339872044851463,3.4241888800715117,1.0098464851639886,0.009798324413634596,39219653,0.507598,151.262794,True,10000000,False,FIRST_N_SOLUTIONS,20,15.923647174258434,,
n=44:q=379:t=22:beta=2:seed=0,44,379,22,2,0,42,ok,False,,7,3,1.9459101490553132,2.229426877736998,0.7531305231538937,-0.28351672868168465,39219669,0.510048,151.772909,True,10000000,False,FIRST_N_SOLUTIONS,20,15.923647174258434,,
n=44:q=379:t=22:beta=2:seed=0,44,379,22,2,0,43,ok,False,,3,1,1.0986122886681098,1.1380931116509885,0.9612883884577226,-0.039480822982878694,39219673,0.511805,152.284757,True,10000000,False,FIRST_N_SOLUTIONS,20,15.923647174258434,,
n=44:q=379:t=22:beta=2:seed=0,44,379,22,2,0,44,ok,True,rank_complete,1,0,0.0,0.0,1.0,0.0,39219675,0.511364,152.796169,True,10000000,False,FIRST_N_SOLUTIONS,20,15.923647174258434,,
n=44:q=379:t=22:beta=8:seed=0,44,379,22,8,0,1,ok,False,,7,3,1.9459101490553132,1.823462061072747,1.1302604444511422,0.12244808798256623,3,1.6e-05,2.7e-05,True,10000000,False,FIRST_N_SOLUTIONS,19,14.065220886308097,,
n=44:q=379:t=22:beta=8:seed=0,44,379,22,8,0,2,ok,False,,31,15,3.4339872044851463,3.461438696101239,0.9729218762766852,-0.027451491616092838,19,9e-06,6.4e-05,True,10000000,False,FIRST_N_SOLUTIONS,19,14.065220886308097,,
n=44:q=379:t=22:beta=8:seed=0,44,379,22,8,0,3,ok,False,,123,61,4.812184355372417,4.841039679318594,0.9715570153342302,-0.028855323946176625,80,1.8e-05,0.000102,True,10000000,False,FIRST_N_SOLUTIONS,19,14.065220886308097,,
n=44:q=379:t=22:beta=8:seed=0,44,379,22,8,0,4,ok,False,,451,225,6.111467339502679,6.114203447254173,0.9972676319797726,-0.0027361077514944654,305,0.000126,0.000245,True,10000000,False,FIRST_N_SOLUTIONS,19,14.065220886308097,,
n=44:q=379:t=22:beta=8:seed=0,44,379,22,8,0,5,ok,False,,1387,693,7.234898420314831,7.24172702544721,0.9931946568126525,-0.006828605132378485,998,0.000245,0.000512,True,10000000,False,FIRST_N_SOLUTIONS,19,14.065220886308097,,
n=44:q=379:t=22:beta=8:seed=0,44,379,22,8,0,6,ok,False,,3841,1920,8.253488028345904,8.267345034167294,0.9862385605532478,-0.013857005821389379,2918,0.000747,0.001278,True,10000000,False,FIRST_N_SOLUTIONS,19,14.065220886308097,,
n=44:q=379:t=22:beta=8:seed=0,44,379,22,8,0,7,ok,False,,10009,5004,9.211239967219019,9.21402400288039,0.9972198361719702,-0.002784035661370865,7922,0.002116,0.003419,True,10000000,False,FIRST_N_SOLUTIONS,19,14.065220886308097,,
n=44:q=379:t=22:beta=8:seed=0,44,379,22,8,0,8,ok,False,,23931,11965,10.08292996857924,10.081887621385821,1.0010428906260536,0.001042347193418891,19887,0.005921,0.009369,True,10000000,False,FIRST_N_SOLUTIONS,19,14.065220886308097,,
n=44:q=379:t=22:beta=8:seed=0,44,379,22,8,0,9,ok,False,,48081,24040,10.780642367661684,10.78149136210357,0.9991513658519267,-0.0008489944418847983,43927,0.013922,0.023323,True,10000000,False,FIRST_N_SOLUTIONS,19,14.065220886308097,,
n=44:q=379:t=22:beta=8:seed=0,44,379,22,8,0,10,ok,False,,90577,45288,11.413955596667712,11.414523250579606,0.9994325071731065,-0.0005676539118937285,89215,0.029424,0.0528,True,10000000,False,FIRST_N_SOLUTIONS,19,14.065220886308097,,
n=44:q=379:t=22:beta=8:seed=0,44,379,22,8,0,11,ok,False,,156033,78016,11.957822802322108,11.958751165381823,0.9990720677359477,-0.0009283630597156645,89225,0.060263,0.113132,True,10000000,False,FIRST_N_SOLUTIONS,19,14.065220886308097,,
n=44:q=379:t=22:beta=8:seed=0,44,379,22,8,0,12,ok,False,,255223,127611,12.449892951783573,12.448995091358455,1.0008982636224522,0.0008978604251179689,167242,0.115783,0.228978,True,10000000,False,FIRST_N_SOLUTIONS,19,14.065220886308097,,
n=44:q=379:t=22:beta=8:seed=0,44,379,22,8,0,13,ok,False,,386189,193094,12.864082165919436,12.86449984643454,0.9995824067012586,-0.0004176805151043794,294854,0.211473,0.440507,True,10000000,False,FIRST_N_SOLUTIONS,19,14.065220886308097,,
n=44:q=379:t=22:beta=8:seed=0,44,379,22,8,0,14,ok,False,,533975,266987,13.188104300367005,13.188968828226372,0.9991358457371736,-0.0008645278593668593,487949,0.383825,0.824391,True,10000000,False,FIRST_N_SOLUTIONS,19,14.065220886308097,,
n=44:q=379:t=22:beta=8:seed=0,44,379,22,8,0,15,ok,False,,736725,368362,13.50996996721118,13.509677782133892,1.000292227767506,0.0002921850772885648,754937,0.526281,1.350755,True,10000000,False,FIRST_N_SOLUTIONS,19,14.065220886308097,,
n=44:q=379:t=22:beta=8:seed=0,44,379,22,8,0,16,ok,False,,923621,461810,13.736057093319628,13.736417056650126,0.9996401014485291,-0.00035996333049759244,1123300,0.699587,2.050425,True,10000000,False,FIRST_N_SOLUTIONS,19,14.065220886308097,,
n=44:q=379:t=22:beta=8:seed=0,44,379,22,8,0,17,ok,False,,1074659,537329,13.887513959920062,13.88783832930104,0.9996756832210818,-0.00032436938097824,1585111,0.873747,2.924244,True,10000000,False,FIRST_N_SOLUTIONS,19,14.065220886308097,,
n=44:q=379:t=22:beta=8:seed=0,44,379,22,8,0,18,ok,False,,1230673,615336,14.023071732185716,14.023981222574818,0.9990909230719264,-0.0009094903891018191,2122441,1.054858,3.979178,True,10000000,False,FIRST_N_SOLUTIONS,19,14.065220886308097,,
n=44:q=379:t=22:beta=8:seed=0,44,379,22,8,0,19,ok,False,,1283861,641930,14.065382501920286,14.065220886308097,1.0001616286726958,0.00016161561218908105,2737778,1.168444,5.147691,True,10000000,False,FIRST_N_SOLUTIONS,19,14.065220886308097,,
n=44:q=379:t=22:beta=8:seed=0,44,379,22,8,0,20,ok,False,,1261225,630612,14.047594028847955,14.047228309376116,1.0003657863553583,0.0003657194718389434,3379709,1.125846,6.273614,True,10000000,False,FIRST_N_SOLUTIONS,19,14.065220886308097,,
n=44:q=379:t=22:beta=8:seed=0,44,379,22,8,0,21,ok,False,,1169735,584867,13.972287785393412,13.971880629709375,1.0004072385831633,0.00040715568403726365,4010322,1.153927,7.427611,True,10000000,False,FIRST_N_SOLUTIONS,19,14.065220886308097,,
n=44:q=379:t=22:beta=8:seed=0,44,379,22,8,0,22,ok,False,,1041871,520935,13.856528693247672,13.856485267994799,1.0000434261957627,4.34252528727086e-05,4595190,1.015086,8.442779,True,10000000,False,FIRST_N_SOLUTIONS,19,14.065220886308097,,
n=44:q=379:t=22:beta=8:seed=0,44,379,22,8,0,23,ok,False,,911723,455861,13.72309149485158,13.724620576748563,0.9984720865531129,-0.0015290818969830866,5116126,0.940798,9.383658,True,10000000,False,FIRST_N_SOLUTIONS,19,14.065220886308097,,
n=44:q=379:t=22:beta=8:seed=0,44,379,22,8,0,24,ok,False,,719009,359504,13.4856291540101,13.485876660572472,0.9997525240648499,-0.00024750656237237934,5571988,0.756901,10.140641,True,10000000,False,FIRST_N_SOLUTIONS,19,14.065220886308097,,
n=44:q=379:t=22:beta=8:seed=0,44,379,22,8,0,25,ok,False,,579483,289741,13.269891605697477,13.26815485074603,1.0017382639838088,0.001736754951448205,5931493,0.645905,10.786621,True,10000000,False,FIRST_N_SOLUTIONS,19,14.065220886308097,,
n=44:q=379:t=22:beta=8:seed=0,44,379,22,8,0,26,ok,False,,427773,213886,12.966347960034208,12.963482552738938,1.002869516498663,0.0028654072952694065,6221235,0.523483,11.310172,True,10000000,False,FIRST_N_SOLUTIONS,19,14.065220886308097,,
n=44:q=379:t=22:beta=8:seed=0,44,379,22,8,0,27,ok,False,,302945,151472,12.621306549863277,12.620617408652734,1.0006893787229039,0.0006891412105431982,6435122,0.364419,11.674665,True,10000000,False,FIRST_N_SOLUTIONS,19,14.065220886308097,,
n=44:q=379:t=22:beta=8:seed=0,44,379,22,8,0,28,ok,False,,202811,101405,12.220029789859359,12.222826824439608,0.9972068734764667,-0.002797034580249047,6586595,0.26104,11.935792,True,10000000,False,FIRST_N_SOLUTIONS,19,14.065220886308097,,
n=44:q=379:t=22:beta=8:seed=0,44,379,22,8,0,29,ok,False,,130325,65162,11.777786609636307,11.778884619948883,0.9989025922801756,-0.0010980103125763918,6688001,0.19761,12.133458,True,10000000,False,FIRST_N_SOLUTIONS,19,14.065220886308097,,
n=44:q=379:t=22:beta=8:seed=0,44,379,22,8,0,30,ok,False,,78549,39274,11.271477912857982,11.27618332349104,0.9953056424682991,-0.004705410633057738,6753164,0.153084,12.286613,True,10000000,False,FIRST_N_SOLUTIONS,19,14.065220886308097,,
n=44:q=379:t=22:beta=8:seed=0,44,379,22,8,0,31,ok,False,,47047,23523,10.75890238102528,10.764786304260582,0.9941333531401204,-0.005883923235302291,6792439,0.127144,12.413828,True,10000000,False,FIRST_N_SOLUTIONS,19,14.065220886308097,,
n=44:q=379:t=22:beta=8:seed=0,44,379,22,8,0,32,ok,False,,27245,13622,10.2126252970172,10.21671562558869,0.9959180254283371,-0.004090328571491497,6815963,0.110393,12.524284,True,10000000,False,FIRST_N_SOLUTIONS,19,14.065220886308097,,
n=44:q=379:t=22:beta=8:seed=0,44,379,22,8,0,33,ok,False,,14477,7238,9.580316462154043,9.590392450064428,0.9899746047894062,-0.010075987910385109,6829586,0.105453,12.62981,True,10000000,False,FIRST_N_SOLUTIONS,19,14.065220886308097,,
n=44:q=379:t=22:beta=8:seed=0,44,379,22,8,0,34,ok,False,,7257,3628,8.889721799278137,8.910800997587913,0.979141415153497,-0.021079198309776004,6836825,0.111886,12.741772,True,10000000,False,FIRST_N_SOLUTIONS,19,14.065220886308097,,
n=44:q=379:t=22:beta=8:seed=0,44,379,22,8,0,35,ok,False,,3695,1847,8.214735833382303,8.238672092122826,0.9763479414219998,-0.023936258740523186,6840454,0.094122,12.835955,True,10000000,False,FIRST_N_SOLUTIONS,19,14.065220886308097,,
n=44:q=379:t=22:beta=8:seed=0,44,379,22,8,0,36,ok,False,,1745,872,7.4645098346365275,7.48329434160695,0.981390822339405,-0.01878450697042222,6842302,0.093484,12.929508,True,10000000,False,FIRST_N_SOLUTIONS,19,14.065220886308097,,
n=44:q=379:t=22:beta=8:seed=0,44,379,22,8,0,37,ok,False,,765,382,6.639875833826536,6.675198855641597,0.9652935550150784,-0.03532302181506086,6843175,0.091885,13.021455,True,10000000,False,FIRST_N_SOLUTIONS,19,14.065220886308097,,
n=44:q=379:t=22:beta=8:seed=0,44,379,22,8,0,38,ok,False,,345,172,5.84354441703136,5.794442107014575,1.0503278042984343,0.04910231001678511,6843558,0.09193,13.11344,True,10000000,False,FIRST_N_SOLUTIONS,19,14.065220886308097,,
n=44:q=379:t=22:beta=8:seed=0,44,379,22,8,0,39,ok,False,,135,67,4.90527477843843,4.914166248202278,0.991147942456078,-0.00889146976384847,6843731,0.091445,13.20497,True,10000000,False,FIRST_N_SOLUTIONS,19,14.065220886308097,,
n=44:q=379:t=22:beta=8:seed=0,44,379,22,8,0,40,ok,False,,73,36,4.290459441148391,4.02682597640009,1.3016510078732508,0.26363346474830074,6843799,0.092954,13.297977,True,10000000,False,FIRST_N_SOLUTIONS,19,14.065220886308097,,
n=44:q=379:t=22:beta=8:seed=0,44,379,22,8,0,41,ok,False,,27,13,3.295836866004329,3.065850954490898,1.2585822782850487,0.22998591151343106,6843836,0.10732,13.405354,True,10000000,False,FIRST_N_SOLUTIONS,19,14.065220886308097,,
n=44:q=379:t=22:beta=8:seed=0,44,379,22,8,0,42,ok,False,,13,6,2.5649493574615367,2.071205006532196,1.6384396416761726,0.49374435092934066,6843850,0.091976,13.497363,True,10000000,False,FIRST_N_SOLUTIONS,19,14.065220886308097,,
n=44:q=379:t=22:beta=8:seed=0,44,379,22,8,0,43,ok,False,,5,2,1.6094379124341003,1.040229820019988,1.7668673016512157,0.5692080924141123,6843857,0.092097,13.589506,True,10000000,False,FIRST_N_SOLUTIONS,19,14.065220886308097,,
n=44:q=379:t=22:beta=8:seed=0,44,379,22,8,0,44,ok,True,rank_complete,1,0,0.0,0.0,1.0,0.0,6843860,0.092392,13.681952,True,10000000,False,FIRST_N_SOLUTIONS,19,14.065220886308097,,
n=44:q=379:t=33:beta=15:seed=0,44,379,33,15,0,1,ok,False,,7,3,1.9459101490553132,1.91637035770569,1.0299804189674482,0.029539791349623146,3,3.3e-05,4.5e-05,True,10000000,False,FIRST_N_SOLUTIONS,19,13.66541126177593,,
n=44:q=379:t=33:beta=15:seed=0,44,379,33,15,0,2,ok,False,,35,17,3.5553480614894135,3.5361528572799434,1.0193806165844934,0.019195204209470074,21,9e-06,8.8e-05,True,10000000,False,FIRST_N_SOLUTIONS,19,13.66541126177593,,
n=44:q=379:t=33:beta=15:seed=0,44,379,33,15,0,3,ok,False,,145,72,4.976733742420574,4.920424034276589,1.0579252810794881,0.05630970814398495,93,2.3e-05,0.000131,True,10000000,False,FIRST_N_SOLUTIONS,19,13.66541126177593,,
n=44:q=379:t=33:beta=15:seed=0,44,379,33,15,0,4,ok,False,,445,222,6.09807428216624,6.077965422884121,1.0203124044573353,0.020108859282118807,315,0.000136,0.000283,True,10000000,False,FIRST_N_SOLUTIONS,19,13.66541126177593,,
n=44:q=379:t=33:beta=15:seed=0,44,379,33,15,0,5,ok,False,,1263,631,7.141245122350491,7.136504158211402,1.0047522202908807,0.004740964139089421,946,0.000233,0.000536,True,10000000,False,FIRST_N_SOLUTIONS,19,13.66541126177593,,
n=44:q=379:t=33:beta=15:seed=0,44,379,33,15,0,6,ok,False,,3199,1599,8.070593539949519,8.085665036238378,0.9850415102730176,-0.01507149628885962,2545,0.000678,0.001233,True,10000000,False,FIRST_N_SOLUTIONS,19,13.66541126177593,,
n=44:q=379:t=33:beta=15:seed=0,44,379,33,15,0,7,ok,False,,7861,3930,8.969669103793757,8.979333988986063,0.9903816697072785,-0.009664885192306016,6475,0.001708,0.002966,True,10000000,False,FIRST_N_SOLUTIONS,19,13.66541126177593,,
n=44:q=379:t=33:beta=15:seed=0,44,379,33,15,0,8,ok,False,,17875,8937,9.791158367562208,9.797861051587244,0.9933197288580846,-0.006702684025036376,15412,0.004741,0.007744,True,10000000,False,FIRST_N_SOLUTIONS,19,13.66541126177593,,
n=44:q=379:t=33:beta=15:seed=0,44,379,33,15,0,9,ok,False,,36615,18307,10.50821327149517,10.509385724572084,0.9988282339776562,-0.0011724530769132713,33719,0.01088,0.018663,True,10000000,False,FIRST_N_SOLUTIONS,19,13.66541126177593,,
n=44:q=379:t=33:beta=15:seed=0,44,379,33,15,0,10,ok,False,,68247,34123,11.130888756037155,11.13034155364901,1.0005473521306834,0.0005472023881445409,67842,0.024357,0.043089,True,10000000,False,FIRST_N_SOLUTIONS,19,13.66541126177593,,
n=44:q=379:t=33:beta=15:seed=0,44,379,33,15,0,11,ok,False,,118835,59417,11.685491255315467,11.683724588907722,1.0017682278822424,0.0017666664077449212,67852,0.048129,0.091292,True,10000000,False,FIRST_N_SOLUTIONS,19,13.66541126177593,,
n=44:q=379:t=33:beta=15:seed=0,44,379,33,15,0,12,ok,False,,184971,92485,12.127954335016081,12.125264515385311,1.0026934404413081,0.002689819630770529,127270,0.086145,0.177509,True,10000000,False,FIRST_N_SOLUTIONS,19,13.66541126177593,,
n=44:q=379:t=33:beta=15:seed=0,44,379,33,15,0,13,ok,False,,283325,141662,12.55434992760115,12.552805645690022,1.001545474928478,0.0015442819111282091,219756,0.152725,0.33031,True,10000000,False,FIRST_N_SOLUTIONS,19,13.66541126177593,,
n=44:q=379:t=33:beta=15:seed=0,44,379,33,15,0,14,ok,False,,389101,194550,12.871594229002753,12.87108705153188,1.0005073061071121,0.0005071774708724774,361419,0.248084,0.578478,True,10000000,False,FIRST_N_SOLUTIONS,19,13.66541126177593,,
n=44:q=379:t=33:beta=15:seed=0,44,379,33,15,0,15,ok,False,,520885,260442,13.16328456700459,13.161403258183157,1.0018830795931561,0.0018813088214333362,555970,0.346545,0.925101,True,10000000,False,FIRST_N_SOLUTIONS,19,13.66541126177593,,
n=44:q=379:t=33:beta=15:seed=0,44,379,33,15,0,16,ok,False,,626825,313412,13.348422673799435,13.347203007355702,1.0012204105393354,0.0012196664437329474,816413,0.470075,1.395229,True,10000000,False,FIRST_N_SOLUTIONS,19,13.66541126177593,,
n=44:q=379:t=33:beta=15:seed=0,44,379,33,15,0,17,ok,False,,722557,361278,13.49055158859042,13.489174449453898,1.0013780878280667,0.0013771391365224872,1129826,0.565508,1.960815,True,10000000,False,FIRST_N_SOLUTIONS,19,13.66541126177593,,
n=44:q=379:t=33:beta=15:seed=0,44,379,33,15,0,18,ok,False,,825427,412713,13.62365610717826,13.624380128872161,0.99927624034656,-0.000724021693901733,1491105,0.6606,2.621494,True,10000000,False,FIRST_N_SOLUTIONS,19,13.66541126177593,,
n=44:q=379:t=33:beta=15:seed=0,44,379,33,15,0,19,ok,False,,859741,429870,13.664386460080372,13.66541126177593,0.9989757232343688,-0.001024801695557187,1903819,0.714635,3.336202,True,10000000,False,FIRST_N_SOLUTIONS,19,13.66541126177593,,
n=44:q=379:t=33:beta=15:seed=0,44,379,33,15,0,20,ok,False,,846659,423329,13.649053295167501,13.650129433764192,0.9989244402327966,-0.0010761385966908676,2333690,0.751559,4.087827,True,10000000,False,FIRST_N_SOLUTIONS,19,13.66541126177593,,
n=44:q=379:t=33:beta=15:seed=0,44,379,33,15,0,21,ok,False,,837255,418627,13.63788396257054,13.638988069281737,0.9988965025903517,-0.001104106711197872,2757020,0.799934,4.887843,True,10000000,False,FIRST_N_SOLUTIONS,19,13.66541126177593,,
n=44:q=379:t=33:beta=15:seed=0,44,379,33,15,0,22,ok,False,,730327,365163,13.50124765803255,13.501920063968853,0.999327820077908,-0.0006724059363030221,3175648,0.691471,5.579403,True,10000000,False,FIRST_N_SOLUTIONS,19,13.66541126177593,,
n=44:q=379:t=33:beta=15:seed=0,44,379,33,15,0,23,ok,False,,614627,307313,13.328770858725623,13.32805969606477,1.0007114155969739,0.0007111626608526933,3540812,0.590549,6.170032,True,10000000,False,FIRST_N_SOLUTIONS,19,13.66541126177593,,
n=44:q=379:t=33:beta=15:seed=0,44,379,33,15,0,24,ok,False,,506695,253347,13.135664523643458,13.134899089955653,1.0007657267069279,0.0007654336878051282,3848126,0.52337,6.693468,True,10000000,False,FIRST_N_SOLUTIONS,19,13.66541126177593,,
n=44:q=379:t=33:beta=15:seed=0,44,379,33,15,0,25,ok,False,,394261,197130,12.884768405514054,12.883097657790202,1.0016721442004417,0.0016707477238515622,4101474,0.423446,7.116995,True,10000000,False,FIRST_N_SOLUTIONS,19,13.66541126177593,,
n=44:q=379:t=33:beta=15:seed=0,44,379,33,15,0,26,ok,False,,294941,147470,12.59453061531929,12.590797295987741,1.0037402968485616,0.0037333193315483015,4298605,0.339958,7.457015,True,10000000,False,FIRST_N_SOLUTIONS,19,13.66541126177593,,
n=44:q=379:t=33:beta=15:seed=0,44,379,33,15,0,27,ok,False,,210793,105396,12.258631888266866,12.255916548789514,1.002719029350587,0.002715339477351364,4446076,0.257452,7.714517,True,10000000,False,FIRST_N_SOLUTIONS,19,13.66541126177593,,
n=44:q=379:t=33:beta=15:seed=0,44,379,33,15,0,28,ok,False,,139509,69754,11.845884394291513,11.838543468140301,1.0073679368035393,0.007340926151211846,4551473,0.197604,7.912203,True,10000000,False,FIRST_N_SOLUTIONS,19,13.66541126177593,,
n=44:q=379:t=33:beta=15:seed=0,44,379,33,15,0,29,ok,False,,90113,45056,11.408819717317222,11.39916354344524,1.0097029451415236,0.009656173871981366,4621228,0.142324,8.054616,True,10000000,False,FIRST_N_SOLUTIONS,19,13.66541126177593,,
n=44:q=379:t=33:beta=15:seed=0,44,379,33,15,0,30,ok,False,,56787,28393,10.947062705274329,10.938387954677438,1.0087124852799148,0.00867475059689049,4666285,0.107993,8.16267,True,10000000,False,FIRST_N_SOLUTIONS,19,13.66541126177593,,
n=44:q=379:t=33:beta=15:seed=0,44,379,33,15,0,31,ok,False,,33347,16673,10.414723092275086,10.41176436315871,1.0029631104753869,0.0029587291163757357,4694679,0.088937,8.251684,True,10000000,False,FIRST_N_SOLUTIONS,19,13.66541126177593,,
n=44:q=379:t=33:beta=15:seed=0,44,379,33,15,0,32,ok,False,,19891,9945,9.89802264710506,9.89472898709306,1.003299090070089,0.0032936600119999326,4711353,0.077056,8.328815,True,10000000,False,FIRST_N_SOLUTIONS,19,13.66541126177593,,
n=44:q=379:t=33:beta=15:seed=0,44,379,33,15,0,33,ok,False,,10855,5427,9.292381082312392,9.29175677734051,1.0006244998907925,0.0006243049718825944,4721299,0.070539,8.399428,True,10000000,False,FIRST_N_SOLUTIONS,19,13.66541126177593,,
n=44:q=379:t=33:beta=15:seed=0,44,379,33,15,0,34,ok,False,,5971,2985,8.694669696546992,8.692529522063069,1.0021424662919987,0.0021401744839231185,4726727,0.066698,8.466193,True,10000000,False,FIRST_N_SOLUTIONS,19,13.66541126177593,,
n=44:q=379:t=33:beta=15:seed=0,44,379,33,15,0,35,ok,False,,3103,1551,8.04012466444838,8.019815879537674,1.0205164114485843,0.020308784910705313,4729713,0.064819,8.531081,True,10000000,False,FIRST_N_SOLUTIONS,19,13.66541126177593,,
n=44:q=379:t=33:beta=15:seed=0,44,379,33,15,0,36,ok,False,,1407,703,7.249215057114389,7.238557190095548,1.0107148643937134,0.01065786701884086,4731265,0.064028,8.595176,True,10000000,False,FIRST_N_SOLUTIONS,19,13.66541126177593,,
n=44:q=379:t=33:beta=15:seed=0,44,379,33,15,0,37,ok,False,,619,309,6.428105272684596,6.4779830339555815,0.9513457086836369,-0.04987776127098531,4731969,0.063398,8.658637,True,10000000,False,FIRST_N_SOLUTIONS,19,13.66541126177593,,
n=44:q=379:t=33:beta=15:seed=0,44,379,33,15,0,38,ok,False,,255,127,5.541263545158426,5.61493758894855,0.9289744494866916,-0.07367404379012399,4732279,0.063121,8.7218,True,10000000,False,FIRST_N_SOLUTIONS,19,13.66541126177593,,
n=44:q=379:t=33:beta=15:seed=0,44,379,33,15,0,39,ok,False,,109,54,4.6913478822291435,4.799208874869322,0.8977523819455691,-0.10786099264017857,4732407,0.063067,8.784934,True,10000000,False,FIRST_N_SOLUTIONS,19,13.66541126177593,,
n=44:q=379:t=33:beta=15:seed=0,44,379,33,15,0,40,ok,False,,43,21,3.7612001156935624,3.870308036892766,0.8966336464981319,-0.10910792119920343,4732462,0.062796,8.847777,True,10000000,False,FIRST_N_SOLUTIONS,19,13.66541126177593,,
n=44:q=379:t=33:beta=15:seed=0,44,379,33,15,0,41,ok,False,,11,5,2.3978952727983707,2.9171255869034383,0.5949783181972587,-0.5192303141050676,4732484,0.062707,8.91053,True,10000000,False,FIRST_N_SOLUTIONS,19,13.66541126177593,,
n=44:q=379:t=33:beta=15:seed=0,44,379,33,15,0,42,ok,False,,5,2,1.6094379124341003,1.958879580995017,0.7050816490920128,-0.34944166856091674,4732490,0.063162,8.97374,True,10000000,False,FIRST_N_SOLUTIONS,19,13.66541126177593,,
n=44:q=379:t=33:beta=15:seed=0,44,379,33,15,0,43,ok,False,,1,0,0.0,0.9827528498306037,0.3742793445404113,-0.9827528498306037,4732493,0.063173,9.036953,True,10000000,False,FIRST_N_SOLUTIONS,19,13.66541126177593,,
n=44:q=379:t=33:beta=15:seed=0,44,379,33,15,0,44,ok,True,rank_complete,1,0,0.0,0.0,1.0,0.0,4732494,0.063079,9.100071,True,10000000,False,FIRST_N_SOLUTIONS,19,13.66541126177593,,
n=44:q=379:t=33:beta=2:seed=0,44,379,33,2,0,1,ok,False,,7,3,1.9459101490553132,1.965189592487648,0.9809052164199937,-0.019279443432334675,3,0.000428,0.000437,True,10000000,False,FIRST_N_SOLUTIONS,19,15.772598779959324,,
n=44:q=379:t=33:beta=2:seed=0,44,379,33,2,0,2,ok,False,,37,18,3.6109179126442243,3.6349010346865374,0.9763021876058648,-0.02398312204231301,22,0.000317,0.0008,True,10000000,False,FIRST_N_SOLUTIONS,19,15.772598779959324,,
n=44:q=379:t=33:beta=2:seed=0,44,379,33,2,0,3,ok,False,,181,90,5.198497031265826,5.188685357456009,1.0098599660947833,0.009811673809816845,112,3.1e-05,0.000855,True,10000000,False,FIRST_N_SOLUTIONS,19,15.772598779959324,,
n=44:q=379:t=33:beta=2:seed=0,44,379,33,2,0,4,ok,False,,687,343,6.532334292222349,6.541323870609343,0.9910507070660032,-0.00898957838699399,455,0.000154,0.001026,True,10000000,False,FIRST_N_SOLUTIONS,19,15.772598779959324,,
n=44:q=379:t=33:beta=2:seed=0,44,379,33,2,0,5,ok,False,,2593,1296,7.860570785538664,7.875261906036265,0.9854162674866782,-0.014691120497600352,1751,0.000462,0.001506,True,10000000,False,FIRST_N_SOLUTIONS,19,15.772598779959324,,
n=44:q=379:t=33:beta=2:seed=0,44,379,33,2,0,6,ok,False,,8609,4304,9.060563446657955,9.062245247001272,0.9983196130903987,-0.001681800343316553,6055,0.00171,0.003236,True,10000000,False,FIRST_N_SOLUTIONS,19,15.772598779959324,,
n=44:q=379:t=33:beta=2:seed=0,44,379,33,2,0,7,ok,False,,23269,11634,10.054877281586947,10.057741245092899,0.9971401337251563,-0.002863963505951972,17689,0.00528,0.00854,True,10000000,False,FIRST_N_SOLUTIONS,19,15.772598779959324,,
n=44:q=379:t=33:beta=2:seed=0,44,379,33,2,0,8,ok,False,,58055,29027,10.969146116061106,10.970638687723177,0.9985085416690342,-0.0014925716620712848,46716,0.01538,0.023946,True,10000000,False,FIRST_N_SOLUTIONS,19,15.772598779959324,,
n=44:q=379:t=33:beta=2:seed=0,44,379,33,2,0,9,ok,False,,133965,66982,11.805333850786097,11.805674981827956,0.9996589271367193,-0.00034113104185884424,113698,0.043745,0.067731,True,10000000,False,FIRST_N_SOLUTIONS,19,15.772598779959324,,
n=44:q=379:t=33:beta=2:seed=0,44,379,33,2,0,10,ok,False,,275183,137591,12.525191609877465,12.524804002241417,1.0003876827655944,0.0003876076360480596,251289,0.108345,0.176144,True,10000000,False,FIRST_N_SOLUTIONS,19,15.772598779959324,,
n=44:q=379:t=33:beta=2:seed=0,44,379,33,2,0,11,ok,False,,528245,264122,13.177315470218174,13.17754718945168,0.9997683076113221,-0.0002317192335059559,251299,0.246858,0.423072,True,10000000,False,FIRST_N_SOLUTIONS,19,15.772598779959324,,
n=44:q=379:t=33:beta=2:seed=0,44,379,33,2,0,12,ok,False,,938797,469398,13.752354547385089,13.751685117295999,1.0006696542074198,0.0006694300890899285,515422,0.567457,0.990617,True,10000000,False,FIRST_N_SOLUTIONS,19,15.772598779959324,,
n=44:q=379:t=33:beta=2:seed=0,44,379,33,2,0,13,ok,False,,1580987,790493,14.273559893513907,14.273379705371148,1.0001802043776171,0.00018018814275855277,984821,1.008416,1.999112,True,10000000,False,FIRST_N_SOLUTIONS,19,15.772598779959324,,
n=44:q=379:t=33:beta=2:seed=0,44,379,33,2,0,14,ok,False,,2481573,1240786,14.724403191267854,14.724880953481971,0.9995223518960757,-0.00047776221411766073,1775315,1.783436,3.782621,True,10000000,False,FIRST_N_SOLUTIONS,19,15.772598779959324,,
n=44:q=379:t=33:beta=2:seed=0,44,379,33,2,0,15,ok,False,,3477459,1738729,15.061812412631152,15.062000240861025,0.999812189408745,-0.00018782822987262193,3016102,2.73413,6.516818,True,10000000,False,FIRST_N_SOLUTIONS,19,15.772598779959324,,
n=44:q=379:t=33:beta=2:seed=0,44,379,33,2,0,16,ok,False,,4645937,2322968,15.351503632168896,15.35152598802668,0.9999776443921067,-2.2355857783651345e-05,4754832,4.01641,10.533311,True,10000000,False,FIRST_N_SOLUTIONS,19,15.772598779959324,,
n=44:q=379:t=33:beta=2:seed=0,44,379,33,2,0,17,ok,False,,5648535,2824267,15.546906777465233,15.54648904274849,1.0004178219800404,0.00041773471674311224,7077801,5.112625,15.646013,True,10000000,False,FIRST_N_SOLUTIONS,19,15.772598779959324,,
n=44:q=379:t=33:beta=2:seed=0,44,379,33,2,0,18,ok,False,,6694363,3347181,15.716776386949709,15.716414663261517,1.000361789118094,0.00036172368819187284,9902069,7.201649,22.847743,True,10000000,False,FIRST_N_SOLUTIONS,19,15.772598779959324,,
n=44:q=379:t=33:beta=2:seed=0,44,379,33,2,0,19,ok,False,,7080655,3540327,15.772876975515029,15.772598779959324,1.000278234255677,0.0002781955557047411,13249251,6.935635,29.790105,True,10000000,False,FIRST_N_SOLUTIONS,19,15.772598779959324,,
n=44:q=379:t=33:beta=2:seed=0,44,379,33,2,0,20,ok,False,,6760091,3380045,15.726546909467002,15.726361118189601,1.0001858085376694,0.0001857912774010373,16789579,6.781321,36.571502,True,10000000,False,FIRST_N_SOLUTIONS,19,15.772598779959324,,
n=44:q=379:t=33:beta=2:seed=0,44,379,33,2,0,21,ok,False,,6277349,3138674,15.652458315562882,15.65225753330698,1.0002008024140085,0.0002007822559022543,20169625,6.415256,42.986835,True,10000000,False,FIRST_N_SOLUTIONS,19,15.772598779959324,,
n=44:q=379:t=33:beta=2:seed=0,44,379,33,2,0,22,ok,False,,5447969,2723984,15.510753436633768,15.510866716743493,0.9998867263062248,-0.00011328010972455616,23308300,6.015838,49.00275,True,10000000,False,FIRST_N_SOLUTIONS,19,15.772598779959324,,
n=44:q=379:t=33:beta=2:seed=0,44,379,33,2,0,23,ok,False,,4539575,2269787,15.328343953300822,15.328499201285396,0.9998447640657702,-0.00015524798457455802,26032285,5.298695,54.301524,True,10000000,False,FIRST_N_SOLUTIONS,19,15.772598779959324,,
n=44:q=379:t=33:beta=2:seed=0,44,379,33,2,0,24,ok,False,,3784573,1892286,15.146443624751296,15.1463379381712,1.0001056921651188,0.00010568658009546539,28302073,4.315929,58.617533,True,10000000,False,FIRST_N_SOLUTIONS,19,15.772598779959324,,
n=44:q=379:t=33:beta=2:seed=0,44,379,33,2,0,25,ok,False,,3150089,1575044,14.962941264370935,14.962456481068216,1.000484900829135,0.0004847833027188386,30194360,3.714259,62.331895,True,10000000,False,FIRST_N_SOLUTIONS,19,15.772598779959324,,
n=44:q=379:t=33:beta=2:seed=0,44,379,33,2,0,26,ok,False,,2353895,1176947,14.671581960879747,14.67046260672251,1.0011199808679179,0.0011193541572378507,31769405,3.086717,65.418687,True,10000000,False,FIRST_N_SOLUTIONS,19,15.772598779959324,,
n=44:q=379:t=33:beta=2:seed=0,44,379,33,2,0,27,ok,False,,1580177,790088,14.273047424045238,14.272835426808797,1.0002120197094433,0.00021199723644116375,32946353,2.200985,67.619755,True,10000000,False,FIRST_N_SOLUTIONS,19,15.772598779959324,,
n=44:q=379:t=33:beta=2:seed=0,44,379,33,2,0,28,ok,False,,1010561,505280,13.826016180159218,13.826296463467173,0.9997197559677419,-0.0002802833079549316,33736442,1.501535,69.121365,True,10000000,False,FIRST_N_SOLUTIONS,19,15.772598779959324,,
n=44:q=379:t=33:beta=2:seed=0,44,379,33,2,0,29,ok,False,,660535,330267,13.400805391699558,13.39999705394878,1.0008086645437846,0.0008083377507777101,34241723,1.121137,70.242582,True,10000000,False,FIRST_N_SOLUTIONS,19,15.772598779959324,,
n=44:q=379:t=33:beta=2:seed=0,44,379,33,2,0,30,ok,False,,368871,184435,12.818202268404677,12.818323090524643,0.9998791851787326,-0.00012082211996577996,34571991,0.827566,71.070222,True,10000000,False,FIRST_N_SOLUTIONS,19,15.772598779959324,,
n=44:q=379:t=33:beta=2:seed=0,44,379,33,2,0,31,ok,False,,203163,101581,12.221763891492511,12.220573593166591,1.0011910070121268,0.0011902983259197697,34756427,0.689594,71.759893,True,10000000,False,FIRST_N_SOLUTIONS,19,15.772598779959324,,
n=44:q=379:t=33:beta=2:seed=0,44,379,33,2,0,32,ok,False,,108791,54395,11.597183889394207,11.603071099189378,0.9941300858667069,-0.005887209795170989,34858009,0.581904,72.341884,True,10000000,False,FIRST_N_SOLUTIONS,19,15.772598779959324,,
n=44:q=379:t=33:beta=2:seed=0,44,379,33,2,0,33,ok,False,,53005,26502,10.878141527707198,10.885695563355029,0.9924744243716975,-0.007554035647830304,34912405,0.524095,72.866066,True,10000000,False,FIRST_N_SOLUTIONS,19,15.772598779959324,,
n=44:q=379:t=33:beta=2:seed=0,44,379,33,2,0,34,ok,False,,25543,12771,10.14811858549176,10.152912231502569,0.9952178251733114,-0.004793646010808672,34938908,0.490466,73.356631,True,10000000,False,FIRST_N_SOLUTIONS,19,15.772598779959324,,
n=44:q=379:t=33:beta=2:seed=0,44,379,33,2,0,35,ok,False,,12809,6404,9.457903327831136,9.448282540284708,1.0096672160965583,0.009620787546428033,34951680,0.477509,73.834235,True,10000000,False,FIRST_N_SOLUTIONS,19,15.772598779959324,,
n=44:q=379:t=33:beta=2:seed=0,44,379,33,2,0,36,ok,False,,5823,2911,8.66957087183712,8.644516705968869,1.0253706591122977,0.025054165868251488,34958085,0.478262,74.312582,True,10000000,False,FIRST_N_SOLUTIONS,19,15.772598779959324,,
n=44:q=379:t=33:beta=2:seed=0,44,379,33,2,0,37,ok,False,,2351,1175,7.762596048540069,7.744031740508092,1.0187376960794496,0.018564308031977284,34960997,0.495059,74.807725,True,10000000,False,FIRST_N_SOLUTIONS,19,15.772598779959324,,
n=44:q=379:t=33:beta=2:seed=0,44,379,33,2,0,38,ok,False,,917,458,6.821107472256465,6.757017640760893,1.0661881717377544,0.06408983149557201,34962173,0.464731,75.272537,True,10000000,False,FIRST_N_SOLUTIONS,19,15.772598779959324,,
n=44:q=379:t=33:beta=2:seed=0,44,379,33,2,0,39,ok,False,,309,154,5.733341276897746,5.650106870846116,1.086796530376513,0.08323440605162968,34962632,0.4621,75.734715,True,10000000,False,FIRST_N_SOLUTIONS,19,15.772598779959324,,
n=44:q=379:t=33:beta=2:seed=0,44,379,33,2,0,40,ok,False,,123,61,4.812184355372417,4.606514166346642,1.22834801452566,0.20567018902577505,34962787,0.457829,76.192617,True,10000000,False,FIRST_N_SOLUTIONS,19,15.772598779959324,,
n=44:q=379:t=33:beta=2:seed=0,44,379,33,2,0,41,ok,False,,49,24,3.8918202981106265,3.460009633758432,1.5400435024214751,0.4318106643521946,34962849,0.465097,76.657784,True,10000000,False,FIRST_N_SOLUTIONS,19,15.772598779959324,,
n=44:q=379:t=33:beta=2:seed=0,44,379,33,2,0,42,ok,False,,17,8,2.833213344056216,2.277464070286811,1.743246664556539,0.555749273769405,34962874,0.469793,77.127655,True,10000000,False,FIRST_N_SOLUTIONS,19,15.772598779959324,,
n=44:q=379:t=33:beta=2:seed=0,44,379,33,2,0,43,ok,False,,7,3,1.9459101490553132,1.1320580409485217,2.2565838707486927,0.8138521081067915,34962883,0.47489,77.602624,True,10000000,False,FIRST_N_SOLUTIONS,19,15.772598779959324,,
n=44:q=379:t=33:beta=2:seed=0,44,379,33,2,0,44,ok,True,rank_complete,1,0,0.0,0.0,1.0,0.0,34962887,0.47464,78.077344,True,10000000,False,FIRST_N_SOLUTIONS,19,15.772598779959324,,
n=44:q=379:t=33:beta=8:seed=0,44,379,33,8,0,1,ok,False,,7,3,1.9459101490553132,1.8252095793087126,1.1282870185141864,0.1207005697466006,3,3.1e-05,4.2e-05,True,10000000,False,FIRST_N_SOLUTIONS,19,13.919065142583094,,
n=44:q=379:t=33:beta=8:seed=0,44,379,33,8,0,2,ok,False,,33,16,3.4965075614664802,3.433221587686427,1.0653314525360116,0.06328597378005307,20,1.1e-05,8.8e-05,True,10000000,False,FIRST_N_SOLUTIONS,19,13.919065142583094,,
n=44:q=379:t=33:beta=8:seed=0,44,379,33,8,0,3,ok,False,,129,64,4.859812404361672,4.786005118403045,1.0765993096992736,0.07380728595862696,84,2.5e-05,0.000134,True,10000000,False,FIRST_N_SOLUTIONS,19,13.919065142583094,,
n=44:q=379:t=33:beta=8:seed=0,44,379,33,8,0,4,ok,False,,415,207,6.028278520230698,6.003390274265545,1.025200543825044,0.024888245965152933,291,0.000129,0.000282,True,10000000,False,FIRST_N_SOLUTIONS,19,13.919065142583094,,
n=44:q=379:t=33:beta=8:seed=0,44,379,33,8,0,5,ok,False,,1197,598,7.087573705557973,7.110820218912654,0.9770216052111094,-0.023246513354680864,889,0.000225,0.000528,True,10000000,False,FIRST_N_SOLUTIONS,19,13.919065142583094,,
n=44:q=379:t=33:beta=8:seed=0,44,379,33,8,0,6,ok,False,,3279,1639,8.095293776844649,8.103350124546363,0.9919760176934849,-0.008056347701714373,2528,0.000684,0.001236,True,10000000,False,FIRST_N_SOLUTIONS,19,13.919065142583094,,
n=44:q=379:t=33:beta=8:seed=0,44,379,33,8,0,7,ok,False,,7975,3987,8.984066927653044,8.985724698384644,0.9983436026112993,-0.0016577707315992285,6515,0.001666,0.002929,True,10000000,False,FIRST_N_SOLUTIONS,19,13.919065142583094,,
n=44:q=379:t=33:beta=8:seed=0,44,379,33,8,0,8,ok,False,,17399,8699,9.764168012286715,9.767398977787444,0.9967742484514268,-0.0032309655007285443,15214,0.004301,0.007264,True,10000000,False,FIRST_N_SOLUTIONS,19,13.919065142583094,,
n=44:q=379:t=33:beta=8:seed=0,44,379,33,8,0,9,ok,False,,39239,19619,10.577426429154775,10.578267150627184,0.99915963183487,-0.0008407214724091006,34833,0.011055,0.018354,True,10000000,False,FIRST_N_SOLUTIONS,19,13.919065142583094,,
n=44:q=379:t=33:beta=8:seed=0,44,379,33,8,0,10,ok,False,,75801,37900,11.235866764155578,11.235049403739296,1.0008176945463352,0.0008173604162813319,72733,0.025046,0.043453,True,10000000,False,FIRST_N_SOLUTIONS,19,13.919065142583094,,
n=44:q=379:t=33:beta=8:seed=0,44,379,33,8,0,11,ok,False,,133981,66990,11.805453277834971,11.80684816353434,0.998606086701506,-0.001394885699369297,72743,0.059014,0.102545,True,10000000,False,FIRST_N_SOLUTIONS,19,13.919065142583094,,
n=44:q=379:t=33:beta=8:seed=0,44,379,33,8,0,12,ok,False,,221263,110631,12.307107318206194,12.30514716831187,1.001962072243955,0.001960149894324914,139734,0.111549,0.214172,True,10000000,False,FIRST_N_SOLUTIONS,19,13.919065142583094,,
n=44:q=379:t=33:beta=8:seed=0,44,379,33,8,0,13,ok,False,,325947,162973,12.694490070444706,12.691864091217916,1.002629430130246,0.0026259792267904203,250366,0.179981,0.394233,True,10000000,False,FIRST_N_SOLUTIONS,19,13.919065142583094,,
n=44:q=379:t=33:beta=8:seed=0,44,379,33,8,0,14,ok,False,,471839,235919,13.064393104684362,13.063289759668507,1.0011039539248916,0.0011033450158546287,413340,0.295053,0.689362,True,10000000,False,FIRST_N_SOLUTIONS,19,13.919065142583094,,
n=44:q=379:t=33:beta=8:seed=0,44,379,33,8,0,15,ok,False,,624465,312232,13.34465056214133,13.345166409128602,0.9994842860389109,-0.0005158469872714733,649260,0.429236,1.118677,True,10000000,False,FIRST_N_SOLUTIONS,19,13.919065142583094,,
n=44:q=379:t=33:beta=8:seed=0,44,379,33,8,0,16,ok,False,,778279,389139,13.56484035069987,13.565209004096758,0.9996314145474254,-0.0003686533968885186,961493,0.573192,1.69195,True,10000000,False,FIRST_N_SOLUTIONS,19,13.919065142583094,,
n=44:q=379:t=33:beta=8:seed=0,44,379,33,8,0,17,ok,False,,885423,442711,13.69382077590235,13.694206952782963,0.99961389767608,-0.00038617688061393096,1350633,0.711196,2.403229,True,10000000,False,FIRST_N_SOLUTIONS,19,13.919065142583094,,
n=44:q=379:t=33:beta=8:seed=0,44,379,33,8,0,18,ok,False,,1039861,519930,13.85459760833893,13.85511930879386,0.9994784356070896,-0.000521700454930496,1793345,0.855867,3.259173,True,10000000,False,FIRST_N_SOLUTIONS,19,13.919065142583094,,
n=44:q=379:t=33:beta=8:seed=0,44,379,33,8,0,19,ok,False,,1109527,554763,13.919444356344853,13.919065142583094,1.0003792856723872,0.0003792137617590896,2313276,0.987832,4.247087,True,10000000,False,FIRST_N_SOLUTIONS,19,13.919065142583094,,
n=44:q=379:t=33:beta=8:seed=0,44,379,33,8,0,20,ok,False,,1095067,547533,13.90632610657549,13.905467365975682,1.000859109423084,0.0008587405998081721,2868040,0.975073,5.222246,True,10000000,False,FIRST_N_SOLUTIONS,19,13.919065142583094,,
n=44:q=379:t=33:beta=8:seed=0,44,379,33,8,0,21,ok,False,,1030969,515484,13.846009694651801,13.846356854961854,0.9996528999431149,-0.0003471603100528853,3415574,0.959459,6.181782,True,10000000,False,FIRST_N_SOLUTIONS,19,13.919065142583094,,
n=44:q=379:t=33:beta=8:seed=0,44,379,33,8,0,22,ok,False,,960549,480274,13.775260274985827,13.775209023160741,1.0000512531384833,5.125182508614046e-05,3931059,0.951649,7.13352,True,10000000,False,FIRST_N_SOLUTIONS,19,13.919065142583094,,
n=44:q=379:t=33:beta=8:seed=0,44,379,33,8,0,23,ok,False,,829893,414946,13.629052055799791,13.627560093194376,1.0014930761353362,0.0014919626054155088,4411334,0.842661,7.976275,True,10000000,False,FIRST_N_SOLUTIONS,19,13.919065142583094,,
n=44:q=379:t=33:beta=8:seed=0,44,379,33,8,0,24,ok,False,,687823,343911,13.441286816374674,13.44027652933731,1.0010107975492193,0.0010102870373636108,4826281,0.72339,8.699745,True,10000000,False,FIRST_N_SOLUTIONS,19,13.919065142583094,,
n=44:q=379:t=33:beta=8:seed=0,44,379,33,8,0,25,ok,False,,512535,256267,13.147124280345787,13.146167624879837,1.0009571132067456,0.0009566554659503623,5170193,0.562135,9.261955,True,10000000,False,FIRST_N_SOLUTIONS,19,13.919065142583094,,
n=44:q=379:t=33:beta=8:seed=0,44,379,33,8,0,26,ok,False,,384255,192127,12.859061673677926,12.859030941896506,1.0000307322536461,3.0731781420101356e-05,5426461,0.46207,9.7241,True,10000000,False,FIRST_N_SOLUTIONS,19,13.919065142583094,,
n=44:q=379:t=33:beta=8:seed=0,44,379,33,8,0,27,ok,False,,281441,140720,12.547678113120275,12.546398141249924,1.00128079138396,0.0012799718703515595,5618589,0.352589,10.07678,True,10000000,False,FIRST_N_SOLUTIONS,19,13.919065142583094,,
n=44:q=379:t=33:beta=8:seed=0,44,379,33,8,0,28,ok,False,,184381,92190,12.124759547919611,12.128034490467158,0.9967304142274922,-0.0032749425475468996,5759310,0.253165,10.330043,True,10000000,False,FIRST_N_SOLUTIONS,19,13.919065142583094,,
n=44:q=379:t=33:beta=8:seed=0,44,379,33,8,0,29,ok,False,,120905,60452,11.702760392240696,11.7068173210546,0.9959512894044644,-0.0040569288139042925,5851501,0.186914,10.517035,True,10000000,False,FIRST_N_SOLUTIONS,19,13.919065142583094,,
n=44:q=379:t=33:beta=8:seed=0,44,379,33,8,0,30,ok,False,,78235,39117,11.267472396736158,11.27355605001003,0.9939348146748631,-0.006083653273870837,5911954,0.149107,10.666224,True,10000000,False,FIRST_N_SOLUTIONS,19,13.919065142583094,,
n=44:q=379:t=33:beta=8:seed=0,44,379,33,8,0,31,ok,False,,46015,23007,10.736722709272957,10.741399606558645,0.9953340223684235,-0.004676897285687431,5951072,0.115523,10.781824,True,10000000,False,FIRST_N_SOLUTIONS,19,13.919065142583094,,
n=44:q=379:t=33:beta=8:seed=0,44,379,33,8,0,32,ok,False,,27185,13592,10.210420629580021,10.200402731086086,1.0100682456227463,0.010017898493934752,5974080,0.099439,10.881341,True,10000000,False,FIRST_N_SOLUTIONS,19,13.919065142583094,,
n=44:q=379:t=33:beta=8:seed=0,44,379,33,8,0,33,ok,False,,14347,7173,9.57129614009839,9.562549978747143,1.0087845207714417,0.008746161351247395,5987673,0.090691,10.972109,True,10000000,False,FIRST_N_SOLUTIONS,19,13.919065142583094,,
n=44:q=379:t=33:beta=8:seed=0,44,379,33,8,0,34,ok,False,,6957,3478,8.847503625923641,8.83943968942657,1.0080965376051554,0.008063936497071822,5994847,0.085007,11.057179,True,10000000,False,FIRST_N_SOLUTIONS,19,13.919065142583094,,
n=44:q=379:t=33:beta=8:seed=0,44,379,33,8,0,35,ok,False,,3389,1694,8.128290171607052,8.121812449508695,1.0064987479154304,0.006477722098356509,5998326,0.082047,11.139296,True,10000000,False,FIRST_N_SOLUTIONS,19,13.919065142583094,,
n=44:q=379:t=33:beta=8:seed=0,44,379,33,8,0,36,ok,False,,1481,740,7.300472814267799,7.356666628789355,0.9453558944331621,-0.05619381452155636,6000021,0.08101,11.220371,True,10000000,False,FIRST_N_SOLUTIONS,19,13.919065142583094,,
n=44:q=379:t=33:beta=8:seed=0,44,379,33,8,0,37,ok,False,,747,373,6.616065185132817,6.594514153775151,1.0217849320792658,0.02155103135766634,6000762,0.080346,11.300778,True,10000000,False,FIRST_N_SOLUTIONS,19,13.919065142583094,,
n=44:q=379:t=33:beta=8:seed=0,44,379,33,8,0,38,ok,False,,345,172,5.84354441703136,5.76659285460417,1.0799897630428636,0.07695156242719037,6001136,0.080216,11.381054,True,10000000,False,FIRST_N_SOLUTIONS,19,13.919065142583094,,
n=44:q=379:t=33:beta=8:seed=0,44,379,33,8,0,39,ok,False,,153,76,5.030437921392435,4.886246894332714,1.1551047437134583,0.14419102705972087,6001309,0.080306,11.461396,True,10000000,False,FIRST_N_SOLUTIONS,19,13.919065142583094,,
n=44:q=379:t=33:beta=8:seed=0,44,379,33,8,0,40,ok,False,,59,29,4.07753744390572,3.9395770809652504,1.147930048800731,0.13796036294046932,6001386,0.079668,11.541119,True,10000000,False,FIRST_N_SOLUTIONS,19,13.919065142583094,,
n=44:q=379:t=33:beta=8:seed=0,44,379,33,8,0,41,ok,False,,17,8,2.833213344056216,2.971585708555466,0.8707743859013881,-0.13837236449924983,6001416,0.079448,11.620605,True,10000000,False,FIRST_N_SOLUTIONS,19,13.919065142583094,,
n=44:q=379:t=33:beta=8:seed=0,44,379,33,8,0,42,ok,False,,3,1,1.0986122886681098,1.9692533506354266,0.41868306141113304,-0.8706410619673168,6001425,0.080355,11.701008,True,10000000,False,FIRST_N_SOLUTIONS,19,13.919065142583094,,
n=44:q=379:t=33:beta=8:seed=0,44,379,33,8,0,43,ok,False,,1,0,0.0,0.9827528498306037,0.3742793445404113,-0.9827528498306037,6001427,0.080141,11.781198,True,10000000,False,FIRST_N_SOLUTIONS,19,13.919065142583094,,
n=44:q=379:t=33:beta=8:seed=0,44,379,33,8,0,44,ok,True,rank_complete,1,0,0.0,0.0,1.0,0.0,6001428,0.079944,11.861173,True,10000000,False,FIRST_N_SOLUTIONS,19,13.919065142583094,,
n=44:q=47:t=22:beta=15:seed=0,44,47,22,15,0,1,ok,False,,5,2,1.6094379124341003,1.7349248563770465,0.8820672806725961,-0.12548694394294624,2,3.1e-05,4.3e-05,True,10000000,False,FIRST_N_SOLUTIONS,20,13.660929410831262,,
n=44:q=47:t=22:beta=15:seed=0,44,47,22,15,0,2,ok,False,,27,13,3.295836866004329,3.309881107889222,0.9860539184138676,-0.014044241884892728,16,9e-06,8.2e-05,True,10000000,False,FIRST_N_SOLUTIONS,20,13.660929410831262,,
n=44:q=47:t=22:beta=15:seed=0,44,47,22,15,0,3,ok,False,,101,50,4.61512051684126,4.651145754971685,0.9646159480728004,-0.03602523813042513,66,2e-05,0.000121,True,10000000,False,FIRST_N_SOLUTIONS,20,13.660929410831262,,
n=44:q=47:t=22:beta=15:seed=0,44,47,22,15,0,4,ok,False,,349,174,5.855071922202427,5.864814692469051,0.9903045367611218,-0.009742770266623957,240,0.000115,0.00025,True,10000000,False,FIRST_N_SOLUTIONS,20,13.660929410831262,,
n=44:q=47:t=22:beta=15:seed=0,44,47,22,15,0,5,ok,False,,995,497,6.902742737158593,6.913889738447901,0.9889148963251505,-0.011147001289308456,737,0.000184,0.000454,True,10000000,False,FIRST_N_SOLUTIONS,20,13.660929410831262,,
n=44:q=47:t=22:beta=15:seed=0,44,47,22,15,0,6,ok,False,,2597,1298,7.862112211662748,7.8642217398027086,0.9978926953507463,-0.0021095281399601262,2035,0.000515,0.000989,True,10000000,False,FIRST_N_SOLUTIONS,20,13.660929410831262,,
n=44:q=47:t=22:beta=15:seed=0,44,47,22,15,0,7,ok,False,,6385,3192,8.76170676846664,8.76365102363599,0.9980576336704041,-0.001944255169350484,5227,0.001396,0.002406,True,10000000,False,FIRST_N_SOLUTIONS,20,13.660929410831262,,
n=44:q=47:t=22:beta=15:seed=0,44,47,22,15,0,8,ok,False,,14149,7074,9.557399229195953,9.556508509525774,1.0008911164787513,0.0008907196701795073,12301,0.003592,0.006029,True,10000000,False,FIRST_N_SOLUTIONS,20,13.660929410831262,,
n=44:q=47:t=22:beta=15:seed=0,44,47,22,15,0,9,ok,False,,30803,15401,10.335367366815744,10.334820399957724,1.000547116471668,0.0005469668580193598,27702,0.008674,0.014737,True,10000000,False,FIRST_N_SOLUTIONS,20,13.660929410831262,,
n=44:q=47:t=22:beta=15:seed=0,44,47,22,15,0,10,ok,False,,59157,29578,10.987950205599796,10.987684556034832,1.0002656848529345,0.000265649564964221,57280,0.018916,0.033702,True,10000000,False,FIRST_N_SOLUTIONS,20,13.660929410831262,,
n=44:q=47:t=22:beta=15:seed=0,44,47,22,15,0,11,ok,False,,103063,51531,11.543095730715292,11.540067442615143,1.0030328779965643,0.0030282881001486572,57290,0.038992,0.072763,True,10000000,False,FIRST_N_SOLUTIONS,20,13.660929410831262,,
n=44:q=47:t=22:beta=15:seed=0,44,47,22,15,0,12,ok,False,,166753,83376,12.024268954620531,12.02329511830306,1.0009743106500186,0.0009738363174705,108822,0.072929,0.145765,True,10000000,False,FIRST_N_SOLUTIONS,20,13.660929410831262,,
n=44:q=47:t=22:beta=15:seed=0,44,47,22,15,0,13,ok,False,,252245,126122,12.438156116413854,12.438116888813592,1.0000392283696737,3.922760026142669e-05,192199,0.137735,0.283578,True,10000000,False,FIRST_N_SOLUTIONS,20,13.660929410831262,,
n=44:q=47:t=22:beta=15:seed=0,44,47,22,15,0,14,ok,False,,360647,180323,12.795654919583066,12.794690290499105,1.0009650944882318,0.0009646290839615546,318322,0.231174,0.514836,True,10000000,False,FIRST_N_SOLUTIONS,20,13.660929410831262,,
n=44:q=47:t=22:beta=15:seed=0,44,47,22,15,0,15,ok,False,,490545,245272,13.103272296898679,13.102198100100612,1.0010747739540884,0.001074196798066751,498646,0.329104,0.844024,True,10000000,False,FIRST_N_SOLUTIONS,20,13.660929410831262,,
n=44:q=47:t=22:beta=15:seed=0,44,47,22,15,0,16,ok,False,,591535,295767,13.290476132247642,13.289232971856308,1.0012439334355199,0.0012431603913345413,743919,0.428908,1.272992,True,10000000,False,FIRST_N_SOLUTIONS,20,13.660929410831262,,
n=44:q=47:t=22:beta=15:seed=0,44,47,22,15,0,17,ok,False,,675551,337775,13.42328393316234,13.421548432381101,1.0017370076343084,0.0017355007812387413,1039687,0.516592,1.789654,True,10000000,False,FIRST_N_SOLUTIONS,20,13.660929410831262,,
n=44:q=47:t=22:beta=15:seed=0,44,47,22,15,0,18,ok,False,,771183,385591,13.555680978467045,13.554497868187621,1.001183810430482,0.0011831102794239712,1377463,0.63614,2.425863,True,10000000,False,FIRST_N_SOLUTIONS,20,13.660929410831262,,
n=44:q=47:t=22:beta=15:seed=0,44,47,22,15,0,19,ok,False,,836003,418001,13.636387480577147,13.634773372256266,1.0016154116948848,0.001614108320881158,1763055,0.731481,3.157428,True,10000000,False,FIRST_N_SOLUTIONS,20,13.660929410831262,,
n=44:q=47:t=22:beta=15:seed=0,44,47,22,15,0,20,ok,False,,857301,428650,13.661544361118985,13.660929410831262,1.0006151394084157,0.0006149502877228485,2181057,0.751044,3.908558,True,10000000,False,FIRST_N_SOLUTIONS,20,13.660929410831262,,
n=44:q=47:t=22:beta=15:seed=0,44,47,22,15,0,21,ok,False,,833289,416644,13.633135799755149,13.634012742976644,0.9991234411808368,-0.000876943221495452,2609708,0.75492,4.663554,True,10000000,False,FIRST_N_SOLUTIONS,20,13.660929410831262,,
n=44:q=47:t=22:beta=15:seed=0,44,47,22,15,0,22,ok,False,,759597,379798,13.540543308465391,13.540974572178705,0.999568829267515,-0.00043126371331325686,3026353,0.727157,5.390772,True,10000000,False,FIRST_N_SOLUTIONS,20,13.660929410831262,,
n=44:q=47:t=22:beta=15:seed=0,44,47,22,15,0,23,ok,False,,661191,330595,13.401798033221123,13.402126169726834,0.9996719173251838,-0.00032813650571128505,3406152,0.681026,6.071873,True,10000000,False,FIRST_N_SOLUTIONS,20,13.660929410831262,,
n=44:q=47:t=22:beta=15:seed=0,44,47,22,15,0,24,ok,False,,580533,290266,13.271701926049543,13.27352784598903,0.9981757460381913,-0.0018259199394865533,3736748,0.592645,6.6646,True,10000000,False,FIRST_N_SOLUTIONS,20,13.660929410831262,,
n=44:q=47:t=22:beta=15:seed=0,44,47,22,15,0,25,ok,False,,458195,229097,13.035050136676606,13.035246555271335,0.9998036006941399,-0.00019641859472940837,4027015,0.482342,7.147023,True,10000000,False,FIRST_N_SOLUTIONS,20,13.660929410831262,,
n=44:q=47:t=22:beta=15:seed=0,44,47,22,15,0,26,ok,False,,346923,173461,12.75685813228781,12.75333912471504,1.0035252065492006,0.0035190075727697945,4256113,0.407457,7.554561,True,10000000,False,FIRST_N_SOLUTIONS,20,13.660929410831262,,
n=44:q=47:t=22:beta=15:seed=0,44,47,22,15,0,27,ok,False,,252309,126154,12.438409805812187,12.435824343292971,1.0025888077097684,0.0025854625192156533,4429575,0.296345,7.850984,True,10000000,False,FIRST_N_SOLUTIONS,20,13.660929410831262,,
n=44:q=47:t=22:beta=15:seed=0,44,47,22,15,0,28,ok,False,,169867,84933,12.042771056893447,12.043180575652464,0.9995905650823443,-0.0004095187590174021,4555730,0.220383,8.071444,True,10000000,False,FIRST_N_SOLUTIONS,20,13.660929410831262,,
n=44:q=47:t=22:beta=15:seed=0,44,47,22,15,0,29,ok,False,,107855,53927,11.588543011428817,11.590051244846826,0.998492903394414,-0.0015082334180096524,4640664,0.162945,8.23447,True,10000000,False,FIRST_N_SOLUTIONS,20,13.660929410831262,,
n=44:q=47:t=22:beta=15:seed=0,44,47,22,15,0,30,ok,False,,64621,32310,11.076294714343865,11.074686540432587,1.0016094677164036,0.001608173911277433,4694592,0.118885,8.353439,True,10000000,False,FIRST_N_SOLUTIONS,20,13.660929410831262,,
n=44:q=47:t=22:beta=15:seed=0,44,47,22,15,0,31,ok,False,,39687,19843,10.58877895713049,10.5812789147787,1.0075282381151573,0.007500042351789915,4726903,0.094334,8.447855,True,10000000,False,FIRST_N_SOLUTIONS,20,13.660929410831262,,
n=44:q=47:t=22:beta=15:seed=0,44,47,22,15,0,32,ok,False,,21635,10817,9.982067652658985,9.9678086546336,1.0143611424526906,0.014258998025384884,4746747,0.080485,8.528413,True,10000000,False,FIRST_N_SOLUTIONS,20,13.660929410831262,,
n=44:q=47:t=22:beta=15:seed=0,44,47,22,15,0,33,ok,False,,11399,5699,9.341280911236778,9.311890781305841,1.0298262821711794,0.02939012993093648,4757565,0.072589,8.601079,True,10000000,False,FIRST_N_SOLUTIONS,20,13.660929410831262,,
n=44:q=47:t=22:beta=15:seed=0,44,47,22,15,0,34,ok,False,,5779,2889,8.661985936317778,8.643486185492144,1.0186719313426116,0.01849975082563482,4763265,0.06845,8.6696,True,10000000,False,FIRST_N_SOLUTIONS,20,13.660929410831262,,
n=44:q=47:t=22:beta=15:seed=0,44,47,22,15,0,35,ok,False,,2775,1387,7.928406026180535,7.910679928916174,1.0178841369544194,0.017726097264360696,4766155,0.066194,8.735869,True,10000000,False,FIRST_N_SOLUTIONS,20,13.660929410831262,,
n=44:q=47:t=22:beta=15:seed=0,44,47,22,15,0,36,ok,False,,1307,653,7.175489713624222,7.147531205047244,1.0283530157062475,0.027958508576977792,4767543,0.064936,8.800866,True,10000000,False,FIRST_N_SOLUTIONS,20,13.660929410831262,,
n=44:q=47:t=22:beta=15:seed=0,44,47,22,15,0,37,ok,False,,563,281,6.333279628139691,6.348265678082612,0.9851256820667029,-0.014986049942921298,4768197,0.064523,8.86543,True,10000000,False,FIRST_N_SOLUTIONS,20,13.660929410831262,,
n=44:q=47:t=22:beta=15:seed=0,44,47,22,15,0,38,ok,False,,237,118,5.4680601411351315,5.4983705497283495,0.9701443456637169,-0.030310408593217986,4768479,0.064647,8.930133,True,10000000,False,FIRST_N_SOLUTIONS,20,13.660929410831262,,
n=44:q=47:t=22:beta=15:seed=0,44,47,22,15,0,39,ok,False,,143,71,4.962844630259907,4.768766011326875,1.2141917376628217,0.19407861893303213,4768598,0.064402,8.994584,True,10000000,False,FIRST_N_SOLUTIONS,20,13.660929410831262,,
n=44:q=47:t=22:beta=15:seed=0,44,47,22,15,0,40,ok,False,,61,30,4.110873864173311,3.896469188096205,1.2391239971842034,0.21440467607710634,4768670,0.064026,9.058656,True,10000000,False,FIRST_N_SOLUTIONS,20,13.660929410831262,,
n=44:q=47:t=22:beta=15:seed=0,44,47,22,15,0,41,ok,False,,29,14,3.367295829986474,2.9470525454225793,1.5223318704160675,0.4202432845638948,4768701,0.063941,9.122634,True,10000000,False,FIRST_N_SOLUTIONS,20,13.660929410831262,,
n=44:q=47:t=22:beta=15:seed=0,44,47,22,15,0,42,ok,False,,17,8,2.833213344056216,1.9874492995082846,2.329757172995154,0.8457640445479315,4768716,0.064441,9.187111,True,10000000,False,FIRST_N_SOLUTIONS,20,13.660929410831262,,
n=44:q=47:t=22:beta=15:seed=0,44,47,22,15,0,43,ok,False,,5,2,1.6094379124341003,1.0024245259757976,1.8349429414736198,0.6070133864583027,4768725,0.064536,9.251691,True,10000000,False,FIRST_N_SOLUTIONS,20,13.660929410831262,,
n=44:q=47:t=22:beta=15:seed=0,44,47,22,15,0,44,ok,True,rank_complete,1,0,0.0,-1.4210854715202004e-14,1.0000000000000142,1.4210854715202004e-14,4768728,0.064398,9.316116,True,10000000,False,FIRST_N_SOLUTIONS,20,13.660929410831262,,
n=44:q=47:t=22:beta=2:seed=0,44,47,22,2,0,1,ok,False,,7,3,1.9459101490553132,2.041795057854814,0.9085685782999069,-0.09588490879950062,3,3.7e-05,4.9e-05,True,10000000,False,FIRST_N_SOLUTIONS,19,16.151256522692776,,
n=44:q=47:t=22:beta=2:seed=0,44,47,22,2,0,2,ok,False,,39,19,3.6635616461296463,3.7464778008558044,0.9204283175492326,-0.0829161547261581,23,0.000173,0.000252,True,10000000,False,FIRST_N_SOLUTIONS,19,16.151256522692776,,
n=44:q=47:t=22:beta=2:seed=0,44,47,22,2,0,3,ok,False,,195,97,5.272999558563747,5.299662595031319,0.9736892840326864,-0.026663036467572176,120,3.4e-05,0.000309,True,10000000,False,FIRST_N_SOLUTIONS,19,16.151256522692776,,
n=44:q=47:t=22:beta=2:seed=0,44,47,22,2,0,4,ok,False,,835,417,6.727431724850855,6.738308652967788,0.9891820117771454,-0.010876928116933193,537,0.000147,0.000528,True,10000000,False,FIRST_N_SOLUTIONS,19,16.151256522692776,,
n=44:q=47:t=22:beta=2:seed=0,44,47,22,2,0,5,ok,False,,3197,1598,8.069968149059841,8.059057892789228,1.0109699901562381,0.010910256270612706,2135,0.000589,0.001137,True,10000000,False,FIRST_N_SOLUTIONS,19,16.151256522692776,,
n=44:q=47:t=22:beta=2:seed=0,44,47,22,2,0,6,ok,False,,9735,4867,9.1834829178063,9.172666584758897,1.0108750410552272,0.010816333047403148,7002,0.00209,0.003249,True,10000000,False,FIRST_N_SOLUTIONS,19,16.151256522692776,,
n=44:q=47:t=22:beta=2:seed=0,44,47,22,2,0,7,ok,False,,29101,14550,10.278527816830314,10.276702080974063,1.0018274035267134,0.0018257358562507875,21552,0.007133,0.010415,True,10000000,False,FIRST_N_SOLUTIONS,19,16.151256522692776,,
n=44:q=47:t=22:beta=2:seed=0,44,47,22,2,0,8,ok,False,,76363,38181,11.24325356465307,11.242703794194732,1.000549921609815,0.0005497704583383722,59733,0.022741,0.033196,True,10000000,False,FIRST_N_SOLUTIONS,19,16.151256522692776,,
n=44:q=47:t=22:beta=2:seed=0,44,47,22,2,0,9,ok,False,,177785,88892,12.088330234048618,12.087581442702458,1.0007490717603862,0.000748791346159905,148625,0.070756,0.104022,True,10000000,False,FIRST_N_SOLUTIONS,19,16.151256522692776,,
n=44:q=47:t=22:beta=2:seed=0,44,47,22,2,0,10,ok,False,,350587,175293,12.767364171489175,12.766601347408598,1.0007631151048624,0.0007628240805779285,323918,0.176122,0.280221,True,10000000,False,FIRST_N_SOLUTIONS,19,16.151256522692776,,
n=44:q=47:t=22:beta=2:seed=0,44,47,22,2,0,11,ok,False,,666307,333153,13.409505804273621,13.409223683243217,1.0002821608302843,0.00028212103040381464,323928,0.375758,0.656064,True,10000000,False,FIRST_N_SOLUTIONS,19,16.151256522692776,,
n=44:q=47:t=22:beta=2:seed=0,44,47,22,2,0,12,ok,False,,1276677,638338,14.05977116645074,14.059595222962171,1.000175958967533,0.0001759434885695299,657082,0.957253,1.613394,True,10000000,False,FIRST_N_SOLUTIONS,19,16.151256522692776,,
n=44:q=47:t=22:beta=2:seed=0,44,47,22,2,0,13,ok,False,,2166017,1083008,14.588400555081064,14.589226872067588,0.9991740243193415,-0.0008263169865241338,1295421,1.717499,3.330978,True,10000000,False,FIRST_N_SOLUTIONS,19,16.151256522692776,,
n=44:q=47:t=22:beta=2:seed=0,44,47,22,2,0,14,ok,False,,3195485,1597742,14.977249433960376,14.97818000171215,0.9990698650921216,-0.0009305677517748023,2378430,2.764014,6.095077,True,10000000,False,FIRST_N_SOLUTIONS,19,16.151256522692776,,
n=44:q=47:t=22:beta=2:seed=0,44,47,22,2,0,15,ok,False,,4507775,2253887,15.32131424162734,15.321242966877222,1.0000712772902234,7.127475011792228e-05,3976173,4.018,10.113194,True,10000000,False,FIRST_N_SOLUTIONS,19,16.151256522692776,,
n=44:q=47:t=22:beta=2:seed=0,44,47,22,2,0,16,ok,False,,6184909,3092454,15.637622850685128,15.637287975770636,1.0003349309913552,0.0003348749144915786,6230061,6.711145,16.824423,True,10000000,False,FIRST_N_SOLUTIONS,19,16.151256522692776,,
n=44:q=47:t=22:beta=2:seed=0,44,47,22,2,0,17,ok,False,,7722913,3861456,15.859702182435509,15.859296176623843,1.000406088243181,0.0004060058116657217,9322516,9.135699,25.960238,True,10000000,False,FIRST_N_SOLUTIONS,19,16.151256522692776,,
n=44:q=47:t=22:beta=2:seed=0,44,47,22,2,0,18,ok,False,,9139325,4569662,16.0280970894997,16.028144676617554,0.9999524140143938,-4.7587117855130145e-05,13183973,11.733073,37.696626,True,10000000,False,FIRST_N_SOLUTIONS,19,16.151256522692776,,
n=44:q=47:t=22:beta=2:seed=0,44,47,22,2,0,19,ok,False,,10340793,5170396,16.15160711656032,16.151256522692776,1.0003506553327575,0.00035059386754454636,17753636,18.380122,56.076838,True,10000000,False,FIRST_N_SOLUTIONS,19,16.151256522692776,,
n=44:q=47:t=22:beta=2:seed=0,44,47,22,2,0,20,ok,False,,10119679,5059839,16.129992501952934,16.130379787937773,0.9996127890006972,-0.00038728598483928067,22924033,38.015117,94.094437,True,10000000,False,FIRST_N_SOLUTIONS,19,16.151256522692776,,
n=44:q=47:t=22:beta=2:seed=0,44,47,22,2,0,21,ok,False,,10145559,5072779,16.132546630759037,16.13295290179664,0.9995938114793017,-0.000406271037601158,27983873,24.199345,118.298879,True,10000000,False,FIRST_N_SOLUTIONS,19,16.151256522692776,,
n=44:q=47:t=22:beta=2:seed=0,44,47,22,2,0,22,ok,False,,9837417,4918708,16.10170373456928,16.101931487741886,0.9997722727611791,-0.00022775317260581573,33056653,33.108863,151.408022,True,10000000,False,FIRST_N_SOLUTIONS,19,16.151256522692776,,
n=44:q=47:t=22:beta=2:seed=0,44,47,22,2,0,23,ok,False,,8788303,4394151,15.98893219072703,15.989006167630357,0.999926025832897,-7.397690332666684e-05,37975362,38.02046,189.434001,True,10000000,False,FIRST_N_SOLUTIONS,19,16.151256522692776,,
n=44:q=47:t=22:beta=2:seed=0,44,47,22,2,0,24,ok,False,,7340667,3670333,15.808940268396698,15.80958581438017,0.999354662336507,-0.0006455459834722177,42369514,9.63101,199.065192,True,10000000,False,FIRST_N_SOLUTIONS,19,16.151256522692776,,
n=44:q=47:t=22:beta=2:seed=0,44,47,22,2,0,25,ok,False,,6342241,3171120,15.66274273398914,15.66259252954903,1.0001502157213606,0.0001502044401089364,46039848,63.231569,262.296845,True,10000000,False,FIRST_N_SOLUTIONS,19,16.151256522692776,,
n=44:q=47:t=22:beta=2:seed=0,44,47,22,2,0,26,ok,False,,4985033,2492516,15.421950581215743,15.421038192372272,1.0009128051967873,0.0009123888434707794,49210969,7.032483,269.340292,True,10000000,False,FIRST_N_SOLUTIONS,19,16.151256522692776,,
n=44:q=47:t=22:beta=2:seed=0,44,47,22,2,0,27,ok,False,,3583989,1791994,15.09198698387582,15.091800092733372,1.0001869086076856,0.0001868911424480757,51703486,5.024655,274.365047,True,10000000,False,FIRST_N_SOLUTIONS,19,16.151256522692776,,
n=44:q=47:t=22:beta=2:seed=0,44,47,22,2,0,28,ok,False,,2374277,1187138,14.680203528052752,14.679504656272492,1.0006991160480436,0.0006988717802602906,53495481,3.470471,277.835596,True,10000000,False,FIRST_N_SOLUTIONS,19,16.151256522692776,,
n=44:q=47:t=22:beta=2:seed=0,44,47,22,2,0,29,ok,False,,1403611,701805,14.154558759651083,14.154312523182782,1.0002462667869891,0.000246236468301575,54682620,2.41441,280.250088,True,10000000,False,FIRST_N_SOLUTIONS,19,16.151256522692776,,
n=44:q=47:t=22:beta=2:seed=0,44,47,22,2,0,30,ok,False,,731825,365912,13.503296693323161,13.502345459256581,1.0009516866331922,0.0009512340665800423,55384426,1.610539,281.860709,True,10000000,False,FIRST_N_SOLUTIONS,19,16.151256522692776,,
n=44:q=47:t=22:beta=2:seed=0,44,47,22,2,0,31,ok,False,,395273,197636,12.88733194439703,12.88716254130194,1.000169417444604,0.00016940309508939322,55750339,1.206697,283.067489,True,10000000,False,FIRST_N_SOLUTIONS,19,16.151256522692776,,
n=44:q=47:t=22:beta=2:seed=0,44,47,22,2,0,32,ok,False,,200779,100389,12.20996007965736,12.20861483167102,1.001346153238296,0.001345247986339615,55947976,0.970887,284.038463,True,10000000,False,FIRST_N_SOLUTIONS,19,16.151256522692776,,
n=44:q=47:t=22:beta=2:seed=0,44,47,22,2,0,33,ok,False,,99625,49812,11.509168416092516,11.510313504555988,0.9988555669001487,-0.0011450884634722769,56048366,0.845012,284.883561,True,10000000,False,FIRST_N_SOLUTIONS,19,16.151256522692776,,
n=44:q=47:t=22:beta=2:seed=0,44,47,22,2,0,34,ok,False,,44959,22479,10.713506242327334,10.717347459573247,0.9961661507919548,-0.003841217245913242,56098179,0.785189,285.668839,True,10000000,False,FIRST_N_SOLUTIONS,19,16.151256522692776,,
n=44:q=47:t=22:beta=2:seed=0,44,47,22,2,0,35,ok,False,,18415,9207,9.820920828879165,9.828008463171273,0.9929374237521215,-0.007087634292107126,56120659,0.758971,286.427897,True,10000000,False,FIRST_N_SOLUTIONS,19,16.151256522692776,,
n=44:q=47:t=22:beta=2:seed=0,44,47,22,2,0,36,ok,False,,6997,3498,8.853236764745898,8.852853592103983,1.0003832460619284,0.0003831726419143422,56129867,0.749233,287.177219,True,10000000,False,FIRST_N_SOLUTIONS,19,16.151256522692776,,
n=44:q=47:t=22:beta=2:seed=0,44,47,22,2,0,37,ok,False,,2511,1255,7.828436359157585,7.8220815002704995,1.0063750938435454,0.006354858887085868,56133366,0.744979,287.922276,True,10000000,False,FIRST_N_SOLUTIONS,19,16.151256522692776,,
n=44:q=47:t=22:beta=2:seed=0,44,47,22,2,0,38,ok,False,,931,465,6.836259277277067,6.774003057356666,1.0642349880021376,0.062256219920401534,56134622,0.744097,288.666451,True,10000000,False,FIRST_N_SOLUTIONS,19,16.151256522692776,,
n=44:q=47:t=22:beta=2:seed=0,44,47,22,2,0,39,ok,False,,311,155,5.739792912179234,5.71410343876363,1.0260222918025317,0.025689473415604347,56135088,0.742477,289.409014,True,10000000,False,FIRST_N_SOLUTIONS,19,16.151256522692776,,
n=44:q=47:t=22:beta=2:seed=0,44,47,22,2,0,40,ok,False,,111,55,4.709530201312334,4.660048574955027,1.0507262863681113,0.049481626357306574,56135244,0.741772,290.151056,True,10000000,False,FIRST_N_SOLUTIONS,19,16.151256522692776,,
n=44:q=47:t=22:beta=2:seed=0,44,47,22,2,0,41,ok,False,,35,17,3.5553480614894135,3.52783265374822,1.027897452563165,0.02751540774119343,56135300,0.739015,290.890144,True,10000000,False,FIRST_N_SOLUTIONS,19,16.151256522692776,,
n=44:q=47:t=22:beta=2:seed=0,44,47,22,2,0,42,ok,False,,17,8,2.833213344056216,2.328584830707385,1.6563700867785962,0.5046285133488313,56135318,0.741963,291.632183,True,10000000,False,FIRST_N_SOLUTIONS,19,16.151256522692776,,
n=44:q=47:t=22:beta=2:seed=0,44,47,22,2,0,43,ok,False,,5,2,1.6094379124341003,1.1373843340317649,1.603283282782169,0.4720535784023354,56135327,0.743586,292.375837,True,10000000,False,FIRST_N_SOLUTIONS,19,16.151256522692776,,
n=44:q=47:t=22:beta=2:seed=0,44,47,22,2,0,44,ok,True,rank_complete,1,0,0.0,-1.4210854715202004e-14,1.0000000000000142,1.4210854715202004e-14,56135330,0.746073,293.121971,True,10000000,False,FIRST_N_SOLUTIONS,19,16.151256522692776,,
n=44:q=47:t=22:beta=8:seed=0,44,47,22,8,0,1,ok,False,,5,2,1.6094379124341003,1.7349248563770465,0.8820672806725961,-0.12548694394294624,2,2e-05,3.2e-05,True,10000000,False,FIRST_N_SOLUTIONS,20,13.749436928073372,,
n=44:q=47:t=22:beta=8:seed=0,44,47,22,8,0,2,ok,False,,25,12,3.2188758248682006,3.2508998676125422,0.9684832968029735,-0.032024042744341674,15,9e-06,7e-05,True,10000000,False,FIRST_N_SOLUTIONS,20,13.749436928073372,,
n=44:q=47:t=22:beta=8:seed=0,44,47,22,8,0,3,ok,False,,97,48,4.574710978503383,4.590067886179035,0.9847604083262784,-0.015356907675652565,63,1.7e-05,0.000106,True,10000000,False,FIRST_N_SOLUTIONS,20,13.749436928073372,,
n=44:q=47:t=22:beta=8:seed=0,44,47,22,8,0,4,ok,False,,365,182,5.8998973535824915,5.89090482447165,1.0090330833713854,0.008992529110841474,245,0.000117,0.00024,True,10000000,False,FIRST_N_SOLUTIONS,20,13.749436928073372,,
n=44:q=47:t=22:beta=8:seed=0,44,47,22,8,0,5,ok,False,,1169,584,7.063903961472068,7.0636797109025276,1.000224275715579,0.00022425056954045175,829,0.000221,0.000479,True,10000000,False,FIRST_N_SOLUTIONS,20,13.749436928073372,,
n=44:q=47:t=22:beta=8:seed=0,44,47,22,8,0,6,ok,False,,3207,1603,8.073091199693154,8.065253251941336,1.0078687448737942,0.007837947751818675,2432,0.000626,0.001126,True,10000000,False,FIRST_N_SOLUTIONS,20,13.749436928073372,,
n=44:q=47:t=22:beta=8:seed=0,44,47,22,8,0,7,ok,False,,7557,3778,8.93022956502072,8.927459836894876,1.002773567366523,0.0027697281258447504,6210,0.00162,0.002766,True,10000000,False,FIRST_N_SOLUTIONS,20,13.749436928073372,,
n=44:q=47:t=22:beta=8:seed=0,44,47,22,8,0,8,ok,False,,17263,8631,9.756320761816548,9.75236148939758,1.0039671206924103,0.00395927241896743,14841,0.00421,0.007009,True,10000000,False,FIRST_N_SOLUTIONS,20,13.749436928073372,,
n=44:q=47:t=22:beta=8:seed=0,44,47,22,8,0,9,ok,False,,34927,17463,10.46101544805463,10.460479509551087,1.0005360821442422,0.0005359385035426101,32304,0.009685,0.016727,True,10000000,False,FIRST_N_SOLUTIONS,20,13.749436928073372,,
n=44:q=47:t=22:beta=8:seed=0,44,47,22,8,0,10,ok,False,,64103,32051,11.068246443685663,11.070675312463983,0.997574078536754,-0.002428868778320492,64355,0.021016,0.03779,True,10000000,False,FIRST_N_SOLUTIONS,20,13.749436928073372,,
n=44:q=47:t=22:beta=8:seed=0,44,47,22,8,0,11,ok,False,,112983,56491,11.634992643898997,11.636304471425678,0.9986890325429199,-0.0013118275266812418,64365,0.043133,0.080995,True,10000000,False,FIRST_N_SOLUTIONS,20,13.749436928073372,,
n=44:q=47:t=22:beta=8:seed=0,44,47,22,8,0,12,ok,False,,179507,89753,12.097969483364583,12.09742728126163,1.0005423491210825,0.000542202102952416,120857,0.085166,0.166236,True,10000000,False,FIRST_N_SOLUTIONS,20,13.749436928073372,,
n=44:q=47:t=22:beta=8:seed=0,44,47,22,8,0,13,ok,False,,282929,141464,12.552951261756645,12.552111388069346,1.000840226479965,0.0008398736872994306,210611,0.157727,0.324048,True,10000000,False,FIRST_N_SOLUTIONS,20,13.749436928073372,,
n=44:q=47:t=22:beta=8:seed=0,44,47,22,8,0,14,ok,False,,410881,205440,12.92605891384134,12.926988752558948,0.9990705934484533,-0.0009298387176084333,352076,0.273044,0.597174,True,10000000,False,FIRST_N_SOLUTIONS,20,13.749436928073372,,
n=44:q=47:t=22:beta=8:seed=0,44,47,22,8,0,15,ok,False,,538541,269270,13.19661891009903,13.197620832011363,0.9989985798438381,-0.0010019219123336143,557517,0.357958,0.955207,True,10000000,False,FIRST_N_SOLUTIONS,20,13.749436928073372,,
n=44:q=47:t=22:beta=8:seed=0,44,47,22,8,0,16,ok,False,,693441,346720,13.449421439414925,13.44977340406449,0.9996480972827253,-0.00035196464956577245,826788,0.498305,1.453589,True,10000000,False,FIRST_N_SOLUTIONS,20,13.749436928073372,,
n=44:q=47:t=22:beta=8:seed=0,44,47,22,8,0,17,ok,False,,780549,390274,13.567752797236084,13.5677293123304,1.0000234851814567,2.3484905684156843e-05,1173509,0.605611,2.059284,True,10000000,False,FIRST_N_SOLUTIONS,20,13.749436928073372,,
n=44:q=47:t=22:beta=8:seed=0,44,47,22,8,0,18,ok,False,,899905,449952,13.710044481179512,13.710041354576969,1.000003126607431,3.1266025430909394e-06,1563784,0.712326,2.771682,True,10000000,False,FIRST_N_SOLUTIONS,20,13.749436928073372,,
n=44:q=47:t=22:beta=8:seed=0,44,47,22,8,0,19,ok,False,,925855,462927,13.738472913894215,13.737905310950264,1.000567764060984,0.0005676029439509733,2013737,0.831427,3.603193,True,10000000,False,FIRST_N_SOLUTIONS,20,13.749436928073372,,
n=44:q=47:t=22:beta=8:seed=0,44,47,22,8,0,20,ok,False,,936195,468097,13.749579067094688,13.749436928073372,1.000142149123545,0.00014213902131565703,2476665,0.834437,4.437716,True,10000000,False,FIRST_N_SOLUTIONS,20,13.749436928073372,,
n=44:q=47:t=22:beta=8:seed=0,44,47,22,8,0,21,ok,False,,862427,431213,13.667505786624522,13.667608913206863,0.9998968787350229,-0.00010312658234035155,2944763,0.790683,5.22848,True,10000000,False,FIRST_N_SOLUTIONS,20,13.749436928073372,,
n=44:q=47:t=22:beta=8:seed=0,44,47,22,8,0,22,ok,False,,830025,415012,13.629211099801095,13.628651650595529,1.00055960572646,0.0005594492055660538,3375977,0.799412,6.027971,True,10000000,False,FIRST_N_SOLUTIONS,20,13.749436928073372,,
n=44:q=47:t=22:beta=8:seed=0,44,47,22,8,0,23,ok,False,,755819,377909,13.53555720850719,13.533890898822953,1.0016676987496482,0.001666309684235756,3790990,0.732904,6.760955,True,10000000,False,FIRST_N_SOLUTIONS,20,13.749436928073372,,
n=44:q=47:t=22:beta=8:seed=0,44,47,22,8,0,24,ok,False,,628291,314145,13.350758713921103,13.348927075123584,1.0018333172724916,0.0018316387975190196,4168900,0.659852,7.420887,True,10000000,False,FIRST_N_SOLUTIONS,20,13.749436928073372,,
n=44:q=47:t=22:beta=8:seed=0,44,47,22,8,0,25,ok,False,,526787,263393,13.174551571249888,13.173110507339224,1.0014421027422082,0.0014410639106632317,4483046,0.551072,7.972059,True,10000000,False,FIRST_N_SOLUTIONS,20,13.749436928073372,,
n=44:q=47:t=22:beta=8:seed=0,44,47,22,8,0,26,ok,False,,401027,200513,12.901784035692854,12.90052055717986,1.0012642770382418,0.0012634785129943538,4746440,0.509707,8.481846,True,10000000,False,FIRST_N_SOLUTIONS,20,13.749436928073372,,
n=44:q=47:t=22:beta=8:seed=0,44,47,22,8,0,27,ok,False,,303275,151637,12.62239526363912,12.622421710560431,0.999973553428406,-2.6446921310707694e-05,4946954,0.347184,8.829108,True,10000000,False,FIRST_N_SOLUTIONS,20,13.749436928073372,,
n=44:q=47:t=22:beta=8:seed=0,44,47,22,8,0,28,ok,False,,217491,108745,12.289912749344383,12.289238473562975,1.0006745031564248,0.0006742757814084399,5098592,0.264881,9.094074,True,10000000,False,FIRST_N_SOLUTIONS,20,13.749436928073372,,
n=44:q=47:t=22:beta=8:seed=0,44,47,22,8,0,29,ok,False,,135999,67999,11.820402811749979,11.816958512367798,1.003450237797234,0.0034442993821812706,5207338,0.204645,9.298795,True,10000000,False,FIRST_N_SOLUTIONS,20,13.749436928073372,,
n=44:q=47:t=22:beta=8:seed=0,44,47,22,8,0,30,ok,False,,82193,41096,11.316825419267259,11.30962236091095,1.0072290627807838,0.007203058356308745,5275338,0.14187,9.440724,True,10000000,False,FIRST_N_SOLUTIONS,20,13.749436928073372,,
n=44:q=47:t=22:beta=8:seed=0,44,47,22,8,0,31,ok,False,,47377,23688,10.76589215785248,10.7583309417153,1.007589874316611,0.007561216137180082,5316435,0.109902,9.550699,True,10000000,False,FIRST_N_SOLUTIONS,20,13.749436928073372,,
n=44:q=47:t=22:beta=8:seed=0,44,47,22,8,0,32,ok,False,,27073,13536,10.206292200258018,10.201588826952204,1.0047144515275688,0.00470337330581394,5340124,0.090354,9.641111,True,10000000,False,FIRST_N_SOLUTIONS,20,13.749436928073372,,
n=44:q=47:t=22:beta=8:seed=0,44,47,22,8,0,33,ok,False,,14631,7315,9.590897844378162,9.584408005143807,1.0065109438715312,0.006489839234355088,5353661,0.080961,9.722131,True,10000000,False,FIRST_N_SOLUTIONS,20,13.749436928073372,,
n=44:q=47:t=22:beta=8:seed=0,44,47,22,8,0,34,ok,False,,7509,3754,8.923857580099885,8.941631253452272,0.9823833467290545,-0.01777367335238722,5360977,0.076038,9.798245,True,10000000,False,FIRST_N_SOLUTIONS,20,13.749436928073372,,
n=44:q=47:t=22:beta=8:seed=0,44,47,22,8,0,35,ok,False,,3659,1829,8.204945165019208,8.230278536297007,0.9749848259069079,-0.025333371277799444,5364732,0.074696,9.873012,True,10000000,False,FIRST_N_SOLUTIONS,20,13.749436928073372,,
n=44:q=47:t=22:beta=8:seed=0,44,47,22,8,0,36,ok,False,,1737,868,7.459914766241105,7.472584084100831,0.9874106000897958,-0.012669317859725915,5366562,0.088156,9.961239,True,10000000,False,FIRST_N_SOLUTIONS,20,13.749436928073372,,
n=44:q=47:t=22:beta=8:seed=0,44,47,22,8,0,37,ok,False,,803,401,6.688354713946762,6.663037349196173,1.025640571042458,0.02531736475058821,5367431,0.071968,10.033259,True,10000000,False,FIRST_N_SOLUTIONS,20,13.749436928073372,,
n=44:q=47:t=22:beta=8:seed=0,44,47,22,8,0,38,ok,False,,331,165,5.802118375377063,5.841976171407055,0.9609260769399004,-0.03985779602999173,5367833,0.071444,10.104744,True,10000000,False,FIRST_N_SOLUTIONS,20,13.749436928073372,,
n=44:q=47:t=22:beta=8:seed=0,44,47,22,8,0,39,ok,False,,143,71,4.962844630259907,4.936507234188198,1.0266872903015913,0.026337396071708596,5367999,0.07147,10.176267,True,10000000,False,FIRST_N_SOLUTIONS,20,13.749436928073372,,
n=44:q=47:t=22:beta=8:seed=0,44,47,22,8,0,40,ok,False,,69,34,4.23410650459726,3.9773347476183147,1.2927500319112124,0.25677175697894494,5368071,0.071087,10.247412,True,10000000,False,FIRST_N_SOLUTIONS,20,13.749436928073372,,
n=44:q=47:t=22:beta=8:seed=0,44,47,22,8,0,41,ok,False,,31,15,3.4339872044851463,2.9992531540816287,1.544552231281378,0.43473405040351754,5368106,0.070883,10.318341,True,10000000,False,FIRST_N_SOLUTIONS,20,13.749436928073372,,
n=44:q=47:t=22:beta=8:seed=0,44,47,22,8,0,42,ok,False,,13,6,2.5649493574615367,2.025586697986739,1.7149135299195521,0.5393626594747976,5368122,0.071394,10.389794,True,10000000,False,FIRST_N_SOLUTIONS,20,13.749436928073372,,
n=44:q=47:t=22:beta=8:seed=0,44,47,22,8,0,43,ok,False,,5,2,1.6094379124341003,0.9988909423642554,1.8414383350292645,0.6105469700698449,5368129,0.071569,10.461402,True,10000000,False,FIRST_N_SOLUTIONS,20,13.749436928073372,,
n=44:q=47:t=22:beta=8:seed=0,44,47,22,8,0,44,ok,True,rank_complete,1,0,0.0,-1.4210854715202004e-14,1.0000000000000142,1.4210854715202004e-14,5368132,0.071452,10.5329,True,10000000,False,FIRST_N_SOLUTIONS,20,13.749436928073372,,
n=44:q=47:t=33:beta=15:seed=0,44,47,33,15,0,1,ok,False,,5,2,1.6094379124341003,1.6461574563238766,0.9639464421123088,-0.036719543889776274,2,1.8e-05,2.9e-05,True,10000000,False,FIRST_N_SOLUTIONS,20,13.746697039225396,,
n=44:q=47:t=33:beta=15:seed=0,44,47,33,15,0,2,ok,False,,27,13,3.295836866004329,3.272642423582412,1.0234655253164442,0.02319444242191704,16,8e-06,8e-05,True,10000000,False,FIRST_N_SOLUTIONS,20,13.746697039225396,,
n=44:q=47:t=33:beta=15:seed=0,44,47,33,15,0,3,ok,False,,111,55,4.709530201312334,4.660221027088088,1.0505451020020282,0.049309174224245744,71,2.1e-05,0.00012,True,10000000,False,FIRST_N_SOLUTIONS,20,13.746697039225396,,
n=44:q=47:t=33:beta=15:seed=0,44,47,33,15,0,4,ok,False,,399,199,5.988961416889864,5.944205279770394,1.0457728036423268,0.04475613711947002,270,0.00014,0.000275,True,10000000,False,FIRST_N_SOLUTIONS,20,13.746697039225396,,
n=44:q=47:t=33:beta=15:seed=0,44,47,33,15,0,5,ok,False,,1145,572,7.0431599159883405,7.011958624896289,1.0316931536283556,0.031201291092051164,842,0.000216,0.000509,True,10000000,False,FIRST_N_SOLUTIONS,20,13.746697039225396,,
n=44:q=47:t=33:beta=15:seed=0,44,47,33,15,0,6,ok,False,,3009,1504,8.009363076630045,8.004431286015933,1.004943971910411,0.004931790614111975,2346,0.000602,0.001129,True,10000000,False,FIRST_N_SOLUTIONS,20,13.746697039225396,,
n=44:q=47:t=33:beta=15:seed=0,44,47,33,15,0,7,ok,False,,7635,3817,8.940498217652733,8.938252454234014,1.0022482870341793,0.002245763418718738,6163,0.001663,0.002813,True,10000000,False,FIRST_N_SOLUTIONS,20,13.746697039225396,,
n=44:q=47:t=33:beta=15:seed=0,44,47,33,15,0,8,ok,False,,16365,8182,9.702900186935281,9.708537248821763,0.9943787965345812,-0.005637061886481831,14345,0.004123,0.006967,True,10000000,False,FIRST_N_SOLUTIONS,20,13.746697039225396,,
n=44:q=47:t=33:beta=15:seed=0,44,47,33,15,0,9,ok,False,,33771,16885,10.427357725022913,10.427043710007272,1.0003140643235175,0.00031401501564154444,31230,0.009616,0.016618,True,10000000,False,FIRST_N_SOLUTIONS,20,13.746697039225396,,
n=44:q=47:t=33:beta=15:seed=0,44,47,33,15,0,10,ok,False,,62467,31233,11.042393696283407,11.041023778619167,1.0013708564300718,0.0013699176642401056,62463,0.021276,0.037952,True,10000000,False,FIRST_N_SOLUTIONS,20,13.746697039225396,,
n=44:q=47:t=33:beta=15:seed=0,44,47,33,15,0,11,ok,False,,103567,51783,11.547974025246633,11.544290997217864,1.0036898187106975,0.0036830280287691863,62473,0.040767,0.078794,True,10000000,False,FIRST_N_SOLUTIONS,20,13.746697039225396,,
n=44:q=47:t=33:beta=15:seed=0,44,47,33,15,0,12,ok,False,,168239,84119,12.033140866469235,12.031755952916697,1.001385872988173,0.001384913552538336,114257,0.075074,0.153947,True,10000000,False,FIRST_N_SOLUTIONS,20,13.746697039225396,,
n=44:q=47:t=33:beta=15:seed=0,44,47,33,15,0,13,ok,False,,246983,123491,12.417074787330572,12.414479442019449,1.0025987161352852,0.002595345311123154,198377,0.136196,0.290219,True,10000000,False,FIRST_N_SOLUTIONS,20,13.746697039225396,,
n=44:q=47:t=33:beta=15:seed=0,44,47,33,15,0,14,ok,False,,372645,186322,12.82838150280402,12.82576210051164,1.0026228359239309,0.002619402292380002,321869,0.230298,0.520595,True,10000000,False,FIRST_N_SOLUTIONS,20,13.746697039225396,,
n=44:q=47:t=33:beta=15:seed=0,44,47,33,15,0,15,ok,False,,499249,249624,13.12086024827155,13.119274366787337,1.0015871396592708,0.001585881484212237,508192,0.339153,0.859823,True,10000000,False,FIRST_N_SOLUTIONS,20,13.746697039225396,,
n=44:q=47:t=33:beta=15:seed=0,44,47,33,15,0,16,ok,False,,632951,316475,13.358148288967351,13.358736518984777,0.9994119429559329,-0.000588230017426028,757817,0.470825,1.330736,True,10000000,False,FIRST_N_SOLUTIONS,20,13.746697039225396,,
n=44:q=47:t=33:beta=15:seed=0,44,47,33,15,0,17,ok,False,,742355,371177,13.517582844392873,13.518867816984844,0.9987158526318084,-0.0012849725919714672,1074293,0.561972,1.892783,True,10000000,False,FIRST_N_SOLUTIONS,20,13.746697039225396,,
n=44:q=47:t=33:beta=15:seed=0,44,47,33,15,0,18,ok,False,,865023,432511,13.670511375155895,13.672238672119661,0.9982741939550909,-0.0017272969637662783,1445471,0.695528,2.588371,True,10000000,False,FIRST_N_SOLUTIONS,20,13.746697039225396,,
n=44:q=47:t=33:beta=15:seed=0,44,47,33,15,0,19,ok,False,,917991,458995,13.729942865633,13.731967956424995,0.9979769583209154,-0.002025090791995865,1877983,0.802971,3.391433,True,10000000,False,FIRST_N_SOLUTIONS,20,13.746697039225396,,
n=44:q=47:t=33:beta=15:seed=0,44,47,33,15,0,20,ok,False,,930917,465458,13.743925400834923,13.746697039225396,0.9972321990530577,-0.00277163839047212,2336979,0.859005,4.250516,True,10000000,False,FIRST_N_SOLUTIONS,20,13.746697039225396,,
n=44:q=47:t=33:beta=15:seed=0,44,47,33,15,0,21,ok,False,,891973,445986,13.701191142045733,13.702804754811133,0.998387688407721,-0.0016136127654000632,2802438,0.828555,5.079167,True,10000000,False,FIRST_N_SOLUTIONS,20,13.746697039225396,,
n=44:q=47:t=33:beta=15:seed=0,44,47,33,15,0,22,ok,False,,781427,390713,13.568877014371907,13.56904956701051,0.9998274622477478,-0.0001725526386024967,3248425,0.762141,5.84139,True,10000000,False,FIRST_N_SOLUTIONS,20,13.746697039225396,,
n=44:q=47:t=33:beta=15:seed=0,44,47,33,15,0,23,ok,False,,677477,338738,13.426130882820251,13.423807303135838,1.0023262812877463,0.002323579684412991,3639139,0.665831,6.5073,True,10000000,False,FIRST_N_SOLUTIONS,20,13.746697039225396,,
n=44:q=47:t=33:beta=15:seed=0,44,47,33,15,0,24,ok,False,,553347,276673,13.223740570154787,13.222573769034426,1.0011674820976173,0.0011668011203607165,3977878,0.548645,7.056015,True,10000000,False,FIRST_N_SOLUTIONS,20,13.746697039225396,,
n=44:q=47:t=33:beta=15:seed=0,44,47,33,15,0,25,ok,False,,420545,210272,12.949306768127183,12.947863870937653,1.0014439386665348,0.001442897189530612,4254552,0.46984,7.525919,True,10000000,False,FIRST_N_SOLUTIONS,20,13.746697039225396,,
n=44:q=47:t=33:beta=15:seed=0,44,47,33,15,0,26,ok,False,,329837,164918,12.706353872020477,12.703572446270115,1.002785297503797,0.0027814257503617767,4464825,0.379416,7.90542,True,10000000,False,FIRST_N_SOLUTIONS,20,13.746697039225396,,
n=44:q=47:t=33:beta=15:seed=0,44,47,33,15,0,27,ok,False,,240763,120381,12.391568326125693,12.385732242990784,1.0058531462458495,0.005836083134909131,4629744,0.29308,8.198579,True,10000000,False,FIRST_N_SOLUTIONS,20,13.746697039225396,,
n=44:q=47:t=33:beta=15:seed=0,44,47,33,15,0,28,ok,False,,160595,80297,11.986640946759838,11.978058579767279,1.0086193010892028,0.008582366992559542,4750126,0.214388,8.413057,True,10000000,False,FIRST_N_SOLUTIONS,20,13.746697039225396,,
n=44:q=47:t=33:beta=15:seed=0,44,47,33,15,0,29,ok,False,,102893,51446,11.541444892297301,11.53410265213482,1.0073692604972306,0.007342240162481417,4830424,0.153894,8.56703,True,10000000,False,FIRST_N_SOLUTIONS,20,13.746697039225396,,
n=44:q=47:t=33:beta=15:seed=0,44,47,33,15,0,30,ok,False,,63629,31814,11.060824620246043,11.048885059573706,1.0120111217458607,0.011939560672336924,4881871,0.123557,8.69066,True,10000000,False,FIRST_N_SOLUTIONS,20,13.746697039225396,,
n=44:q=47:t=33:beta=15:seed=0,44,47,33,15,0,31,ok,False,,35475,17737,10.476583502028243,10.465409762278199,1.011236399142487,0.011173739750043765,4913686,0.097581,8.788323,True,10000000,False,FIRST_N_SOLUTIONS,20,13.746697039225396,,
n=44:q=47:t=33:beta=15:seed=0,44,47,33,15,0,32,ok,False,,19675,9837,9.887104073285604,9.87702706012378,1.010127957236531,0.01007701316182441,4931424,0.08166,8.870067,True,10000000,False,FIRST_N_SOLUTIONS,20,13.746697039225396,,
n=44:q=47:t=33:beta=15:seed=0,44,47,33,15,0,33,ok,False,,11699,5849,9.367258647047601,9.351660704812687,1.0157202250956225,0.015597942234913731,4941262,0.075375,8.945524,True,10000000,False,FIRST_N_SOLUTIONS,20,13.746697039225396,,
n=44:q=47:t=33:beta=15:seed=0,44,47,33,15,0,34,ok,False,,6227,3113,8.736649954872451,8.726147192122895,1.010558110360141,0.010502762749556638,4947112,0.070967,9.016562,True,10000000,False,FIRST_N_SOLUTIONS,20,13.746697039225396,,
n=44:q=47:t=33:beta=15:seed=0,44,47,33,15,0,35,ok,False,,3127,1563,8.047829357457841,8.03726483111501,1.0106205279877982,0.010564526342831115,4950226,0.068966,9.085598,True,10000000,False,FIRST_N_SOLUTIONS,20,13.746697039225396,,
n=44:q=47:t=33:beta=15:seed=0,44,47,33,15,0,36,ok,False,,1551,775,7.346655163176539,7.322103091553274,1.0248559556310208,0.024552071623265448,4951790,0.067853,9.153525,True,10000000,False,FIRST_N_SOLUTIONS,20,13.746697039225396,,
n=44:q=47:t=33:beta=15:seed=0,44,47,33,15,0,37,ok,False,,727,363,6.588926477533519,6.552763776029792,1.036824525677802,0.036162701503727135,4952566,0.067107,9.220695,True,10000000,False,FIRST_N_SOLUTIONS,20,13.746697039225396,,
n=44:q=47:t=33:beta=15:seed=0,44,47,33,15,0,38,ok,False,,317,158,5.75890177387728,5.719383854511406,1.0403091403980445,0.03951791936587412,4952930,0.066991,9.287736,True,10000000,False,FIRST_N_SOLUTIONS,20,13.746697039225396,,
n=44:q=47:t=33:beta=15:seed=0,44,47,33,15,0,39,ok,False,,117,58,4.762173934797756,4.827530636942527,0.9367332690108894,-0.0653567021447703,4953089,0.067163,9.354944,True,10000000,False,FIRST_N_SOLUTIONS,20,13.746697039225396,,
n=44:q=47:t=33:beta=15:seed=0,44,47,33,15,0,40,ok,False,,53,26,3.970291913552122,3.9414787974942556,1.0292322295243062,0.028813116057866406,4953148,0.066503,9.421496,True,10000000,False,FIRST_N_SOLUTIONS,20,13.746697039225396,,
n=44:q=47:t=33:beta=15:seed=0,44,47,33,15,0,41,ok,False,,25,12,3.2188758248682006,3.0063545469582778,1.2367924296432193,0.2125212779099228,4953175,0.066693,9.488236,True,10000000,False,FIRST_N_SOLUTIONS,20,13.746697039225396,,
n=44:q=47:t=33:beta=15:seed=0,44,47,33,15,0,42,ok,False,,9,4,2.1972245773362196,2.0262551955394343,1.1864544213629924,0.17096938179678522,4953188,0.067195,9.555482,True,10000000,False,FIRST_N_SOLUTIONS,20,13.746697039225396,,
n=44:q=47:t=33:beta=15:seed=0,44,47,33,15,0,43,ok,False,,7,3,1.9459101490553132,1.0113313639126318,2.5461407595199197,0.9345787851426814,4953193,0.067114,9.622646,True,10000000,False,FIRST_N_SOLUTIONS,20,13.746697039225396,,
n=44:q=47:t=33:beta=15:seed=0,44,47,33,15,0,44,ok,True,rank_complete,5,2,1.6094379124341003,0.0,4.999999999999999,1.6094379124341003,4953197,0.067069,9.689753,True,10000000,False,FIRST_N_SOLUTIONS,20,13.746697039225396,,
n=44:q=47:t=33:beta=2:seed=0,44,47,33,2,0,1,ok,False,,7,3,1.9459101490553132,2.008116875937226,0.9396886078145748,-0.062206726881912866,3,4.5e-05,5.6e-05,True,10000000,False,FIRST_N_SOLUTIONS,21,16.58763617545803,,
n=44:q=47:t=33:beta=2:seed=0,44,47,33,2,0,2,ok,False,,41,20,3.713572066704308,3.770519875196613,0.9446433704417007,-0.056947808492305185,24,0.000153,0.000241,True,10000000,False,FIRST_N_SOLUTIONS,21,16.58763617545803,,
n=44:q=47:t=33:beta=2:seed=0,44,47,33,2,0,3,ok,False,,189,94,5.241747015059643,5.251234323125601,0.9905575544542642,-0.009487308065958544,118,3.2e-05,0.000296,True,10000000,False,FIRST_N_SOLUTIONS,21,16.58763617545803,,
n=44:q=47:t=33:beta=2:seed=0,44,47,33,2,0,4,ok,False,,797,398,6.680854678790215,6.696092430542677,0.9848777553530118,-0.015237751752462003,516,0.00023,0.000545,True,10000000,False,FIRST_N_SOLUTIONS,21,16.58763617545803,,
n=44:q=47:t=33:beta=2:seed=0,44,47,33,2,0,5,ok,False,,2911,1455,7.976251943745623,7.97485965608665,1.0013932573414093,0.0013922876589731459,1971,0.00056,0.001123,True,10000000,False,FIRST_N_SOLUTIONS,21,16.58763617545803,,
n=44:q=47:t=33:beta=2:seed=0,44,47,33,2,0,6,ok,False,,9597,4798,9.169205828617628,9.164472175782318,1.004744874269029,0.004733652835309243,6769,0.002101,0.003247,True,10000000,False,FIRST_N_SOLUTIONS,21,16.58763617545803,,
n=44:q=47:t=33:beta=2:seed=0,44,47,33,2,0,7,ok,False,,28793,14396,10.267887581025693,10.266957452631978,1.000930561097276,0.0009301283937155347,21165,0.007491,0.010771,True,10000000,False,FIRST_N_SOLUTIONS,21,16.58763617545803,,
n=44:q=47:t=33:beta=2:seed=0,44,47,33,2,0,8,ok,False,,74769,37384,11.222158639556524,11.224036652684347,0.9981237492354107,-0.0018780131278237633,58549,0.024563,0.0354,True,10000000,False,FIRST_N_SOLUTIONS,21,16.58763617545803,,
n=44:q=47:t=33:beta=2:seed=0,44,47,33,2,0,9,ok,False,,178409,89204,12.09183394628606,12.094594238416562,0.9972435139730301,-0.0027602921305014405,147753,0.079254,0.114729,True,10000000,False,FIRST_N_SOLUTIONS,21,16.58763617545803,,
n=44:q=47:t=33:beta=2:seed=0,44,47,33,2,0,10,ok,False,,404561,202280,12.910557807572047,12.912136666171978,0.9984223871416055,-0.00157885859993101,350033,0.219546,0.334355,True,10000000,False,FIRST_N_SOLUTIONS,21,16.58763617545803,,
n=44:q=47:t=33:beta=2:seed=0,44,47,33,2,0,11,ok,False,,811037,405518,13.606068954744906,13.605899672262947,1.0001692968110472,0.00016928248195924311,350043,0.498484,0.832925,True,10000000,False,FIRST_N_SOLUTIONS,21,16.58763617545803,,
n=44:q=47:t=33:beta=2:seed=0,44,47,33,2,0,12,ok,False,,1448621,724310,14.186122627393773,14.185355255799486,1.0007676660991962,0.0007673715942875248,755562,0.963617,1.796619,True,10000000,False,FIRST_N_SOLUTIONS,21,16.58763617545803,,
n=44:q=47:t=33:beta=2:seed=0,44,47,33,2,0,13,ok,False,,2329895,1164947,14.661333760148771,14.660729778145537,1.0006041644370913,0.0006039820032341936,1479873,1.759939,3.556645,True,10000000,False,FIRST_N_SOLUTIONS,21,16.58763617545803,,
n=44:q=47:t=33:beta=2:seed=0,44,47,33,2,0,14,ok,False,,3543841,1771920,15.080721725140844,15.079977085945842,1.0007449165075957,0.0007446391950018949,2644821,3.017517,6.574247,True,10000000,False,FIRST_N_SOLUTIONS,21,16.58763617545803,,
n=44:q=47:t=33:beta=2:seed=0,44,47,33,2,0,15,ok,False,,5006799,2503399,15.426307346707617,15.426566673936911,0.9997407063931053,-0.0002593272292941151,4416742,5.422258,11.996585,True,10000000,False,FIRST_N_SOLUTIONS,21,16.58763617545803,,
n=44:q=47:t=33:beta=2:seed=0,44,47,33,2,0,16,ok,False,,6710877,3355438,15.719240200854399,15.719737471588289,0.9995028528847102,-0.0004972707338897209,6920142,8.93049,20.927304,True,10000000,False,FIRST_N_SOLUTIONS,21,16.58763617545803,,
n=44:q=47:t=33:beta=2:seed=0,44,47,33,2,0,17,ok,False,,8495331,4247665,15.955027276425616,15.955312047656548,0.9997152693125462,-0.00028477123093217926,10275581,26.950717,47.881536,True,10000000,False,FIRST_N_SOLUTIONS,21,16.58763617545803,,
n=44:q=47:t=33:beta=2:seed=0,44,47,33,2,0,18,ok,False,,11359197,5679598,16.245538282139144,16.245316789304567,1.0002215173659255,0.0002214928345765088,14523247,29.799529,77.686846,True,10000000,False,FIRST_N_SOLUTIONS,21,16.58763617545803,,
n=44:q=47:t=33:beta=2:seed=0,44,47,33,2,0,19,ok,False,,13767969,6883984,16.43785536527307,16.437541461484123,1.000313953061896,0.0003139037889461349,20202846,66.599384,144.286409,True,10000000,False,FIRST_N_SOLUTIONS,21,16.58763617545803,,
n=44:q=47:t=33:beta=2:seed=0,44,47,33,2,0,20,ok,False,,15510113,7755056,16.557002820748362,16.557075200032536,0.999927623335144,-7.237928417325179e-05,27086831,113.54831,257.841613,True,10000000,False,FIRST_N_SOLUTIONS,21,16.58763617545803,,
n=44:q=47:t=33:beta=2:seed=0,44,47,33,2,0,21,time_cap,True,,,,,16.58763617545803,,,,0.0,,,,,,21,16.58763617545803,"TIMER_REAL, 0.0)
  File ""experiments/node_counts.py"", line 190, in alarm_handler
    raise TimeoutError(""operation exceeded its time cap"")
TimeoutError: operation exceeded its time cap
",enumeration_crash
n=44:q=47:t=33:beta=8:seed=0,44,47,33,8,0,1,ok,False,,7,3,1.9459101490553132,1.888911364214727,1.0586545239607077,0.05699878484058618,3,1.7e-05,2.8e-05,True,10000000,False,FIRST_N_SOLUTIONS,19,14.452233545003601,,
n=44:q=47:t=33:beta=8:seed=0,44,47,33,8,0,2,ok,False,,33,16,3.4965075614664802,3.525794493105984,0.9711377743322351,-0.02928693163950369,20,1.1e-05,8.1e-05,True,10000000,False,FIRST_N_SOLUTIONS,19,14.452233545003601,,
n=44:q=47:t=33:beta=8:seed=0,44,47,33,8,0,3,ok,False,,143,71,4.962844630259907,4.956405536706637,1.0064598690840885,0.006439093553270325,91,2.1e-05,0.00012,True,10000000,False,FIRST_N_SOLUTIONS,19,14.452233545003601,,
n=44:q=47:t=33:beta=8:seed=0,44,47,33,8,0,4,ok,False,,519,259,6.251903883165888,6.238779718759229,1.013210664250847,0.013124164406659311,350,0.000159,0.000295,True,10000000,False,FIRST_N_SOLUTIONS,19,14.452233545003601,,
n=44:q=47:t=33:beta=8:seed=0,44,47,33,8,0,5,ok,False,,1639,819,7.40184157874383,7.404983751309551,0.9968627588919793,-0.0031421725657212463,1169,0.000304,0.000621,True,10000000,False,FIRST_N_SOLUTIONS,19,14.452233545003601,,
n=44:q=47:t=33:beta=8:seed=0,44,47,33,8,0,6,ok,False,,4509,2254,8.413830678421084,8.418270138259217,0.9955703799971239,-0.0044394598381334305,3423,0.000891,0.001533,True,10000000,False,FIRST_N_SOLUTIONS,19,14.452233545003601,,
n=44:q=47:t=33:beta=8:seed=0,44,47,33,8,0,7,ok,False,,11607,5803,9.359363643368622,9.36622714414709,0.9931599992481143,-0.006863500778466758,9226,0.002599,0.004158,True,10000000,False,FIRST_N_SOLUTIONS,19,14.452233545003601,,
n=44:q=47:t=33:beta=8:seed=0,44,47,33,8,0,8,ok,False,,25781,12890,10.15739306550038,10.158035994126042,0.9993572780086601,-0.0006429286256626199,22116,0.006512,0.010704,True,10000000,False,FIRST_N_SOLUTIONS,19,14.452233545003601,,
n=44:q=47:t=33:beta=8:seed=0,44,47,33,8,0,9,ok,False,,56987,28493,10.95057845062929,10.95416740922602,0.9964174740174119,-0.0035889585967296966,50609,0.016346,0.027096,True,10000000,False,FIRST_N_SOLUTIONS,19,14.452233545003601,,
n=44:q=47:t=33:beta=8:seed=0,44,47,33,8,0,10,ok,False,,106935,53467,11.579976452219839,11.581133447839349,0.9988436734418629,-0.001156995619510326,104076,0.038706,0.06587,True,10000000,False,FIRST_N_SOLUTIONS,19,14.452233545003601,,
n=44:q=47:t=33:beta=8:seed=0,44,47,33,8,0,11,ok,False,,197005,98502,12.190984388108701,12.191752383124566,0.9992322998168257,-0.0007679950158649973,104086,0.084019,0.149962,True,10000000,False,FIRST_N_SOLUTIONS,19,14.452233545003601,,
n=44:q=47:t=33:beta=8:seed=0,44,47,33,8,0,12,ok,False,,327871,163935,12.700375517323502,12.699537513502111,1.0008383550446953,0.0008380038213910979,202589,0.164273,0.314307,True,10000000,False,FIRST_N_SOLUTIONS,19,14.452233545003601,,
n=44:q=47:t=33:beta=8:seed=0,44,47,33,8,0,13,ok,False,,490931,245465,13.10405886736989,13.10407911157867,0.9999797559961322,-2.0244208780439976e-05,366525,0.314156,0.628539,True,10000000,False,FIRST_N_SOLUTIONS,19,14.452233545003601,,
n=44:q=47:t=33:beta=8:seed=0,44,47,33,8,0,14,ok,False,,733049,366524,13.504967827202053,13.504426102549353,1.0005418714120002,0.000541724652700637,611991,0.532659,1.161284,True,10000000,False,FIRST_N_SOLUTIONS,19,14.452233545003601,,
n=44:q=47:t=33:beta=8:seed=0,44,47,33,8,0,15,ok,False,,1003627,501813,13.819130996261185,13.81900592956611,1.0001250745162402,0.00012506669507494905,978516,0.727541,1.888905,True,10000000,False,FIRST_N_SOLUTIONS,19,14.452233545003601,,
n=44:q=47:t=33:beta=8:seed=0,44,47,33,8,0,16,ok,False,,1337337,668668,14.106190881166771,14.105509509844751,1.0006816035081916,0.0006813713220203965,1480330,1.060746,2.94973,True,10000000,False,FIRST_N_SOLUTIONS,19,14.452233545003601,,
n=44:q=47:t=33:beta=8:seed=0,44,47,33,8,0,17,ok,False,,1632037,816018,14.305339485817822,14.304693592345124,1.0006461021068023,0.0006458934726971677,2148999,1.400621,4.350428,True,10000000,False,FIRST_N_SOLUTIONS,19,14.452233545003601,,
n=44:q=47:t=33:beta=8:seed=0,44,47,33,8,0,18,ok,False,,1808641,904320,14.408086292499664,14.40699020024227,1.001096693186051,0.0010960922573950427,2965018,1.700758,6.051266,True,10000000,False,FIRST_N_SOLUTIONS,19,14.452233545003601,,
n=44:q=47:t=33:beta=8:seed=0,44,47,33,8,0,19,ok,False,,1888925,944462,14.45151844214859,14.452233545003601,0.999285152770099,-0.000715102855011196,3869339,1.774462,7.825791,True,10000000,False,FIRST_N_SOLUTIONS,19,14.452233545003601,,
n=44:q=47:t=33:beta=8:seed=0,44,47,33,8,0,20,ok,False,,1860323,930161,14.43626068652692,14.436668399918162,0.999592369712568,-0.000407713391242126,4813802,1.854649,9.680519,True,10000000,False,FIRST_N_SOLUTIONS,19,14.452233545003601,,
n=44:q=47:t=33:beta=8:seed=0,44,47,33,8,0,21,ok,False,,1667309,833654,14.32672150748276,14.326564934903764,1.0001565848371223,0.0001565725789962613,5743964,1.689781,11.370386,True,10000000,False,FIRST_N_SOLUTIONS,19,14.452233545003601,,
n=44:q=47:t=33:beta=8:seed=0,44,47,33,8,0,22,ok,False,,1485425,742712,14.211211484559074,14.21065963701151,1.0005519998434356,0.0005518475475643214,6577619,1.474924,12.845389,True,10000000,False,FIRST_N_SOLUTIONS,19,14.452233545003601,,
n=44:q=47:t=33:beta=8:seed=0,44,47,33,8,0,23,ok,False,,1329373,664686,14.100217960469122,14.101336064870502,0.9988825204444436,-0.001118104401379938,7320332,1.413974,14.259428,True,10000000,False,FIRST_N_SOLUTIONS,19,14.452233545003601,,
n=44:q=47:t=33:beta=8:seed=0,44,47,33,8,0,24,ok,False,,1030031,515015,13.84509945684029,13.845616057225286,0.9994835330300077,-0.0005166003849961243,7985019,1.157484,15.417,True,10000000,False,FIRST_N_SOLUTIONS,19,14.452233545003601,,
n=44:q=47:t=33:beta=8:seed=0,44,47,33,8,0,25,ok,False,,810671,405335,13.605617578780535,13.605306307556205,1.0003113196742446,0.0003112712243300564,8500035,0.937056,16.35414,True,10000000,False,FIRST_N_SOLUTIONS,19,14.452233545003601,,
n=44:q=47:t=33:beta=8:seed=0,44,47,33,8,0,26,ok,False,,561575,280787,13.23850061503337,13.236704632345294,1.0017975964309243,0.0017959826880762364,8905371,0.725685,17.079907,True,10000000,False,FIRST_N_SOLUTIONS,19,14.452233545003601,,
n=44:q=47:t=33:beta=8:seed=0,44,47,33,8,0,27,ok,False,,380075,190037,12.848123880649037,12.848137823349049,0.9999860573971876,-1.3942700011426723e-05,9186159,0.519037,17.599029,True,10000000,False,FIRST_N_SOLUTIONS,19,14.452233545003601,,
n=44:q=47:t=33:beta=8:seed=0,44,47,33,8,0,28,ok,False,,257571,128785,12.459050689235246,12.459855128451622,0.9991958842581063,-0.0008044392163757408,9376197,0.38394,17.983058,True,10000000,False,FIRST_N_SOLUTIONS,19,14.452233545003601,,
n=44:q=47:t=33:beta=8:seed=0,44,47,33,8,0,29,ok,False,,164395,82197,12.01002734751641,12.00603057609436,1.0040047691644485,0.003996771422048795,9504983,0.282992,18.266132,True,10000000,False,FIRST_N_SOLUTIONS,19,14.452233545003601,,
n=44:q=47:t=33:beta=8:seed=0,44,47,33,8,0,30,ok,False,,100575,50287,11.518658996817988,11.518329398698029,1.000329652443388,0.0003295981199595843,9587181,0.218623,18.484832,True,10000000,False,FIRST_N_SOLUTIONS,19,14.452233545003601,,
n=44:q=47:t=33:beta=8:seed=0,44,47,33,8,0,31,ok,False,,58363,29181,10.974437406387494,10.97193874550004,1.0025017851421785,0.002498660887454207,9637469,0.177368,18.662285,True,10000000,False,FIRST_N_SOLUTIONS,19,14.452233545003601,,
n=44:q=47:t=33:beta=8:seed=0,44,47,33,8,0,32,ok,False,,31519,15759,10.358345817580213,10.359718821402097,0.9986279383166273,-0.001373003821884211,9666651,0.152335,18.8147,True,10000000,False,FIRST_N_SOLUTIONS,19,14.452233545003601,,
n=44:q=47:t=33:beta=8:seed=0,44,47,33,8,0,33,ok,False,,16027,8013,9.682030078993575,9.683636496998773,0.9983948715935691,-0.001606418005197341,9682411,0.138137,18.952892,True,10000000,False,FIRST_N_SOLUTIONS,19,14.452233545003601,,
n=44:q=47:t=33:beta=8:seed=0,44,47,33,8,0,34,ok,False,,8015,4007,8.989070065043654,9.015797562302623,0.973626521273753,-0.02672749725896928,9690425,0.13231,19.085275,True,10000000,False,FIRST_N_SOLUTIONS,19,14.452233545003601,,
n=44:q=47:t=33:beta=8:seed=0,44,47,33,8,0,35,ok,False,,3741,1870,8.227108234348146,8.265180480232232,0.9626433913560278,-0.03807224588408609,9694433,0.129203,19.214558,True,10000000,False,FIRST_N_SOLUTIONS,19,14.452233545003601,,
n=44:q=47:t=33:beta=8:seed=0,44,47,33,8,0,36,ok,False,,1787,893,7.488293515159428,7.4842790334004405,1.0040225505846552,0.00401448175898711,9696304,0.128132,19.342749,True,10000000,False,FIRST_N_SOLUTIONS,19,14.452233545003601,,
n=44:q=47:t=33:beta=8:seed=0,44,47,33,8,0,37,ok,False,,837,418,6.729824070489475,6.650661974598847,1.0823797571620117,0.07916209589062806,9697198,0.127008,19.469811,True,10000000,False,FIRST_N_SOLUTIONS,19,14.452233545003601,,
n=44:q=47:t=33:beta=8:seed=0,44,47,33,8,0,38,ok,False,,379,189,5.937536205082426,5.816282546577526,1.1289112339876306,0.12125365850490066,9697617,0.126911,19.59677,True,10000000,False,FIRST_N_SOLUTIONS,19,14.452233545003601,,
n=44:q=47:t=33:beta=8:seed=0,44,47,33,8,0,39,ok,False,,151,75,5.017279836814924,4.945701761029895,1.0742020165930495,0.0715780757850295,9697807,0.127069,19.723888,True,10000000,False,FIRST_N_SOLUTIONS,19,14.452233545003601,,
n=44:q=47:t=33:beta=8:seed=0,44,47,33,8,0,40,ok,False,,55,27,4.007333185232471,3.9994031900275075,1.007961520894697,0.007929995204963625,9697883,0.1438,19.867748,True,10000000,False,FIRST_N_SOLUTIONS,19,14.452233545003601,,
n=44:q=47:t=33:beta=8:seed=0,44,47,33,8,0,41,ok,False,,25,12,3.2188758248682006,3.0156671051530566,1.2253281917104384,0.20320871971514398,9697911,0.125733,19.993518,True,10000000,False,FIRST_N_SOLUTIONS,19,14.452233545003601,,
n=44:q=47:t=33:beta=8:seed=0,44,47,33,8,0,42,ok,False,,11,5,2.3978952727983707,2.083041341696344,1.3700591733068066,0.31485393110202686,9697924,0.127115,20.120682,True,10000000,False,FIRST_N_SOLUTIONS,19,14.452233545003601,,
n=44:q=47:t=33:beta=8:seed=0,44,47,33,8,0,43,ok,False,,7,3,1.9459101490553132,1.0113313639126318,2.5461407595199197,0.9345787851426814,9697930,0.126775,20.247486,True,10000000,False,FIRST_N_SOLUTIONS,19,14.452233545003601,,
n=44:q=47:t=33:beta=8:seed=0,44,47,33,8,0,44,ok,True,rank_complete,5,2,1.6094379124341003,0.0,4.999999999999999,1.6094379124341003,9697934,0.126747,20.374278,True,10000000,False,FIRST_N_SOLUTIONS,19,14.452233545003601,,
n=44:q=5:t=22:beta=15:seed=0,44,5,22,15,0,1,ok,False,,7,3,1.9459101490553132,1.8628669183625324,1.0865887815186868,0.08304323069278086,3,1.6e-05,2.7e-05,True,10000000,False,FIRST_N_SOLUTIONS,19,13.70434747704769,,
n=44:q=5:t=22:beta=15:seed=0,44,5,22,15,0,2,ok,False,,33,16,3.4965075614664802,3.468494096512536,1.0284095318151794,0.0280134649539443,20,9e-06,6.7e-05,True,10000000,False,FIRST_N_SOLUTIONS,19,13.70434747704769,,
n=44:q=5:t=22:beta=15:seed=0,44,5,22,15,0,3,ok,False,,129,64,4.859812404361672,4.8180039397117245,1.0426947467201906,0.041808464649947474,84,2.1e-05,0.000107,True,10000000,False,FIRST_N_SOLUTIONS,19,13.70434747704769,,
n=44:q=5:t=22:beta=15:seed=0,44,5,22,15,0,4,ok,False,,421,210,6.042632833682381,6.042698284869735,0.9999345509545288,-6.545118735346023e-05,294,0.000128,0.000252,True,10000000,False,FIRST_N_SOLUTIONS,19,13.70434747704769,,
n=44:q=5:t=22:beta=15:seed=0,44,5,22,15,0,5,ok,False,,1245,622,7.126890808898808,7.139845530309092,0.9871288298097032,-0.012954721410284087,916,0.000327,0.000597,True,10000000,False,FIRST_N_SOLUTIONS,19,13.70434747704769,,
n=44:q=5:t=22:beta=15:seed=0,44,5,22,15,0,6,ok,False,,3283,1641,8.096512917501594,8.103262695339208,0.9932729507464326,-0.0067497778376139905,2557,0.000684,0.001302,True,10000000,False,FIRST_N_SOLUTIONS,19,13.70434747704769,,
n=44:q=5:t=22:beta=15:seed=0,44,5,22,15,0,7,ok,False,,7791,3895,8.960724500330858,8.960986922950553,0.9997376118101089,-0.0002624226196950019,6452,0.001707,0.003038,True,10000000,False,FIRST_N_SOLUTIONS,19,13.70434747704769,,
n=44:q=5:t=22:beta=15:seed=0,44,5,22,15,0,8,ok,False,,17551,8775,9.77286620732769,9.771372764222413,1.0014945588467943,0.0014934431052768815,15227,0.00436,0.00743,True,10000000,False,FIRST_N_SOLUTIONS,19,13.70434747704769,,
n=44:q=5:t=22:beta=15:seed=0,44,5,22,15,0,9,ok,False,,34399,17199,10.445782773171514,10.447705608387174,0.9980790122476605,-0.001922835215660612,32426,0.009832,0.017309,True,10000000,False,FIRST_N_SOLUTIONS,19,13.70434747704769,,
n=44:q=5:t=22:beta=15:seed=0,44,5,22,15,0,10,ok,False,,63185,31592,11.05382221019278,11.053375599319258,1.0004467106190074,0.00044661087352260154,64018,0.021717,0.039095,True,10000000,False,FIRST_N_SOLUTIONS,19,13.70434747704769,,
n=44:q=5:t=22:beta=15:seed=0,44,5,22,15,0,11,ok,False,,110153,55076,11.609625587447441,11.606162304108123,1.0034692874343556,0.003463283339318224,64028,0.046392,0.085557,True,10000000,False,FIRST_N_SOLUTIONS,19,13.70434747704769,,
n=44:q=5:t=22:beta=15:seed=0,44,5,22,15,0,12,ok,False,,177601,88800,12.087294740154986,12.085799030209449,1.0014968290775539,0.0014957099455372713,119105,0.087188,0.172819,True,10000000,False,FIRST_N_SOLUTIONS,19,13.70434747704769,,
n=44:q=5:t=22:beta=15:seed=0,44,5,22,15,0,13,ok,False,,279985,139992,12.542491309287815,12.542686601200781,0.9998047271552579,-0.00019529191296641102,207906,0.156192,0.329085,True,10000000,False,FIRST_N_SOLUTIONS,19,13.70434747704769,,
n=44:q=5:t=22:beta=15:seed=0,44,5,22,15,0,14,ok,False,,385385,192692,12.861998113603004,12.863558004494696,0.998441325105749,-0.0015598908916913956,347899,0.25029,0.579451,True,10000000,False,FIRST_N_SOLUTIONS,19,13.70434747704769,,
n=44:q=5:t=22:beta=15:seed=0,44,5,22,15,0,15,ok,False,,505681,252840,13.133661314679426,13.136601028314274,0.9970646030922623,-0.002939713634848573,540592,0.354852,0.934382,True,10000000,False,FIRST_N_SOLUTIONS,19,13.70434747704769,,
n=44:q=5:t=22:beta=15:seed=0,44,5,22,15,0,16,ok,False,,631981,315990,13.356614609385945,13.358628950263498,0.9979876865454972,-0.0020143408775528115,793433,0.460319,1.394777,True,10000000,False,FIRST_N_SOLUTIONS,19,13.70434747704769,,
n=44:q=5:t=22:beta=15:seed=0,44,5,22,15,0,17,ok,False,,761967,380983,13.543658526644391,13.544248634762509,0.999410065961434,-0.0005901081181178824,1109424,0.601516,1.996374,True,10000000,False,FIRST_N_SOLUTIONS,19,13.70434747704769,,
n=44:q=5:t=22:beta=15:seed=0,44,5,22,15,0,18,ok,False,,832139,416069,13.63175477315685,13.632842397620479,0.9989129667854859,-0.0010876244636293109,1490408,0.682662,2.679119,True,10000000,False,FIRST_N_SOLUTIONS,19,13.70434747704769,,
n=44:q=5:t=22:beta=15:seed=0,44,5,22,15,0,19,ok,False,,894767,447383,13.704318628168371,13.70434747704769,0.9999711515368057,-2.8848879319198772e-05,1906478,0.773446,3.452644,True,10000000,False,FIRST_N_SOLUTIONS,19,13.70434747704769,,
n=44:q=5:t=22:beta=15:seed=0,44,5,22,15,0,20,ok,False,,860735,430367,13.66554195438613,13.666096830271513,0.9994452780297718,-0.0005548758853830549,2353862,0.767857,4.220586,True,10000000,False,FIRST_N_SOLUTIONS,19,13.70434747704769,,
n=44:q=5:t=22:beta=15:seed=0,44,5,22,15,0,21,ok,False,,788355,394177,13.577703775006142,13.577075028902573,1.0006289438058331,0.0006287461035690001,2784230,0.739257,4.959916,True,10000000,False,FIRST_N_SOLUTIONS,19,13.70434747704769,,
n=44:q=5:t=22:beta=15:seed=0,44,5,22,15,0,22,ok,False,,738689,369344,13.512632272381184,13.511926280183854,1.0007062414684795,0.0007059921973304739,3178408,0.716215,5.676216,True,10000000,False,FIRST_N_SOLUTIONS,19,13.70434747704769,,
n=44:q=5:t=22:beta=15:seed=0,44,5,22,15,0,23,ok,False,,614237,307118,13.3281361261383,13.32614214923009,1.0019959662021476,0.0019939769082100156,3547753,0.617791,6.294087,True,10000000,False,FIRST_N_SOLUTIONS,19,13.70434747704769,,
n=44:q=5:t=22:beta=15:seed=0,44,5,22,15,0,24,ok,False,,483775,241887,13.089375201577347,13.088856969768074,1.0005183661145771,0.0005182318092735727,3854872,0.515536,6.809695,True,10000000,False,FIRST_N_SOLUTIONS,19,13.70434747704769,,
n=44:q=5:t=22:beta=15:seed=0,44,5,22,15,0,25,ok,False,,377853,188926,12.842260510075942,12.841368318121756,1.0008925900758192,0.0008921919541862167,4096760,0.411062,7.220837,True,10000000,False,FIRST_N_SOLUTIONS,19,13.70434747704769,,
n=44:q=5:t=22:beta=15:seed=0,44,5,22,15,0,26,ok,False,,276615,138307,12.530381926677329,12.530117723042206,1.000264238539977,0.00026420363512258405,4285687,0.321013,7.541932,True,10000000,False,FIRST_N_SOLUTIONS,19,13.70434747704769,,
n=44:q=5:t=22:beta=15:seed=0,44,5,22,15,0,27,ok,False,,193269,96634,12.171838279857369,12.173814541251286,0.9980256901248493,-0.001976261393917156,4423995,0.238556,7.780567,True,10000000,False,FIRST_N_SOLUTIONS,19,13.70434747704769,,
n=44:q=5:t=22:beta=15:seed=0,44,5,22,15,0,28,ok,False,,130749,65374,11.781034733714366,11.78635303810761,0.9946958127500564,-0.005318304393243878,4520630,0.177488,7.958133,True,10000000,False,FIRST_N_SOLUTIONS,19,13.70434747704769,,
n=44:q=5:t=22:beta=15:seed=0,44,5,22,15,0,29,ok,False,,83395,41697,11.331343634511274,11.338401555159908,0.9929669279790585,-0.007057920648634308,4586005,0.129565,8.087775,True,10000000,False,FIRST_N_SOLUTIONS,19,13.70434747704769,,
n=44:q=5:t=22:beta=15:seed=0,44,5,22,15,0,30,ok,False,,53289,26644,10.883485209867995,10.8962997221373,0.9872672439982071,-0.012814512269304856,4627703,0.106205,8.194061,True,10000000,False,FIRST_N_SOLUTIONS,19,13.70434747704769,,
n=44:q=5:t=22:beta=15:seed=0,44,5,22,15,0,31,ok,False,,30681,15340,10.331398849474123,10.341539675656367,0.9899104186277297,-0.010140826182244211,4654348,0.085802,8.279942,True,10000000,False,FIRST_N_SOLUTIONS,19,13.70434747704769,,
n=44:q=5:t=22:beta=15:seed=0,44,5,22,15,0,32,ok,False,,17725,8862,9.782731351400328,9.784154599834636,0.9985777639034179,-0.0014232484343086327,4669689,0.075211,8.355232,True,10000000,False,FIRST_N_SOLUTIONS,19,13.70434747704769,,
n=44:q=5:t=22:beta=15:seed=0,44,5,22,15,0,33,ok,False,,10119,5059,9.222170123729759,9.214000842564218,1.0082027407945662,0.008169281165541165,4678552,0.069427,8.424737,True,10000000,False,FIRST_N_SOLUTIONS,19,13.70434747704769,,
n=44:q=5:t=22:beta=15:seed=0,44,5,22,15,0,34,ok,False,,5501,2750,8.612685172875459,8.603424419333418,1.0093037669965916,0.00926075354204059,4683612,0.065906,8.490719,True,10000000,False,FIRST_N_SOLUTIONS,19,13.70434747704769,,
n=44:q=5:t=22:beta=15:seed=0,44,5,22,15,0,35,ok,False,,2713,1356,7.905810312658931,7.893180858913809,1.0127095420983157,0.01262945374512281,4686363,0.064383,8.555176,True,10000000,False,FIRST_N_SOLUTIONS,19,13.70434747704769,,
n=44:q=5:t=22:beta=15:seed=0,44,5,22,15,0,36,ok,False,,1309,654,7.1770187659099,7.141418273935351,1.0362417768781946,0.03560049197454962,4687720,0.064335,8.619576,True,10000000,False,FIRST_N_SOLUTIONS,19,13.70434747704769,,
n=44:q=5:t=22:beta=15:seed=0,44,5,22,15,0,37,ok,False,,637,318,6.456769655572163,6.366945829388932,1.093981535824503,0.08982382618323115,4688375,0.062527,8.682159,True,10000000,False,FIRST_N_SOLUTIONS,19,13.70434747704769,,
n=44:q=5:t=22:beta=15:seed=0,44,5,22,15,0,38,ok,False,,277,138,5.6240175061873385,5.556829246609929,1.069496802239444,0.06718825957740915,4688694,0.06268,8.74489,True,10000000,False,FIRST_N_SOLUTIONS,19,13.70434747704769,,
n=44:q=5:t=22:beta=15:seed=0,44,5,22,15,0,39,ok,False,,123,61,4.812184355372417,4.714657036162841,1.1024415589839278,0.09752731920957647,4688833,0.062222,8.807167,True,10000000,False,FIRST_N_SOLUTIONS,19,13.70434747704769,,
n=44:q=5:t=22:beta=15:seed=0,44,5,22,15,0,40,ok,False,,59,29,4.07753744390572,3.8524149078295444,1.2524761803058648,0.22512253607617527,4688895,0.062419,8.869637,True,10000000,False,FIRST_N_SOLUTIONS,19,13.70434747704769,,
n=44:q=5:t=22:beta=15:seed=0,44,5,22,15,0,41,ok,False,,29,14,3.367295829986474,2.9749017703378122,1.4805210100565684,0.3923940596486619,4688925,0.061995,8.931682,True,10000000,False,FIRST_N_SOLUTIONS,19,13.70434747704769,,
n=44:q=5:t=22:beta=15:seed=0,44,5,22,15,0,42,ok,False,,5,2,1.6094379124341003,1.9995778801925965,0.6769621149968589,-0.39013996775849624,4688940,0.062118,8.993841,True,10000000,False,FIRST_N_SOLUTIONS,19,13.70434747704769,,
n=44:q=5:t=22:beta=15:seed=0,44,5,22,15,0,43,ok,False,,1,0,0.0,0.9988909423642411,0.36828766700585813,-0.9988909423642411,4688943,0.062443,9.05633,True,10000000,False,FIRST_N_SOLUTIONS,19,13.70434747704769,,
n=44:q=5:t=22:beta=15:seed=0,44,5,22,15,0,44,ok,True,rank_complete,1,0,0.0,0.0,1.0,0.0,4688944,0.062189,9.118561,True,10000000,False,FIRST_N_SOLUTIONS,19,13.70434747704769,,
n=44:q=5:t=22:beta=2:seed=0,44,5,22,2,0,1,ok,False,,7,3,1.9459101490553132,1.8039754005343407,1.1525014436596368,0.14193474852097254,3,5.6e-05,6.6e-05,True,10000000,False,FIRST_N_SOLUTIONS,21,15.42215961701784,,
n=44:q=5:t=22:beta=2:seed=0,44,5,22,2,0,2,ok,False,,35,17,3.5553480614894135,3.563883229918625,0.9915011527117037,-0.008535168429211648,21,3.3e-05,0.000127,True,10000000,False,FIRST_N_SOLUTIONS,21,15.42215961701784,,
n=44:q=5:t=22:beta=2:seed=0,44,5,22,2,0,3,ok,False,,155,77,5.043425116919247,5.0676092802077255,0.9761059303259993,-0.02418416328847872,98,3.8e-05,0.000188,True,10000000,False,FIRST_N_SOLUTIONS,21,15.42215961701784,,
n=44:q=5:t=22:beta=2:seed=0,44,5,22,2,0,4,ok,False,,639,319,6.459904454377535,6.469922081987267,0.9900323816909025,-0.010017627609732571,417,0.000166,0.00037,True,10000000,False,FIRST_N_SOLUTIONS,21,15.42215961701784,,
n=44:q=5:t=22:beta=2:seed=0,44,5,22,2,0,5,ok,False,,2325,1162,7.751475318021456,7.764216333763887,0.9873398073782832,-0.012741015742430584,1579,0.000416,0.000805,True,10000000,False,FIRST_N_SOLUTIONS,21,15.42215961701784,,
n=44:q=5:t=22:beta=2:seed=0,44,5,22,2,0,6,ok,False,,7279,3639,8.892748769118258,8.892116291876368,1.0006326772977954,0.0006324772418899727,5218,0.001452,0.002278,True,10000000,False,FIRST_N_SOLUTIONS,21,15.42215961701784,,
n=44:q=5:t=22:beta=2:seed=0,44,5,22,2,0,7,ok,False,,19027,9513,9.8536143020404,9.853130460040019,1.0004839590708026,0.0004838420003814292,14731,0.004696,0.007011,True,10000000,False,FIRST_N_SOLUTIONS,21,15.42215961701784,,
n=44:q=5:t=22:beta=2:seed=0,44,5,22,2,0,8,ok,False,,41959,20979,10.644448230005079,10.64534611572439,0.9991025172594524,-0.0008978857193113754,35710,0.011823,0.01887,True,10000000,False,FIRST_N_SOLUTIONS,21,15.42215961701784,,
n=44:q=5:t=22:beta=2:seed=0,44,5,22,2,0,9,ok,False,,94463,47231,11.455963502420696,11.457744964167516,0.9982201241143013,-0.0017814617468197014,82941,0.031958,0.050887,True,10000000,False,FIRST_N_SOLUTIONS,21,15.42215961701784,,
n=44:q=5:t=22:beta=2:seed=0,44,5,22,2,0,10,ok,False,,179261,89630,12.096598123385139,12.096555332815667,1.0000427914850012,4.2790569471762296e-05,172571,0.071742,0.122701,True,10000000,False,FIRST_N_SOLUTIONS,21,15.42215961701784,,
n=44:q=5:t=22:beta=2:seed=0,44,5,22,2,0,11,ok,False,,353163,176581,12.774684985712705,12.776468303246606,0.9982182716320095,-0.001783317533901041,172581,0.174724,0.297501,True,10000000,False,FIRST_N_SOLUTIONS,21,15.42215961701784,,
n=44:q=5:t=22:beta=2:seed=0,44,5,22,2,0,12,ok,False,,638667,319333,13.367138470765365,13.36777944118769,0.999359234955334,-0.0006409704223244717,349163,0.385157,0.682734,True,10000000,False,FIRST_N_SOLUTIONS,21,15.42215961701784,,
n=44:q=5:t=22:beta=2:seed=0,44,5,22,2,0,13,ok,False,,978629,489314,13.793907891569342,13.793398014140386,1.0005100074385471,0.0005098774289553631,668497,0.668559,1.35137,True,10000000,False,FIRST_N_SOLUTIONS,21,15.42215961701784,,
n=44:q=5:t=22:beta=2:seed=0,44,5,22,2,0,14,ok,False,,1424777,712388,14.169525868210789,14.169876627772437,0.999649301947295,-0.00035075956164831723,1157812,1.105593,2.457033,True,10000000,False,FIRST_N_SOLUTIONS,21,15.42215961701784,,
n=44:q=5:t=22:beta=2:seed=0,44,5,22,2,0,15,ok,False,,2012131,1006065,14.514704917426181,14.51468016453131,1.000024753201227,2.4752894871582498e-05,1870201,1.657184,4.114299,True,10000000,False,FIRST_N_SOLUTIONS,21,15.42215961701784,,
n=44:q=5:t=22:beta=2:seed=0,44,5,22,2,0,16,ok,False,,2674065,1337032,14.799110344501168,14.799022800153566,1.0000875481797205,8.754434760227525e-05,2876267,2.29381,6.408191,True,10000000,False,FIRST_N_SOLUTIONS,21,15.42215961701784,,
n=44:q=5:t=22:beta=2:seed=0,44,5,22,2,0,17,ok,False,,3464347,1732173,15.058034716857623,15.058049381264226,0.9999853357009191,-1.4664406602804547e-05,4213300,3.270198,9.678464,True,10000000,False,FIRST_N_SOLUTIONS,21,15.42215961701784,,
n=44:q=5:t=22:beta=2:seed=0,44,5,22,2,0,18,ok,False,,4138489,2069244,15.235841303336192,15.235453775285492,1.0003876031493957,0.0003875280506999701,5945474,4.087056,13.765607,True,10000000,False,FIRST_N_SOLUTIONS,21,15.42215961701784,,
n=44:q=5:t=22:beta=2:seed=0,44,5,22,2,0,19,ok,False,,4619585,2309792,15.345815432183423,15.345116848249512,1.0006988280004976,0.0006985839339108679,8014719,4.864067,18.629758,True,10000000,False,FIRST_N_SOLUTIONS,21,15.42215961701784,,
n=44:q=5:t=22:beta=2:seed=0,44,5,22,2,0,20,ok,False,,4959957,2479978,15.416907629308692,15.416768358975006,1.00013928003225,0.00013927033368688058,10324512,5.522472,24.15231,True,10000000,False,FIRST_N_SOLUTIONS,21,15.42215961701784,,
n=44:q=5:t=22:beta=2:seed=0,44,5,22,2,0,21,ok,False,,4983483,2491741,15.421639602126682,15.42215961701784,0.9994801202931515,-0.0005200148911583824,12804491,5.738354,29.890744,True,10000000,False,FIRST_N_SOLUTIONS,21,15.42215961701784,,
n=44:q=5:t=22:beta=2:seed=0,44,5,22,2,0,22,ok,False,,4397441,2198720,15.296533338789803,15.297478904823604,0.9990548808728902,-0.0009455660338009153,15296233,5.289561,35.180438,True,10000000,False,FIRST_N_SOLUTIONS,21,15.42215961701784,,
n=44:q=5:t=22:beta=2:seed=0,44,5,22,2,0,23,ok,False,,3879489,1939744,15.171214001895185,15.171694384922162,0.9995197323384756,-0.0004803830269768383,17494954,4.905214,40.085732,True,10000000,False,FIRST_N_SOLUTIONS,21,15.42215961701784,,
n=44:q=5:t=22:beta=2:seed=0,44,5,22,2,0,24,ok,False,,3255821,1627910,14.995955029163389,14.996071519691975,0.9998835162561713,-0.0001164905285868656,19434699,3.857618,43.943539,True,10000000,False,FIRST_N_SOLUTIONS,21,15.42215961701784,,
n=44:q=5:t=22:beta=2:seed=0,44,5,22,2,0,25,ok,False,,2398095,1199047,14.690185230131846,14.690611758280077,0.9995735628019674,-0.0004265281482318528,21062610,3.116923,47.060541,True,10000000,False,FIRST_N_SOLUTIONS,21,15.42215961701784,,
n=44:q=5:t=22:beta=2:seed=0,44,5,22,2,0,26,ok,False,,1634387,817193,14.306778368464684,14.307148588744523,0.9996298482432323,-0.0003702202798390175,22261658,2.239747,49.300416,True,10000000,False,FIRST_N_SOLUTIONS,21,15.42215961701784,,
n=44:q=5:t=22:beta=2:seed=0,44,5,22,2,0,27,ok,False,,1118043,559021,13.927090393496018,13.926754659041467,1.00033579081967,0.00033573445455026274,23078852,1.58352,50.884019,True,10000000,False,FIRST_N_SOLUTIONS,21,15.42215961701784,,
n=44:q=5:t=22:beta=2:seed=0,44,5,22,2,0,28,ok,False,,776757,388378,13.562882839123281,13.561435247171142,1.0014486402191294,0.0014475919521395042,23637874,1.142489,52.026588,True,10000000,False,FIRST_N_SOLUTIONS,21,15.42215961701784,,
n=44:q=5:t=22:beta=2:seed=0,44,5,22,2,0,29,ok,False,,505443,252721,13.133190551440899,13.13137833012223,1.0018138643841061,0.001812221318669316,24026253,0.878882,52.905556,True,10000000,False,FIRST_N_SOLUTIONS,21,15.42215961701784,,
n=44:q=5:t=22:beta=2:seed=0,44,5,22,2,0,30,ok,False,,317259,158629,12.667473753968574,12.665323735242708,1.0021523316734562,0.002150018725865621,24278975,0.640196,53.545835,True,10000000,False,FIRST_N_SOLUTIONS,21,15.42215961701784,,
n=44:q=5:t=22:beta=2:seed=0,44,5,22,2,0,31,ok,False,,188663,94331,12.147717633699381,12.145466765111752,1.002253403694035,0.002250868587628574,24437605,0.503184,54.049104,True,10000000,False,FIRST_N_SOLUTIONS,21,15.42215961701784,,
n=44:q=5:t=22:beta=2:seed=0,44,5,22,2,0,32,ok,False,,101647,50823,11.52926130558605,11.526808405015679,1.0024559113922216,0.002452900570371952,24531937,0.417697,54.466891,True,10000000,False,FIRST_N_SOLUTIONS,21,15.42215961701784,,
n=44:q=5:t=22:beta=2:seed=0,44,5,22,2,0,33,ok,False,,54063,27031,10.897905312186381,10.894523217553814,1.0033878203677917,0.00338209463256689,24582761,0.369319,54.836423,True,10000000,False,FIRST_N_SOLUTIONS,21,15.42215961701784,,
n=44:q=5:t=22:beta=2:seed=0,44,5,22,2,0,34,ok,False,,27133,13566,10.208505978234776,10.21166629693139,0.9968446698539967,-0.0031603186966151497,24609793,0.343219,55.179731,True,10000000,False,FIRST_N_SOLUTIONS,21,15.42215961701784,,
n=44:q=5:t=22:beta=2:seed=0,44,5,22,2,0,35,ok,False,,12553,6276,9.437714959818209,9.449181119638439,0.9885993260607824,-0.01146615982023036,24623360,0.330627,55.510444,True,10000000,False,FIRST_N_SOLUTIONS,21,15.42215961701784,,
n=44:q=5:t=22:beta=2:seed=0,44,5,22,2,0,36,ok,False,,5697,2848,8.647694999480395,8.652891008392643,0.9948174669916512,-0.005196008912248473,24629637,0.326208,55.836723,True,10000000,False,FIRST_N_SOLUTIONS,21,15.42215961701784,,
n=44:q=5:t=22:beta=2:seed=0,44,5,22,2,0,37,ok,False,,2487,1243,7.818832443803404,7.786944098252768,1.032402226567417,0.031888345550636465,24632486,0.323829,56.160626,True,10000000,False,FIRST_N_SOLUTIONS,21,15.42215961701784,,
n=44:q=5:t=22:beta=2:seed=0,44,5,22,2,0,38,ok,False,,953,476,6.859614903654202,6.815882210409647,1.0447030613758452,0.04373269324455453,24633730,0.322856,56.483558,True,10000000,False,FIRST_N_SOLUTIONS,21,15.42215961701784,,
n=44:q=5:t=22:beta=2:seed=0,44,5,22,2,0,39,ok,False,,319,159,5.765191102784844,5.761782607360292,1.0034143109506026,0.003408495424552349,24634207,0.321182,56.804803,True,10000000,False,FIRST_N_SOLUTIONS,21,15.42215961701784,,
n=44:q=5:t=22:beta=2:seed=0,44,5,22,2,0,40,ok,False,,109,54,4.6913478822291435,4.631661343554949,1.0615037540152092,0.05968653867419427,24634367,0.323285,57.128174,True,10000000,False,FIRST_N_SOLUTIONS,21,15.42215961701784,,
n=44:q=5:t=22:beta=2:seed=0,44,5,22,2,0,41,ok,False,,35,17,3.5553480614894135,3.5643070523364244,0.9910810213327479,-0.008958990847010906,24634422,0.320393,57.44863,True,10000000,False,FIRST_N_SOLUTIONS,21,15.42215961701784,,
n=44:q=5:t=22:beta=2:seed=0,44,5,22,2,0,42,ok,False,,7,3,1.9459101490553132,2.3600264269490197,0.6609240959359358,-0.4141162778937064,24634440,0.321535,57.77022,True,10000000,False,FIRST_N_SOLUTIONS,21,15.42215961701784,,
n=44:q=5:t=22:beta=2:seed=0,44,5,22,2,0,43,ok,False,,3,1,1.0986122886681098,1.1427319785901275,0.9568394265827356,-0.04411968992201776,24634444,0.322854,58.093126,True,10000000,False,FIRST_N_SOLUTIONS,21,15.42215961701784,,
n=44:q=5:t=22:beta=2:seed=0,44,5,22,2,0,44,ok,True,rank_complete,1,0,0.0,0.0,1.0,0.0,24634446,0.331538,58.424721,True,10000000,False,FIRST_N_SOLUTIONS,21,15.42215961701784,,
n=44:q=5:t=22:beta=8:seed=0,44,5,22,8,0,1,ok,False,,7,3,1.9459101490553132,1.8628669183625324,1.0865887815186868,0.08304323069278086,3,1.6e-05,2.7e-05,True,10000000,False,FIRST_N_SOLUTIONS,20,13.886016512858822,,
n=44:q=5:t=22:beta=8:seed=0,44,5,22,8,0,2,ok,False,,31,15,3.4339872044851463,3.3403283252286835,1.0981850683086118,0.09365887925646277,19,9e-06,7.6e-05,True,10000000,False,FIRST_N_SOLUTIONS,20,13.886016512858822,,
n=44:q=5:t=22:beta=8:seed=0,44,5,22,8,0,3,ok,False,,105,52,4.653960350157523,4.6364414113318535,1.017673295505386,0.017518938825669572,71,2e-05,0.000116,True,10000000,False,FIRST_N_SOLUTIONS,20,13.886016512858822,,
n=44:q=5:t=22:beta=8:seed=0,44,5,22,8,0,4,ok,False,,343,171,5.8377304471659395,5.829622912016051,1.0081404902142346,0.008107535149888712,242,0.000115,0.000253,True,10000000,False,FIRST_N_SOLUTIONS,20,13.886016512858822,,
n=44:q=5:t=22:beta=8:seed=0,44,5,22,8,0,5,ok,False,,941,470,6.846943139585379,6.868288905336474,0.9788804427166931,-0.021345765751094703,712,0.000186,0.000461,True,10000000,False,FIRST_N_SOLUTIONS,20,13.886016512858822,,
n=44:q=5:t=22:beta=8:seed=0,44,5,22,8,0,6,ok,False,,2557,1278,7.846589975291186,7.844464136381045,1.0021281001077076,0.0021258389101417308,1990,0.000514,0.000993,True,10000000,False,FIRST_N_SOLUTIONS,20,13.886016512858822,,
n=44:q=5:t=22:beta=8:seed=0,44,5,22,8,0,7,ok,False,,6361,3180,8.757940876678804,8.756835659405422,1.0011058282510599,0.0011052172733823085,5170,0.001409,0.002424,True,10000000,False,FIRST_N_SOLUTIONS,20,13.886016512858822,,
n=44:q=5:t=22:beta=8:seed=0,44,5,22,8,0,8,ok,False,,15099,7549,9.62238379544447,9.619493092040948,1.0028948855153839,0.0028907034035228207,12719,0.003792,0.006245,True,10000000,False,FIRST_N_SOLUTIONS,20,13.886016512858822,,
n=44:q=5:t=22:beta=8:seed=0,44,5,22,8,0,9,ok,False,,32329,16164,10.383719939217288,10.381438106618898,1.002284437959683,0.00228183259839021,28883,0.009217,0.015494,True,10000000,False,FIRST_N_SOLUTIONS,20,13.886016512858822,,
n=44:q=5:t=22:beta=8:seed=0,44,5,22,8,0,10,ok,False,,59969,29984,11.001583041019357,10.997757963616035,1.0038324023484089,0.0038250774033219415,58867,0.01927,0.034831,True,10000000,False,FIRST_N_SOLUTIONS,20,13.886016512858822,,
n=44:q=5:t=22:beta=8:seed=0,44,5,22,8,0,11,ok,False,,107597,53798,11.586148045280245,11.584779158916952,1.001369823715892,0.0013688863632932424,58877,0.038791,0.07369,True,10000000,False,FIRST_N_SOLUTIONS,20,13.886016512858822,,
n=44:q=5:t=22:beta=8:seed=0,44,5,22,8,0,12,ok,False,,174397,87198,12.0690895884742,12.07005161747458,0.9990384336011631,-0.0009620290003784504,112676,0.079332,0.153096,True,10000000,False,FIRST_N_SOLUTIONS,20,13.886016512858822,,
n=44:q=5:t=22:beta=8:seed=0,44,5,22,8,0,13,ok,False,,272927,136463,12.516959639142138,12.520153513622635,0.9968112205109044,-0.0031938744804964614,199875,0.14387,0.297044,True,10000000,False,FIRST_N_SOLUTIONS,20,13.886016512858822,,
n=44:q=5:t=22:beta=8:seed=0,44,5,22,8,0,14,ok,False,,418297,209148,12.943946985518366,12.943867149908023,1.0000798387972902,7.983561034308195e-05,336339,0.273403,0.570532,True,10000000,False,FIRST_N_SOLUTIONS,20,13.886016512858822,,
n=44:q=5:t=22:beta=8:seed=0,44,5,22,8,0,15,ok,False,,554967,277483,13.226663931501328,13.226874094144748,0.9997898594392016,-0.00021016264341966462,545488,0.384538,0.955149,True,10000000,False,FIRST_N_SOLUTIONS,20,13.886016512858822,,
n=44:q=5:t=22:beta=8:seed=0,44,5,22,8,0,16,ok,False,,728731,364365,13.499059944265792,13.499214317538335,0.9998456386423967,-0.00015437327254375077,822972,0.553508,1.508753,True,10000000,False,FIRST_N_SOLUTIONS,20,13.886016512858822,,
n=44:q=5:t=22:beta=8:seed=0,44,5,22,8,0,17,ok,False,,860869,430434,13.665697623169741,13.665851320810262,0.9998463141703567,-0.0001536976405205337,1187338,0.673685,2.182509,True,10000000,False,FIRST_N_SOLUTIONS,20,13.886016512858822,,
n=44:q=5:t=22:beta=8:seed=0,44,5,22,8,0,18,ok,False,,952803,476401,13.76716344563288,13.766546460862376,1.0006171751447583,0.0006169847705042031,1617773,0.812668,2.995245,True,10000000,False,FIRST_N_SOLUTIONS,20,13.886016512858822,,
n=44:q=5:t=22:beta=8:seed=0,44,5,22,8,0,19,ok,False,,1062589,531294,13.876218940978525,13.875572635280294,1.0006465145987609,0.0006463056982308757,2094175,0.930539,3.925862,True,10000000,False,FIRST_N_SOLUTIONS,20,13.886016512858822,,
n=44:q=5:t=22:beta=8:seed=0,44,5,22,8,0,20,ok,False,,1073359,536679,13.886303541610047,13.886016512858822,1.000287069947919,0.0002870287512255487,2625470,0.990611,4.916545,True,10000000,False,FIRST_N_SOLUTIONS,20,13.886016512858822,,
n=44:q=5:t=22:beta=8:seed=0,44,5,22,8,0,21,ok,False,,1052991,526495,13.86714524407104,13.868284350913932,0.9988615416930338,-0.0011391068428920903,3162150,0.976397,5.89302,True,10000000,False,FIRST_N_SOLUTIONS,20,13.886016512858822,,
n=44:q=5:t=22:beta=8:seed=0,44,5,22,8,0,22,ok,False,,935293,467646,13.748615128164976,13.750306719424724,0.9983098386743454,-0.0016915912597479377,3688646,0.913798,6.806899,True,10000000,False,FIRST_N_SOLUTIONS,20,13.886016512858822,,
n=44:q=5:t=22:beta=8:seed=0,44,5,22,8,0,23,ok,False,,813043,406521,13.608539277660197,13.609727849569657,0.9988121341623659,-0.0011885719094593128,4156293,0.818074,7.62505,True,10000000,False,FIRST_N_SOLUTIONS,20,13.886016512858822,,
n=44:q=5:t=22:beta=8:seed=0,44,5,22,8,0,24,ok,False,,645979,322989,13.378522274496413,13.380455980895444,0.9980681620066778,-0.00193370639903101,4562815,0.655126,8.280238,True,10000000,False,FIRST_N_SOLUTIONS,20,13.886016512858822,,
n=44:q=5:t=22:beta=8:seed=0,44,5,22,8,0,25,ok,False,,508011,254005,13.138258379869491,13.142540997541394,0.9957265396580472,-0.004282617671902855,4885805,0.562536,8.84284,True,10000000,False,FIRST_N_SOLUTIONS,20,13.886016512858822,,
n=44:q=5:t=22:beta=8:seed=0,44,5,22,8,0,26,ok,False,,371747,185873,12.825968794350365,12.82991875396202,0.9960578312176164,-0.003949959611654563,5139811,0.449609,9.292529,True,10000000,False,FIRST_N_SOLUTIONS,20,13.886016512858822,,
n=44:q=5:t=22:beta=8:seed=0,44,5,22,8,0,27,ok,False,,250717,125358,12.432080091979014,12.434434064257541,0.9976487961415293,-0.0023539722785272943,5325685,0.301664,9.594267,True,10000000,False,FIRST_N_SOLUTIONS,20,13.886016512858822,,
n=44:q=5:t=22:beta=8:seed=0,44,5,22,8,0,28,ok,False,,165821,82910,12.018664172287654,12.01941820267799,0.9992462538191399,-0.0007540303903361689,5451044,0.227592,9.821936,True,10000000,False,FIRST_N_SOLUTIONS,20,13.886016512858822,,
n=44:q=5:t=22:beta=8:seed=0,44,5,22,8,0,29,ok,False,,112461,56230,11.630361773857166,11.626446752996696,1.0039226945656095,0.003915020860469909,5533955,0.178772,10.000788,True,10000000,False,FIRST_N_SOLUTIONS,20,13.886016512858822,,
n=44:q=5:t=22:beta=8:seed=0,44,5,22,8,0,30,ok,False,,68461,34230,11.134019519047316,11.134044865528036,0.9999746538404988,-2.5346480720500608e-05,5590186,0.136397,10.137267,True,10000000,False,FIRST_N_SOLUTIONS,20,13.886016512858822,,
n=44:q=5:t=22:beta=8:seed=0,44,5,22,8,0,31,ok,False,,41339,20669,10.629561643296354,10.626863038470706,1.0027022493372786,0.0026986048256478767,5624417,0.10947,10.246814,True,10000000,False,FIRST_N_SOLUTIONS,20,13.886016512858822,,
n=44:q=5:t=22:beta=8:seed=0,44,5,22,8,0,32,ok,False,,24979,12489,10.125790750852646,10.112927206882741,1.0129466352521768,0.012863543969904967,5645087,0.094724,10.341615,True,10000000,False,FIRST_N_SOLUTIONS,20,13.886016512858822,,
n=44:q=5:t=22:beta=8:seed=0,44,5,22,8,0,33,ok,False,,13401,6700,9.503084610020228,9.493451494092259,1.0096796637359566,0.00963311592796856,5657577,0.085637,10.427328,True,10000000,False,FIRST_N_SOLUTIONS,20,13.886016512858822,,
n=44:q=5:t=22:beta=8:seed=0,44,5,22,8,0,34,ok,False,,6945,3472,8.845777255188445,8.830753859230061,1.0151368144365573,0.015023395958383645,5664278,0.080852,10.508251,True,10000000,False,FIRST_N_SOLUTIONS,20,13.886016512858822,,
n=44:q=5:t=22:beta=8:seed=0,44,5,22,8,0,35,ok,False,,3349,1674,8.116417072794205,8.108079228311063,1.0083727011175043,0.00833784448314212,5667751,0.078497,10.586816,True,10000000,False,FIRST_N_SOLUTIONS,20,13.886016512858822,,
n=44:q=5:t=22:beta=8:seed=0,44,5,22,8,0,36,ok,False,,1515,757,7.323170717943469,7.349057098772768,0.9744457990428539,-0.025886380829298616,5669426,0.077507,10.664394,True,10000000,False,FIRST_N_SOLUTIONS,20,13.886016512858822,,
n=44:q=5:t=22:beta=8:seed=0,44,5,22,8,0,37,ok,False,,743,371,6.610696044717759,6.6215637903577225,0.9891910949598905,-0.010867745639963289,5670184,0.07703,10.741486,True,10000000,False,FIRST_N_SOLUTIONS,20,13.886016512858822,,
n=44:q=5:t=22:beta=8:seed=0,44,5,22,8,0,38,ok,False,,321,160,5.771441123130016,5.811402410215358,0.9608266348318573,-0.03996128708534208,5670556,0.07773,10.819287,True,10000000,False,FIRST_N_SOLUTIONS,20,13.886016512858822,,
n=44:q=5:t=22:beta=8:seed=0,44,5,22,8,0,39,ok,False,,141,70,4.948759890378168,4.90529095012662,1.0444275541511294,0.04346894025154846,5670717,0.076449,10.895794,True,10000000,False,FIRST_N_SOLUTIONS,20,13.886016512858822,,
n=44:q=5:t=22:beta=8:seed=0,44,5,22,8,0,40,ok,False,,41,20,3.713572066704308,3.9982499475552054,0.7522565315300666,-0.2846778808508974,5670788,0.076124,10.97197,True,10000000,False,FIRST_N_SOLUTIONS,20,13.886016512858822,,
n=44:q=5:t=22:beta=8:seed=0,44,5,22,8,0,41,ok,False,,11,5,2.3978952727983707,3.0456425222108194,0.5232231413478096,-0.6477472494124488,5670809,0.075935,11.047956,True,10000000,False,FIRST_N_SOLUTIONS,20,13.886016512858822,,
n=44:q=5:t=22:beta=8:seed=0,44,5,22,8,0,42,ok,False,,5,2,1.6094379124341003,2.0831049225241784,0.6227145757179878,-0.47366701009007817,5670815,0.076372,11.124375,True,10000000,False,FIRST_N_SOLUTIONS,20,13.886016512858822,,
n=44:q=5:t=22:beta=8:seed=0,44,5,22,8,0,43,ok,False,,3,1,1.0986122886681098,1.0614725138412453,1.037838074337661,0.03713977482686448,5670818,0.076935,11.201352,True,10000000,False,FIRST_N_SOLUTIONS,20,13.886016512858822,,
n=44:q=5:t=22:beta=8:seed=0,44,5,22,8,0,44,ok,True,rank_complete,1,0,0.0,0.0,1.0,0.0,5670820,0.076535,11.277931,True,10000000,False,FIRST_N_SOLUTIONS,20,13.886016512858822,,
n=44:q=5:t=33:beta=15:seed=0,44,5,33,15,0,1,ok,False,,7,3,1.9459101490553132,1.792995592050632,1.1652254143396268,0.15291455700468126,3,1.3e-05,2.2e-05,True,10000000,False,FIRST_N_SOLUTIONS,18,13.024800246355914,,
n=44:q=5:t=33:beta=15:seed=0,44,5,33,15,0,2,ok,False,,27,13,3.295836866004329,3.3235903606304893,0.9726280953050911,-0.02775349462616017,17,7e-06,5.6e-05,True,10000000,False,FIRST_N_SOLUTIONS,18,13.024800246355914,,
n=44:q=5:t=33:beta=15:seed=0,44,5,33,15,0,3,ok,False,,109,54,4.6913478822291435,4.706540659873625,0.9849220503475855,-0.015192777644481126,71,1.8e-05,9.3e-05,True,10000000,False,FIRST_N_SOLUTIONS,18,13.024800246355914,,
n=44:q=5:t=33:beta=15:seed=0,44,5,33,15,0,4,ok,False,,379,189,5.937536205082426,5.919359229436203,1.0183431823860665,0.018176975646222893,260,0.000111,0.00022,True,10000000,False,FIRST_N_SOLUTIONS,18,13.024800246355914,,
n=44:q=5:t=33:beta=15:seed=0,44,5,33,15,0,5,ok,False,,1127,563,7.027314514039777,7.0115394881491495,1.0159001084729973,0.01577502589062707,823,0.000211,0.000451,True,10000000,False,FIRST_N_SOLUTIONS,18,13.024800246355914,,
n=44:q=5:t=33:beta=15:seed=0,44,5,33,15,0,6,ok,False,,2787,1393,7.932721027481948,7.9338487827740956,0.998872880384867,-0.00112775529214737,2216,0.000557,0.001027,True,10000000,False,FIRST_N_SOLUTIONS,18,13.024800246355914,,
n=44:q=5:t=33:beta=15:seed=0,44,5,33,15,0,7,ok,False,,6537,3268,8.78523362361273,8.79447717294423,0.9907990409411699,-0.009243549331500844,5484,0.001424,0.002473,True,10000000,False,FIRST_N_SOLUTIONS,18,13.024800246355914,,
n=44:q=5:t=33:beta=15:seed=0,44,5,33,15,0,8,ok,False,,15123,7561,9.62397204275074,9.62907827960668,0.9949067778100619,-0.005106236855940693,13045,0.003627,0.006128,True,10000000,False,FIRST_N_SOLUTIONS,18,13.024800246355914,,
n=44:q=5:t=33:beta=15:seed=0,44,5,33,15,0,9,ok,False,,29905,14952,10.305780969478658,10.310417803706837,0.9953738992913916,-0.004636834228179509,27997,0.008011,0.014167,True,10000000,False,FIRST_N_SOLUTIONS,18,13.024800246355914,,
n=44:q=5:t=33:beta=15:seed=0,44,5,33,15,0,10,ok,False,,55527,27763,10.924624667924826,10.924070773827939,1.0005540475245487,0.0005538940968872197,55760,0.017949,0.03215,True,10000000,False,FIRST_N_SOLUTIONS,18,13.024800246355914,,
n=44:q=5:t=33:beta=15:seed=0,44,5,33,15,0,11,ok,False,,91075,45537,11.419438621876765,11.41894887062289,1.000489871201601,0.0004897512538750703,55770,0.03694,0.069148,True,10000000,False,FIRST_N_SOLUTIONS,18,13.024800246355914,,
n=44:q=5:t=33:beta=15:seed=0,44,5,33,15,0,12,ok,False,,133557,66778,11.802283631990406,11.802430446986433,0.999853195780767,-0.00014681499602708925,101308,0.062791,0.132014,True,10000000,False,FIRST_N_SOLUTIONS,18,13.024800246355914,,
n=44:q=5:t=33:beta=15:seed=0,44,5,33,15,0,13,ok,False,,196465,98232,12.188239577378381,12.190593936608249,0.9976484101000652,-0.0023543592298675975,168087,0.1044,0.236488,True,10000000,False,FIRST_N_SOLUTIONS,18,13.024800246355914,,
n=44:q=5:t=33:beta=15:seed=0,44,5,33,15,0,14,ok,False,,279193,139596,12.539658577922818,12.539821773558511,0.9998368176799903,-0.00016319563569311413,266320,0.172426,0.408982,True,10000000,False,FIRST_N_SOLUTIONS,18,13.024800246355914,,
n=44:q=5:t=33:beta=15:seed=0,44,5,33,15,0,15,ok,False,,350277,175138,12.766479549022575,12.767290595005752,0.9991892828257174,-0.000811045983176939,405917,0.226556,0.635613,True,10000000,False,FIRST_N_SOLUTIONS,18,13.024800246355914,,
n=44:q=5:t=33:beta=15:seed=0,44,5,33,15,0,16,ok,False,,398201,199100,12.894712181909933,12.896682661559202,0.9980314604712226,-0.001970479649269663,581056,0.273655,0.909345,True,10000000,False,FIRST_N_SOLUTIONS,18,13.024800246355914,,
n=44:q=5:t=33:beta=15:seed=0,44,5,33,15,0,17,ok,False,,434493,217246,12.981935113086003,12.981395709173862,1.0005395494165918,0.0005394039121409122,780157,0.320599,1.230019,True,10000000,False,FIRST_N_SOLUTIONS,18,13.024800246355914,,
n=44:q=5:t=33:beta=15:seed=0,44,5,33,15,0,18,ok,False,,453461,226730,13.024664547044377,13.024800246355914,0.9998643098951983,-0.00013569931153689652,997404,0.353845,1.583958,True,10000000,False,FIRST_N_SOLUTIONS,18,13.024800246355914,,
n=44:q=5:t=33:beta=15:seed=0,44,5,33,15,0,19,ok,False,,448527,224263,13.013724159337897,13.010960192945394,1.002767789669271,0.0027639663925036473,1224135,0.349896,1.933931,True,10000000,False,FIRST_N_SOLUTIONS,18,13.024800246355914,,
n=44:q=5:t=33:beta=15:seed=0,44,5,33,15,0,20,ok,False,,413239,206619,12.931781397059186,12.92877023047864,1.003015704696498,0.0030111665805456767,1448399,0.330029,2.264047,True,10000000,False,FIRST_N_SOLUTIONS,18,13.024800246355914,,
n=44:q=5:t=33:beta=15:seed=0,44,5,33,15,0,21,ok,False,,377185,188592,12.840491062248708,12.837812067618728,1.0026825863427704,0.0026789946299796696,1655019,0.322614,2.586734,True,10000000,False,FIRST_N_SOLUTIONS,18,13.024800246355914,,
n=44:q=5:t=33:beta=15:seed=0,44,5,33,15,0,22,ok,False,,336249,168124,12.725607235916069,12.72589988520869,0.9997073935250059,-0.00029264929262140527,1843612,0.290228,2.877048,True,10000000,False,FIRST_N_SOLUTIONS,18,13.024800246355914,,
n=44:q=5:t=33:beta=15:seed=0,44,5,33,15,0,23,ok,False,,287333,143666,12.56839710088424,12.57076168409085,0.9976382102180649,-0.002364583206610149,2011737,0.253775,3.130902,True,10000000,False,FIRST_N_SOLUTIONS,18,13.024800246355914,,
n=44:q=5:t=33:beta=15:seed=0,44,5,33,15,0,24,ok,False,,224861,112430,12.32323771250546,12.325197418157291,0.9980422133175464,-0.001959705651831456,2155404,0.21036,3.341337,True,10000000,False,FIRST_N_SOLUTIONS,18,13.024800246355914,,
n=44:q=5:t=33:beta=15:seed=0,44,5,33,15,0,25,ok,False,,167159,83579,12.026700734251543,12.029537924454718,0.9971668308172502,-0.0028371902031754104,2267835,0.172857,3.514268,True,10000000,False,FIRST_N_SOLUTIONS,18,13.024800246355914,,
n=44:q=5:t=33:beta=15:seed=0,44,5,33,15,0,26,ok,False,,125189,62594,11.73757987436335,11.74276356347561,0.9948297230193659,-0.005183689112259415,2351415,0.136924,3.651274,True,10000000,False,FIRST_N_SOLUTIONS,18,13.024800246355914,,
n=44:q=5:t=33:beta=15:seed=0,44,5,33,15,0,27,ok,False,,84369,42184,11.342955314535205,11.349197006893874,0.9937777465381818,-0.006241692358669226,2414010,0.094542,3.745891,True,10000000,False,FIRST_N_SOLUTIONS,18,13.024800246355914,,
n=44:q=5:t=33:beta=15:seed=0,44,5,33,15,0,28,ok,False,,55707,27853,10.927861091268705,10.934819139837604,0.9930661026035695,-0.0069580485688991445,2456195,0.07203,3.817994,True,10000000,False,FIRST_N_SOLUTIONS,18,13.024800246355914,,
n=44:q=5:t=33:beta=15:seed=0,44,5,33,15,0,29,ok,False,,35875,17937,10.487795953061923,10.49525672764048,0.9925669879139605,-0.007460774578557761,2484049,0.057153,3.875222,True,10000000,False,FIRST_N_SOLUTIONS,18,13.024800246355914,,
n=44:q=5:t=33:beta=15:seed=0,44,5,33,15,0,30,ok,False,,22391,11195,10.016414371391338,10.0405762534281,0.9761276794302335,-0.024161882036761284,2501987,0.047501,3.9228,True,10000000,False,FIRST_N_SOLUTIONS,18,13.024800246355914,,
n=44:q=5:t=33:beta=15:seed=0,44,5,33,15,0,31,ok,False,,13235,6617,9.490620114661201,9.523862573360837,0.9673039998846958,-0.033242458699636046,2513183,0.041955,3.96483,True,10000000,False,FIRST_N_SOLUTIONS,18,13.024800246355914,,
n=44:q=5:t=33:beta=15:seed=0,44,5,33,15,0,32,ok,False,,7883,3941,8.972463821059907,8.98536166784936,0.9871849739841838,-0.012897846789453382,2519801,0.039029,4.003936,True,10000000,False,FIRST_N_SOLUTIONS,18,13.024800246355914,,
n=44:q=5:t=33:beta=15:seed=0,44,5,33,15,0,33,ok,False,,4487,2243,8.408939605975984,8.418217443144478,0.9907650691675741,-0.009277837168493619,2523743,0.036283,4.040292,True,10000000,False,FIRST_N_SOLUTIONS,18,13.024800246355914,,
n=44:q=5:t=33:beta=15:seed=0,44,5,33,15,0,34,ok,False,,2389,1194,7.77863014732581,7.790018141954079,0.9886766031370264,-0.011387994628268672,2525987,0.034979,4.075329,True,10000000,False,FIRST_N_SOLUTIONS,18,13.024800246355914,,
n=44:q=5:t=33:beta=15:seed=0,44,5,33,15,0,35,ok,False,,1285,642,7.158513997329321,7.097322633117962,1.0631023344627224,0.061191364211358845,2527182,0.034318,4.109714,True,10000000,False,FIRST_N_SOLUTIONS,18,13.024800246355914,,
n=44:q=5:t=33:beta=15:seed=0,44,5,33,15,0,36,ok,False,,703,351,6.555356891810665,6.439979100230815,1.1222973519809158,0.11537779157985018,2527825,0.034075,4.143849,True,10000000,False,FIRST_N_SOLUTIONS,18,13.024800246355914,,
n=44:q=5:t=33:beta=15:seed=0,44,5,33,15,0,37,ok,False,,431,215,6.066108090103747,5.7152868836600135,1.420233374634667,0.35082120644373394,2528177,0.033907,4.177809,True,10000000,False,FIRST_N_SOLUTIONS,18,13.024800246355914,,
n=44:q=5:t=33:beta=15:seed=0,44,5,33,15,0,38,ok,False,,241,120,5.484796933490655,4.935747485309349,1.7316062538502637,0.5490494481813055,2528393,0.033948,4.211786,True,10000000,False,FIRST_N_SOLUTIONS,18,13.024800246355914,,
n=44:q=5:t=33:beta=15:seed=0,44,5,33,15,0,39,ok,False,,149,74,5.003946305945459,4.143388977865783,2.36447811660147,0.8605573280796763,2528514,0.033673,4.245509,True,10000000,False,FIRST_N_SOLUTIONS,18,13.024800246355914,,
n=44:q=5:t=33:beta=15:seed=0,44,5,33,15,0,40,ok,False,,115,57,4.74493212836325,3.3385317715308176,4.081237930903833,1.4064003568324326,2528589,0.033641,4.279179,True,10000000,False,FIRST_N_SOLUTIONS,18,13.024800246355914,,
n=44:q=5:t=33:beta=15:seed=0,44,5,33,15,0,41,ok,False,,97,48,4.574710978503383,2.521480651496873,7.793034539783198,2.05323032700651,2528647,0.033487,4.312724,True,10000000,False,FIRST_N_SOLUTIONS,18,13.024800246355914,,
n=44:q=5:t=33:beta=15:seed=0,44,5,33,15,0,42,ok,False,,89,44,4.48863636973214,1.6925258935828609,16.38080915470998,2.7961104761492788,2528696,0.033682,4.346448,True,10000000,False,FIRST_N_SOLUTIONS,18,13.024800246355914,,
n=44:q=5:t=33:beta=15:seed=0,44,5,33,15,0,43,ok,False,,89,44,4.48863636973214,0.8519442761387239,37.96604067015262,3.6366920935934157,2528741,0.033678,4.380162,True,10000000,False,FIRST_N_SOLUTIONS,18,13.024800246355914,,
n=44:q=5:t=33:beta=15:seed=0,44,5,33,15,0,44,ok,True,rank_complete,89,44,4.48863636973214,0.0,88.99999999999999,4.48863636973214,2528786,0.035904,4.416108,True,10000000,False,FIRST_N_SOLUTIONS,18,13.024800246355914,,
n=44:q=5:t=33:beta=2:seed=0,44,5,33,2,0,1,ok,False,,7,3,1.9459101490553132,1.8597612883628933,1.0899685697051478,0.08614886069241989,3,4.5e-05,5.5e-05,True,10000000,False,FIRST_N_SOLUTIONS,18,14.301846985576008,,
n=44:q=5:t=33:beta=2:seed=0,44,5,33,2,0,2,ok,False,,33,16,3.4965075614664802,3.4700839229712264,1.0267758381199645,0.026423638495253865,20,3.1e-05,0.000113,True,10000000,False,FIRST_N_SOLUTIONS,18,14.301846985576008,,
n=44:q=5:t=33:beta=2:seed=0,44,5,33,2,0,3,ok,False,,143,71,4.962844630259907,4.857614406913694,1.110966351306735,0.10523022334621324,91,2.4e-05,0.000158,True,10000000,False,FIRST_N_SOLUTIONS,18,14.301846985576008,,
n=44:q=5:t=33:beta=2:seed=0,44,5,33,2,0,4,ok,False,,489,244,6.192362489474872,6.196978936104015,0.9953941927822089,-0.004616446629142956,335,0.000143,0.000317,True,10000000,False,FIRST_N_SOLUTIONS,18,14.301846985576008,,
n=44:q=5:t=33:beta=2:seed=0,44,5,33,2,0,5,ok,False,,1485,742,7.3031700512368,7.324579574409407,0.9788180338132333,-0.021409523172606804,1077,0.000298,0.000631,True,10000000,False,FIRST_N_SOLUTIONS,18,14.301846985576008,,
n=44:q=5:t=33:beta=2:seed=0,44,5,33,2,0,6,ok,False,,3959,1979,8.28374674710613,8.292107699113874,0.9916739035419895,-0.00836095200774345,3056,0.000786,0.001436,True,10000000,False,FIRST_N_SOLUTIONS,18,14.301846985576008,,
n=44:q=5:t=33:beta=2:seed=0,44,5,33,2,0,7,ok,False,,9697,4848,9.179571838304547,9.177131310258833,1.0024435085584666,0.002440528045713819,7904,0.002165,0.003626,True,10000000,False,FIRST_N_SOLUTIONS,18,14.301846985576008,,
n=44:q=5:t=33:beta=2:seed=0,44,5,33,2,0,8,ok,False,,22909,11454,10.039285125433349,10.041754514589533,0.9975336572770924,-0.0024693891561842207,19358,0.0059,0.009554,True,10000000,False,FIRST_N_SOLUTIONS,18,14.301846985576008,,
n=44:q=5:t=33:beta=2:seed=0,44,5,33,2,0,9,ok,False,,46537,23268,10.748002974099618,10.747700136751511,1.000302883207966,0.0003028373481068769,42626,0.014729,0.024313,True,10000000,False,FIRST_N_SOLUTIONS,18,14.301846985576008,,
n=44:q=5:t=33:beta=2:seed=0,44,5,33,2,0,10,ok,False,,92519,46259,11.43516930781312,11.435132180322363,1.0000371281799902,3.712749075646116e-05,88885,0.032645,0.057009,True,10000000,False,FIRST_N_SOLUTIONS,18,14.301846985576008,,
n=44:q=5:t=33:beta=2:seed=0,44,5,33,2,0,11,ok,False,,171631,85815,12.05310210240092,12.052042707875401,1.0010599558821152,0.001059394525519508,88895,0.071199,0.128278,True,10000000,False,FIRST_N_SOLUTIONS,18,14.301846985576008,,
n=44:q=5:t=33:beta=2:seed=0,44,5,33,2,0,12,ok,False,,283745,141872,12.555831226477121,12.55558130480314,1.0002499529070052,0.0002499216739817456,174711,0.134935,0.26328,True,10000000,False,FIRST_N_SOLUTIONS,18,14.301846985576008,,
n=44:q=5:t=33:beta=2:seed=0,44,5,33,2,0,13,ok,False,,446871,223435,13.010025241341397,13.00885102352938,1.001174907475665,0.0011742178120179858,316584,0.242802,0.506151,True,10000000,False,FIRST_N_SOLUTIONS,18,14.301846985576008,,
n=44:q=5:t=33:beta=2:seed=0,44,5,33,2,0,14,ok,False,,616279,308139,13.331455062055335,13.330731867437063,1.0007234561865515,0.0007231946182724158,540020,0.420652,0.926866,True,10000000,False,FIRST_N_SOLUTIONS,18,14.301846985576008,,
n=44:q=5:t=33:beta=2:seed=0,44,5,33,2,0,15,ok,False,,828395,414197,13.627245372753821,13.626263179920347,1.0009826753428146,0.000982192833474116,848160,0.606479,1.533405,True,10000000,False,FIRST_N_SOLUTIONS,18,14.301846985576008,,
n=44:q=5:t=33:beta=2:seed=0,44,5,33,2,0,16,ok,False,,1134849,567424,13.942010160399503,13.941666200976071,1.0003440185842576,0.0003439594234322385,1262358,0.862423,2.3959,True,10000000,False,FIRST_N_SOLUTIONS,18,14.301846985576008,,
n=44:q=5:t=33:beta=2:seed=0,44,5,33,2,0,17,ok,False,,1392173,696086,14.146376393763378,14.145350922042445,1.0010259976968339,0.0010254717209328135,1829783,1.156865,3.552844,True,10000000,False,FIRST_N_SOLUTIONS,18,14.301846985576008,,
n=44:q=5:t=33:beta=2:seed=0,44,5,33,2,0,18,ok,False,,1627205,813602,14.30237437703474,14.301846985576008,1.0005275305540589,0.0005273914587320405,2525870,1.412285,4.965212,True,10000000,False,FIRST_N_SOLUTIONS,18,14.301846985576008,,
n=44:q=5:t=33:beta=2:seed=0,44,5,33,2,0,19,ok,False,,1601459,800729,14.286425646704576,14.285825968449604,1.0005998580979238,0.0005996782549715363,3339473,1.442001,6.407295,True,10000000,False,FIRST_N_SOLUTIONS,18,14.301846985576008,,
n=44:q=5:t=33:beta=2:seed=0,44,5,33,2,0,20,ok,False,,1457221,728610,14.192041755212266,14.192754783829116,0.9992872255276462,-0.0007130286168504085,4140203,1.43414,7.841525,True,10000000,False,FIRST_N_SOLUTIONS,18,14.301846985576008,,
n=44:q=5:t=33:beta=2:seed=0,44,5,33,2,0,21,ok,False,,1310117,655058,14.085627004166268,14.08691894758078,0.9987088907850954,-0.001291943414512886,4868814,1.351093,9.192708,True,10000000,False,FIRST_N_SOLUTIONS,18,14.301846985576008,,
n=44:q=5:t=33:beta=2:seed=0,44,5,33,2,0,22,ok,False,,1176081,588040,13.97769828261978,13.978338740662284,0.9993597470069705,-0.0006404580425041217,5523873,1.147206,10.339995,True,10000000,False,FIRST_N_SOLUTIONS,18,14.301846985576008,,
n=44:q=5:t=33:beta=2:seed=0,44,5,33,2,0,23,ok,False,,933209,466604,13.746384463317797,13.746967091487594,0.9994175415250375,-0.0005826281697967062,6111914,0.96356,11.303637,True,10000000,False,FIRST_N_SOLUTIONS,18,14.301846985576008,,
n=44:q=5:t=33:beta=2:seed=0,44,5,33,2,0,24,ok,False,,676507,338253,13.424698073915646,13.424826278866227,0.9998718032673224,-0.00012820495058107895,6578519,0.761385,12.065102,True,10000000,False,FIRST_N_SOLUTIONS,18,14.301846985576008,,
n=44:q=5:t=33:beta=2:seed=0,44,5,33,2,0,25,ok,False,,502861,251430,13.128069068944095,13.127507685667958,1.0005615408812196,0.0005613832761373061,6916773,0.579114,12.6443,True,10000000,False,FIRST_N_SOLUTIONS,18,14.301846985576008,,
n=44:q=5:t=33:beta=2:seed=0,44,5,33,2,0,26,ok,False,,350337,175168,12.766650827358854,12.76841793704532,0.9982344507325757,-0.0017671096864670943,7168204,0.470467,13.114855,True,10000000,False,FIRST_N_SOLUTIONS,18,14.301846985576008,,
n=44:q=5:t=33:beta=2:seed=0,44,5,33,2,0,27,ok,False,,240229,120114,12.389347914063142,12.391408337571633,0.997941697706909,-0.002060423508490672,7343373,0.323876,13.438811,True,10000000,False,FIRST_N_SOLUTIONS,18,14.301846985576008,,
n=44:q=5:t=33:beta=2:seed=0,44,5,33,2,0,28,ok,False,,145779,72889,11.889847055261146,11.90251346381556,0.9874134727728795,-0.012666408554412811,7463488,0.230317,13.669208,True,10000000,False,FIRST_N_SOLUTIONS,18,14.301846985576008,,
n=44:q=5:t=33:beta=2:seed=0,44,5,33,2,0,29,ok,False,,85073,42536,11.351264990423951,11.381475976648726,0.9702408045072982,-0.030210986224775027,7536378,0.174939,13.844228,True,10000000,False,FIRST_N_SOLUTIONS,18,14.301846985576008,,
n=44:q=5:t=33:beta=2:seed=0,44,5,33,2,0,30,ok,False,,54075,27037,10.89812725082126,10.782294049566115,1.1228085734523316,0.1158332012551444,7578915,0.144196,13.988508,True,10000000,False,FIRST_N_SOLUTIONS,18,14.301846985576008,,
n=44:q=5:t=33:beta=2:seed=0,44,5,33,2,0,31,ok,False,,27549,13774,10.223721516281632,10.10306919825392,1.1282325780395779,0.12065231802771237,7605953,0.122,14.110592,True,10000000,False,FIRST_N_SOLUTIONS,18,14.301846985576008,,
n=44:q=5:t=33:beta=2:seed=0,44,5,33,2,0,32,ok,False,,13743,6871,9.528284882554852,9.408221887101789,1.1275678809916094,0.12006299545306298,7619728,0.111343,14.222012,True,10000000,False,FIRST_N_SOLUTIONS,18,14.301846985576008,,
n=44:q=5:t=33:beta=2:seed=0,44,5,33,2,0,33,ok,False,,6701,3350,8.81001204797317,8.69822537712286,1.1182742746971408,0.1117866708503108,7626600,0.105904,14.327989,True,10000000,False,FIRST_N_SOLUTIONS,18,14.301846985576008,,
n=44:q=5:t=33:beta=2:seed=0,44,5,33,2,0,34,ok,False,,3225,1612,8.078688229229872,7.973525102821036,1.1108918113677624,0.1051631264088364,7629951,0.103406,14.431465,True,10000000,False,FIRST_N_SOLUTIONS,18,14.301846985576008,,
n=44:q=5:t=33:beta=2:seed=0,44,5,33,2,0,35,ok,False,,1653,826,7.410347097821024,7.23454105596884,1.1922067980015965,0.17580604185218363,7631564,0.102503,14.534032,True,10000000,False,FIRST_N_SOLUTIONS,18,14.301846985576008,,
n=44:q=5:t=33:beta=2:seed=0,44,5,33,2,0,36,ok,False,,799,399,6.683360945766275,6.48166990470034,1.2234699477408861,0.20169104106593494,7632391,0.101949,14.636033,True,10000000,False,FIRST_N_SOLUTIONS,18,14.301846985576008,,
n=44:q=5:t=33:beta=2:seed=0,44,5,33,2,0,37,ok,False,,431,215,6.066108090103747,5.7152868836600135,1.420233374634667,0.35082120644373394,7632791,0.10147,14.73755,True,10000000,False,FIRST_N_SOLUTIONS,18,14.301846985576008,,
n=44:q=5:t=33:beta=2:seed=0,44,5,33,2,0,38,ok,False,,241,120,5.484796933490655,4.935747485309349,1.7316062538502637,0.5490494481813055,7633007,0.101324,14.838918,True,10000000,False,FIRST_N_SOLUTIONS,18,14.301846985576008,,
n=44:q=5:t=33:beta=2:seed=0,44,5,33,2,0,39,ok,False,,149,74,5.003946305945459,4.143388977865783,2.36447811660147,0.8605573280796763,7633128,0.101294,14.940248,True,10000000,False,FIRST_N_SOLUTIONS,18,14.301846985576008,,
n=44:q=5:t=33:beta=2:seed=0,44,5,33,2,0,40,ok,False,,115,57,4.74493212836325,3.3385317715308247,4.081237930903804,1.4064003568324255,7633203,0.100787,15.041069,True,10000000,False,FIRST_N_SOLUTIONS,18,14.301846985576008,,
n=44:q=5:t=33:beta=2:seed=0,44,5,33,2,0,41,ok,False,,97,48,4.574710978503383,2.521480651496873,7.793034539783198,2.05323032700651,7633261,0.100688,15.141792,True,10000000,False,FIRST_N_SOLUTIONS,18,14.301846985576008,,
n=44:q=5:t=33:beta=2:seed=0,44,5,33,2,0,42,ok,False,,89,44,4.48863636973214,1.6925258935828609,16.38080915470998,2.7961104761492788,7633310,0.101505,15.243334,True,10000000,False,FIRST_N_SOLUTIONS,18,14.301846985576008,,
n=44:q=5:t=33:beta=2:seed=0,44,5,33,2,0,43,ok,False,,89,44,4.48863636973214,0.8519442761387239,37.96604067015262,3.6366920935934157,7633355,0.101673,15.345052,True,10000000,False,FIRST_N_SOLUTIONS,18,14.301846985576008,,
n=44:q=5:t=33:beta=2:seed=0,44,5,33,2,0,44,ok,True,rank_complete,89,44,4.48863636973214,0.0,88.99999999999999,4.48863636973214,7633400,0.101745,15.446833,True,10000000,False,FIRST_N_SOLUTIONS,18,14.301846985576008,,
n=44:q=5:t=33:beta=8:seed=0,44,5,33,8,0,1,ok,False,,7,3,1.9459101490553132,1.8597612883628933,1.0899685697051478,0.08614886069241989,3,1.5e-05,2.7e-05,True,10000000,False,FIRST_N_SOLUTIONS,18,13.18768051260161,,
n=44:q=5:t=33:beta=8:seed=0,44,5,33,8,0,2,ok,False,,31,15,3.4339872044851463,3.3341170652294054,1.105027409075987,0.09987013925574084,19,8e-06,7.5e-05,True,10000000,False,FIRST_N_SOLUTIONS,18,13.18768051260161,,
n=44:q=5:t=33:beta=8:seed=0,44,5,33,8,0,3,ok,False,,113,56,4.727387818712341,4.671605819893381,1.0573671513215734,0.05578199881895962,75,2e-05,0.000114,True,10000000,False,FIRST_N_SOLUTIONS,18,13.18768051260161,,
n=44:q=5:t=33:beta=8:seed=0,44,5,33,8,0,4,ok,False,,351,175,5.860786223465865,5.833555386601122,1.0276049845001085,0.027230836864743146,250,0.000123,0.000255,True,10000000,False,FIRST_N_SOLUTIONS,18,13.18768051260161,,
n=44:q=5:t=33:beta=8:seed=0,44,5,33,8,0,5,ok,False,,979,489,6.88653164253051,6.902483993714437,0.9841742136741549,-0.015952351183926794,739,0.000186,0.00046,True,10000000,False,FIRST_N_SOLUTIONS,18,13.18768051260161,,
n=44:q=5:t=33:beta=8:seed=0,44,5,33,8,0,6,ok,False,,2749,1374,7.918992488165245,7.9300361582304575,0.989017087391588,-0.011043670065212119,2113,0.000576,0.001057,True,10000000,False,FIRST_N_SOLUTIONS,18,13.18768051260161,,
n=44:q=5:t=33:beta=8:seed=0,44,5,33,8,0,7,ok,False,,6707,3353,8.810907036099737,8.810431111464137,1.0004760379056978,0.000475924635599867,5466,0.001426,0.002506,True,10000000,False,FIRST_N_SOLUTIONS,18,13.18768051260161,,
n=44:q=5:t=33:beta=8:seed=0,44,5,33,8,0,8,ok,False,,15093,7546,9.621986339159427,9.618953791931451,1.003037150050904,0.003032547227975968,13012,0.003769,0.006305,True,10000000,False,FIRST_N_SOLUTIONS,18,13.18768051260161,,
n=44:q=5:t=33:beta=8:seed=0,44,5,33,8,0,9,ok,False,,30677,15338,10.331268467127707,10.33038622811758,1.0008826282974348,0.0008822390101261846,28350,0.008405,0.014741,True,10000000,False,FIRST_N_SOLUTIONS,18,13.18768051260161,,
n=44:q=5:t=33:beta=8:seed=0,44,5,33,8,0,10,ok,False,,53785,26892,10.892749896866105,10.891295136670635,1.0014558188723945,0.001454760195469973,55242,0.016265,0.031053,True,10000000,False,FIRST_N_SOLUTIONS,18,13.18768051260161,,
n=44:q=5:t=33:beta=8:seed=0,44,5,33,8,0,11,ok,False,,93721,46860,11.4480775626459,11.450641998547143,0.9974388494555398,-0.002564435901243556,55252,0.032873,0.063989,True,10000000,False,FIRST_N_SOLUTIONS,18,13.18768051260161,,
n=44:q=5:t=33:beta=8:seed=0,44,5,33,8,0,12,ok,False,,146169,73084,11.892518765510822,11.89294300601646,0.9995758494716415,-0.00042424050563738547,102113,0.06733,0.131392,True,10000000,False,FIRST_N_SOLUTIONS,18,13.18768051260161,,
n=44:q=5:t=33:beta=8:seed=0,44,5,33,8,0,13,ok,False,,217877,108938,12.291685962355634,12.291154167531303,1.000531936252268,0.0005317948243312998,175198,0.110828,0.242295,True,10000000,False,FIRST_N_SOLUTIONS,18,13.18768051260161,,
n=44:q=5:t=33:beta=8:seed=0,44,5,33,8,0,14,ok,False,,299131,149565,12.608636883513475,12.60773591304336,1.0009013764659296,0.0009009704701146148,284137,0.178294,0.42067,True,10000000,False,FIRST_N_SOLUTIONS,18,13.18768051260161,,
n=44:q=5:t=33:beta=8:seed=0,44,5,33,8,0,15,ok,False,,381439,190719,12.851706221771336,12.850972918898467,1.0007335718051524,0.0007333028728684354,433703,0.23604,0.65679,True,10000000,False,FIRST_N_SOLUTIONS,18,13.18768051260161,,
n=44:q=5:t=33:beta=8:seed=0,44,5,33,8,0,16,ok,False,,441693,220846,12.9983703495985,13.000005955097407,0.9983657313748023,-0.0016356054989064006,624423,0.284115,0.940969,True,10000000,False,FIRST_N_SOLUTIONS,18,13.18768051260161,,
n=44:q=5:t=33:beta=8:seed=0,44,5,33,8,0,17,ok,False,,496859,248429,13.1160615626144,13.117470517982934,0.9985920367430794,-0.0014089553685341372,845270,0.364451,1.305479,True,10000000,False,FIRST_N_SOLUTIONS,18,13.18768051260161,,
n=44:q=5:t=33:beta=8:seed=0,44,5,33,8,0,18,ok,False,,532795,266397,13.185892013779899,13.18768051260161,0.9982130995892464,-0.0017884988217105047,1093700,0.419098,1.724634,True,10000000,False,FIRST_N_SOLUTIONS,18,13.18768051260161,,
n=44:q=5:t=33:beta=8:seed=0,44,5,33,8,0,19,ok,False,,513529,256764,13.149061781926488,13.150182265807292,0.9988801436268668,-0.0011204838808041018,1360098,0.413024,2.137743,True,10000000,False,FIRST_N_SOLUTIONS,18,13.18768051260161,,
n=44:q=5:t=33:beta=8:seed=0,44,5,33,8,0,20,ok,False,,524967,262483,13.171090682455311,13.171337124926609,0.9997535878931538,-0.0002464424712975699,1616863,0.428421,2.566243,True,10000000,False,FIRST_N_SOLUTIONS,18,13.18768051260161,,
n=44:q=5:t=33:beta=8:seed=0,44,5,33,8,0,21,ok,False,,532381,266190,13.185114677413239,13.185853697189685,0.9992612532314116,-0.0007390197764465256,1879347,0.466299,3.03261,True,10000000,False,FIRST_N_SOLUTIONS,18,13.18768051260161,,
n=44:q=5:t=33:beta=8:seed=0,44,5,33,8,0,22,ok,False,,496213,248106,13.114760549009908,13.11414520360599,1.000615534767741,0.0006153454039186101,2145538,0.453592,3.486283,True,10000000,False,FIRST_N_SOLUTIONS,18,13.18768051260161,,
n=44:q=5:t=33:beta=8:seed=0,44,5,33,8,0,23,ok,False,,435977,217988,12.985344768646142,12.984572484482591,1.0007725824517484,0.000772284163550907,2393645,0.404913,3.891276,True,10000000,False,FIRST_N_SOLUTIONS,18,13.18768051260161,,
n=44:q=5:t=33:beta=8:seed=0,44,5,33,8,0,24,ok,False,,336593,168296,12.726629764325333,12.725355370692498,1.0012752060174634,0.0012743936328352135,2611634,0.339435,4.230798,True,10000000,False,FIRST_N_SOLUTIONS,18,13.18768051260161,,
n=44:q=5:t=33:beta=8:seed=0,44,5,33,8,0,25,ok,False,,259391,129695,12.46609185481154,12.464361405322556,1.0017319475806996,0.0017304494889831545,2779931,0.26474,4.495621,True,10000000,False,FIRST_N_SOLUTIONS,18,13.18768051260161,,
n=44:q=5:t=33:beta=8:seed=0,44,5,33,8,0,26,ok,False,,183163,91581,12.118131745758975,12.11687760410694,1.0012549284165473,0.001254141652035301,2909627,0.214719,4.710419,True,10000000,False,FIRST_N_SOLUTIONS,18,13.18768051260161,,
n=44:q=5:t=33:beta=8:seed=0,44,5,33,8,0,27,ok,False,,122093,61046,11.712538328398036,11.711846482395096,1.000692085383588,0.0006918460029403661,3001209,0.146198,4.856698,True,10000000,False,FIRST_N_SOLUTIONS,18,13.18768051260161,,
n=44:q=5:t=33:beta=8:seed=0,44,5,33,8,0,28,ok,False,,76447,38223,11.244352969253042,11.246207645010955,0.9981470430903704,-0.0018546757579134265,3062256,0.107499,4.964283,True,10000000,False,FIRST_N_SOLUTIONS,18,13.18768051260161,,
n=44:q=5:t=33:beta=8:seed=0,44,5,33,8,0,29,ok,False,,47779,23889,10.774341491401676,10.777729497945096,0.9966177262746473,-0.0033880065434193085,3100480,0.078125,5.04249,True,10000000,False,FIRST_N_SOLUTIONS,18,13.18768051260161,,
n=44:q=5:t=33:beta=8:seed=0,44,5,33,8,0,30,ok,False,,29495,14747,10.291976036437175,10.299415458429326,0.9925881820126078,-0.007439421992151196,3124370,0.062956,5.105523,True,10000000,False,FIRST_N_SOLUTIONS,18,13.18768051260161,,
n=44:q=5:t=33:beta=8:seed=0,44,5,33,8,0,31,ok,False,,16813,8406,9.729907675678929,9.736934554566425,0.9929977518996671,-0.007026878887495869,3139118,0.053475,5.159076,True,10000000,False,FIRST_N_SOLUTIONS,18,13.18768051260161,,
n=44:q=5:t=33:beta=8:seed=0,44,5,33,8,0,32,ok,False,,8925,4462,9.09661160664784,9.122410090131929,0.9745314540060078,-0.025798483484088308,3147525,0.048539,5.207686,True,10000000,False,FIRST_N_SOLUTIONS,18,13.18768051260161,,
n=44:q=5:t=33:beta=8:seed=0,44,5,33,8,0,33,ok,False,,4701,2350,8.45553053102413,8.47807286164742,0.9777098492500399,-0.022542330623288365,3151988,0.045423,5.253186,True,10000000,False,FIRST_N_SOLUTIONS,18,13.18768051260161,,
n=44:q=5:t=33:beta=8:seed=0,44,5,33,8,0,34,ok,False,,2429,1214,7.795234929002173,7.8202625226944065,0.9752829999980905,-0.02502759369223373,3154339,0.04397,5.297227,True,10000000,False,FIRST_N_SOLUTIONS,18,13.18768051260161,,
n=44:q=5:t=33:beta=8:seed=0,44,5,33,8,0,35,ok,False,,1377,688,7.227662498728654,7.192850251499316,1.035425286582171,0.034812247229338844,3155554,0.043209,5.340488,True,10000000,False,FIRST_N_SOLUTIONS,18,13.18768051260161,,
n=44:q=5:t=33:beta=8:seed=0,44,5,33,8,0,36,ok,False,,741,370,6.608000625296087,6.461258907440211,1.1580548195180058,0.14674171785587564,3156243,0.042951,5.383498,True,10000000,False,FIRST_N_SOLUTIONS,18,13.18768051260161,,
n=44:q=5:t=33:beta=8:seed=0,44,5,33,8,0,37,ok,False,,431,215,6.066108090103747,5.7152868836600135,1.420233374634667,0.35082120644373394,3156614,0.042701,5.426252,True,10000000,False,FIRST_N_SOLUTIONS,18,13.18768051260161,,
n=44:q=5:t=33:beta=8:seed=0,44,5,33,8,0,38,ok,False,,241,120,5.484796933490655,4.935747485309349,1.7316062538502637,0.5490494481813055,3156830,0.042809,5.469104,True,10000000,False,FIRST_N_SOLUTIONS,18,13.18768051260161,,
n=44:q=5:t=33:beta=8:seed=0,44,5,33,8,0,39,ok,False,,149,74,5.003946305945459,4.143388977865783,2.36447811660147,0.8605573280796763,3156951,0.042355,5.511503,True,10000000,False,FIRST_N_SOLUTIONS,18,13.18768051260161,,
n=44:q=5:t=33:beta=8:seed=0,44,5,33,8,0,40,ok,False,,115,57,4.74493212836325,3.3385317715308176,4.081237930903833,1.4064003568324326,3157026,0.042332,5.553872,True,10000000,False,FIRST_N_SOLUTIONS,18,13.18768051260161,,
n=44:q=5:t=33:beta=8:seed=0,44,5,33,8,0,41,ok,False,,97,48,4.574710978503383,2.521480651496873,7.793034539783198,2.05323032700651,3157084,0.04218,5.59609,True,10000000,False,FIRST_N_SOLUTIONS,18,13.18768051260161,,
n=44:q=5:t=33:beta=8:seed=0,44,5,33,8,0,42,ok,False,,89,44,4.48863636973214,1.6925258935828609,16.38080915470998,2.7961104761492788,3157133,0.042882,5.639013,True,10000000,False,FIRST_N_SOLUTIONS,18,13.18768051260161,,
n=44:q=5:t=33:beta=8:seed=0,44,5,33,8,0,43,ok,False,,89,44,4.48863636973214,0.8519442761387239,37.96604067015262,3.6366920935934157,3157178,0.043172,5.682227,True,10000000,False,FIRST_N_SOLUTIONS,18,13.18768051260161,,
n=44:q=5:t=33:beta=8:seed=0,44,5,33,8,0,44,ok,True,rank_complete,89,44,4.48863636973214,0.0,88.99999999999999,4.48863636973214,3157223,0.0426,5.724873,True,10000000,False,FIRST_N_SOLUTIONS,18,13.18768051260161,,
