n,q,t,beta,seed,model,alpha,plateau,fitted_plateau,fitted_slope_len,delta,true_k,model_k,true_cost,model_cost,cost_error,bound_holds,true_d,model_d,seconds
320,13,240,40,2,GSA,0.7499999999999991,180,-1,-1,41.57256253517676,103,149,193.9248725844737,177.6282825898621,16.296589994611594,True,59,30,97.947
320,13,240,40,2,TGSA,0.7499999999999991,180,-1,-1,218.739296165597,103,156,193.9248725844737,366.15556482621616,172.23069224174247,True,59,11,97.947
320,13,240,40,2,ZGSA,0.7499999999999991,180,195,90,13.206448577263508,103,105,193.9248725844737,188.65566411256646,5.269208471907234,True,59,59,97.947
320,13,240,40,4,GSA,0.7499999999998811,181,-1,-1,41.55468284795669,101,149,194.1032686230182,177.6067034818164,16.496565141201813,True,59,30,106.958
320,13,240,40,4,TGSA,0.7499999999998811,181,-1,-1,218.73929616555682,101,156,194.1032686230182,366.1555648262156,172.0522962031974,True,59,11,106.958
320,13,240,40,4,ZGSA,0.7499999999998811,181,196,88,13.055817608870477,101,105,194.1032686230182,189.09981118751494,5.003457435503265,True,59,59,106.958
320,13,160,40,9,GSA,0.5000000050946507,50,-1,-1,44.83019928560276,140,152,303.3284555134835,261.22658783773613,42.10186767574737,True,32,17,113.684
320,13,160,40,9,TGSA,0.5000000050946507,50,-1,-1,104.52894355008145,140,156,303.3284555134835,366.1555648262133,62.82710931272982,True,32,11,113.684
320,13,160,40,9,ZGSA,0.5000000050946507,50,99,123,90.33484422081546,140,154,303.3284555134835,220.27424507432147,83.05421043916203,True,32,32,113.684
320,13,160,40,4,GSA,0.5000000012356369,53,-1,-1,45.8225324168088,143,152,303.69138495511874,260.4790709352472,43.21231401987154,True,32,17,114.017
320,13,160,40,4,TGSA,0.5000000012356369,53,-1,-1,107.33497252309346,143,156,303.69138495511874,366.15556482621525,62.46417987109652,True,32,11,114.017
320,13,160,40,4,ZGSA,0.5000000012356369,53,101,119,91.09353135594725,143,154,303.69138495511874,221.54419155455398,82.14719340056476,True,32,32,114.017
320,13,160,40,5,GSA,0.49999999943312046,50,-1,-1,43.83426535634541,146,152,301.88925928496224,259.3427248542974,42.54653443066485,True,32,18,115.539
320,13,160,40,5,TGSA,0.49999999943312046,50,-1,-1,104.47922309000379,146,156,301.88925928496224,366.1555648262146,64.26630554125234,True,32,11,115.539
320,13,160,40,5,ZGSA,0.49999999943312046,50,101,118,85.93454834790558,146,154,301.88925928496224,221.29763167916377,80.59162760579846,True,32,32,115.539
320,13,240,40,7,GSA,0.7500000000000095,185,-1,-1,40.714542600390615,101,149,191.61457124186785,176.59273287900453,15.02183836286332,True,59,30,118.306
320,13,240,40,7,TGSA,0.7500000000000095,185,-1,-1,218.73929616559928,101,156,191.61457124186785,366.1555648262139,174.54099358434604,True,59,11,118.306
320,13,240,40,7,ZGSA,0.7500000000000095,185,195,91,12.416922222531973,101,105,191.61457124186785,188.68425886570964,2.930312376158213,True,59,59,118.306
320,13,160,40,1,GSA,0.5000000010561682,49,-1,-1,45.16927954522558,143,152,305.2251439925048,262.5235411663907,42.70160282611408,True,32,17,119.809
320,13,160,40,1,TGSA,0.5000000010561682,49,-1,-1,104.05670847847017,143,156,305.2251439925048,366.1555648262139,60.93042083370909,True,32,11,119.809
320,13,160,40,1,ZGSA,0.5000000010561682,49,100,121,91.40714626808881,143,154,305.2251439925048,220.9093225616134,84.31582143089139,True,32,32,119.809
320,13,240,40,3,GSA,0.7499999999999807,187,-1,-1,40.656158125681706,103,149,191.3890058837788,176.52226828692034,14.866737596858457,True,59,30,122.123
320,13,240,40,3,TGSA,0.7499999999999807,187,-1,-1,218.73929616558945,103,156,191.3890058837788,366.15556482621344,174.76655894243464,True,59,11,122.123
320,13,240,40,3,ZGSA,0.7499999999999807,187,194,92,12.418242062700699,103,106,191.3890058837788,188.20461055231019,3.1843953314686075,True,59,59,122.123
320,13,240,40,9,GSA,0.7499999999999998,184,-1,-1,40.94761339953156,103,149,192.3865555363716,176.87402750638037,15.512528029991216,True,59,30,125.07
320,13,240,40,9,TGSA,0.7499999999999998,184,-1,-1,218.73929616559752,103,156,192.3865555363716,366.1555648262164,173.7690092898448,True,59,11,125.07
320,13,240,40,9,ZGSA,0.7499999999999998,184,195,90,13.044615349296762,103,105,192.3865555363716,188.65566411256606,3.730891423805531,True,59,59,125.07
320,13,240,40,6,GSA,0.74999999999979,180,-1,-1,41.72955841465763,101,149,193.710652877577,177.81776191252993,15.892890965047059,True,59,30,130.58
320,13,240,40,6,TGSA,0.74999999999979,180,-1,-1,218.73929616552545,101,156,193.710652877577,366.1555648262147,172.4449119486377,True,59,11,130.58
320,13,240,40,6,ZGSA,0.74999999999979,180,195,90,14.306858075999841,101,105,193.710652877577,188.65566411267696,5.054988764900031,True,59,59,130.58
320,13,240,40,8,GSA,0.7500000000000093,185,-1,-1,40.862692118602084,102,149,192.6553483006307,176.77153547489962,15.88381282573107,True,59,30,130.852
320,13,240,40,8,TGSA,0.7500000000000093,185,-1,-1,218.73929616559923,102,156,192.6553483006307,366.1555648262139,173.5002165255832,True,59,11,130.852
320,13,240,40,8,ZGSA,0.7500000000000093,185,196,89,11.648398225793748,102,105,192.6553483006307,189.1276381841991,3.5277101164315923,True,59,59,130.852
320,13,240,40,5,GSA,0.7500000000000341,181,-1,-1,40.97177246841598,104,149,193.33282059848457,176.90318524038958,16.429635358095,True,59,30,132.997
320,13,240,40,5,TGSA,0.7500000000000341,181,-1,-1,218.7392961656081,104,156,193.33282059848457,366.1555648262148,172.82274422773023,True,59,11,132.997
320,13,240,40,5,ZGSA,0.7500000000000341,181,196,89,12.106606761778352,104,105,193.33282059848457,189.12763818418676,4.205182414297809,True,59,59,132.997
320,13,240,40,0,GSA,0.7499999999999819,181,-1,-1,40.996008392356764,103,149,193.03078425014672,176.93243573254557,16.098348517601153,True,59,30,134.323
320,13,240,40,0,TGSA,0.7499999999999819,181,-1,-1,218.73929616559008,103,156,193.03078425014672,366.15556482621366,173.12478057606694,True,59,11,134.323
320,13,240,40,0,ZGSA,0.7499999999999819,181,216,48,12.761449429191998,103,95,193.03078425014672,197.75004479975894,4.7192605496122155,True,59,59,134.323
320,13,240,40,1,GSA,0.7500000000000125,180,-1,-1,41.21440972563857,104,149,193.30841986950958,177.19602568899066,16.11239418051892,True,59,30,135.179
320,13,240,40,1,TGSA,0.7500000000000125,180,-1,-1,218.73929616560082,104,156,193.30841986950958,366.155564826215,172.84714495670545,True,59,11,135.179
320,13,240,40,1,ZGSA,0.7500000000000125,180,199,83,12.011609897833807,104,103,193.30841986950958,190.46546652497153,2.8429533445380457,True,59,59,135.179
320,13,160,40,8,GSA,0.49999999991591015,63,-1,-1,44.91237267516402,141,152,295.2833808144375,253.39781000987975,41.88557080455777,True,32,18,140.694
320,13,160,40,8,TGSA,0.49999999991591015,63,-1,-1,118.90511041774965,141,156,295.2833808144375,366.15556482621423,70.87218401177671,True,32,11,140.694
320,13,160,40,8,ZGSA,0.49999999991591015,63,97,126,85.15124157179743,141,154,295.2833808144375,218.76956484755502,76.5138159668825,True,32,32,140.694
320,13,160,40,7,GSA,0.4999999996231987,64,-1,-1,45.61717420035632,140,152,296.23546972707936,254.159663288799,42.07580643828035,True,32,18,145.165
320,13,160,40,7,TGSA,0.4999999996231987,64,-1,-1,120.64014262484974,140,156,296.23546972707936,366.1555648262138,69.92009509913441,True,32,11,145.165
320,13,160,40,7,ZGSA,0.4999999996231987,64,96,128,87.79102366753972,140,154,296.23546972707936,218.13698397479703,78.09848575228233,True,32,32,145.165
320,13,160,40,3,GSA,0.5000000003231797,64,-1,-1,43.1433369660366,142,152,290.3224349405904,250.30395585777995,40.01847908281047,True,32,18,145.182
320,13,160,40,3,TGSA,0.5000000003231797,64,-1,-1,122.09686311397698,142,156,290.3224349405904,366.15556482621594,75.83312988562551,True,32,11,145.182
320,13,160,40,3,ZGSA,0.5000000003231797,64,99,123,79.95254847639411,142,154,290.3224349405904,220.27424665260105,70.04818828798938,True,32,32,145.182
320,13,160,40,2,GSA,0.49999999497855496,52,-1,-1,45.37726317227805,141,152,302.8862373242044,260.4811881806794,42.40504914352499,True,32,17,149.526
320,13,160,40,2,TGSA,0.49999999497855496,52,-1,-1,106.38686446977596,141,156,302.8862373242044,366.1555648262156,63.26932750201121,True,32,11,149.526
320,13,160,40,2,ZGSA,0.49999999497855496,52,101,118,90.37304369513868,141,154,302.8862373242044,221.29763316173626,81.58860416246813,True,32,32,149.526
320,13,160,40,0,GSA,0.49999999951906005,51,-1,-1,44.71123100080422,144,152,302.419069414038,259.89581865169396,42.52325076234405,True,32,18,156.718
320,13,160,40,0,TGSA,0.49999999951906005,51,-1,-1,106.33961545571839,144,156,302.419069414038,366.15556482621344,63.73649541217543,True,32,11,156.718
320,13,160,40,0,ZGSA,0.49999999951906005,51,100,120,89.28416942934732,144,154,302.419069414038,220.6659761347098,81.7530932793282,True,32,32,156.718
320,13,160,40,6,GSA,0.4999999998864087,58,-1,-1,43.72740587043944,143,152,295.3462314414763,253.6127771859704,41.733454255505876,True,32,18,159.416
320,13,160,40,6,TGSA,0.4999999998864087,58,-1,-1,112.8944806707149,143,156,295.3462314414763,366.15556482621434,70.80933338473807,True,32,11,159.416
320,13,160,40,6,ZGSA,0.4999999998864087,58,101,118,82.155925125231,143,154,295.3462314414763,221.297631528301,74.04859991317528,True,32,32,159.416
320,31,160,40,2,GSA,0.5000000776119772,26,-1,-1,34.75322628300608,150,154,354.8097623255622,320.4097961363759,34.39996618918627,True,24,13,177.852
320,31,160,40,2,TGSA,0.5000000776119772,26,-1,-1,52.788533326807894,150,156,354.8097623255622,366.1555648262149,11.345802500652724,True,24,11,177.852
320,31,160,40,2,ZGSA,0.5000000776119772,26,94,133,87.0895002691864,150,155,354.8097623255622,272.06817426314205,82.74158806242013,True,24,24,177.852
320,31,160,40,3,GSA,0.500000067374899,28,-1,-1,36.31690297162634,149,154,354.05636702486663,318.75889613607745,35.29747088878918,True,24,13,178.809
320,31,160,40,3,TGSA,0.500000067374899,28,-1,-1,55.200793508162505,149,156,354.05636702486663,366.15556482621594,12.099197801349305,True,24,11,178.809
320,31,160,40,3,ZGSA,0.500000067374899,28,94,133,87.21771070967756,149,155,354.05636702486663,272.06817871236814,81.9881883124985,True,24,24,178.809
320,31,160,40,1,GSA,0.5000000237208544,29,-1,-1,36.838507169236834,150,154,353.6970312291931,317.3167050169522,36.3803262122409,True,24,14,221.872
320,31,160,40,1,TGSA,0.5000000237208544,29,-1,-1,56.35594339703512,150,156,353.6970312291931,366.1555648262147,12.458533597021585,True,24,11,221.872
320,31,160,40,1,ZGSA,0.5000000237208544,29,137,47,85.73716056661377,150,158,353.6970312291931,308.76184564253344,44.93518558665966,True,24,24,221.872
320,31,160,40,0,GSA,0.5000000292146538,29,-1,-1,36.82162698080835,149,154,352.69483923560915,317.2655687336479,35.42927050196124,True,24,14,224.565
320,31,160,40,0,TGSA,0.5000000292146538,29,-1,-1,56.34791990567453,149,156,352.69483923560915,366.1555648262132,13.460725590604056,True,24,11,224.565
320,31,160,40,0,ZGSA,0.5000000292146538,29,96,129,87.13358907424089,149,155,352.69483923560915,273.7752813356335,78.91955789997564,True,24,24,224.565
320,31,240,40,0,GSA,0.7499999999993885,181,-1,-1,43.48947970857512,111,150,224.35870985852733,204.02968357805094,20.3290262804764,True,46,24,129.349
320,31,240,40,0,TGSA,0.7499999999993885,181,-1,-1,190.90468983765982,111,156,224.35870985852733,366.15556482621525,141.79685496768792,True,46,11,129.349
320,31,240,40,0,ZGSA,0.7499999999993885,181,178,124,4.832723855150725,111,112,224.35870985852733,222.83676950048016,1.5219403580471749,True,46,46,129.349
320,31,240,40,4,GSA,0.7500000000000022,179,-1,-1,42.75932884403369,111,150,223.46402970612144,203.10447750121378,20.359552204907658,True,46,24,127.553
320,31,240,40,4,TGSA,0.7500000000000022,179,-1,-1,190.9046898379217,111,156,223.46402970612144,366.1555648262157,142.69153512009427,True,46,11,127.553
320,31,240,40,4,ZGSA,0.7500000000000022,179,184,113,4.026049664389468,111,110,223.46402970612144,226.61316946039784,3.149139754276405,True,46,46,127.553
320,31,240,40,5,GSA,0.7499999999996542,179,-1,-1,43.239048727654094,112,150,224.31830339446236,203.71235153423817,20.605951860224195,True,46,24,129.831
320,31,240,40,5,TGSA,0.7499999999996542,179,-1,-1,190.90468983777367,112,156,224.31830339446236,366.1555648262157,141.83726143175335,True,46,11,129.831
320,31,240,40,5,ZGSA,0.7499999999996542,179,182,116,4.542349133143844,112,111,224.31830339446236,225.3386936621783,1.020390267715925,True,46,46,129.831
320,31,240,40,8,GSA,0.7500000000000322,175,-1,-1,43.40337007631878,112,150,224.05875398858512,203.9205702987451,20.13818368984002,True,46,24,122.351
320,31,240,40,8,TGSA,0.7500000000000322,175,-1,-1,190.90468983793363,112,156,224.05875398858512,366.1555648262146,142.09681083762945,True,46,11,122.351
320,31,240,40,8,ZGSA,0.7500000000000322,175,178,125,4.512438677126603,112,112,224.05875398858512,222.8598049421695,1.1989490464156347,True,46,46,122.351
320,31,240,40,3,GSA,0.7499999999999483,176,-1,-1,43.74662094265754,112,150,224.9610680556919,204.3550508855543,20.60601717013759,True,46,24,136.9
320,31,240,40,3,TGSA,0.7499999999999483,176,-1,-1,190.90468983789748,112,156,224.9610680556919,366.1555648262139,141.194496770522,True,46,11,136.9
320,31,240,40,3,ZGSA,0.7499999999999483,176,179,122,4.836150801342818,112,112,224.9610680556919,223.46615316450794,1.494914891183953,True,46,46,136.9
320,31,240,40,2,GSA,0.7499999999999851,181,-1,-1,43.36935092718343,112,150,224.0390019146639,203.8774631441289,20.161538770535003,True,46,24,146.78
320,31,240,40,2,TGSA,0.7499999999999851,181,-1,-1,190.90468983791465,112,156,224.0390019146639,366.1555648262157,142.1165629115518,True,46,11,146.78
320,31,240,40,2,ZGSA,0.7499999999999851,181,177,126,4.618784050209648,112,113,224.0390019146639,222.21046460680492,1.8285373078589942,True,46,46,146.78
320,31,160,40,8,GSA,0.4999999308886778,30,-1,-1,37.43462441176775,149,154,353.1540881840491,316.2406697576583,36.91341842639082,True,24,14,166.778
320,31,160,40,8,TGSA,0.4999999308886778,30,-1,-1,57.36168562817656,149,156,353.1540881840491,366.15556482621366,13.001476642164562,True,24,11,166.778
320,31,160,40,8,ZGSA,0.4999999308886778,30,107,106,87.22838386863063,149,156,353.1540881840491,282.830262238067,70.3238259459821,True,24,24,166.778
320,31,240,40,1,GSA,0.7500000000000132,177,-1,-1,43.22622659111978,111,150,224.3050007035707,203.69610404615676,20.608896657413936,True,46,24,165.079
320,31,240,40,1,TGSA,0.7500000000000132,177,-1,-1,190.90468983792465,111,156,224.3050007035707,366.15556482621344,141.85056412264274,True,46,11,165.079
320,31,240,40,1,ZGSA,0.7500000000000132,177,178,125,4.236004242240746,111,112,224.3050007035707,222.85980494218205,1.4451957613886464,True,46,46,165.079
320,31,240,40,6,GSA,0.7499999999999923,175,-1,-1,43.49940919973591,110,150,224.7874762145038,204.04226567008314,20.745210544420672,True,46,24,156.474
320,31,240,40,6,TGSA,0.7499999999999923,175,-1,-1,190.90468983791592,110,156,224.7874762145038,366.1555648262133,141.3680886117095,True,46,11,156.474
320,31,240,40,6,ZGSA,0.7499999999999923,175,182,116,4.756878149872136,110,111,224.7874762145038,225.33869366195123,0.5512174474474136,True,46,46,156.474
320,31,240,40,7,GSA,0.7499999999999348,181,-1,-1,43.12090987381903,113,150,224.2308920570381,203.56265263040675,20.668239426631345,True,46,24,159.196
320,31,240,40,7,TGSA,0.7499999999999348,181,-1,-1,190.90468983789242,113,156,224.2308920570381,366.15556482621525,141.92467276917716,True,46,11,159.196
320,31,240,40,7,ZGSA,0.7499999999999348,181,179,122,4.391191045014722,113,112,224.2308920570381,223.46615316451818,0.7647388925199152,True,46,46,159.196
320,31,240,40,9,GSA,0.7499999999999745,175,-1,-1,43.0300611219471,112,150,223.97852588385655,203.44753420174388,20.53099168211267,True,46,24,153.329
320,31,240,40,9,TGSA,0.7499999999999745,175,-1,-1,190.90468983790993,112,156,223.97852588385655,366.1555648262165,142.17703894235996,True,46,11,153.329
320,31,240,40,9,ZGSA,0.7499999999999745,175,180,120,4.636581438166026,112,111,223.97852588385655,224.0883663439875,0.10984046013095394,True,46,46,153.329
320,31,160,40,7,GSA,0.4999999959641498,27,-1,-1,35.405028375041205,150,154,353.89151762524216,319.10294900438333,34.788568620858825,True,24,13,199.596
320,31,160,40,7,TGSA,0.4999999959641498,27,-1,-1,54.0941716403935,150,156,353.89151762524216,366.1555648262163,12.264047200974119,True,24,11,199.596
320,31,160,40,7,ZGSA,0.4999999959641498,27,103,114,87.75106724645772,150,156,353.89151762524216,279.4296063712441,74.46191125399804,True,24,24,199.596
320,31,160,40,4,GSA,0.500000092571161,25,-1,-1,34.313921465987505,150,154,356.04184054464963,322.62023057617074,33.42160996847889,True,24,13,218.338
320,31,160,40,4,TGSA,0.500000092571161,25,-1,-1,51.41584536273575,150,156,356.04184054464963,366.15556482621594,10.113724281566306,True,24,11,218.338
320,31,160,40,4,ZGSA,0.500000092571161,25,95,131,87.39138120609346,150,155,356.04184054464963,272.92178630197986,83.12005424266977,True,24,24,218.338
320,31,160,40,5,GSA,0.5000000060213307,28,-1,-1,36.24048291811723,148,154,353.2380503217246,318.51997105785136,34.71807926387322,True,24,13,217.143
320,31,160,40,5,TGSA,0.5000000060213307,28,-1,-1,55.241140924072,148,156,353.2380503217246,366.1555648262148,12.917514504490214,True,24,11,217.143
320,31,160,40,5,ZGSA,0.5000000060213307,28,110,101,86.25035863691187,148,156,353.2380503217246,285.7243539648374,67.51369635688718,True,24,24,217.143
320,31,160,40,9,GSA,0.5000000375324724,25,-1,-1,34.037973243321716,151,154,355.37897697946227,321.6637262272955,33.71525075216675,True,24,13,210.188
320,31,160,40,9,TGSA,0.5000000375324724,25,-1,-1,51.51973238157193,151,156,355.37897697946227,366.15556482621594,10.77658784675367,True,24,11,210.188
320,31,160,40,9,ZGSA,0.5000000375324724,25,153,15,87.07147453639459,151,159,355.37897697946227,322.40787023798555,32.97110674147672,True,24,24,210.188
320,31,160,40,6,GSA,0.4999999741205986,26,-1,-1,34.79770671437324,150,154,354.55942504726676,320.5585839387208,34.000841108545956,True,24,13,229.29
320,31,160,40,6,TGSA,0.4999999741205986,26,-1,-1,52.59667465631172,150,156,354.55942504726676,366.1555648262147,11.59613977894793,True,24,11,229.29
320,31,160,40,6,ZGSA,0.4999999741205986,26,99,122,88.10174107720457,150,156,354.55942504726676,276.0260176432099,78.53340740405685,True,24,24,229.29
320,127,240,40,0,GSA,0.7499999999974354,156,-1,-1,45.3538544870398,123,152,269.9236619181127,244.28063653865814,25.64302537945457,True,34,19,168.482
320,127,240,40,0,TGSA,0.7499999999974354,156,-1,-1,149.76221269172078,123,156,269.9236619181127,366.1555648262163,96.23190290810356,True,34,11,168.482
320,127,240,40,0,ZGSA,0.7499999999974354,156,155,165,0.5189235100873191,123,122,269.9236619181127,270.18233145656603,0.25866953845331864,True,34,34,168.482
320,127,240,40,1,GSA,0.7499999999993726,154,-1,-1,45.02379023354567,122,152,269.96203421645345,243.8341160520603,26.12791816439315,True,34,19,169.967
320,127,240,40,1,TGSA,0.7499999999993726,154,-1,-1,149.76221269275163,122,156,269.96203421645345,366.1555648262155,96.19353060976204,True,34,11,169.967
320,127,240,40,1,ZGSA,0.7499999999993726,154,155,159,0.5186907541745427,122,122,269.96203421645345,270.14121991792126,0.17918570146781576,True,34,34,169.967
320,127,160,40,1,GSA,0.5000018680977425,17,-1,-1,24.79133390248608,154,155,407.0662720814703,382.2874490430445,24.7788230384258,True,17,11,286.881
320,127,160,40,1,TGSA,0.5000018680977425,17,-1,-1,41.10654328349324,154,156,407.0662720814703,366.1555648262156,40.91070725525469,True,17,11,286.881
320,127,160,40,1,ZGSA,0.5000018680977425,17,97,127,67.29833357461189,154,156,407.0662720814703,364.9591775593989,42.10709452207141,True,17,18,286.881
320,127,160,40,2,GSA,0.49999947641063397,17,-1,-1,24.866552359791754,154,155,407.4536796015241,382.66189075397585,24.79178884754822,True,17,11,286.987
320,127,160,40,2,TGSA,0.49999947641063397,17,-1,-1,41.687061897635544,154,156,407.4536796015241,366.15556482621525,41.29811477530882,True,17,11,286.987
320,127,160,40,2,ZGSA,0.49999947641063397,17,112,96,69.06558124456345,154,158,407.4536796015241,382.59761469423216,24.85606490729191,True,17,18,286.987
320,127,160,40,5,GSA,0.5000047370594544,15,-1,-1,22.732998161484147,155,155,407.6013120417048,384.9365464662378,22.66476557546696,True,16,11,287.057
320,127,160,40,5,TGSA,0.5000047370594544,15,-1,-1,41.8111041523357,155,156,407.6013120417048,366.1555648262164,41.44574721548838,True,16,11,287.057
320,127,160,40,5,ZGSA,0.5000047370594544,15,114,93,66.98246677199316,155,157,407.6013120417048,385.4827373874276,22.118574654277154,True,16,18,287.057
320,127,240,40,5,GSA,0.7499999999995919,154,-1,-1,44.76456694940963,122,152,269.6868784373287,243.4834312785446,26.203447158784087,True,34,19,179.055
320,127,240,40,5,TGSA,0.7499999999995919,154,-1,-1,149.76221269286896,122,156,269.6868784373287,366.15556482621446,96.46868638888577,True,34,11,179.055
320,127,240,40,5,ZGSA,0.7499999999995919,154,154,163,0.5259848447137188,122,123,269.6868784373287,269.26726252528704,0.4196159120416496,True,34,34,179.055
320,127,240,40,7,GSA,0.750000000000029,155,-1,-1,45.10704669976036,121,152,270.2062281197566,243.9467478104921,26.25948030926449,True,34,19,172.413
320,127,240,40,7,TGSA,0.750000000000029,155,-1,-1,149.76221269310273,121,156,270.2062281197566,366.1555648262163,95.94933670645969,True,34,11,172.413
320,127,240,40,7,ZGSA,0.750000000000029,155,155,158,0.7169280011358694,121,122,270.2062281197566,270.1274879962126,0.07874012354398019,True,34,34,172.413
320,127,240,40,2,GSA,0.7500000000001267,154,-1,-1,45.06995140270351,123,152,270.2935987754161,243.8965642191111,26.397034556305016,True,34,19,206.079
320,127,240,40,2,TGSA,0.7500000000001267,154,-1,-1,149.76221269315357,123,156,270.2935987754161,366.1555648262133,95.86196605079721,True,34,11,206.079
320,127,240,40,2,ZGSA,0.7500000000001267,154,155,161,0.4094238437801181,123,122,270.2935987754161,270.16277026782086,0.130828507595254,True,34,34,206.079
320,127,240,40,3,GSA,0.7500000000015931,154,-1,-1,45.00096502197417,122,152,270.625172917099,243.8032374428588,26.821935474240206,True,34,19,202.932
320,127,240,40,3,TGSA,0.7500000000015931,154,-1,-1,149.76221269393483,122,156,270.625172917099,366.15556482621287,95.53039190911386,True,34,11,202.932
320,127,240,40,3,ZGSA,0.7500000000015931,154,155,159,0.7505982553855972,122,122,270.625172917099,270.1412199160307,0.48395300106830064,True,34,34,202.932
320,127,240,40,6,GSA,0.749999999999493,154,-1,-1,44.6372148100352,121,152,269.143707129554,243.3111456090475,25.832561520506516,True,34,19,187.668
320,127,240,40,6,TGSA,0.749999999999493,154,-1,-1,149.76221269281592,121,156,269.143707129554,366.1555648262133,97.01185769665932,True,34,11,187.668
320,127,240,40,6,ZGSA,0.749999999999493,154,154,166,0.5001051077315708,121,123,269.143707129554,269.2787163937397,0.1350092641857259,True,34,34,187.668
320,127,240,40,4,GSA,0.7500000000008401,155,-1,-1,45.32591306145798,121,152,270.536631496539,244.24283656766062,26.293794928878356,True,34,19,201.249
320,127,240,40,4,TGSA,0.7500000000008401,155,-1,-1,149.76221269353394,121,156,270.536631496539,366.15556482621605,95.61893332967708,True,34,11,201.249
320,127,240,40,4,ZGSA,0.7500000000008401,155,155,160,0.5858633366279662,121,122,270.536631496539,270.15297894965113,0.3836525468878449,True,34,34,201.249
320,127,160,40,3,GSA,0.499981790686845,17,-1,-1,24.633871454688602,152,155,405.72769617772656,381.5138484924531,24.213847685273436,True,17,11,328.487
320,127,160,40,3,TGSA,0.499981790686845,17,-1,-1,40.461814865509666,152,156,405.72769617772656,366.1555648262133,39.572131351513235,True,17,11,328.487
320,127,160,40,3,ZGSA,0.499981790686845,17,107,106,68.01390121881929,152,157,405.72769617772656,376.5956565617592,29.132039615967358,True,17,18,328.487
320,127,240,40,9,GSA,0.750000000001064,154,-1,-1,44.71392035205092,123,152,269.4171387665943,243.41491509268096,26.002223673913335,True,34,19,181.272
320,127,240,40,9,TGSA,0.750000000001064,154,-1,-1,149.76221269365385,123,156,269.4171387665943,366.1555648262163,96.73842605962199,True,34,11,181.272
320,127,240,40,9,ZGSA,0.750000000001064,154,154,166,0.866154807230501,123,123,269.4171387665943,269.27871639240556,0.13842237418873538,True,34,34,181.272
320,127,160,40,4,GSA,0.4999940017559936,18,-1,-1,25.968316138247857,154,155,407.9793190986849,382.05161467304504,25.927704425639888,True,18,11,322.722
320,127,160,40,4,TGSA,0.4999940017559936,18,-1,-1,42.15370074461862,154,156,407.9793190986849,366.1555648262165,41.82375427246842,True,18,11,322.722
320,127,160,40,4,ZGSA,0.4999940017559936,18,158,4,69.45305602991795,154,160,407.9793190986849,437.98705447516085,30.00773537647592,True,18,18,322.722
320,127,240,40,8,GSA,0.749999999997108,155,-1,-1,45.23872949944659,121,152,270.5790986665485,244.12489212309316,26.454206543455314,True,34,19,209.609
320,127,240,40,8,TGSA,0.749999999997108,155,-1,-1,149.76221269154496,121,156,270.5790986665485,366.1555648262156,95.57646615966712,True,34,11,209.609
320,127,240,40,8,ZGSA,0.749999999997108,155,155,160,0.7194229709973001,121,122,270.5790986665485,270.15297895283123,0.42611971371724167,True,34,34,209.609
320,127,160,40,8,GSA,0.5000041562623242,15,-1,-1,23.081079509772607,157,155,409.9037400931357,386.88261418663285,23.021125906502846,True,16,11,284.168
320,127,160,40,8,TGSA,0.5000041562623242,15,-1,-1,44.10041187948161,157,156,409.9037400931357,366.1555648262139,43.748175266921805,True,16,11,284.168
320,127,160,40,8,ZGSA,0.5000041562623242,15,84,153,68.7901203590383,157,156,409.9037400931357,349.26532437042806,60.638415722707634,True,16,18,284.168
320,127,160,40,7,GSA,0.5000154307520516,17,-1,-1,24.96214044862942,153,155,408.01415097381346,383.12996752197,24.884183451843455,True,17,11,333.145
320,127,160,40,7,TGSA,0.5000154307520516,17,-1,-1,42.34005678545179,153,156,408.01415097381346,366.15556482621275,41.858586147600704,True,17,11,333.145
320,127,160,40,7,ZGSA,0.5000154307520516,17,78,165,67.7072113453653,153,156,408.01415097381346,342.0107569062741,66.00339406753938,True,17,18,333.145
256,13,128,40,0,GSA,0.49999999996043354,39,-1,-1,28.29819811005725,113,122,221.72892790452016,195.10992690130945,26.619001003210712,True,26,15,105.868
256,13,128,40,0,TGSA,0.49999999996043354,39,-1,-1,53.27974853697706,113,125,221.72892790452016,240.22488274089915,18.495954836378985,True,26,11,105.868
256,13,128,40,0,ZGSA,0.49999999996043354,39,86,84,56.34895647665675,113,124,221.72892790452016,179.9868617207278,41.74206618379236,True,26,26,105.868
256,13,128,40,6,GSA,0.4999999999918007,35,-1,-1,27.816398801291427,115,122,223.83058028308477,197.2610737044577,26.569506578627085,True,26,15,102.677
256,13,128,40,6,TGSA,0.4999999999918007,35,-1,-1,50.18064943670218,115,125,223.83058028308477,240.2248827408988,16.394302457814035,True,26,11,102.677
256,13,128,40,6,ZGSA,0.4999999999918007,35,73,110,56.76611946431886,115,123,223.83058028308477,171.7704601158849,52.06012016719987,True,26,26,102.677
256,13,128,40,3,GSA,0.5000000001271563,38,-1,-1,29.208537866254055,115,122,224.77207482902762,197.64440181479554,27.127673014232073,True,26,15,115.909
256,13,128,40,3,TGSA,0.5000000001271563,38,-1,-1,52.38716443193493,115,125,224.77207482902762,240.22488274089932,15.452807911871702,True,26,11,115.909
256,13,128,40,3,ZGSA,0.5000000001271563,38,88,81,58.741324489101515,115,124,224.77207482902762,181.51749849109757,43.25457633793005,True,26,26,115.909
256,13,128,40,2,GSA,0.5000000004141733,39,-1,-1,28.813836437565115,116,122,222.99030626533255,196.10598676614285,26.8843194991897,True,26,15,117.867
256,13,128,40,2,TGSA,0.5000000004141733,39,-1,-1,53.27974858236615,116,125,222.99030626533255,240.2248827409,17.23457647556745,True,26,11,117.867
256,13,128,40,2,ZGSA,0.5000000004141733,39,103,51,56.948754987287856,116,125,222.99030626533255,191.03489679375684,31.955409471575706,True,26,26,117.867
256,13,192,40,0,GSA,0.75,145,-1,-1,26.980864866313254,89,118,145.8534908692444,134.16209763537668,11.691393233867728,True,47,26,66.657
256,13,192,40,0,TGSA,0.75,145,-1,-1,124.71910562036582,89,125,145.8534908692444,240.22488274089926,94.37139187165485,True,47,11,66.657
256,13,192,40,0,ZGSA,0.75,145,153,78,4.292290625027725,89,86,145.8534908692444,149.246236702724,3.39274583347958,True,47,47,66.657
256,13,128,40,1,GSA,0.5000000001224811,34,-1,-1,27.633721721608325,117,122,224.51946115101828,198.12125905696774,26.398202094050532,True,26,15,140.499
256,13,128,40,1,TGSA,0.5000000001224811,34,-1,-1,48.56758411459923,117,125,224.51946115101828,240.22488274089972,15.705421589881439,True,26,11,140.499
256,13,128,40,1,ZGSA,0.5000000001224811,34,87,83,56.4586846837275,117,124,224.51946115101828,180.88227007068195,43.63719108033632,True,26,26,140.499
256,13,128,40,4,GSA,0.5000000000282783,40,-1,-1,29.126873301491237,115,122,223.35686988976676,196.0053420954985,27.351527794268264,True,26,15,141.607
256,13,128,40,4,TGSA,0.5000000000282783,40,-1,-1,54.14740828222539,115,125,223.35686988976676,240.2248827408987,16.868012851131937,True,26,11,141.607
256,13,128,40,4,ZGSA,0.5000000000282783,40,73,111,56.74139894201649,115,123,223.35686988976676,171.98885071234363,51.36801917742312,True,26,26,141.607
256,13,192,40,1,GSA,0.7499999999999996,147,-1,-1,27.1880550830626,87,118,146.21659288043668,134.42122862621852,11.795364254218157,True,47,26,65.183
256,13,192,40,1,TGSA,0.7499999999999996,147,-1,-1,124.7191056203656,87,125,146.21659288043668,240.22488274089915,94.00828986046247,True,47,11,65.183
256,13,192,40,1,ZGSA,0.7499999999999996,147,150,84,4.081912940871543,87,87,146.21659288043668,147.89037722734702,1.6737843469103382,True,47,47,65.183
256,13,128,40,9,GSA,0.5000000003216163,39,-1,-1,28.445135191899546,115,122,222.20353656076202,195.39376559010842,26.809770970653602,True,26,15,114.08
256,13,128,40,9,TGSA,0.5000000003216163,39,-1,-1,53.27974857310718,115,125,222.20353656076202,240.22488274089983,18.02134618013781,True,26,11,114.08
256,13,128,40,9,ZGSA,0.5000000003216163,39,96,65,56.12355557038036,115,125,222.20353656076202,186.59362704660919,35.60990951415283,True,26,26,114.08
320,1031,240,40,2,GSA,0.749999999961476,127,-1,-1,43.31239762222495,135,153,326.3802947922753,295.4672827189838,30.913012073291497,True,24,15,205.964
320,1031,240,40,2,TGSA,0.749999999961476,127,-1,-1,97.86941361386477,135,156,326.3802947922753,366.1555648262163,39.775270033940956,True,24,11,205.964
320,1031,240,40,2,ZGSA,0.749999999961476,127,126,184,1.0868465495414625,135,134,326.3802947922753,325.5194207874463,0.8608740048290429,True,24,24,205.964
256,13,128,40,5,GSA,0.500000000107984,38,-1,-1,28.787040690656198,114,122,223.86308422433308,196.81260125784402,27.050482966489056,True,26,15,151.554
256,13,128,40,5,TGSA,0.500000000107984,38,-1,-1,52.38716443006615,114,125,223.86308422433308,240.2248827408987,16.361798516565614,True,26,11,151.554
256,13,128,40,5,ZGSA,0.500000000107984,38,97,63,57.42372695885334,114,125,223.86308422433308,187.22938378597695,36.63370043835613,True,26,26,151.554
256,13,192,40,2,GSA,0.7500000000000001,144,-1,-1,27.032832321553947,87,118,146.03932228296821,134.22709287798403,11.81222940498418,True,47,26,78.671
256,13,192,40,2,TGSA,0.7500000000000001,144,-1,-1,124.71910562036582,87,125,146.03932228296821,240.22488274089926,94.18556045793105,True,47,11,78.671
256,13,192,40,2,ZGSA,0.7500000000000001,144,153,79,3.699338304421431,87,85,146.03932228296821,149.2721630251592,3.232840742190973,True,47,47,78.671
256,13,128,40,7,GSA,0.4999999999788342,43,-1,-1,29.454414220915325,114,122,222.02170545618955,194.83413382951136,27.187571626678192,True,26,15,144.016
256,13,128,40,7,TGSA,0.4999999999788342,43,-1,-1,56.60084119412748,114,125,222.02170545618955,240.2248827409005,18.20317728471096,True,26,11,144.016
256,13,128,40,7,ZGSA,0.4999999999788342,43,97,62,58.056179483205895,114,125,222.02170545618955,186.93444487421345,35.087260581976096,True,26,26,144.016
256,13,192,40,3,GSA,0.7500000000000007,146,-1,-1,26.87803829227827,88,118,146.0424107501397,134.0334933409084,12.008917409231316,True,47,26,70.153
256,13,192,40,3,TGSA,0.7500000000000007,146,-1,-1,124.71910562036601,88,125,146.0424107501397,240.2248827408995,94.18247199075978,True,47,11,70.153
256,13,192,40,3,ZGSA,0.7500000000000007,146,152,81,3.7520268690125533,88,86,146.0424107501397,148.82358851800208,2.781177767862374,True,47,47,70.153
256,13,128,40,8,GSA,0.49999999969662046,39,-1,-1,29.051730070716275,115,122,223.707377619661,196.56552667826227,27.14185094139873,True,26,15,144.251
256,13,128,40,8,TGSA,0.49999999969662046,39,-1,-1,53.279748510586955,115,125,223.707377619661,240.2248827408988,16.517505121237804,True,26,11,144.251
256,13,128,40,8,ZGSA,0.49999999969662046,39,91,74,58.57839495968608,115,125,223.707377619661,183.14208685426837,40.56529076539263,True,26,26,144.251
320,1031,240,40,5,GSA,0.7499999999856727,127,-1,-1,43.43633301148445,134,153,325.80120225968534,295.6520792206994,30.14912303898592,True,24,15,215.84
320,1031,240,40,5,TGSA,0.7499999999856727,127,-1,-1,97.8694136288064,134,156,325.80120225968534,366.15556482621355,40.35436256652821,True,24,11,215.84
320,1031,240,40,5,ZGSA,0.7499999999856727,127,126,186,0.9643820525929812,134,134,325.80120225968534,325.5736241085661,0.22757815111924629,True,24,24,215.84
256,13,192,40,5,GSA,0.7500000000000004,145,-1,-1,26.6282828792937,89,118,145.50407930434758,133.72112643268713,11.782952871660456,True,47,26,70.839
256,13,192,40,5,TGSA,0.7500000000000004,145,-1,-1,124.71910562036592,89,125,145.50407930434758,240.22488274089937,94.72080343655179,True,47,11,70.839
256,13,192,40,5,ZGSA,0.7500000000000004,145,152,81,3.878517388905138,89,86,145.50407930434758,148.82358851800208,3.3195092136544986,True,47,47,70.839
320,1031,240,40,1,GSA,0.7500000000050102,125,-1,-1,43.81073708105441,132,153,326.4477239528861,296.2103424179717,30.237381534914448,True,24,15,246.309
320,1031,240,40,1,TGSA,0.7500000000050102,125,-1,-1,97.86941364074684,132,156,326.4477239528861,366.15556482621434,39.70784087332822,True,24,11,246.309
320,1031,240,40,1,ZGSA,0.7500000000050102,125,126,188,1.064619470945047,132,134,326.4477239528861,325.61633919895536,0.831384753930763,True,24,24,246.309
256,13,192,40,7,GSA,0.7499999999999999,145,-1,-1,26.91947428858326,89,118,145.74824139762183,134.08531697822553,11.66292441939629,True,47,26,69.405
256,13,192,40,7,TGSA,0.7499999999999999,145,-1,-1,124.71910562036574,89,125,145.74824139762183,240.22488274089915,94.47664134327732,True,47,11,69.405
256,13,192,40,7,ZGSA,0.7499999999999999,145,150,84,3.764126596188042,89,87,145.74824139762183,147.8903772273469,2.1421358297250777,True,47,47,69.405
256,13,192,40,4,GSA,0.7499999999999998,145,-1,-1,27.060410668246234,89,118,146.36921624431747,134.26158487303917,12.107631371278302,True,47,26,83.753
256,13,192,40,4,TGSA,0.7499999999999998,145,-1,-1,124.71910562036562,89,125,146.36921624431747,240.22488274089915,93.85566649658168,True,47,11,83.753
256,13,192,40,4,ZGSA,0.7499999999999998,145,151,82,3.807909990783166,89,86,146.36921624431747,148.34137739218716,1.9721611478696843,True,47,47,83.753
256,13,192,40,6,GSA,0.7499999999999997,144,-1,-1,27.05679725637677,89,118,146.22454930823721,134.25706561051493,11.967483697722287,True,47,26,84.308
256,13,192,40,6,TGSA,0.7499999999999997,144,-1,-1,124.71910562036562,89,125,146.22454930823721,240.22488274089915,94.00033343266193,True,47,11,84.308
256,13,192,40,6,ZGSA,0.7499999999999997,144,150,84,4.089729149501803,89,87,146.22454930823721,147.890377227347,1.6658279191097733,True,47,47,84.308
256,13,192,40,9,GSA,0.750000000000003,144,-1,-1,26.96295203015648,88,118,145.9984318122492,134.13969420903305,11.858737603216156,True,47,26,71.0
256,13,192,40,9,TGSA,0.750000000000003,144,-1,-1,124.7191056203672,88,125,145.9984318122492,240.22488274090017,94.22645092865096,True,47,11,71.0
256,13,192,40,9,ZGSA,0.750000000000003,144,149,87,3.650138792863885,88,87,145.9984318122492,147.45581712821541,1.4573853159662065,True,47,47,71.0
320,1031,240,40,4,GSA,0.7500000001215275,125,-1,-1,43.03536170074054,135,153,325.50077676831756,295.0542022586461,30.44657450967145,True,24,15,246.168
320,1031,240,40,4,TGSA,0.7500000001215275,125,-1,-1,97.86941371269725,135,156,325.50077676831756,366.155564826215,40.65478805789746,True,24,11,246.168
320,1031,240,40,4,ZGSA,0.7500000001215275,125,125,195,1.176930342416199,135,134,325.50077676831756,324.45221554350434,1.048561224813227,True,24,24,246.168
256,13,192,40,8,GSA,0.7499999999999994,144,-1,-1,26.581737633694715,88,118,145.636040001801,133.66291270155557,11.973127300245437,True,47,26,76.548
256,13,192,40,8,TGSA,0.7499999999999994,144,-1,-1,124.71910562036551,88,125,145.636040001801,240.2248827408991,94.58884273909808,True,47,11,76.548
256,13,192,40,8,ZGSA,0.7499999999999994,144,151,82,3.839864314069626,88,86,145.636040001801,148.34137739218716,2.7053373903861484,True,47,47,76.548
320,1031,240,40,0,GSA,0.7499999999858405,125,-1,-1,43.36559096303867,134,153,325.6296429863582,295.5465977733453,30.083045213012895,True,24,15,270.248
320,1031,240,40,0,TGSA,0.7499999999858405,125,-1,-1,97.86941362891014,134,156,325.6296429863582,366.1555648262157,40.52592183985752,True,24,11,270.248
320,1031,240,40,0,ZGSA,0.7499999999858405,125,126,185,1.2898145428537404,134,134,325.6296429863582,325.54796244508725,0.08168054127094138,True,24,24,270.248
320,1031,240,40,3,GSA,0.7499999999941676,126,-1,-1,43.44017493191748,135,153,326.24990666595096,295.65780779090915,30.592098875041813,True,24,15,276.285
320,1031,240,40,3,TGSA,0.7499999999941676,126,-1,-1,97.86941363405154,135,156,326.24990666595096,366.15556482621287,39.90565816026191,True,24,11,276.285
320,1031,240,40,3,ZGSA,0.7499999999941676,126,126,183,1.3062287250843028,135,134,326.24990666595096,325.4879899214131,0.7619167445378707,True,24,24,276.285
320,1031,240,40,7,GSA,0.7499999998827804,127,-1,-1,43.767628149735174,132,153,327.3436703379815,296.146064008154,31.197606329827522,True,24,15,271.05
320,1031,240,40,7,TGSA,0.7499999998827804,127,-1,-1,97.86941356526958,132,156,327.3436703379815,366.15556482621366,38.811894488232156,True,24,11,271.05
320,1031,240,40,7,ZGSA,0.7499999998827804,127,127,180,1.492208571872574,132,133,327.3436703379815,326.6448982569666,0.6987720810149085,True,24,24,271.05
320,1031,240,40,6,GSA,0.749999999576107,127,-1,-1,43.752008462572434,134,153,326.77464905048697,296.1227741546453,30.651874895841672,True,24,15,281.729
320,1031,240,40,6,TGSA,0.749999999576107,127,-1,-1,97.86941337589656,134,156,326.77464905048697,366.1555648262163,39.38091577572931,True,24,11,281.729
320,1031,240,40,6,ZGSA,0.749999999576107,127,127,182,1.299306171502053,134,133,326.77464905048697,326.7179662280378,0.05668282244914735,True,24,24,281.729
320,1031,240,40,8,GSA,0.7500000000068549,127,-1,-1,43.15366507967522,133,153,325.5713237257876,295.230601127279,30.34072259850859,True,24,15,281.676
320,1031,240,40,8,TGSA,0.7500000000068549,127,-1,-1,97.86941364188615,133,156,325.5713237257876,366.1555648262158,40.584241100428244,True,24,11,281.676
320,1031,240,40,8,ZGSA,0.7500000000068549,127,126,185,1.0831763658817124,133,134,325.5713237257876,325.54796242249256,0.023361303295018843,True,24,24,281.676
320,1031,240,40,9,GSA,0.750000000473472,125,-1,-1,43.34362614511278,132,153,325.58685799256773,295.5138463178579,30.073011674709846,True,24,15,268.147
320,1031,240,40,9,TGSA,0.750000000473472,125,-1,-1,97.86941393002598,132,156,325.58685799256773,366.1555648262163,40.56870683364855,True,24,11,268.147
320,1031,240,40,9,ZGSA,0.750000000473472,125,126,182,1.3247071436349884,132,134,325.58685799256773,325.4536593611911,0.13319863137661514,True,24,24,268.147
256,31,192,40,1,GSA,0.749999999999958,128,-1,-1,27.608772802789048,95,120,169.24774034033902,153.7020240906852,15.545716249653822,True,37,21,90.745
256,31,192,40,1,TGSA,0.749999999999958,128,-1,-1,103.9303099352094,95,125,169.24774034033902,240.22488274089937,70.97714240056035,True,37,11,90.745
256,31,192,40,1,ZGSA,0.749999999999958,128,129,126,0.6944679426310145,95,96,169.24774034033902,169.42449114069547,0.17675080035644442,True,37,37,90.745
256,31,192,40,4,GSA,0.7499999999999982,128,-1,-1,28.065254340894874,96,120,170.25896278590727,154.30828863402235,15.950674151884925,True,37,21,88.435
256,31,192,40,4,TGSA,0.7499999999999982,128,-1,-1,103.93030993522176,96,125,170.25896278590727,240.22488274089903,69.96591995499176,True,37,11,88.435
256,31,192,40,4,ZGSA,0.7499999999999982,128,130,124,0.6317545782626759,96,95,170.25896278590727,170.06576789514554,0.19319489076173113,True,37,37,88.435
256,31,192,40,5,GSA,0.7499999999999959,131,-1,-1,28.033183245983082,97,120,169.8417392696233,154.26569420974073,15.576045059882574,True,37,21,88.325
256,31,192,40,5,TGSA,0.7499999999999959,131,-1,-1,103.9303099352207,97,125,169.8417392696233,240.22488274089847,70.38314347127516,True,37,11,88.325
256,31,192,40,5,ZGSA,0.7499999999999959,131,130,124,0.6893663602631719,97,95,169.8417392696233,170.06576789514727,0.22402862552397096,True,37,37,88.325
256,31,192,40,8,GSA,0.7499999999999915,127,-1,-1,27.72475039457261,96,120,169.48483430761542,153.8560568288779,15.628777478737504,True,37,21,83.362
256,31,192,40,8,TGSA,0.7499999999999915,127,-1,-1,103.93030993521984,96,125,169.48483430761542,240.2248827408995,70.74004843328407,True,37,11,83.362
256,31,192,40,8,ZGSA,0.7499999999999915,127,129,126,0.5437102071692905,96,96,169.48483430761542,169.42449114067904,0.0603431669363772,True,37,37,83.362
256,31,192,40,2,GSA,0.7499999999999986,127,-1,-1,27.789847579719975,96,120,169.62218568633725,153.94251402810443,15.67967165823282,True,37,21,102.732
256,31,192,40,2,TGSA,0.7499999999999986,127,-1,-1,103.930309935222,96,125,169.62218568633725,240.22488274089903,70.60269705456179,True,37,11,102.732
256,31,192,40,2,ZGSA,0.7499999999999986,127,129,126,0.40843805464103866,96,96,169.62218568633725,169.424491140675,0.19769454566224454,True,37,37,102.732
256,31,192,40,0,GSA,0.749999999999999,126,-1,-1,27.670769454495435,98,120,169.24289517558304,153.784363394273,15.458531781310057,True,37,21,115.562
256,31,192,40,0,TGSA,0.749999999999999,126,-1,-1,103.93030993522206,98,125,169.24289517558304,240.22488274089915,70.9819875653161,True,37,11,115.562
256,31,192,40,0,ZGSA,0.749999999999999,126,129,126,0.418097816340925,98,96,169.24289517558304,169.42449114067503,0.1815959650919865,True,37,37,115.562
256,31,192,40,7,GSA,0.7499999999999934,127,-1,-1,27.855308576880738,96,120,169.39888305323745,154.02945441619227,15.36942863704519,True,37,21,98.114
256,31,192,40,7,TGSA,0.7499999999999934,127,-1,-1,103.93030993522068,96,125,169.39888305323745,240.22488274089983,70.82599968766237,True,37,11,98.114
256,31,192,40,7,ZGSA,0.7499999999999934,127,129,126,0.6424331390860161,96,96,169.39888305323745,169.4244911406774,0.02560808743993448,True,37,37,98.114
256,31,192,40,3,GSA,0.750000000000003,129,-1,-1,27.910925549669955,94,120,170.15213003470026,154.10332070662196,16.048809328078306,True,37,21,104.349
256,31,192,40,3,TGSA,0.750000000000003,129,-1,-1,103.93030993522399,94,125,170.15213003470026,240.22488274090034,70.07275270620008,True,37,11,104.349
256,31,192,40,3,ZGSA,0.750000000000003,129,130,125,0.7508093247925274,94,95,170.15213003470026,170.0691752622919,0.0829547724083568,True,37,37,104.349
256,31,128,40,3,GSA,0.5000000040088665,26,-1,-1,23.348994979979985,119,123,252.24533975912271,229.7037046192894,22.541635139833318,True,19,12,160.757
256,31,128,40,3,TGSA,0.5000000040088665,26,-1,-1,28.43456143505859,119,125,252.24533975912271,240.22488274089886,12.020457018223851,True,19,11,160.757
256,31,128,40,3,ZGSA,0.5000000040088665,26,88,81,48.4753920286044,119,125,252.24533975912271,228.27030406850628,23.975035690616437,True,19,19,160.757
256,31,192,40,6,GSA,0.7500000000000032,130,-1,-1,28.242625435949506,94,120,170.66634488626443,154.5422050262023,16.124139860062115,True,37,21,110.788
256,31,192,40,6,TGSA,0.7500000000000032,130,-1,-1,103.930309935224,94,125,170.66634488626443,240.22488274090034,69.55853785463592,True,37,11,110.788
256,31,192,40,6,ZGSA,0.7500000000000032,130,130,125,0.6238610616639448,94,95,170.66634488626443,170.06917526229188,0.5971696239725475,True,37,37,110.788
256,31,192,40,9,GSA,0.7500000000000007,128,-1,-1,27.758005487879117,95,120,169.4508095942572,153.9002237505124,15.550585843744813,True,37,21,85.492
256,31,192,40,9,TGSA,0.7500000000000007,128,-1,-1,103.93030993522308,95,125,169.4508095942572,240.22488274089983,70.77407314664262,True,37,11,85.492
256,31,192,40,9,ZGSA,0.7500000000000007,128,129,123,0.5938865339284121,95,96,169.4508095942572,169.40962071071536,0.041188883541849464,True,37,37,85.492
256,31,128,40,2,GSA,0.5000000113930622,24,-1,-1,22.508355933623847,120,123,252.41241440937216,230.90739296997384,21.50502143939832,True,19,12,188.841
256,31,128,40,2,TGSA,0.5000000113930622,24,-1,-1,26.845473279205088,120,125,252.41241440937216,240.2248827408996,12.187531668472559,True,19,11,188.841
256,31,128,40,2,ZGSA,0.5000000113930622,24,64,129,49.04018051529623,120,123,252.41241440937216,207.7794318537357,44.63298255563646,True,19,19,188.841
256,31,128,40,9,GSA,0.4999999977737052,24,-1,-1,22.360386179379788,118,123,252.07221154719997,230.47265539316447,21.599556154035497,True,19,12,164.792
256,31,128,40,9,TGSA,0.4999999977737052,24,-1,-1,26.845472156756337,118,125,252.07221154719997,240.2248827408988,11.847328806301164,True,19,11,164.792
256,31,128,40,9,ZGSA,0.4999999977737052,24,63,130,49.17674599934554,118,123,252.07221154719997,206.68030130322197,45.391910243978,True,19,19,164.792
256,31,128,40,5,GSA,0.5000000026313012,23,-1,-1,21.873408430408652,120,123,252.4725321211008,231.02859987445254,21.443932246648274,True,19,12,182.138
256,31,128,40,5,TGSA,0.5000000026313012,23,-1,-1,26.013541605108244,120,125,252.4725321211008,240.22488274089858,12.247649380202233,True,19,11,182.138
256,31,128,40,5,ZGSA,0.5000000026313012,23,64,129,48.39705178876859,120,123,252.4725321211008,207.77943472886676,44.69309739223405,True,19,19,182.138
256,31,128,40,0,GSA,0.5000000016896906,24,-1,-1,22.187037468871672,122,123,251.38835829824404,229.96334920873835,21.425009089505693,True,19,12,207.349
256,31,128,40,0,TGSA,0.5000000016896906,24,-1,-1,26.845472479495,122,125,251.38835829824404,240.2248827408988,11.163475557345237,True,19,11,207.349
256,31,128,40,0,ZGSA,0.5000000016896906,24,70,117,48.31082225623818,122,124,251.38835829824404,212.90220586445832,38.48615243378572,True,19,19,207.349
256,31,128,40,8,GSA,0.49999995121425467,22,-1,-1,21.4952385936653,120,123,252.92078365511418,232.0484525084318,20.87233114668237,True,19,12,183.206
256,31,128,40,8,TGSA,0.49999995121425467,22,-1,-1,25.156682385672617,120,125,252.92078365511418,240.2248827408996,12.695900914214576,True,19,11,183.206
256,31,128,40,8,ZGSA,0.49999995121425467,22,70,116,49.96724619274133,120,124,252.92078365511418,212.63303723623898,40.2877464188752,True,19,19,183.206
256,31,128,40,1,GSA,0.49999999645318854,22,-1,-1,21.696368215710777,118,123,253.8671571133957,232.6875790740108,21.179578039384893,True,19,12,211.926
256,31,128,40,1,TGSA,0.49999999645318854,22,-1,-1,25.156685803370806,118,125,253.8671571133957,240.22488274090028,13.642274372495422,True,19,11,211.926
256,31,128,40,1,ZGSA,0.49999999645318854,22,73,110,50.71518313212441,118,124,253.8671571133957,215.1824065533226,38.6847505600731,True,19,19,211.926
256,31,128,40,6,GSA,0.49999995617830956,21,-1,-1,21.08550678183738,119,123,253.3445378581933,233.12761747023276,20.216920387960528,True,19,12,196.681
256,31,128,40,6,TGSA,0.49999995617830956,21,-1,-1,24.274903202214695,119,125,253.3445378581933,240.2248827409005,13.11965511729278,True,19,11,196.681
256,31,128,40,6,ZGSA,0.49999995617830956,21,65,126,50.14283578705047,119,124,253.3445378581933,208.38065674551984,44.96388111267345,True,19,19,196.681
256,31,128,40,7,GSA,0.49999999886565655,24,-1,-1,22.39731665670827,118,123,252.11267720984083,230.58115830379882,21.53151890604201,True,19,12,197.639
256,31,128,40,7,TGSA,0.49999999886565655,24,-1,-1,26.84547224675027,118,125,252.11267720984083,240.22488274089994,11.887794468940882,True,19,11,197.639
256,31,128,40,7,ZGSA,0.49999999886565655,24,106,44,49.93657648337562,118,127,252.11267720984083,243.2123754984362,8.900301711404637,True,19,19,197.639
256,31,128,40,4,GSA,0.4999999981864939,24,-1,-1,22.668621485760518,121,123,252.9411703416182,231.37826258076296,21.56290776085524,True,19,12,220.433
256,31,128,40,4,TGSA,0.4999999981864939,24,-1,-1,26.845472190776597,121,125,252.9411703416182,240.2248827408995,12.716287600718715,True,19,11,220.433
256,31,128,40,4,ZGSA,0.4999999981864939,24,69,118,49.74979427662166,121,124,252.9411703416182,211.78286299644196,41.15830734517624,True,19,19,220.433
256,127,192,40,1,GSA,0.7500000000000349,106,-1,-1,27.003535319665104,104,121,200.25011936564766,182.24400987220548,18.00610949344218,True,27,17,119.265
256,127,192,40,1,TGSA,0.7500000000000349,106,-1,-1,74.22892619527666,104,125,200.25011936564766,240.22488274090057,39.974763375252905,True,27,11,119.265
256,127,192,40,1,ZGSA,0.7500000000000349,106,107,144,0.5132051724944233,104,104,200.25011936564766,200.63040429813347,0.3802849324858073,True,27,27,119.265
256,127,192,40,4,GSA,0.7500000000000103,108,-1,-1,27.05991935882932,105,121,200.41555975610885,182.32574260240784,18.089817153701006,True,27,17,113.064
256,127,192,40,4,TGSA,0.7500000000000103,108,-1,-1,74.22892619526722,105,125,200.41555975610885,240.22488274089994,39.809322984791095,True,27,11,113.064
256,127,192,40,4,ZGSA,0.7500000000000103,108,107,142,0.6982423075110944,105,104,200.41555975610885,200.59687207188514,0.18131231577629592,True,27,27,113.064
256,127,192,40,2,GSA,0.7499999999999843,107,-1,-1,27.004436390147944,106,121,200.33212766355726,182.24532406743373,18.08680359612353,True,27,17,125.929
256,127,192,40,2,TGSA,0.7499999999999843,107,-1,-1,74.2289261952574,106,125,200.33212766355726,240.22488274089903,39.892755077341775,True,27,11,125.929
256,127,192,40,2,ZGSA,0.7499999999999843,107,107,145,0.6546365690032871,106,104,200.33212766355726,200.64328051595137,0.31115285239411605,True,27,27,125.929
256,127,192,40,0,GSA,0.7499999999999739,105,-1,-1,27.018250173645498,105,121,200.3256305103045,182.26547122399512,18.060159286309386,True,27,17,146.871
256,127,192,40,0,TGSA,0.7499999999999739,105,-1,-1,74.22892619525356,105,125,200.3256305103045,240.22488274089983,39.89925223059532,True,27,11,146.871
256,127,192,40,0,ZGSA,0.7499999999999739,105,107,144,0.6741034615857835,105,104,200.3256305103045,200.6304042981711,0.30477378786659415,True,27,27,146.871
256,127,192,40,3,GSA,0.7499999999999025,104,-1,-1,26.851219780807867,105,121,200.155140684475,182.0218603787547,18.13328030572029,True,27,17,144.255
256,127,192,40,3,TGSA,0.7499999999999025,104,-1,-1,74.22892619522688,105,125,200.155140684475,240.22488274089915,40.06974205642416,True,27,11,144.255
256,127,192,40,3,ZGSA,0.7499999999999025,104,107,145,0.7130626799382753,105,104,200.155140684475,200.6432805160023,0.4881398315273202,True,27,27,144.255
256,127,192,40,8,GSA,0.7499999999999813,104,-1,-1,27.090037944459098,104,121,200.65814982323946,182.3691162305293,18.289033592710155,True,27,17,114.926
256,127,192,40,8,TGSA,0.7499999999999813,104,-1,-1,74.22892619525643,104,125,200.65814982323946,240.22488274090017,39.566732917660715,True,27,11,114.926
256,127,192,40,8,ZGSA,0.7499999999999813,104,107,145,0.5375575981869929,104,104,200.65814982323946,200.64328051595413,0.01486930728532343,True,27,27,114.926
256,127,192,40,5,GSA,0.749999999999992,106,-1,-1,26.897450373753742,104,121,200.71316166771706,182.08928687295827,18.62387479475879,True,27,17,144.654
256,127,192,40,5,TGSA,0.749999999999992,106,-1,-1,74.22892619526043,104,125,200.71316166771706,240.22488274089994,39.51172107318288,True,27,11,144.654
256,127,192,40,5,ZGSA,0.749999999999992,106,107,144,0.6621100758274281,104,104,200.71316166771706,200.6304042981599,0.08275736955715729,True,27,27,144.654
256,127,192,40,7,GSA,0.7499999999999555,107,-1,-1,27.379499670390828,102,121,200.8842660247147,182.7859686774451,18.09829734726958,True,27,17,145.379
256,127,192,40,7,TGSA,0.7499999999999555,107,-1,-1,74.2289261952466,102,125,200.8842660247147,240.22488274089926,39.34061671618457,True,27,11,145.379
256,127,192,40,7,ZGSA,0.7499999999999555,107,107,149,0.692354321298069,102,104,200.8842660247147,200.66899838451704,0.2152676401976521,True,27,27,145.379
256,127,192,40,6,GSA,0.7499999999999222,103,-1,-1,27.061535318244665,103,121,200.1562955437543,182.32806973452955,17.82822580922476,True,27,17,150.938
256,127,192,40,6,TGSA,0.7499999999999222,103,-1,-1,74.22892619523442,103,125,200.1562955437543,240.22488274089994,40.06858719714563,True,27,11,150.938
256,127,192,40,6,ZGSA,0.7499999999999222,103,107,144,0.6318304203853131,103,104,200.1562955437543,200.63040429820293,0.474108754448622,True,27,27,150.938
256,127,192,40,9,GSA,0.7499999999999117,108,-1,-1,27.179360888130915,105,121,200.82739563949605,182.4977497770157,18.329645862480334,True,27,17,147.578
256,127,192,40,9,TGSA,0.7499999999999117,108,-1,-1,74.2289261952307,105,125,200.82739563949605,240.2248827409005,39.397487101404465,True,27,11,147.578
256,127,192,40,9,ZGSA,0.7499999999999117,108,107,145,0.526644432062767,105,104,200.82739563949605,200.64328051599696,0.1841151234990832,True,27,27,147.578
256,127,128,40,4,GSA,0.5000000011847704,16,-1,-1,13.787451788409854,121,123,280.9463322831879,267.5393710258512,13.406961257336718,True,14,10,235.05
256,127,128,40,4,TGSA,0.5000000011847704,16,-1,-1,41.431341781575384,121,125,280.9463322831879,240.22488274089915,40.72144954228878,True,14,11,235.05
256,127,128,40,4,ZGSA,0.5000000011847704,16,90,77,28.376558840039564,121,126,280.9463322831879,306.5999681448368,25.653635861648866,True,14,14,235.05
256,127,128,40,1,GSA,0.4999995048260693,12,-1,-1,11.68287268282019,124,123,283.0421715974412,271.369605381522,11.672566215919232,True,13,10,271.926
256,127,128,40,1,TGSA,0.4999995048260693,12,-1,-1,43.017857197177506,124,125,283.0421715974412,240.22488274089994,42.81728885654127,True,13,11,271.926
256,127,128,40,1,ZGSA,0.4999995048260693,12,83,90,30.114981937379994,124,126,283.0421715974412,297.7100966305877,14.667925033146503,True,13,14,271.926
256,127,128,40,0,GSA,0.49999999262220945,14,-1,-1,12.776799550891923,125,123,281.8297189962793,269.13118059832925,12.698538397950074,True,14,10,299.145
256,127,128,40,0,TGSA,0.49999999262220945,14,-1,-1,41.849755610676,125,125,281.8297189962793,240.22488274089875,41.604836255380576,True,14,11,299.145
256,127,128,40,0,ZGSA,0.49999999262220945,14,92,72,28.94515468227769,125,126,281.8297189962793,308.52664820018913,26.696929203909804,True,14,14,299.145
256,127,128,40,9,GSA,0.4999999745871623,14,-1,-1,12.876958716755894,124,123,282.4895502511062,269.6148062781584,12.874743972947783,True,14,10,241.364
256,127,128,40,9,TGSA,0.4999999745871623,14,-1,-1,42.46208596327898,124,125,282.4895502511062,240.22488274089972,42.26466751020649,True,14,11,241.364
256,127,128,40,9,ZGSA,0.4999999745871623,14,52,152,28.772100043520425,124,124,282.4895502511062,260.44068941692706,22.048860834179152,True,14,14,241.364
256,127,128,40,2,GSA,0.4999999988803411,15,-1,-1,13.522571201688784,124,123,282.17276365396077,269.31147039352413,12.86129326043664,True,14,10,314.086
256,127,128,40,2,TGSA,0.4999999988803411,15,-1,-1,42.98615730349411,124,125,282.17276365396077,240.22488274089898,41.947880913061795,True,14,11,314.086
256,127,128,40,2,ZGSA,0.4999999988803411,15,94,68,29.6008842199074,124,126,282.17276365396077,310.9274871317525,28.754723477791742,True,14,14,314.086
256,127,128,40,5,GSA,0.49999989951914126,14,-1,-1,12.470611501436942,124,123,279.89823713272693,267.6527782936299,12.245458839097012,True,14,10,296.338
256,127,128,40,5,TGSA,0.49999989951914126,14,-1,-1,40.33286555876094,124,125,279.89823713272693,240.22488274089852,39.67335439182841,True,14,11,296.338
256,127,128,40,5,ZGSA,0.49999989951914126,14,90,76,29.236098121999717,124,126,279.89823713272693,306.1246099285336,26.22637279580664,True,14,14,296.338
256,127,128,40,7,GSA,0.5000000123542584,15,-1,-1,13.192148066402993,123,123,280.7841447199044,267.8161984470619,12.96794627284254,True,14,10,300.689
256,127,128,40,7,TGSA,0.5000000123542584,15,-1,-1,41.213267821874865,123,125,280.7841447199044,240.2248827408991,40.55926197900533,True,14,11,300.689
256,127,128,40,7,ZGSA,0.5000000123542584,15,90,77,27.722547883062546,123,126,280.7841447199044,306.59996226332584,25.815817543421417,True,14,14,300.689
256,127,128,40,3,GSA,0.49999958430106367,13,-1,-1,12.387744777991436,122,123,283.2412156479187,270.9149874762283,12.326228171690389,True,13,10,338.046
256,127,128,40,3,TGSA,0.49999958430106367,13,-1,-1,43.29253650909993,122,125,283.2412156479187,240.22488274089937,43.01633290701932,True,13,11,338.046
256,127,128,40,3,ZGSA,0.49999958430106367,13,93,70,29.409311355022624,122,126,283.2412156479187,309.72745585843126,26.486240210512562,True,13,14,338.046
256,127,128,40,8,GSA,0.5000000097731109,14,-1,-1,12.898843217814374,122,123,282.58014047162567,269.7204643407167,12.859676130908952,True,14,10,306.147
256,127,128,40,8,TGSA,0.5000000097731109,14,-1,-1,42.715967908355736,122,125,282.58014047162567,240.22488274089915,42.35525773072652,True,14,11,306.147
256,127,128,40,8,ZGSA,0.5000000097731109,14,92,73,28.473997395929956,122,126,282.58014047162567,309.01559360610145,26.43545313447578,True,14,14,306.147
256,127,128,40,6,GSA,0.5000000111579641,13,-1,-1,12.284587312940797,123,123,282.52163307187925,270.38064346919975,12.140989602679497,True,13,10,314.266
256,127,128,40,6,TGSA,0.5000000111579641,13,-1,-1,42.8049506223183,123,125,282.52163307187925,240.22488274089903,42.29675033098022,True,13,11,314.266
256,127,128,40,6,ZGSA,0.5000000111579641,13,93,71,28.679182529370124,123,126,282.52163307187925,310.2231347525038,27.701501680624574,True,13,14,314.266
256,1031,192,40,3,GSA,0.7499999999990442,82,-1,-1,22.814235868081198,113,122,235.52924599894595,217.47085393058583,18.05839206836012,True,19,13,154.949
256,1031,192,40,3,TGSA,0.7499999999990442,82,-1,-1,39.32284723720501,113,125,235.52924599894595,240.22488274089847,4.695636741952512,True,19,11,154.949
256,1031,192,40,3,ZGSA,0.7499999999990442,82,80,170,0.6177678403001607,113,113,235.52924599894595,235.23705900834875,0.29218699059720166,True,19,19,154.949
256,1031,192,40,1,GSA,0.7500000000018308,81,-1,-1,23.15170708837087,114,122,236.65706779417135,218.03790643229615,18.6191613618752,True,19,13,172.889
256,1031,192,40,1,TGSA,0.7500000000018308,81,-1,-1,39.32284723828771,114,125,236.65706779417135,240.2248827408988,3.5678149467274523,True,19,11,172.889
256,1031,192,40,1,ZGSA,0.7500000000018308,81,81,170,0.720634349425552,114,113,236.65706779417135,236.41947691085682,0.23759088331453881,True,19,19,172.889
256,1031,192,40,6,GSA,0.7499999999985122,81,-1,-1,22.864928340016704,113,122,235.7257433351868,217.55664280573887,18.169100529447917,True,19,13,152.264
256,1031,192,40,6,TGSA,0.7499999999985122,81,-1,-1,39.32284723699844,113,125,235.7257433351868,240.2248827408988,4.499139405712015,True,19,11,152.264
256,1031,192,40,6,ZGSA,0.7499999999985122,81,80,176,0.9144289863644417,113,113,235.7257433351868,235.31465082992372,0.4110925052630705,True,19,19,152.264
256,1031,192,40,5,GSA,0.7499999999968328,79,-1,-1,23.215413801325056,113,122,236.26643406268238,218.1439308006173,18.122503262065067,True,19,13,168.136
256,1031,192,40,5,TGSA,0.7499999999968328,79,-1,-1,39.32284723634588,113,125,236.26643406268238,240.2248827408988,3.9584486782164277,True,19,11,168.136
256,1031,192,40,5,ZGSA,0.7499999999968328,79,81,169,0.6834335475907949,113,113,236.26643406268238,236.39748515541515,0.1310510927327755,True,19,19,168.136
256,1031,192,40,0,GSA,0.749999999998678,80,-1,-1,22.943378266454445,113,122,235.35624709809025,217.68940671842532,17.666840379664933,True,19,13,203.419
256,1031,192,40,0,TGSA,0.749999999998678,80,-1,-1,39.322847237062774,113,125,235.35624709809025,240.22488274089977,4.868635642809522,True,19,11,203.419
256,1031,192,40,0,ZGSA,0.749999999998678,80,80,175,0.4562454970651686,113,113,235.35624709809025,235.3109607257606,0.04528637232965593,True,19,19,203.419
256,1031,192,40,7,GSA,0.7500000000073105,81,-1,-1,22.793642953286934,112,122,235.76414592803434,217.4360037219701,18.32814220606423,True,19,13,158.699
256,1031,192,40,7,TGSA,0.7500000000073105,81,-1,-1,39.322847240416934,112,125,235.76414592803434,240.22488274090057,4.46073681286623,True,19,11,158.699
256,1031,192,40,7,ZGSA,0.7500000000073105,81,80,170,0.6806918694518131,112,113,235.76414592803434,235.2370590020521,0.5270869259822462,True,19,19,158.699
200,13,100,40,0,GSA,0.4999999999869453,26,-1,-1,15.592812602459936,89,95,155.833678822149,141.94236625053682,13.89131257161219,True,20,13,136.512
200,13,100,40,0,TGSA,0.4999999999869453,26,-1,-1,21.181799334335544,89,98,155.833678822149,150.96988694090132,4.863791881247693,True,20,11,136.512
200,13,100,40,0,ZGSA,0.4999999999869453,26,98,4,31.991660198544636,89,100,155.833678822149,159.72524739084585,3.89156856869684,True,20,20,136.512
256,1031,192,40,2,GSA,0.7500000000001238,81,-1,-1,22.703806474018762,113,122,235.2224405321196,217.2839698958916,17.938470636228004,True,19,13,200.315
256,1031,192,40,2,TGSA,0.7500000000001238,81,-1,-1,39.32284723762449,113,125,235.2224405321196,240.22488274089955,5.002442208779939,True,19,11,200.315
256,1031,192,40,2,ZGSA,0.7500000000001238,81,80,169,0.7193992208300841,113,113,235.2224405321196,235.2111484894216,0.011292042698016758,True,19,19,200.315
200,13,100,40,3,GSA,0.49999999999929395,26,-1,-1,15.688565454672684,91,95,156.81965768039345,142.153492398328,14.666165282065435,True,20,13,97.587
200,13,100,40,3,TGSA,0.49999999999929395,26,-1,-1,21.181799335158992,91,98,156.81965768039345,150.96988694090103,5.849770739492413,True,20,11,97.587
200,13,100,40,3,ZGSA,0.49999999999929395,26,59,82,31.885649535564852,91,96,156.81965768039345,135.08474552459018,21.734912155803272,True,20,20,97.587
256,1031,128,40,2,GSA,0.4999999367189139,9,-1,-1,3.8519309631700693,126,124,304.38335201261475,301.83247236928867,2.550879643326084,True,10,9,327.851
256,1031,128,40,2,TGSA,0.4999999367189139,9,-1,-1,64.25344410606976,126,125,304.38335201261475,240.2248827409,64.15846927171475,True,10,11,327.851
256,1031,128,40,2,ZGSA,0.4999999367189139,9,24,208,3.6234628211010005,126,124,304.38335201261475,305.9308923672353,1.547540354620537,True,10,10,327.851
200,13,100,40,1,GSA,0.49999999999526284,27,-1,-1,15.556856060232178,91,95,155.79883669564177,141.20857086820644,14.590265827435331,True,20,13,129.723
200,13,100,40,1,TGSA,0.49999999999526284,27,-1,-1,21.660004754128465,91,98,155.79883669564177,150.96988694090152,4.8289497547402505,True,20,11,129.723
200,13,100,40,1,ZGSA,0.49999999999526284,27,50,100,31.11452371544322,91,96,155.79883669564177,129.39834523887964,26.400491456762126,True,20,20,129.723
256,1031,192,40,4,GSA,0.749999999991844,79,-1,-1,23.16501062920082,113,122,236.35397796441856,218.060046953238,18.293931011180575,True,19,13,206.425
256,1031,192,40,4,TGSA,0.749999999991844,79,-1,-1,39.32284723440736,113,125,236.35397796441856,240.2248827408988,3.870904776480245,True,19,11,206.425
256,1031,192,40,4,ZGSA,0.749999999991844,79,81,167,0.8476077188952615,113,113,236.35397796441856,236.34243061347786,0.011547350940702472,True,19,19,206.425
200,13,100,40,5,GSA,0.5000000000011757,29,-1,-1,15.318873064056476,89,95,153.6288785975853,139.66533241718253,13.963546180402773,True,20,13,96.293
200,13,100,40,5,TGSA,0.5000000000011757,29,-1,-1,22.59850112398945,89,98,153.6288785975853,150.96988694090174,2.658991656683554,True,20,11,96.293
200,13,100,40,5,ZGSA,0.5000000000011757,29,70,61,28.872438024518495,89,97,153.6288785975853,142.3020818136951,11.326796783890188,True,20,20,96.293
200,13,100,40,6,GSA,0.49999999999992545,32,-1,-1,15.618348677550067,88,95,153.46433994773548,139.1667763131386,14.297563634596884,True,20,13,104.079
200,13,100,40,6,TGSA,0.49999999999992545,32,-1,-1,23.677166105630242,88,98,153.46433994773548,150.96988694090103,2.4944530068344477,True,20,11,104.079
200,13,100,40,6,ZGSA,0.49999999999992545,32,97,6,29.777433836187683,88,100,153.46433994773548,159.08720028371977,5.622860335984285,True,20,20,104.079
200,13,150,40,0,GSA,0.7500000000000002,103,-1,-1,16.750617758543953,74,92,108.21131616768926,99.03028050766666,9.181035660022602,True,37,22,41.784
200,13,150,40,0,TGSA,0.7500000000000002,103,-1,-1,63.553755121639384,74,98,108.21131616768926,150.96988694090123,42.75857077321197,True,37,11,41.784
200,13,150,40,0,ZGSA,0.7500000000000002,103,103,95,0.6235987561980494,74,74,108.21131616768926,108.59700839071053,0.38569222302126605,True,37,37,41.784
200,13,150,40,4,GSA,0.7499999999999999,101,-1,-1,16.706972357879728,74,92,108.15029458737902,98.97321238001588,9.177082207363142,True,37,22,37.754
200,13,150,40,4,TGSA,0.7499999999999999,101,-1,-1,63.55375512163922,74,98,108.15029458737902,150.96988694090115,42.819592353522125,True,37,11,37.754
200,13,150,40,4,ZGSA,0.7499999999999999,101,102,96,0.5534796506996926,74,74,108.15029458737902,108.11275557559426,0.037539011784758713,True,37,37,37.754
256,1031,192,40,8,GSA,0.7500000000019108,80,-1,-1,22.622710135204912,114,122,235.06629615778087,217.14672735750062,17.919568800280246,True,19,13,204.119
256,1031,192,40,8,TGSA,0.7500000000019108,80,-1,-1,39.322847238318786,114,125,235.06629615778087,240.22488274089994,5.1585865831190745,True,19,11,204.119
256,1031,192,40,8,ZGSA,0.7500000000019108,80,80,168,0.8616069481824411,114,113,235.06629615778087,235.18150788433655,0.11521172655568535,True,19,19,204.119
200,13,100,40,2,GSA,0.49999999999590916,25,-1,-1,15.389142084659284,91,95,156.596737360561,142.22878500696498,14.367952353596024,True,20,13,136.006
200,13,100,40,2,TGSA,0.49999999999590916,25,-1,-1,20.67866953268853,91,98,156.596737360561,150.96988694090118,5.6268504196598315,True,20,11,136.006
200,13,100,40,2,ZGSA,0.49999999999590916,25,98,4,32.36625142291319,91,100,156.596737360561,159.7252473885809,3.128510028019889,True,20,20,136.006
200,13,150,40,2,GSA,0.75,101,-1,-1,16.793817924093275,73,92,108.46261638954047,99.08676647299552,9.37584991654495,True,37,22,49.222
200,13,150,40,2,TGSA,0.75,101,-1,-1,63.55375512163933,73,98,108.46261638954047,150.96988694090115,42.507270551360676,True,37,11,49.222
200,13,150,40,2,ZGSA,0.75,101,103,94,0.6603482533511595,73,74,108.46261638954047,108.59229898295612,0.12968259341565158,True,37,37,49.222
200,13,150,40,1,GSA,0.7500000000000001,100,-1,-1,16.632897198344978,73,92,108.1479913595885,98.8763561122856,9.271635247302896,True,37,22,51.63
200,13,150,40,1,TGSA,0.7500000000000001,100,-1,-1,63.553755121639355,73,98,108.1479913595885,150.96988694090123,42.82189558131273,True,37,11,51.63
200,13,150,40,1,ZGSA,0.7500000000000001,100,103,92,0.59318484252708,73,74,108.1479913595885,108.57813497694073,0.43014361735222906,True,37,37,51.63
200,13,150,40,3,GSA,0.75,100,-1,-1,16.93818953235909,72,92,108.66506668951419,99.27553819292307,9.389528496591126,True,37,22,51.703
200,13,150,40,3,TGSA,0.75,100,-1,-1,63.55375512163933,72,98,108.66506668951419,150.96988694090115,42.30482025138696,True,37,11,51.703
200,13,150,40,3,ZGSA,0.75,100,103,93,0.6824216543165278,72,74,108.66506668951419,108.58601050538675,0.0790561841274382,True,37,37,51.703
256,1031,192,40,9,GSA,0.7499999999995501,81,-1,-1,22.897240719486973,115,122,235.97212778315435,217.611326321147,18.360801462007345,True,19,13,198.019
256,1031,192,40,9,TGSA,0.7499999999995501,81,-1,-1,39.32284723740163,115,125,235.97212778315435,240.22488274089955,4.252754957745196,True,19,11,198.019
256,1031,192,40,9,ZGSA,0.7499999999995501,81,80,170,0.8221777655367504,115,113,235.97212778315435,235.23705900796438,0.7350687751899727,True,19,19,198.019
200,13,150,40,7,GSA,0.75,102,-1,-1,16.915601924370904,74,92,108.43464368978141,99.24600398145172,9.188639708329688,True,37,22,43.074
200,13,150,40,7,TGSA,0.75,102,-1,-1,63.55375512163933,74,98,108.43464368978141,150.96988694090115,42.53524325111974,True,37,11,43.074
200,13,150,40,7,ZGSA,0.75,102,104,92,0.7076254247689526,74,74,108.43464368978141,109.06508825781998,0.6304445680385697,True,37,37,43.074
256,1031,128,40,6,GSA,0.5000000070707178,10,-1,-1,3.937944024651273,123,124,303.6679450115871,300.6068325130631,3.0611124985239826,True,10,9,306.377
256,1031,128,40,6,TGSA,0.5000000070707178,10,-1,-1,63.51766265703051,123,125,303.6679450115871,240.22488274089966,63.44306227068745,True,10,11,306.377
256,1031,128,40,6,ZGSA,0.5000000070707178,10,23,211,3.2637210173033893,123,124,303.6679450115871,304.3742194317737,0.7062744201866167,True,10,10,306.377
200,13,100,40,4,GSA,0.5000000000035005,27,-1,-1,15.911445312358673,91,95,156.31823263769877,141.96580224998127,14.352430387717504,True,20,13,144.058
200,13,100,40,4,TGSA,0.5000000000035005,27,-1,-1,21.66000475469901,91,98,156.31823263769877,150.96988694090138,5.348345696797395,True,20,11,144.058
200,13,100,40,4,ZGSA,0.5000000000035005,27,96,9,31.14061412258482,91,100,156.31823263769877,158.7894449676952,2.4712123299964333,True,20,20,144.058
200,13,150,40,6,GSA,0.75,99,-1,-1,16.67930559425851,75,92,108.00701206116145,98.93703696697492,9.069975094186532,True,37,22,50.371
200,13,150,40,6,TGSA,0.75,99,-1,-1,63.55375512163933,75,98,108.00701206116145,150.96988694090115,42.9628748797397,True,37,11,50.371
200,13,150,40,6,ZGSA,0.75,99,103,91,0.7826240476414341,75,74,108.00701206116145,108.56866237387587,0.5616503127144199,True,37,37,50.371
200,13,150,40,9,GSA,0.7500000000000001,103,-1,-1,16.751375719592346,73,92,107.9635783411246,99.03127157315066,8.932306767973941,True,37,22,44.261
200,13,150,40,9,TGSA,0.7500000000000001,103,-1,-1,63.553755121639355,73,98,107.9635783411246,150.96988694090123,43.00630859977663,True,37,11,44.261
200,13,150,40,9,ZGSA,0.7500000000000001,103,103,95,0.6644325807301783,73,74,107.9635783411246,108.59700839071053,0.6334300495859253,True,37,37,44.261
256,1031,128,40,1,GSA,0.4999999482328773,10,-1,-1,4.010307969373599,124,124,304.1600886672545,301.0883446540797,3.0717440131747935,True,10,9,384.459
256,1031,128,40,1,TGSA,0.4999999482328773,10,-1,-1,64.08717152817064,124,125,304.1600886672545,240.22488274089847,63.93520592635605,True,10,11,384.459
256,1031,128,40,1,ZGSA,0.4999999482328773,10,23,210,4.19170211245595,124,124,304.1600886672545,304.206228839072,0.04614017181751251,True,10,10,384.459
200,13,150,40,5,GSA,0.7499999999999999,102,-1,-1,16.799754114121413,74,92,108.11612789249142,99.09452828167038,9.021599610821042,True,37,22,55.078
200,13,150,40,5,TGSA,0.7499999999999999,102,-1,-1,63.55375512163922,74,98,108.11612789249142,150.96988694090115,42.85375904840973,True,37,11,55.078
200,13,150,40,5,ZGSA,0.7499999999999999,102,103,94,0.6196152933955261,74,74,108.11612789249142,108.59229898295612,0.4761710904647032,True,37,37,55.078
200,13,150,40,8,GSA,0.75,100,-1,-1,16.71843645171745,73,92,108.19691695761496,98.98820214590009,9.20871481171487,True,37,22,59.463
200,13,150,40,8,TGSA,0.75,100,-1,-1,63.55375512163933,73,98,108.19691695761496,150.96988694090115,42.77296998328619,True,37,11,59.463
200,13,150,40,8,ZGSA,0.75,100,103,95,0.7852323093333702,73,74,108.19691695761496,108.59700839071056,0.40009143309559647,True,37,37,59.463
200,13,100,40,7,GSA,0.49999999999957284,28,-1,-1,15.38710414364676,91,95,154.08427756485372,140.28665164199543,13.797625922858288,True,20,13,127.02
200,13,100,40,7,TGSA,0.49999999999957284,28,-1,-1,22.195068853631284,91,98,154.08427756485372,150.96988694090152,3.114390623952204,True,20,11,127.02
200,13,100,40,7,ZGSA,0.49999999999957284,28,99,2,30.38582158651984,91,100,154.08427756485372,160.3632944915022,6.279016926648467,True,20,20,127.02
256,1031,128,40,3,GSA,0.4999999277246948,11,-1,-1,4.1539638333412086,126,124,303.4653470254915,300.5762489457324,2.889098079759094,True,10,9,397.304
256,1031,128,40,3,TGSA,0.4999999277246948,11,-1,-1,63.25694741728444,126,125,303.4653470254915,240.2248827408988,63.24046428459269,True,10,11,397.304
256,1031,128,40,3,ZGSA,0.4999999277246948,11,22,212,3.5920612797183225,126,124,303.4653470254915,302.4815222637721,0.9838247617194043,True,10,10,397.304
200,13,100,40,8,GSA,0.49999999999359784,30,-1,-1,15.404684024713646,90,95,153.35417575031363,139.4213217681305,13.932853982183133,True,20,13,136.239
200,13,100,40,8,TGSA,0.49999999999359784,30,-1,-1,22.945074713686367,90,98,153.35417575031363,150.9698869409011,2.3842888094125385,True,20,11,136.239
200,13,100,40,8,ZGSA,0.49999999999359784,30,53,94,29.67426760906607,90,96,153.35417575031363,131.29619598640625,22.057979763907383,True,20,20,136.239
200,13,100,40,9,GSA,0.500000000003666,26,-1,-1,15.549318763257162,90,95,156.1705098820762,141.84646636913004,14.324043512946162,True,20,13,128.634
200,13,100,40,9,TGSA,0.500000000003666,26,-1,-1,21.181799335450606,90,98,156.1705098820762,150.96988694090118,5.200622941175027,True,20,11,128.634
200,13,100,40,9,ZGSA,0.500000000003666,26,100,1,30.701666940858885,90,100,156.1705098820762,161.6393886981455,5.468878816069292,True,20,20,128.634
200,31,150,40,5,GSA,0.7499999999999994,86,-1,-1,16.612189798770387,76,93,123.34112738707162,113.07259748263795,10.268529904433677,True,29,18,56.37
200,31,150,40,5,TGSA,0.7499999999999994,86,-1,-1,48.98636705565474,76,98,123.34112738707162,150.96988694090123,27.62875955382961,True,29,11,56.37
200,31,150,40,5,ZGSA,0.7499999999999994,86,88,108,0.7972320540078925,76,80,123.34112738707162,123.845682292797,0.5045549057253709,True,29,29,56.37
200,31,150,40,4,GSA,0.7499999999999958,87,-1,-1,16.5371696028801,79,93,123.86714252039036,112.96721549927088,10.899927021119481,True,29,18,59.567
200,31,150,40,4,TGSA,0.7499999999999958,87,-1,-1,48.98636705565395,79,98,123.86714252039036,150.96988694090138,27.102744420511016,True,29,11,59.567
200,31,150,40,4,ZGSA,0.7499999999999958,87,88,112,0.5239039891599617,79,80,123.86714252039036,123.8683577737549,0.001215253364534874,True,29,29,59.567
200,31,150,40,0,GSA,0.7500000000000002,87,-1,-1,16.39055975111161,77,93,123.39226627821748,112.76127046357956,10.630995814637913,True,29,18,67.429
200,31,150,40,0,TGSA,0.7500000000000002,87,-1,-1,48.98636705565499,77,98,123.39226627821748,150.96988694090146,27.577620662683984,True,29,11,67.429
200,31,150,40,0,ZGSA,0.7500000000000002,87,88,110,0.6010936979007795,77,80,123.39226627821748,123.86156265808461,0.46929637986713146,True,29,29,67.429
200,31,150,40,3,GSA,0.7500000000000004,86,-1,-1,16.845355486857848,81,93,123.79111370945579,113.40012878754818,10.390984921907602,True,29,18,70.814
200,31,150,40,3,TGSA,0.7500000000000004,86,-1,-1,48.98636705565506,81,98,123.79111370945579,150.96988694090152,27.17877323144573,True,29,11,70.814
200,31,150,40,3,ZGSA,0.7500000000000004,86,88,112,0.6796372261001267,81,80,123.79111370945579,123.86835777375335,0.07724406429755959,True,29,29,70.814
200,31,150,40,6,GSA,0.7499999999999994,87,-1,-1,16.362903875081855,80,93,123.52105926447274,112.7224218437755,10.798637420697233,True,29,18,61.218
200,31,150,40,6,TGSA,0.7499999999999994,87,-1,-1,48.98636705565474,80,98,123.52105926447274,150.96988694090123,27.448827676428493,True,29,11,61.218
200,31,150,40,6,ZGSA,0.7499999999999994,87,87,113,0.7438985066136965,80,80,123.52105926447274,123.24000826198721,0.28105100248552617,True,29,29,61.218
200,31,150,40,1,GSA,0.7499999999999964,89,-1,-1,16.733114527738294,81,93,124.00339300755894,113.24246224410842,10.760930763450517,True,29,18,77.72
200,31,150,40,1,TGSA,0.7499999999999964,89,-1,-1,48.9863670556541,81,98,124.00339300755894,150.96988694090152,26.966493933342576,True,29,11,77.72
200,31,150,40,1,ZGSA,0.7499999999999964,89,88,112,0.4187536367123421,81,80,124.00339300755894,123.8683577737548,0.13503523380414606,True,29,29,77.72
200,31,150,40,2,GSA,0.750000000000005,86,-1,-1,16.458032860823728,77,93,123.90468441497399,112.85605094285943,11.04863347211456,True,29,18,76.027
200,31,150,40,2,TGSA,0.750000000000005,86,-1,-1,48.98636705565614,77,98,123.90468441497399,150.96988694090157,27.06520252592759,True,29,11,76.027
200,31,150,40,2,ZGSA,0.750000000000005,86,88,112,0.8738172933468107,77,80,123.90468441497399,123.86835777375163,0.03632664122235951,True,29,29,76.027
256,1031,128,40,7,GSA,0.5000000527439175,10,-1,-1,4.256790181484455,126,124,306.2212771262276,302.72830488131245,3.4929722449151654,True,10,9,404.673
256,1031,128,40,7,TGSA,0.5000000527439175,10,-1,-1,66.29219735766057,126,125,306.2212771262276,240.22488274089994,65.99639438532768,True,10,11,404.673
256,1031,128,40,7,ZGSA,0.5000000527439175,10,23,211,3.74922988183841,126,124,306.2212771262276,304.37419560918096,1.8470815170466608,True,10,10,404.673
256,1031,128,40,8,GSA,0.5000000535562551,10,-1,-1,3.999911691311631,127,124,303.97550845051063,300.96526395253966,3.010244497970973,True,10,9,392.622
256,1031,128,40,8,TGSA,0.5000000535562551,10,-1,-1,63.89158031436591,127,125,303.97550845051063,240.2248827409005,63.75062570961012,True,10,11,392.622
256,1031,128,40,8,ZGSA,0.5000000535562551,10,23,211,3.5193223250795853,127,124,303.97550845051063,304.3741951854767,0.398686734966077,True,10,10,392.622
200,31,150,40,7,GSA,0.7499999999999873,85,-1,-1,16.389106223501443,81,93,123.51302592239574,112.7592286715836,10.753797250812141,True,29,18,77.728
200,31,150,40,7,TGSA,0.7499999999999873,85,-1,-1,48.98636705565216,81,98,123.51302592239574,150.96988694090138,27.456861018505634,True,29,11,77.728
200,31,150,40,7,ZGSA,0.7499999999999873,85,87,113,0.5246703909919859,81,80,123.51302592239574,123.2400082619916,0.2730176604041361,True,29,29,77.728
200,31,150,40,8,GSA,0.7500000000000009,85,-1,-1,16.427907973684192,78,93,123.27949135831403,112.81373406589917,10.465757292414864,True,29,18,75.682
200,31,150,40,8,TGSA,0.7500000000000009,85,-1,-1,48.98636705565523,78,98,123.27949135831403,150.96988694090157,27.69039558258754,True,29,11,75.682
200,31,150,40,8,ZGSA,0.7500000000000009,85,88,108,0.6295112183806566,78,80,123.27949135831403,123.84568229279661,0.5661909344825773,True,29,29,75.682
200,31,100,40,1,GSA,0.49999999999884054,17,-1,-1,9.66386069735869,94,95,167.81111400181578,158.61656940494214,9.19454459687364,True,15,11,144.418
200,31,100,40,1,TGSA,0.49999999999884054,17,-1,-1,19.10397353875409,94,98,167.81111400181578,150.9698869409015,16.841227060914292,True,15,11,144.418
200,31,100,40,1,ZGSA,0.49999999999884054,17,44,112,18.925379781596163,94,96,167.81111400181578,156.65856192529793,11.15255207651785,True,15,15,144.418
200,31,150,40,9,GSA,0.7500000000000016,87,-1,-1,16.503843731060435,80,93,124.05248624886187,112.92040215088112,11.132084097980751,True,29,18,76.467
200,31,150,40,9,TGSA,0.7500000000000016,87,-1,-1,48.98636705565499,80,98,124.05248624886187,150.96988694090078,26.91740069203891,True,29,11,76.467
200,31,150,40,9,ZGSA,0.7500000000000016,87,88,111,0.5228073102168906,80,80,124.05248624886187,123.86609345118806,0.186392797673804,True,29,29,76.467
256,1031,128,40,9,GSA,0.5000002562399029,11,-1,-1,4.209548357463298,124,124,304.2148090904282,300.9136875734391,3.301121516989099,True,10,9,403.225
256,1031,128,40,9,TGSA,0.5000002562399029,11,-1,-1,64.0056197726322,124,125,304.2148090904282,240.2248827408992,63.989926349529014,True,10,11,403.225
256,1031,128,40,9,ZGSA,0.5000002562399029,11,23,211,3.311360493201569,124,124,304.2148090904282,304.37408946811695,0.15928037768873082,True,10,10,403.225
200,31,100,40,0,GSA,0.5000000000200047,21,-1,-1,10.061931156660783,93,95,166.0562360991283,156.42276638299947,9.633469716128843,True,15,11,154.057
200,31,100,40,0,TGSA,0.5000000000200047,21,-1,-1,17.686446113425703,93,98,166.0562360991283,150.96988694090174,15.086349158226568,True,15,11,154.057
200,31,100,40,0,ZGSA,0.5000000000200047,21,48,105,17.515736894234443,93,96,166.0562360991283,160.29170573843408,5.764530360694238,True,15,15,154.057
200,31,100,40,6,GSA,0.49999999994690847,18,-1,-1,9.830604805257884,94,95,167.66740289631394,158.07787271973052,9.589530176583423,True,15,11,149.123
200,31,100,40,6,TGSA,0.49999999994690847,18,-1,-1,18.772774792367898,94,98,167.66740289631394,150.9698869409014,16.69751595541254,True,15,11,149.123
200,31,100,40,6,ZGSA,0.49999999994690847,18,45,110,19.159030751630674,94,96,167.66740289631394,157.5072406909405,10.160162205373439,True,15,15,149.123
200,31,100,40,8,GSA,0.4999999999771667,20,-1,-1,10.081646483713804,95,95,166.77706406349057,157.12510862626806,9.651955437222512,True,15,11,148.877
200,31,100,40,8,TGSA,0.4999999999771667,20,-1,-1,18.444467813940634,95,98,166.77706406349057,150.9698869409011,15.80717712258948,True,15,11,148.877
200,31,100,40,8,ZGSA,0.4999999999771667,20,76,48,18.91144221390188,95,98,166.77706406349057,183.8137965833235,17.036732519832924,True,15,15,148.877
200,31,100,40,2,GSA,0.49999999999903894,20,-1,-1,10.065124396187855,93,95,166.79158824423516,157.07932867125294,9.71225957298222,True,15,11,176.07
200,31,100,40,2,TGSA,0.49999999999903894,20,-1,-1,18.296022310325938,93,98,166.79158824423516,150.96988694090146,15.821701303333697,True,15,11,176.07
200,31,100,40,2,ZGSA,0.49999999999903894,20,45,110,18.365916373014088,93,96,166.79158824423516,157.50724067805535,9.284347566179804,True,15,15,176.07
200,31,100,40,9,GSA,0.49999999994820477,18,-1,-1,10.125431475143312,94,95,168.75026842545145,158.97558213099694,9.774686294454511,True,15,11,168.091
200,31,100,40,9,TGSA,0.49999999994820477,18,-1,-1,20.092394280727163,94,98,168.75026842545145,150.96988694090157,17.780381484549878,True,15,11,168.091
200,31,100,40,9,ZGSA,0.49999999994820477,18,45,110,20.117221708161132,94,96,168.75026842545145,157.50724069062022,11.24302773483123,True,15,15,168.091
200,31,100,40,3,GSA,0.500000000002018,20,-1,-1,9.907862844183327,93,95,166.19600033550222,156.64358312033997,9.55241721516225,True,15,11,188.938
200,31,100,40,3,TGSA,0.500000000002018,20,-1,-1,18.15296068574169,93,98,166.19600033550222,150.96988694090138,15.226113394600844,True,15,11,188.938
200,31,100,40,3,ZGSA,0.500000000002018,20,47,107,17.726307394244706,93,96,166.19600033550222,159.43802294261582,6.757977392886403,True,15,15,188.938
200,31,100,40,5,GSA,0.5000000001511944,17,-1,-1,9.827496478260613,95,95,168.77403820671316,159.141245337368,9.632792869345167,True,15,11,189.175
200,31,100,40,5,TGSA,0.5000000001511944,17,-1,-1,19.55801071660572,95,98,168.77403820671316,150.96988694090112,17.804151265812038,True,15,11,189.175
200,31,100,40,5,ZGSA,0.5000000001511944,17,68,65,18.27005846560263,95,98,168.77403820671316,177.3657068970377,8.591668690324553,True,15,15,189.175
200,31,100,40,4,GSA,0.49999999998361433,18,-1,-1,9.855897943405964,93,95,167.64744955194013,158.15488707577293,9.492562476167194,True,15,11,189.418
200,31,100,40,4,TGSA,0.49999999998361433,18,-1,-1,18.62462477156366,93,98,167.64744955194013,150.96988694090115,16.67756261103898,True,15,11,189.418
200,31,100,40,4,ZGSA,0.49999999998361433,18,73,54,18.760340791673315,93,98,167.64744955194013,181.27484805394158,13.627398502001455,True,15,15,189.418
200,31,100,40,7,GSA,0.49999999999689676,19,-1,-1,9.97193301767382,93,95,166.87132899987463,157.58897064610338,9.282358353771258,True,15,11,180.831
200,31,100,40,7,TGSA,0.49999999999689676,19,-1,-1,18.870480092987407,93,98,166.87132899987463,150.9698869409008,15.901442058973828,True,15,11,180.831
200,31,100,40,7,ZGSA,0.49999999999689676,19,63,74,18.64666518261444,93,98,166.87132899987463,172.78389616760305,5.912567167728412,True,15,15,180.831
200,127,150,40,2,GSA,0.7500000000000018,66,-1,-1,14.213150960345303,87,94,142.4936917091535,131.64680749175193,10.846884217401566,True,21,14,81.356
200,127,150,40,2,TGSA,0.7500000000000018,66,-1,-1,29.37462252643531,87,98,142.4936917091535,150.96988694090098,8.476195231747482,True,21,11,81.356
200,127,150,40,2,ZGSA,0.7500000000000018,66,67,133,0.3189296377893811,87,86,142.4936917091535,142.27408187285363,0.21960983629986686,True,21,21,81.356
200,127,150,40,0,GSA,0.7500000000000083,65,-1,-1,14.3140548754277,87,94,142.8537768114852,131.8101289037209,11.043647907764296,True,21,14,91.558
200,127,150,40,0,TGSA,0.7500000000000083,65,-1,-1,29.374622526436987,87,98,142.8537768114852,150.96988694090115,8.116110129415944,True,21,11,91.558
200,127,150,40,0,ZGSA,0.7500000000000083,65,67,133,0.7876801769901007,87,86,142.8537768114852,142.27408187285084,0.5796949386343613,True,21,21,91.558
200,127,150,40,6,GSA,0.7499999999999942,66,-1,-1,14.026566970769643,88,94,141.96516237744933,131.344805726738,10.62035665071133,True,21,14,89.789
200,127,150,40,6,TGSA,0.7499999999999942,66,-1,-1,29.374622526433654,88,98,141.96516237744933,150.9698869409014,9.004724563452072,True,21,11,89.789
200,127,150,40,6,ZGSA,0.7499999999999942,66,67,133,0.4965321616221914,88,86,141.96516237744933,142.274081872857,0.3089194954076788,True,21,21,89.789
200,127,150,40,3,GSA,0.75,65,-1,-1,14.130290479246149,86,94,141.94294300194122,131.51269088568029,10.430252116260931,True,21,14,103.711
200,127,150,40,3,TGSA,0.75,65,-1,-1,29.374622526435047,86,98,141.94294300194122,150.9698869409014,9.026943938960187,True,21,11,103.711
200,127,150,40,3,ZGSA,0.75,65,67,133,0.6855383309604335,86,86,141.94294300194122,142.2740818728546,0.331138870913378,True,21,21,103.711
200,127,150,40,1,GSA,0.7499999999999946,68,-1,-1,14.627088366443147,85,94,143.08000694674973,132.31567569503667,10.76433125171306,True,21,14,110.956
200,127,150,40,1,TGSA,0.7499999999999946,68,-1,-1,29.374622526433654,85,98,143.08000694674973,150.96988694090152,7.889879994151784,True,21,11,110.956
200,127,150,40,1,ZGSA,0.7499999999999946,68,68,132,0.35898146301508405,85,86,143.08000694674973,143.10639519531986,0.02638824857012878,True,21,21,110.956
200,127,150,40,4,GSA,0.7499999999999961,65,-1,-1,14.349561802556352,87,94,142.37581544465232,131.8675998306881,10.508215613964211,True,21,14,106.665
200,127,150,40,4,TGSA,0.7499999999999961,65,-1,-1,29.374622526434138,87,98,142.37581544465232,150.96988694090106,8.594071496248745,True,21,11,106.665
200,127,150,40,4,ZGSA,0.7499999999999961,65,68,127,0.8977419147773134,87,86,142.37581544465232,143.05533770346267,0.6795222588103513,True,21,21,106.665
200,127,150,40,7,GSA,0.7500000000000072,67,-1,-1,14.160306725222824,87,94,142.06863532691204,131.56127468602068,10.507360640891363,True,21,14,97.275
200,127,150,40,7,TGSA,0.7500000000000072,67,-1,-1,29.374622526436667,87,98,142.06863532691204,150.9698869409009,8.901251613988848,True,21,11,97.275
200,127,150,40,7,ZGSA,0.7500000000000072,67,67,133,0.8019697463135032,87,86,142.06863532691204,142.27408187285107,0.20544654593902578,True,21,21,97.275
200,127,150,40,5,GSA,0.7500000000000047,68,-1,-1,14.419716753941167,87,94,142.5720660338834,131.98115147714404,10.590914556739364,True,21,14,117.399
200,127,150,40,5,TGSA,0.7500000000000047,68,-1,-1,29.374622526436035,87,98,142.5720660338834,150.96988694090106,8.39782090701766,True,21,11,117.399
200,127,150,40,5,ZGSA,0.7500000000000047,68,68,129,0.5311672071398448,87,86,142.5720660338834,143.08599315239962,0.5139271185162215,True,21,21,117.399
200,127,100,40,2,GSA,0.49999999992955013,12,-1,-1,3.0148840604297824,97,96,178.80284198816975,175.8920695827239,2.91077240544584,True,11,10,186.496
200,127,100,40,2,TGSA,0.49999999992955013,12,-1,-1,28.14942056904745,97,98,178.80284198816975,150.9698869409015,27.832955047268257,True,11,11,186.496
200,127,100,40,2,ZGSA,0.49999999992955013,12,18,164,3.992580808487162,97,96,178.80284198816975,175.86782605139496,2.9350159367747892,True,11,11,186.496
200,127,150,40,8,GSA,0.7499999999999851,67,-1,-1,14.23187416785565,86,94,142.61255614151378,131.67711256750812,10.93544357400566,True,21,14,109.541
200,127,150,40,8,TGSA,0.7499999999999851,67,-1,-1,29.37462252643156,86,98,142.61255614151378,150.9698869409014,8.357330799387626,True,21,11,109.541
200,127,150,40,8,ZGSA,0.7499999999999851,67,67,133,0.5783344961856614,86,86,142.61255614151378,142.27408187286096,0.33847426865281705,True,21,21,109.541
200,127,100,40,4,GSA,0.5000000000412098,13,-1,-1,2.9699671882233147,96,96,178.39240919531974,175.4349698492579,2.9574393460618467,True,11,10,192.875
200,127,100,40,4,TGSA,0.5000000000412098,13,-1,-1,27.472635911639742,96,98,178.39240919531974,150.96988694090095,27.422522254418794,True,11,11,192.875
200,127,100,40,4,ZGSA,0.5000000000412098,13,18,165,3.8280487359524002,96,96,178.39240919531974,175.9877724332305,2.4046367620892397,True,11,11,192.875
200,127,150,40,9,GSA,0.7499999999999497,65,-1,-1,14.152512814400808,85,94,142.51570345684115,131.5486595891809,10.967043867660266,True,21,14,103.911
200,127,150,40,9,TGSA,0.7499999999999497,65,-1,-1,29.374622526423117,85,98,142.51570345684115,150.96988694090123,8.454183484060081,True,21,11,103.911
200,127,150,40,9,ZGSA,0.7499999999999497,65,67,133,0.37890587149262345,85,86,142.51570345684115,142.274081872876,0.24162158396515565,True,21,21,103.911
200,127,100,40,0,GSA,0.5000000000761713,12,-1,-1,2.8670795623915737,96,96,178.1050355824542,175.2379560217717,2.867079560682498,True,11,10,221.622
200,127,100,40,0,TGSA,0.5000000000761713,12,-1,-1,27.219806179435224,96,98,178.1050355824542,150.96988694090157,27.135148641552632,True,11,11,221.622
200,127,100,40,0,ZGSA,0.5000000000761713,12,19,163,3.2473496328413773,96,96,178.1050355824542,177.19598238689665,0.9090531955575614,True,11,11,221.622
200,127,100,40,1,GSA,0.5000000000022747,12,-1,-1,2.9328205231611335,97,96,178.25880361690287,175.5288947607831,2.7299088561197777,True,11,10,222.837
200,127,100,40,1,TGSA,0.5000000000022747,12,-1,-1,27.437895180452145,97,98,178.25880361690287,150.9698869409008,27.28891667600206,True,11,11,222.837
200,127,100,40,1,ZGSA,0.5000000000022747,12,20,161,3.8033614546009034,97,96,178.25880361690287,178.40412189215252,0.14531827524965024,True,11,11,222.837
200,127,100,40,6,GSA,0.4999999999878538,11,-1,-1,2.8231156255307823,96,96,177.9996772409037,175.42650220928508,2.573175031618632,True,11,10,214.364
200,127,100,40,6,TGSA,0.4999999999878538,11,-1,-1,27.62430737948209,96,98,177.9996772409037,150.96988694090106,27.029790300002645,True,11,11,214.364
200,127,100,40,6,ZGSA,0.4999999999878538,11,23,154,3.9842441015207797,96,96,177.9996772409037,181.87384943441762,3.874172193513914,True,11,11,214.364
200,127,100,40,8,GSA,0.49999999998668915,14,-1,-1,2.9746607328997214,94,96,178.2589678588614,175.33785828690867,2.9211095719527407,True,11,10,200.444
200,127,100,40,8,TGSA,0.49999999998668915,14,-1,-1,27.596123675646325,94,98,178.2589678588614,150.96988694090106,27.289080917960348,True,11,11,200.444
200,127,100,40,8,ZGSA,0.49999999998668915,14,22,156,3.987609817677267,94,96,178.2589678588614,180.67284049758408,2.4138726387226654,True,11,11,200.444
200,127,100,40,3,GSA,0.5000000000437572,11,-1,-1,2.9311561540534328,97,96,178.48461577153154,175.94534617611023,2.5392695954213025,True,11,10,252.429
200,127,100,40,3,TGSA,0.5000000000437572,11,-1,-1,28.1613505930369,97,98,178.48461577153154,150.9698869409013,27.514728830630247,True,11,11,252.429
200,127,100,40,3,ZGSA,0.5000000000437572,11,22,157,3.7548576336446757,97,96,178.48461577153154,180.8201786350667,2.3355628635351593,True,11,11,252.429
200,127,100,40,7,GSA,0.49999999998642747,10,-1,-1,2.7615363825866837,97,96,178.39353987764315,175.70676535860605,2.686774519037101,True,11,10,240.358
200,127,100,40,7,TGSA,0.49999999998642747,10,-1,-1,27.66390921754035,97,98,178.39353987764315,150.9698869409008,27.423652936742343,True,11,11,240.358
200,127,100,40,7,ZGSA,0.49999999998642747,10,17,166,4.177735126816977,97,96,178.39353987764315,174.66634542881806,3.727194448825088,True,11,11,240.358
200,127,100,40,5,GSA,0.5000000000000816,12,-1,-1,2.8361780035987323,96,96,177.59211829478508,175.1012002066886,2.4909180880964925,True,11,10,248.045
200,127,100,40,5,TGSA,0.5000000000000816,12,-1,-1,26.99399169685178,96,98,177.59211829478508,150.96988694090115,26.622231353883933,True,11,11,248.045
200,127,100,40,5,ZGSA,0.5000000000000816,12,17,167,3.415001388241542,96,96,177.59211829478508,174.77949453364013,2.8126237611449483,True,11,11,248.045
200,127,100,40,9,GSA,0.5000000000420189,13,-1,-1,3.064987717517596,95,96,178.98907678663844,175.97388024557335,3.0151965410650803,True,11,10,250.305
200,127,100,40,9,TGSA,0.5000000000420189,13,-1,-1,28.26715883028588,95,98,178.98907678663844,150.96988694090174,28.01918984573669,True,11,11,250.305
200,127,100,40,9,ZGSA,0.5000000000420189,13,18,165,3.267073678403065,95,96,178.98907678663844,175.9877724330009,3.001304353637522,True,11,11,250.305
200,1031,150,40,2,GSA,0.7499999999999785,41,-1,-1,8.914524338473825,92,95,160.82403865397578,153.0911688959373,7.7328697580384755,True,15,12,117.168
200,1031,150,40,2,TGSA,0.7499999999999785,41,-1,-1,16.28636442707767,92,98,160.82403865397578,150.9698869409015,9.854151713074287,True,15,11,117.168
200,1031,150,40,2,ZGSA,0.7499999999999785,41,43,152,0.9497554303210336,92,92,160.82403865397578,161.6325223958694,0.8084837418936104,True,15,15,117.168
200,1031,100,40,2,GSA,0.49999999972228926,0,-1,-1,1.6270920937625704,97,96,184.5897893936908,183.81776304703962,0.7720263466511881,True,9,9,199.249
200,1031,100,40,2,TGSA,0.49999999972228926,0,-1,-1,33.82046265176169,97,98,184.5897893936908,150.96988694090163,33.61990245278918,True,9,11,199.249
200,1031,100,40,2,ZGSA,0.49999999972228926,0,0,150,13.526247764210979,97,102,184.5897893936908,194.2813010953484,9.69151170165759,True,9,8,199.249
200,1031,100,40,0,GSA,0.5000000002526692,0,-1,-1,1.711892920429051,96,96,183.9353356058658,183.57515702066618,0.36017858519960555,True,9,9,211.85
200,1031,100,40,0,TGSA,0.5000000002526692,0,-1,-1,33.08853725693383,96,98,183.9353356058658,150.96988694090152,32.96544866496427,True,9,11,211.85
200,1031,100,40,0,ZGSA,0.5000000002526692,0,0,150,13.636279754754469,96,102,183.9353356058658,194.2813009243709,10.345965318505108,True,9,8,211.85
200,1031,150,40,4,GSA,0.7499999999989976,43,-1,-1,9.16952674662302,92,95,162.04064812089382,153.62764038645287,8.413007734440953,True,15,12,120.003
200,1031,150,40,4,TGSA,0.7499999999989976,43,-1,-1,15.629533407670934,92,98,162.04064812089382,150.96988694090163,11.07076117999219,True,15,11,120.003
200,1031,150,40,4,ZGSA,0.7499999999989976,43,43,153,0.7007956035726579,92,92,162.04064812089382,161.6567573259227,0.38389079497110856,True,15,15,120.003
200,1031,100,40,1,GSA,0.5000000000345494,0,-1,-1,1.3941783897243454,94,96,184.9761174704057,184.7978284254379,0.17828904496781206,True,9,9,218.53
200,1031,100,40,1,TGSA,0.5000000000345494,0,-1,-1,34.203863585251625,94,98,184.9761174704057,150.96988694090106,34.00623052950465,True,9,11,218.53
200,1031,100,40,1,ZGSA,0.5000000000345494,0,0,152,12.981816245909243,94,102,184.9761174704057,195.21664345067373,10.240525980268018,True,9,8,218.53
200,1031,150,40,1,GSA,0.7499999999994341,45,-1,-1,9.144934289563267,91,95,161.25955400076862,153.5767039744892,7.682850026279425,True,15,12,154.191
200,1031,150,40,1,TGSA,0.7499999999994341,45,-1,-1,15.633237069976808,91,98,161.25955400076862,150.9698869409017,10.289667059866929,True,15,11,154.191
200,1031,150,40,1,ZGSA,0.7499999999994341,45,43,152,0.5173333849794659,91,92,161.25955400076862,161.63252239614656,0.3729683953779386,True,15,15,154.191
200,1031,150,40,0,GSA,0.7499999999999524,41,-1,-1,9.187146544723248,92,95,161.43212123195786,153.6641348803564,7.767986351601479,True,15,12,156.557
200,1031,150,40,0,TGSA,0.7499999999999524,41,-1,-1,16.78178161251237,92,98,161.43212123195786,150.96988694090138,10.46223429105649,True,15,11,156.557
200,1031,150,40,0,ZGSA,0.7499999999999524,41,43,157,1.0062415383317074,92,92,161.43212123195786,161.70516856583228,0.27304733387441615,True,15,15,156.557
160,13,80,40,0,GSA,0.5000000000000745,25,-1,-1,6.893449685767312,73,75,106.64960421937563,100.71793033606434,5.931673883311291,True,16,12,79.671
160,13,80,40,0,TGSA,0.5000000000000745,25,-1,-1,12.801161501195914,73,78,106.64960421937563,99.1877042585259,7.461899960849735,True,16,12,79.671
160,13,80,40,0,ZGSA,0.5000000000000745,25,30,101,11.898951787507862,73,76,106.64960421937563,97.04203421842242,9.607570000953217,True,16,16,79.671
200,1031,100,40,3,GSA,0.49999999991761784,0,-1,-1,1.1589455410788503,98,96,183.6363798662907,183.0134272950481,0.6229525712425925,True,9,9,234.167
200,1031,100,40,3,TGSA,0.49999999991761784,0,-1,-1,32.68510346662531,98,98,183.6363798662907,150.96988694090166,32.666492925389036,True,9,11,234.167
200,1031,100,40,3,ZGSA,0.49999999991761784,0,0,149,14.410286733359527,98,102,183.6363798662907,193.79560813197898,10.159228265688284,True,9,8,234.167
160,13,80,40,2,GSA,0.4999999999999356,21,-1,-1,7.037627092163419,73,75,107.40763943707655,101.32663989644084,6.080999540635716,True,16,12,83.868
160,13,80,40,2,TGSA,0.4999999999999356,21,-1,-1,13.368029279531882,73,78,107.40763943707655,99.18770425852583,8.219935178550728,True,16,12,83.868
160,13,80,40,2,ZGSA,0.4999999999999356,21,64,32,12.955250918041507,73,79,107.40763943707655,118.34598673564042,10.938347298563869,True,16,16,83.868
160,13,80,40,1,GSA,0.500000000000044,21,-1,-1,6.992691295515726,73,75,107.55164940956979,101.22850159252368,6.323147817046106,True,16,12,91.02
160,13,80,40,1,TGSA,0.500000000000044,21,-1,-1,13.559523044630602,73,78,107.55164940956979,99.18770425852611,8.36394515104368,True,16,12,91.02
160,13,80,40,1,ZGSA,0.500000000000044,21,64,33,12.72580848967938,73,78,107.55164940956979,118.65571026861043,11.104060859040644,True,16,16,91.02
200,1031,150,40,5,GSA,0.7500000000007724,41,-1,-1,9.054510694007561,90,95,160.60354484145375,153.38941673024834,7.214128111205412,True,15,12,143.143
200,1031,150,40,5,TGSA,0.7500000000007724,41,-1,-1,15.61290968765833,90,98,160.60354484145375,150.96988694090106,9.633657900552691,True,15,11,143.143
200,1031,150,40,5,ZGSA,0.7500000000007724,41,42,158,0.6030667856948924,90,92,160.60354484145375,160.63702408153205,0.03347924007829306,True,15,15,143.143
200,1031,150,40,3,GSA,0.7499999999997127,43,-1,-1,9.053109937741198,92,95,161.45413665865368,153.38651545273922,8.067621205914463,True,15,12,151.494
200,1031,150,40,3,TGSA,0.7499999999997127,43,-1,-1,16.217883570013043,92,98,161.45413665865368,150.9698869409017,10.484249717751993,True,15,11,151.494
200,1031,150,40,3,ZGSA,0.7499999999997127,43,43,152,0.6127211889655939,92,92,161.45413665865368,161.63252239600484,0.1783857373511637,True,15,15,151.494
200,1031,150,40,6,GSA,0.7500000000004982,43,-1,-1,9.074877485367352,93,95,161.4707058501345,153.43160085490484,8.03910499522965,True,15,12,149.273
200,1031,150,40,6,TGSA,0.7500000000004982,43,-1,-1,16.435715723204893,93,98,161.4707058501345,150.96988694090126,10.500818909233232,True,15,11,149.273
200,1031,150,40,6,ZGSA,0.7500000000004982,43,43,157,0.6458520398614382,93,92,161.4707058501345,161.70516856555412,0.2344627154196246,True,15,15,149.273
160,13,120,40,1,GSA,0.75,73,-1,-1,10.512250216087352,63,73,81.57858830472884,75.12135916463356,6.457229140095279,True,29,19,30.244
160,13,120,40,1,TGSA,0.75,73,-1,-1,32.031262383591084,63,78,81.57858830472884,99.18770425852584,17.609115953797,True,29,12,30.244
160,13,120,40,1,ZGSA,0.75,73,73,85,0.6881577431443731,63,63,81.57858830472884,82.09072924734231,0.5121409426134704,True,29,29,30.244
160,13,120,40,0,GSA,0.75,73,-1,-1,10.78781264708693,63,74,81.93165234637607,75.50147929970811,6.43017304666796,True,29,19,40.293
160,13,120,40,0,TGSA,0.75,73,-1,-1,32.031262383591084,63,78,81.93165234637607,99.18770425852584,17.256051912149772,True,29,12,40.293
160,13,120,40,0,ZGSA,0.75,73,74,83,0.7613437634034881,63,62,81.93165234637607,82.55657021672772,0.624917870351652,True,29,29,40.293
160,13,120,40,3,GSA,0.7500000000000002,70,-1,-1,10.695759170804095,62,73,81.88112651797212,75.37517347409354,6.505953043878577,True,29,19,28.958
160,13,120,40,3,TGSA,0.7500000000000002,70,-1,-1,32.031262383591084,62,78,81.88112651797212,99.18770425852584,17.30657774055372,True,29,12,28.958
160,13,120,40,3,ZGSA,0.7500000000000002,70,73,87,0.6707562658309634,62,63,81.88112651797212,82.09703559526157,0.21590907728945297,True,29,29,28.958
200,1031,150,40,7,GSA,0.7500000000007535,41,-1,-1,9.176074799611186,93,95,161.60787460311252,153.6412028501468,7.966671752965709,True,15,12,155.06
200,1031,150,40,7,TGSA,0.7500000000007535,41,-1,-1,15.925655573722494,93,98,161.60787460311252,150.9698869409009,10.637987662211629,True,15,11,155.06
200,1031,150,40,7,ZGSA,0.7500000000007535,41,43,151,0.5863593178592339,93,92,161.60787460311252,161.6034146440321,0.004459959080406861,True,15,15,155.06
160,13,120,40,4,GSA,0.7500000000000002,70,-1,-1,10.432829211302604,61,73,81.9267499239541,75.01052576507573,6.916224158878379,True,29,19,31.765
160,13,120,40,4,TGSA,0.7500000000000002,70,-1,-1,32.031262383591084,61,78,81.9267499239541,99.18770425852584,17.260954334571736,True,29,12,31.765
160,13,120,40,4,ZGSA,0.7500000000000002,70,73,87,0.689870017981427,61,63,81.9267499239541,82.09703559526157,0.17028567130746808,True,29,29,31.765
160,13,120,40,2,GSA,0.75,72,-1,-1,10.60460836173791,61,73,81.79956881043938,75.2502465696581,6.5493222407812794,True,29,19,41.498
160,13,120,40,2,TGSA,0.75,72,-1,-1,32.031262383591084,61,78,81.79956881043938,99.18770425852584,17.38813544808646,True,29,12,41.498
160,13,120,40,2,ZGSA,0.75,72,73,87,0.5595927976684294,61,63,81.79956881043938,82.09703559526156,0.29746678482217703,True,29,29,41.498
160,13,120,40,6,GSA,0.75,71,-1,-1,10.773423119058137,62,74,81.9594405754819,75.48172628987723,6.4777142856046765,True,29,19,32.431
160,13,120,40,6,TGSA,0.75,71,-1,-1,32.031262383591084,62,78,81.9594405754819,99.18770425852584,17.228263683043934,True,29,12,32.431
160,13,120,40,6,ZGSA,0.75,71,74,85,0.6138595591591951,62,62,81.9594405754819,82.56758733056257,0.6081467550806678,True,29,29,32.431
200,1031,100,40,4,GSA,0.49999999975797677,0,-1,-1,1.328471265028469,96,96,183.27035707095,183.0286519653673,0.2417051055827244,True,9,9,253.387
200,1031,100,40,4,TGSA,0.49999999975797677,0,-1,-1,32.49912598470988,96,98,183.27035707095,150.96988694090163,32.30047013004838,True,9,11,253.387
200,1031,100,40,4,ZGSA,0.49999999975797677,0,0,150,14.116496621303526,96,102,183.27035707095,194.28130108384389,11.010944012893873,True,9,8,253.387
200,1031,150,40,8,GSA,0.749999999999961,41,-1,-1,8.86072723515609,91,95,160.52100795745912,152.97628426340592,7.544723694053204,True,15,12,158.65
200,1031,150,40,8,TGSA,0.749999999999961,41,-1,-1,16.25091448423612,91,98,160.52100795745912,150.96988694090095,9.55112101655817,True,15,11,158.65
200,1031,150,40,8,ZGSA,0.749999999999961,41,42,158,1.019567783264847,91,92,160.52100795745912,160.63702408194172,0.11601612448259857,True,15,15,158.65
160,13,120,40,5,GSA,0.75,71,-1,-1,10.723755186541894,63,74,81.66370263688542,75.41354537437338,6.250157262512033,True,29,19,39.959
160,13,120,40,5,TGSA,0.75,71,-1,-1,32.031262383591084,63,78,81.66370263688542,99.18770425852584,17.524001621640423,True,29,12,39.959
160,13,120,40,5,ZGSA,0.75,71,73,87,0.7687239325833879,63,63,81.66370263688542,82.09703559526156,0.43333295837614116,True,29,29,39.959
160,13,120,40,7,GSA,0.75,71,-1,-1,10.46330810571618,62,73,81.37395087483856,75.05305959465613,6.320891280182423,True,29,19,30.062
160,13,120,40,7,TGSA,0.75,71,-1,-1,32.031262383591084,62,78,81.37395087483856,99.18770425852584,17.813753383687285,True,29,12,30.062
160,13,120,40,7,ZGSA,0.75,71,73,82,0.8374101441047213,62,63,81.37395087483856,82.06540462123695,0.6914537463983947,True,29,29,30.062
160,13,80,40,5,GSA,0.5000000000000071,23,-1,-1,6.9471328413774245,74,75,107.08011975993546,100.87057013032398,6.209549629611473,True,16,12,85.41
160,13,80,40,5,TGSA,0.5000000000000071,23,-1,-1,13.132789431529297,74,78,107.08011975993546,99.18770425852574,7.892415501409715,True,16,12,85.41
160,13,80,40,5,ZGSA,0.5000000000000071,23,39,83,12.255984295456848,74,76,107.08011975993546,102.76979897707187,4.3103207828635846,True,16,16,85.41
160,13,80,40,4,GSA,0.4999999999999867,22,-1,-1,7.1936933186144145,74,75,107.65249400113993,101.48824932408192,6.164244677058008,True,16,12,87.685
160,13,80,40,4,TGSA,0.4999999999999867,22,-1,-1,14.006710764441031,74,78,107.65249400113993,99.18770425852583,8.464789742614101,True,16,12,87.685
160,13,80,40,4,ZGSA,0.4999999999999867,22,64,32,13.446114078935295,74,79,107.65249400113993,118.3459867356311,10.693492734491173,True,16,16,87.685
200,1031,150,40,9,GSA,0.750000000000018,42,-1,-1,9.151549053964558,92,95,161.621684343646,153.59040461114728,8.031279732498717,True,15,12,157.971
200,1031,150,40,9,TGSA,0.750000000000018,42,-1,-1,15.945076544369215,92,98,161.621684343646,150.96988694090138,10.65179740274462,True,15,11,157.971
200,1031,150,40,9,ZGSA,0.750000000000018,42,43,156,0.31264270053156906,92,92,161.621684343646,161.70033095491166,0.0786466112656683,True,15,15,157.971
160,13,80,40,3,GSA,0.49999999999974193,24,-1,-1,6.938850633140721,73,75,106.90491451207428,100.80660406144295,6.098310450631331,True,16,12,110.093
160,13,80,40,3,TGSA,0.49999999999974193,24,-1,-1,12.609461596734,73,78,106.90491451207428,99.18770425852586,7.71721025354843,True,16,12,110.093
160,13,80,40,3,ZGSA,0.49999999999974193,24,30,100,12.20272582250999,73,76,106.90491451207428,96.90149120896773,10.003423303106558,True,16,16,110.093
200,1031,100,40,8,GSA,0.5000000009654807,0,-1,-1,1.6330397777413737,94,96,182.79706009888122,183.03055699777605,0.2334968988948276,True,9,9,241.035
200,1031,100,40,8,TGSA,0.5000000009654807,0,-1,-1,32.27822738183873,94,98,182.79706009888122,150.96988694090146,31.827173157979757,True,9,11,241.035
200,1031,100,40,8,ZGSA,0.5000000009654807,0,0,149,13.661527321833887,94,102,182.79706009888122,193.79560779519898,10.998547696317758,True,9,8,241.035
200,1031,100,40,5,GSA,0.5000000000100076,0,-1,-1,2.003629339206924,98,96,184.0453038790623,183.6598260538553,0.3854778252069764,True,9,9,269.853
200,1031,100,40,5,TGSA,0.5000000000100076,0,-1,-1,33.140016480453966,98,98,184.0453038790623,150.96988694090095,33.07541693816134,True,9,11,269.853
200,1031,100,40,5,ZGSA,0.5000000000100076,0,0,150,13.31976108781403,98,102,184.0453038790623,194.2813010025978,10.235997123535498,True,9,8,269.853
160,13,120,40,8,GSA,0.75,72,-1,-1,10.596386917909818,62,73,81.88010649924058,75.23877340178461,6.64133309745597,True,29,19,42.647
160,13,120,40,8,TGSA,0.75,72,-1,-1,32.031262383591084,62,78,81.88010649924058,99.18770425852584,17.307597759285258,True,29,12,42.647
160,13,120,40,8,ZGSA,0.75,72,73,87,0.7140243337913219,62,63,81.88010649924058,82.09703559526156,0.21692909602097643,True,29,29,42.647
160,13,80,40,7,GSA,0.49999999999998973,21,-1,-1,6.886464899147285,74,75,107.04864590993031,100.99650663669044,6.052139273239874,True,16,12,87.221
160,13,80,40,7,TGSA,0.49999999999998973,21,-1,-1,12.963035015654732,74,78,107.04864590993031,99.18770425852608,7.860941651404232,True,16,12,87.221
160,13,80,40,7,ZGSA,0.49999999999998973,21,60,40,12.355775916445197,74,78,107.04864590993031,115.82427266622761,8.7756267562973,True,16,16,87.221
160,13,120,40,9,GSA,0.75,73,-1,-1,10.708027498815127,61,73,81.87186855040426,75.39198023684318,6.4798883135610765,True,29,19,39.501
160,13,120,40,9,TGSA,0.75,73,-1,-1,32.031262383591084,61,78,81.87186855040426,99.18770425852584,17.315835708121583,True,29,12,39.501
160,13,120,40,9,ZGSA,0.75,73,73,87,0.7040912387860558,61,63,81.87186855040426,82.09703559526156,0.22516704485730088,True,29,29,39.501
200,1031,100,40,6,GSA,0.5000000004473423,0,-1,-1,1.828416093306771,97,96,184.50195844011358,184.37468308218064,0.12727535793294464,True,9,9,258.469
200,1031,100,40,6,TGSA,0.5000000004473423,0,-1,-1,33.56416912678422,97,98,184.50195844011358,150.96988694090146,33.53207149921212,True,9,11,258.469
200,1031,100,40,6,ZGSA,0.5000000004473423,0,0,151,13.087028276539144,97,102,184.50195844011358,194.7549223914162,10.252963951302604,True,9,8,258.469
160,13,80,40,6,GSA,0.49999999999999395,24,-1,-1,6.878686295981442,73,75,106.56891624521597,100.68909559039875,5.879820654817223,True,16,12,111.536
160,13,80,40,6,TGSA,0.49999999999999395,24,-1,-1,13.231363868000635,73,78,106.56891624521597,99.18770425852605,7.3812119866899195,True,16,12,111.536
160,13,80,40,6,ZGSA,0.49999999999999395,24,62,36,12.728295544064217,73,79,106.56891624521597,117.08032849506063,10.511412249844653,True,16,16,111.536
160,31,120,40,0,GSA,0.7499999999999999,58,-1,-1,9.674098515562683,68,74,91.81314668855455,84.9527262935666,6.860420394987955,True,23,16,37.292
160,31,120,40,0,TGSA,0.7499999999999999,58,-1,-1,21.964497663004188,68,78,91.81314668855455,99.18770425852598,7.374557569971429,True,23,12,37.292
160,31,120,40,0,ZGSA,0.7499999999999999,58,59,101,0.6832896477937922,68,67,91.81314668855455,91.76024481165707,0.05290187689747938,True,23,23,37.292
200,1031,100,40,9,GSA,0.500000000175415,0,-1,-1,1.4140192184838014,95,96,183.34672956636447,182.93585649679034,0.41087306957413716,True,9,9,268.019
200,1031,100,40,9,TGSA,0.500000000175415,0,-1,-1,32.554859266783026,95,98,183.34672956636447,150.96988694090106,32.37684262546341,True,9,11,268.019
200,1031,100,40,9,ZGSA,0.500000000175415,0,0,149,14.209045651546944,95,102,183.34672956636447,193.79560804912393,10.448878482759454,True,9,8,268.019
160,13,80,40,8,GSA,0.49999999999999856,21,-1,-1,7.068363252825915,73,75,107.7811210645298,101.39376666047036,6.387354404059437,True,16,12,107.578
160,13,80,40,8,TGSA,0.49999999999999856,21,-1,-1,14.064749560177162,73,78,107.7811210645298,99.18770425852591,8.593416806003887,True,16,12,107.578
160,13,80,40,8,ZGSA,0.49999999999999856,21,31,98,13.64993502535659,73,76,107.7811210645298,97.5335436301393,10.247577434390493,True,16,16,107.578
160,13,80,40,9,GSA,0.500000000000011,22,-1,-1,6.840824897706536,73,75,107.02528925613025,100.74729537705494,6.277993879075311,True,16,12,104.943
160,13,80,40,9,TGSA,0.500000000000011,22,-1,-1,12.842152039866285,73,78,107.02528925613025,99.18770425852614,7.837584997604111,True,16,12,104.943
160,13,80,40,9,ZGSA,0.500000000000011,22,63,35,12.009365886295903,73,78,107.02528925613025,118.02280068690517,10.99751143077492,True,16,16,104.943
200,1031,100,40,7,GSA,0.4999999998201041,0,-1,-1,1.8640731944799143,97,96,183.40620109117833,183.29285303373624,0.11334805744209575,True,9,9,283.776
200,1031,100,40,7,TGSA,0.4999999998201041,0,-1,-1,32.47843854173129,97,98,183.40620109117833,150.96988694090166,32.43631415027667,True,9,11,283.776
200,1031,100,40,7,ZGSA,0.4999999998201041,0,0,150,13.502570839124616,97,102,183.40620109117833,194.2813010638167,10.875099972638367,True,9,8,283.776
160,31,120,40,4,GSA,0.75,57,-1,-1,9.87193560365488,66,74,92.3143114617443,85.25314033067298,7.061171131071319,True,23,15,39.006
160,31,120,40,4,TGSA,0.75,57,-1,-1,21.96449766300423,66,78,92.3143114617443,99.18770425852604,6.873392796781744,True,23,12,39.006
160,31,120,40,4,ZGSA,0.75,57,60,99,0.6888492445776109,66,67,92.3143114617443,92.3646870038657,0.05037554212140094,True,23,23,39.006
160,31,120,40,1,GSA,0.75,57,-1,-1,9.684677756695766,67,74,91.78198844275228,84.96879078687724,6.813197655875044,True,23,16,52.639
160,31,120,40,1,TGSA,0.75,57,-1,-1,21.96449766300423,67,78,91.78198844275228,99.18770425852604,7.40571581577376,True,23,12,52.639
160,31,120,40,1,ZGSA,0.75,57,60,98,0.639768203593917,67,67,91.78198844275228,92.35863898906346,0.5766505463111855,True,23,23,52.639
160,31,120,40,8,GSA,0.7500000000000003,57,-1,-1,9.615636790549434,68,74,91.72563545895878,84.86395263165045,6.861682827308329,True,23,16,39.471
160,31,120,40,8,TGSA,0.7500000000000003,57,-1,-1,21.964497663004337,68,78,91.72563545895878,99.18770425852608,7.462068799567305,True,23,12,39.471
160,31,120,40,8,ZGSA,0.7500000000000003,57,59,101,0.42171494464825443,68,67,91.72563545895878,91.76024481165696,0.034609352698183216,True,23,23,39.471
160,31,120,40,3,GSA,0.7499999999999998,58,-1,-1,9.800917750057952,67,74,91.98659444397906,85.14530028765435,6.841294156324707,True,23,16,55.34
160,31,120,40,3,TGSA,0.7499999999999998,58,-1,-1,21.964497663004188,67,78,91.98659444397906,99.18770425852598,7.201109814546925,True,23,12,55.34
160,31,120,40,3,ZGSA,0.7499999999999998,58,60,100,0.7808823590826677,67,67,91.98659444397906,92.3677092148267,0.38111477084764545,True,23,23,55.34
160,31,120,40,2,GSA,0.7500000000000008,57,-1,-1,9.651375914009318,67,74,91.64804189675547,84.91822220494976,6.729819691805716,True,23,16,61.491
160,31,120,40,2,TGSA,0.7500000000000008,57,-1,-1,21.964497663004288,67,78,91.64804189675547,99.18770425852598,7.53966236177051,True,23,12,61.491
160,31,120,40,2,ZGSA,0.7500000000000008,57,59,101,0.8174658038583473,67,67,91.64804189675547,91.7602448116566,0.11220291490113254,True,23,23,61.491
160,31,120,40,6,GSA,0.7500000000000003,57,-1,-1,9.702051382433034,67,74,92.1860611620841,84.99517249813911,7.190888663944989,True,23,16,50.835
160,31,120,40,6,TGSA,0.7500000000000003,57,-1,-1,21.964497663004337,67,78,92.1860611620841,99.18770425852608,7.001643096441981,True,23,12,50.835
160,31,120,40,6,ZGSA,0.7500000000000003,57,59,101,0.8799406044747045,67,67,92.1860611620841,91.76024481165696,0.42581635042714083,True,23,23,50.835
160,31,120,40,5,GSA,0.7500000000000003,59,-1,-1,9.752386849828294,67,74,92.12502274031387,85.07160650357855,7.053416236735316,True,23,16,56.259
160,31,120,40,5,TGSA,0.7500000000000003,59,-1,-1,21.964497663004337,67,78,92.12502274031387,99.18770425852608,7.062681518212216,True,23,12,56.259
160,31,120,40,5,ZGSA,0.7500000000000003,59,60,95,0.7212367603834622,67,67,92.12502274031387,92.32224999990414,0.19722725959027798,True,23,23,56.259
160,31,120,40,7,GSA,0.7499999999999988,58,-1,-1,9.637508731101512,65,74,91.66578381489747,84.89716499854941,6.768618816348052,True,23,16,51.313
160,31,120,40,7,TGSA,0.7499999999999988,58,-1,-1,21.964497663003996,65,78,91.66578381489747,99.18770425852574,7.521920443628275,True,23,12,51.313
160,31,120,40,7,ZGSA,0.7499999999999988,58,59,101,0.5927003390992986,65,67,91.66578381489747,91.76024481165712,0.09446099675965058,True,23,23,51.313
160,31,120,40,9,GSA,0.75,58,-1,-1,9.583224207789318,67,74,91.48899178456456,84.81473438381335,6.674257400751216,True,23,16,47.115
160,31,120,40,9,TGSA,0.75,58,-1,-1,21.96449766300423,67,78,91.48899178456456,99.18770425852604,7.6987124739614785,True,23,12,47.115
160,31,120,40,9,ZGSA,0.75,58,59,101,0.8180452817733368,67,67,91.48899178456456,91.76024481165702,0.271253027092456,True,23,23,47.115
160,31,80,40,2,GSA,0.49999999999998684,15,-1,-1,2.647021639476197,76,76,112.93510369217631,110.37125476583483,2.5638489263414783,True,12,11,107.94
160,31,80,40,2,TGSA,0.49999999999998684,15,-1,-1,15.428486335186392,76,78,112.93510369217631,99.18770425852615,13.747399433650159,True,12,12,107.94
160,31,80,40,2,ZGSA,0.49999999999998684,15,23,114,4.142500427141378,76,76,112.93510369217631,114.64578352831045,1.7106798361341333,True,12,12,107.94
160,31,80,40,5,GSA,0.5000000000000145,18,-1,-1,2.661214555970286,76,76,112.92568323380253,110.41558332693532,2.510099906867211,True,12,11,101.959
160,31,80,40,5,TGSA,0.5000000000000145,18,-1,-1,15.815343230131532,76,78,112.92568323380253,99.18770425852586,13.737978975276675,True,12,12,101.959
160,31,80,40,5,ZGSA,0.5000000000000145,18,20,121,4.185976746313351,76,76,112.92568323380253,112.22347416386923,0.7022090699333035,True,12,12,101.959
160,31,80,40,9,GSA,0.5000000000000115,12,-1,-1,2.7549135300653944,76,76,113.19348453447631,110.99208376383356,2.201400770642749,True,12,11,114.983
160,31,80,40,9,TGSA,0.5000000000000115,12,-1,-1,16.418662564849733,76,78,113.19348453447631,99.18770425852615,14.005780275950158,True,12,12,114.983
160,31,80,40,9,ZGSA,0.5000000000000115,12,18,125,4.540216077729998,76,76,113.19348453447631,110.51363233663186,2.679852197844454,True,12,12,114.983
160,31,80,40,0,GSA,0.5000000000000595,19,-1,-1,2.721703897007842,73,76,112.71835300393602,110.60450894003196,2.113844063904054,True,12,11,138.214
160,31,80,40,0,TGSA,0.5000000000000595,19,-1,-1,15.860694902767705,73,78,112.71835300393602,99.18770425852574,13.530648745410275,True,12,12,138.214
160,31,80,40,0,ZGSA,0.5000000000000595,19,21,119,4.065679587060952,73,76,112.71835300393602,113.07821478063157,0.35986177669555275,True,12,12,138.214
160,31,80,40,7,GSA,0.4999999999998415,15,-1,-1,2.7654917681198015,76,76,113.2988056352291,110.7388144089223,2.5599912263068063,True,12,11,126.311
160,31,80,40,7,TGSA,0.4999999999998415,15,-1,-1,15.979607450493582,76,78,113.2988056352291,99.18770425852605,14.111101376703047,True,12,12,126.311
160,31,80,40,7,ZGSA,0.4999999999998415,15,22,116,4.762779867128646,76,76,113.2988056352291,113.79778031536023,0.498974680131127,True,12,12,126.311
160,31,80,40,3,GSA,0.49999999999996214,20,-1,-1,2.8090444467973015,74,76,113.48965437355474,110.86664902798802,2.6230053455667246,True,12,11,131.533
160,31,80,40,3,TGSA,0.49999999999996214,20,-1,-1,16.311458193693802,74,78,113.48965437355474,99.18770425852615,14.301950115028589,True,12,12,131.533
160,31,80,40,3,ZGSA,0.49999999999996214,20,20,120,4.362973652194828,74,76,113.48965437355474,112.10125775840073,1.388396615154008,True,12,12,131.533
160,31,80,40,8,GSA,0.49999999999985756,20,-1,-1,2.4990401470350037,75,76,112.2949437523705,109.90906599380047,2.3858777585700324,True,12,11,132.533
160,31,80,40,8,TGSA,0.49999999999985756,20,-1,-1,15.425323388714567,75,78,112.2949437523705,99.18770425852591,13.107239493844588,True,12,12,132.533
160,31,80,40,8,ZGSA,0.49999999999985756,20,22,116,4.320765069583324,75,76,112.2949437523705,113.79778031535733,1.502836562986829,True,12,12,132.533
160,31,80,40,4,GSA,0.49999999999986144,15,-1,-1,2.698616284410406,75,76,112.85067731180732,110.6082724141134,2.242404897693916,True,12,11,139.934
160,31,80,40,4,TGSA,0.49999999999986144,15,-1,-1,16.096391213908838,75,78,112.85067731180732,99.18770425852584,13.662973053281476,True,12,12,139.934
160,31,80,40,4,ZGSA,0.49999999999986144,15,22,116,4.426631069439011,75,76,112.85067731180732,113.79778031535659,0.9471030035492731,True,12,12,139.934
160,31,80,40,6,GSA,0.49999999999994277,14,-1,-1,2.940948370189055,73,76,113.71241652890416,111.2892725001223,2.423144028781863,True,12,10,137.41
160,31,80,40,6,TGSA,0.49999999999994277,14,-1,-1,16.6378029443,73,78,113.71241652890416,99.1877042585258,14.524712270378359,True,12,12,137.41
160,31,80,40,6,ZGSA,0.49999999999994277,14,24,112,4.299191188306928,73,76,113.71241652890416,115.49360240879751,1.781185879893357,True,12,12,137.41
160,31,80,40,1,GSA,0.499999999999954,22,-1,-1,2.8324660339410954,76,76,113.52369988494054,110.93539542645242,2.5883044584881247,True,12,11,154.257
160,31,80,40,1,TGSA,0.499999999999954,22,-1,-1,16.379844346843143,76,78,113.52369988494054,99.18770425852594,14.3359956264146,True,12,12,154.257
160,31,80,40,1,ZGSA,0.499999999999954,22,23,114,5.0032084918694615,76,76,113.52369988494054,114.64578352831616,1.1220836433756176,True,12,12,154.257
160,127,120,40,2,GSA,0.7499999999999998,40,-1,-1,6.736352352627954,73,75,102.83186457390511,97.05070173426552,5.781162839639592,True,17,13,75.567
160,127,120,40,2,TGSA,0.7499999999999998,40,-1,-1,11.275842350923064,73,78,102.83186457390511,99.18770425852597,3.644160315379139,True,17,12,75.567
160,127,120,40,2,ZGSA,0.7499999999999998,40,41,115,0.7399246240711506,73,72,102.83186457390511,103.35038740898324,0.5185228350781301,True,17,17,75.567
160,127,120,40,0,GSA,0.750000000000001,39,-1,-1,7.072998766771967,72,75,103.63932703233101,97.68658940542633,5.952737626904678,True,17,13,82.438
160,127,120,40,0,TGSA,0.750000000000001,39,-1,-1,11.798173674456038,72,78,103.63932703233101,99.18770425852611,4.4516227738049,True,17,12,82.438
160,127,120,40,0,ZGSA,0.750000000000001,39,41,119,0.6404485281666723,72,72,103.63932703233101,103.39332149845012,0.24600553388088997,True,17,17,82.438
160,127,120,40,5,GSA,0.7499999999999994,38,-1,-1,7.007042561872147,72,75,103.297091698505,97.56200546283793,5.735086235667069,True,17,13,59.032
160,127,120,40,5,TGSA,0.7499999999999994,38,-1,-1,11.913732117127758,72,78,103.297091698505,99.18770425852588,4.109387439979116,True,17,12,59.032
160,127,120,40,5,ZGSA,0.7499999999999994,38,41,119,0.7606405083036734,72,72,103.297091698505,103.39332149845032,0.09622979994531988,True,17,17,59.032
160,127,120,40,1,GSA,0.7499999999999983,38,-1,-1,6.893679607360319,71,75,103.14515887786531,97.34787543759924,5.797283440266071,True,17,13,88.521
160,127,120,40,1,TGSA,0.7499999999999983,38,-1,-1,11.313229870295402,71,78,103.14515887786531,99.18770425852576,3.9574546193395577,True,17,12,88.521
160,127,120,40,1,ZGSA,0.7499999999999983,38,41,119,0.49666421886139744,71,72,103.14515887786531,103.39332149845058,0.24816262058526206,True,17,17,88.521
160,127,120,40,4,GSA,0.7500000000000003,38,-1,-1,7.072517878586769,71,75,103.53486551835705,97.68568106107674,5.849184457280316,True,17,13,65.084
160,127,120,40,4,TGSA,0.7500000000000003,38,-1,-1,11.416163812268785,71,78,103.53486551835705,99.18770425852607,4.347161259830983,True,17,12,65.084
160,127,120,40,4,ZGSA,0.7500000000000003,38,41,119,0.47348550895670627,71,72,103.53486551835705,103.3933214984504,0.14154401990664667,True,17,17,65.084
160,127,80,40,1,GSA,0.5000000000000367,0,-1,-1,0.4547765461969533,77,76,117.62960393372697,117.28008084224007,0.3495230914869012,True,10,10,124.088
160,127,80,40,1,TGSA,0.5000000000000367,0,-1,-1,18.97521034909699,77,78,117.62960393372697,99.18770425852576,18.441899675201213,True,10,12,124.088
160,127,80,40,1,ZGSA,0.5000000000000367,0,0,138,4.171108412807158,77,78,117.62960393372697,120.95416355141994,3.3245596176929695,True,10,9,124.088
160,127,120,40,3,GSA,0.7499999999999992,39,-1,-1,6.9360477562761425,73,75,103.24861982559983,97.42790416337891,5.82071566222092,True,17,13,89.283
160,127,120,40,3,TGSA,0.7499999999999992,39,-1,-1,11.552549765965615,73,78,103.24861982559983,99.18770425852576,4.060915567074076,True,17,12,89.283
160,127,120,40,3,ZGSA,0.7499999999999992,39,41,119,0.5544266220573064,73,72,103.24861982559983,103.39332149845043,0.14470167285060143,True,17,17,89.283
160,127,80,40,5,GSA,0.49999999999989697,0,-1,-1,0.4200615576615121,76,76,116.23712761360599,116.41698227234315,0.17985465873715611,True,10,10,121.626
160,127,80,40,5,TGSA,0.49999999999989697,0,-1,-1,18.237754697271697,76,78,116.23712761360599,99.18770425852586,17.049423355080137,True,10,12,121.626
160,127,80,40,5,ZGSA,0.49999999999989697,0,0,134,4.563060229454244,76,78,116.23712761360599,120.13723828266528,3.9001106690592877,True,10,9,121.626
160,127,80,40,0,GSA,0.49999999999921785,0,-1,-1,0.7536747569666602,76,76,116.90704126255038,116.88126797315782,0.025773289392560628,True,10,10,145.19
160,127,80,40,0,TGSA,0.49999999999921785,0,-1,-1,18.26391162539862,76,78,116.90704126255038,99.18770425852608,17.719337004024297,True,10,12,145.19
160,127,80,40,0,ZGSA,0.49999999999921785,0,0,136,4.323897431723545,76,78,116.90704126255038,120.56396120208012,3.656919939529743,True,10,9,145.19
160,127,120,40,8,GSA,0.7500000000000014,41,-1,-1,7.002270707029105,72,75,103.67789351423778,97.55299195924493,6.124901554992846,True,17,13,62.418
160,127,120,40,8,TGSA,0.7500000000000014,41,-1,-1,11.124111349659493,72,78,103.67789351423778,99.18770425852577,4.490189255712011,True,17,12,62.418
160,127,120,40,8,ZGSA,0.7500000000000014,41,41,119,0.3134906451848032,72,72,103.67789351423778,103.39332149844967,0.28457201578811464,True,17,17,62.418
160,127,80,40,8,GSA,0.4999999999998468,0,-1,-1,0.6108721084951512,78,76,116.95518438250356,117.25383907158044,0.29865468907688353,True,10,10,127.542
160,127,80,40,8,TGSA,0.4999999999998468,0,-1,-1,18.897385957879756,78,78,116.95518438250356,99.18770425852574,17.76748012397782,True,10,12,127.542
160,127,80,40,8,ZGSA,0.4999999999998468,0,0,136,4.172651082905137,78,78,116.95518438250356,120.5639612019617,3.608776819458143,True,10,9,127.542
160,127,120,40,6,GSA,0.749999999999998,41,-1,-1,7.116653094790571,71,75,103.11378927884628,97.7690475805725,5.344741698273779,True,17,13,80.455
160,127,120,40,6,TGSA,0.749999999999998,41,-1,-1,11.513407425768946,71,78,103.11378927884628,99.1877042585261,3.926085020320187,True,17,12,80.455
160,127,120,40,6,ZGSA,0.749999999999998,41,41,116,0.8097654145026922,71,72,103.11378927884628,103.3675754885351,0.25378620968881194,True,17,17,80.455
160,127,120,40,7,GSA,0.7500000000000011,39,-1,-1,7.074563075484882,71,75,103.4301551859825,97.68954421077274,5.740610975209762,True,17,13,76.431
160,127,120,40,7,TGSA,0.7500000000000011,39,-1,-1,11.322062137918365,71,78,103.4301551859825,99.18770425852611,4.242450927456389,True,17,12,76.431
160,127,120,40,7,ZGSA,0.7500000000000011,39,41,114,0.663886033624209,71,72,103.4301551859825,103.3288751704711,0.10128001551140642,True,17,17,76.431
160,127,120,40,9,GSA,0.7500000000000019,40,-1,-1,6.988602519098933,71,75,103.51681552506895,97.52717427012468,5.989641254944274,True,17,13,80.652
160,127,120,40,9,TGSA,0.7500000000000019,40,-1,-1,11.345860681415822,71,78,103.51681552506895,99.1877042585258,4.329111266543151,True,17,12,80.652
160,127,120,40,9,ZGSA,0.7500000000000019,40,41,118,0.4736736524601284,71,72,103.51681552506895,103.3890335021211,0.127782022947855,True,17,17,80.652
160,127,80,40,3,GSA,0.4999999999994941,0,-1,-1,0.5162393136345287,77,76,116.33013589223586,116.774497970039,0.4443620778031345,True,10,10,160.439
160,127,80,40,3,TGSA,0.4999999999994941,0,-1,-1,19.073416818568347,77,78,116.33013589223586,99.18770425852583,17.142431633710032,True,10,12,160.439
160,127,80,40,3,ZGSA,0.4999999999994941,0,0,135,4.8873061983675115,77,78,116.33013589223586,120.35521648444193,4.025080592206066,True,10,9,160.439
160,127,80,40,2,GSA,0.49999999999942596,0,-1,-1,0.3457406074238776,77,76,116.6549484524621,116.89397907298468,0.23903062052258406,True,10,10,165.407
160,127,80,40,2,TGSA,0.49999999999942596,0,-1,-1,18.442055390604132,77,78,116.6549484524621,99.18770425852604,17.467244193936054,True,10,12,165.407
160,127,80,40,2,ZGSA,0.49999999999942596,0,0,136,4.473279634570574,77,78,116.6549484524621,120.56396120204101,3.9090127495789204,True,10,9,165.407
160,127,80,40,6,GSA,0.5000000000158317,0,-1,-1,0.6459015632648715,77,76,116.39100445959394,116.84796961460933,0.45696515501538215,True,10,10,155.328
160,127,80,40,6,TGSA,0.5000000000158317,0,-1,-1,18.26534376181845,77,78,116.39100445959394,99.18770425852593,17.203300201068018,True,10,12,155.328
160,127,80,40,6,ZGSA,0.5000000000158317,0,0,136,4.281093029336461,77,78,116.39100445959394,120.56396119896365,4.17295673936971,True,10,9,155.328
160,127,80,40,4,GSA,0.49999999999995476,0,-1,-1,0.581849869861145,74,76,117.23249672989033,116.89901634579107,0.3334803840992606,True,10,10,175.095
160,127,80,40,4,TGSA,0.49999999999995476,0,-1,-1,18.74291333480386,74,78,117.23249672989033,99.18770425852581,18.044792471364516,True,10,12,175.095
160,127,80,40,4,ZGSA,0.49999999999995476,0,0,137,4.1333690326812444,74,78,117.23249672989033,120.76357706453393,3.5310803346436046,True,10,9,175.095
160,127,80,40,7,GSA,0.5000000000001542,0,-1,-1,0.5932489232040439,76,76,117.2397981120852,117.29586527528237,0.05606716319717009,True,10,10,169.52
160,127,80,40,7,TGSA,0.5000000000001542,0,-1,-1,18.641671027223495,76,78,117.2397981120852,99.18770425852581,18.052093853559384,True,10,12,169.52
160,127,80,40,7,ZGSA,0.5000000000001542,0,0,138,4.11355060390261,76,78,117.2397981120852,120.95416355139785,3.714365439312658,True,10,9,169.52
160,127,80,40,9,GSA,0.4999999999999249,0,-1,-1,0.4829088932244048,75,76,116.85618054902122,116.72099119312838,0.13518935589283387,True,10,10,177.004
160,127,80,40,9,TGSA,0.4999999999999249,0,-1,-1,18.40075183107959,75,78,116.85618054902122,99.18770425852607,17.66847629049515,True,10,12,177.004
160,127,80,40,9,ZGSA,0.4999999999999249,0,0,136,4.714271395211497,75,78,116.85618054902122,120.56396120194746,3.707780652926246,True,10,9,177.004
120,13,60,40,0,GSA,0.49999999999999306,9,-1,-1,1.3929514213738372,56,56,67.52783665798219,66.15545918603975,1.3723774719424426,True,12,11,52.06
120,13,60,40,0,TGSA,0.49999999999999306,9,-1,-1,12.309087420501918,56,59,67.52783665798219,57.395165924172886,10.132670733809306,True,12,12,52.06
120,13,60,40,0,ZGSA,0.49999999999999306,9,13,94,2.2801345878330217,56,56,67.52783665798219,66.33198537407344,1.1958512839087518,True,12,12,52.06
160,1031,120,40,0,GSA,0.7500000000000361,19,-1,-1,2.4665494161721497,76,76,112.54941721593521,110.57618316272487,1.9732340532103336,True,12,11,93.829
160,1031,120,40,0,TGSA,0.7500000000000361,19,-1,-1,16.159715113342926,76,78,112.54941721593521,99.187704258526,13.36171295740921,True,12,12,93.829
160,1031,120,40,0,ZGSA,0.7500000000000361,19,19,135,0.98380612354795,76,75,112.54941721593521,113.15309455016822,0.6036773342330122,True,12,12,93.829
160,1031,120,40,3,GSA,0.7499999999999523,19,-1,-1,2.4227342167299497,76,76,112.43650966050798,110.43933569051977,1.9971739699882107,True,12,11,86.923
160,1031,120,40,3,TGSA,0.7499999999999523,19,-1,-1,15.451264756517034,76,78,112.43650966050798,99.18770425852598,13.248805401981997,True,12,12,86.923
160,1031,120,40,3,ZGSA,0.7499999999999523,19,18,142,0.46116201055551187,76,75,112.43650966050798,112.30777260315833,0.12873705734965313,True,12,12,86.923
160,1031,120,40,2,GSA,0.7499999999999997,19,-1,-1,2.387302701970686,75,76,112.47943230407986,110.32867287728497,2.1507594267948917,True,12,11,92.094
160,1031,120,40,2,TGSA,0.7499999999999997,19,-1,-1,15.707683986958791,75,78,112.47943230407986,99.18770425852577,13.291728045554095,True,12,12,92.094
160,1031,120,40,2,ZGSA,0.7499999999999997,19,18,142,0.40132067961482676,75,75,112.47943230407986,112.30777260314176,0.17165970093810756,True,12,12,92.094
160,1031,120,40,6,GSA,0.7499999999999094,18,-1,-1,2.2755216158516696,75,76,112.18456777085675,109.95822378855522,2.226343982301529,True,12,11,89.546
160,1031,120,40,6,TGSA,0.7499999999999094,18,-1,-1,15.514847104152068,75,78,112.18456777085675,99.18770425852611,12.996863512330634,True,12,12,89.546
160,1031,120,40,6,ZGSA,0.7499999999999094,18,18,139,0.3792072669389768,75,75,112.18456777085675,112.27095249858891,0.08638472773216677,True,12,12,89.546
160,1031,120,40,1,GSA,0.7500000000000805,18,-1,-1,2.6423804493913643,74,76,113.72093913873576,111.125354060985,2.595585077750755,True,12,11,114.812
160,1031,120,40,1,TGSA,0.7500000000000805,18,-1,-1,16.17508796323456,74,78,113.72093913873576,99.18770425852597,14.53323488020979,True,12,12,114.812
160,1031,120,40,1,ZGSA,0.7500000000000805,18,19,137,0.5999640119255503,74,75,113.72093913873576,113.22065376697819,0.5002853717575704,True,12,12,114.812
120,13,60,40,1,GSA,0.5000000000000002,13,-1,-1,1.373304754732473,56,56,67.17680798241364,66.39657118162512,0.780236800788515,True,12,11,67.263
120,13,60,40,1,TGSA,0.5000000000000002,13,-1,-1,12.66766651111638,56,59,67.17680798241364,57.395165924172844,9.781642058240791,True,12,12,67.263
120,13,60,40,1,ZGSA,0.5000000000000002,13,12,97,2.478552027997395,56,56,67.17680798241364,65.77697069055185,1.399837291861786,True,12,12,67.263
120,13,60,40,2,GSA,0.4999999999999999,14,-1,-1,1.4625628734921836,56,56,68.08160580445485,66.6772774709942,1.4043283334606542,True,12,11,59.464
120,13,60,40,2,TGSA,0.4999999999999999,14,-1,-1,13.0404826564431,56,59,68.08160580445485,57.3951659241729,10.686439880281952,True,12,12,59.464
120,13,60,40,2,ZGSA,0.4999999999999999,14,16,88,2.6468804475422054,56,56,68.08160580445485,68.22134813750193,0.1397423330470815,True,12,12,59.464
160,1031,80,40,0,GSA,0.4999999999999035,0,-1,-1,0.8240226987871608,75,76,118.4604086492966,118.285583994528,0.17482465476859943,True,10,10,162.838
160,1031,80,40,0,TGSA,0.4999999999999035,0,-1,-1,19.623763809004842,75,78,118.4604086492966,99.18770425852597,19.272704390770627,True,10,12,162.838
160,1031,80,40,0,ZGSA,0.4999999999999035,0,0,80,22.416209806722414,75,96,118.4604086492966,125.7904757664726,7.330067117176,True,10,6,162.838
120,13,60,40,3,GSA,0.4999999999999989,13,-1,-1,1.303719072209729,55,56,67.1692030229622,66.16984837614758,0.9993546468146093,True,12,11,50.307
120,13,60,40,3,TGSA,0.4999999999999989,13,-1,-1,12.41873456265268,55,59,67.1692030229622,57.39516592417295,9.774037098789243,True,12,12,50.307
120,13,60,40,3,ZGSA,0.4999999999999989,13,13,94,2.502122025042059,55,56,67.1692030229622,66.33198537407297,0.8372176488892222,True,12,12,50.307
160,1031,80,40,1,GSA,0.49999999999985917,0,-1,-1,0.27804616184342734,76,76,116.55374637077873,116.55277072145223,0.0009756493264916344,True,10,10,167.605
160,1031,80,40,1,TGSA,0.49999999999985917,0,-1,-1,18.316924060679113,76,78,116.55374637077873,99.1877042585258,17.366042112252927,True,10,12,167.605
160,1031,80,40,1,ZGSA,0.49999999999985917,0,0,78,23.538072271947186,76,97,116.55374637077873,123.77698157766953,7.223235206890806,True,10,6,167.605
160,1031,120,40,8,GSA,0.749999999999962,19,-1,-1,2.549169434983174,75,76,113.23354574301183,110.8342292488969,2.3993164941149274,True,12,11,96.71
160,1031,120,40,8,TGSA,0.749999999999962,19,-1,-1,15.958124663156688,75,78,113.23354574301183,99.18770425852605,14.045841484485777,True,12,12,96.71
160,1031,120,40,8,ZGSA,0.749999999999962,19,19,137,0.47642518342962603,75,75,113.23354574301183,113.22065376701914,0.012891975992687321,True,12,12,96.71
160,1031,80,40,2,GSA,0.5000000000024991,0,-1,-1,0.4929610129258748,77,76,118.41630924671423,118.2135153560273,0.20279389068693376,True,10,10,169.221
160,1031,80,40,2,TGSA,0.5000000000024991,0,-1,-1,20.03426614514956,77,78,118.41630924671423,99.18770425852581,19.228604988188422,True,10,12,169.221
160,1031,80,40,2,ZGSA,0.5000000000024991,0,0,80,22.861453888994397,77,96,118.41630924671423,125.7904757659414,7.37416651922716,True,10,6,169.221
160,1031,80,40,9,GSA,0.49999999999979783,0,-1,-1,0.6068462112622655,77,76,117.62692488108252,117.33183394908112,0.2950909320014006,True,10,10,139.975
160,1031,80,40,9,TGSA,0.49999999999979783,0,-1,-1,18.84721800548448,77,78,117.62692488108252,99.1877042585258,18.439220622556718,True,10,12,139.975
160,1031,80,40,9,ZGSA,0.49999999999979783,0,0,79,22.7740742562643,77,97,117.62692488108252,124.78987354677609,7.162948665693577,True,10,6,139.975
160,1031,120,40,4,GSA,0.7499999999999512,17,-1,-1,2.569630482259903,76,76,112.88810937899187,110.89813498559985,1.9899743933920178,True,12,11,116.785
160,1031,120,40,4,TGSA,0.7499999999999512,17,-1,-1,16.24618219128429,76,78,112.88810937899187,99.18770425852578,13.700405120466087,True,12,12,116.785
160,1031,120,40,4,ZGSA,0.7499999999999512,17,19,135,0.7352013839676914,76,75,112.88810937899187,113.15309455019715,0.2649851712052822,True,12,12,116.785
120,13,60,40,4,GSA,0.49999999999999933,10,-1,-1,1.3507474013635985,56,56,67.15128134937116,66.06504933281056,1.0862320165606008,True,12,11,44.393
120,13,60,40,4,TGSA,0.49999999999999933,10,-1,-1,12.388651713066945,56,59,67.15128134937116,57.39516592417293,9.756115425198232,True,12,12,44.393
120,13,60,40,4,ZGSA,0.49999999999999933,10,14,92,2.6726781186779114,56,56,67.15128134937116,66.9620403649005,0.18924098447065774,True,12,12,44.393
160,1031,120,40,5,GSA,0.7500000000000026,19,-1,-1,2.4923388257410366,76,76,113.14854248191544,110.65673090768966,2.4918115742257783,True,12,11,117.784
160,1031,120,40,5,TGSA,0.7500000000000026,19,-1,-1,15.915329276296312,76,78,113.14854248191544,99.18770425852588,13.960838223389558,True,12,12,117.784
160,1031,120,40,5,ZGSA,0.7500000000000026,19,19,135,0.645067527802965,76,75,113.14854248191544,113.15309455017959,0.004552068264146669,True,12,12,117.784
120,13,90,40,0,GSA,0.75,42,-1,-1,5.575700706314791,50,55,56.30303350220841,52.75907306529266,3.5439604369157465,True,22,16,21.476
120,13,90,40,0,TGSA,0.75,42,-1,-1,10.84769423187532,50,59,56.30303350220841,57.39516592417286,1.0921324219644504,True,22,12,21.476
120,13,90,40,0,ZGSA,0.75,42,45,75,0.6475260795701878,50,50,56.30303350220841,56.70325404324896,0.4002205410405537,True,22,22,21.476
160,1031,80,40,8,GSA,0.500000000000306,0,-1,-1,0.39756870080800866,76,76,117.41577366847872,117.49952152539572,0.08374785691700026,True,10,10,155.941
160,1031,80,40,8,TGSA,0.500000000000306,0,-1,-1,18.908218300668068,76,78,117.41577366847872,99.18770425852574,18.22806940995298,True,10,12,155.941
160,1031,80,40,8,ZGSA,0.500000000000306,0,0,79,23.06333760246045,76,97,117.41577366847872,124.78987354667308,7.374099878194357,True,10,6,155.941
160,1031,80,40,6,GSA,0.4999999999999913,0,-1,-1,0.5053715116696651,76,76,117.2926783839801,117.47941526125616,0.18673687727606136,True,10,10,162.102
160,1031,80,40,6,TGSA,0.4999999999999913,0,-1,-1,18.901730035996508,76,78,117.2926783839801,99.18770425852605,18.10497412545405,True,10,12,162.102
160,1031,80,40,6,ZGSA,0.4999999999999913,0,0,80,23.056422270601033,76,96,117.2926783839801,125.7904757664546,8.497797382474502,True,10,6,162.102
120,13,90,40,2,GSA,0.75,43,-1,-1,5.462752404853312,48,55,56.32692626044906,52.589056148355915,3.737870112093148,True,22,16,24.04
120,13,90,40,2,TGSA,0.75,43,-1,-1,10.84769423187532,48,59,56.32692626044906,57.39516592417286,1.0682396637237943,True,22,12,24.04
120,13,90,40,2,ZGSA,0.75,43,45,72,0.5843858418296435,48,50,56.32692626044906,56.6847417505291,0.35781549008003566,True,22,22,24.04
120,13,90,40,1,GSA,0.75,43,-1,-1,5.638158239616722,50,55,56.481295139898634,52.853088088910695,3.628207050987939,True,22,16,26.574
120,13,90,40,1,TGSA,0.75,43,-1,-1,10.84769423187532,50,59,56.481295139898634,57.39516592417286,0.9138707842742235,True,22,12,26.574
120,13,90,40,1,ZGSA,0.75,43,45,75,0.6098674927552814,50,50,56.481295139898634,56.70325404324896,0.22195890335032686,True,22,22,26.574
160,1031,120,40,7,GSA,0.7499999999998389,17,-1,-1,2.5069715799204886,76,76,112.94468028581466,110.70243320663097,2.2422470791836844,True,12,11,115.681
160,1031,120,40,7,TGSA,0.7499999999998389,17,-1,-1,16.02762332047341,76,78,112.94468028581466,99.18770425852597,13.756976027288687,True,12,12,115.681
160,1031,120,40,7,ZGSA,0.7499999999998389,17,19,138,0.6686993608770138,76,75,112.94468028581466,113.24518392293206,0.30050363711740147,True,12,12,115.681
120,13,90,40,3,GSA,0.7499999999999999,41,-1,-1,5.558803800214481,51,55,55.93448912753669,52.73363877505754,3.2008503524791507,True,22,16,24.334
120,13,90,40,3,TGSA,0.7499999999999999,41,-1,-1,10.84769423187532,51,59,55.93448912753669,57.39516592417286,1.4606767966361645,True,22,12,24.334
120,13,90,40,3,ZGSA,0.7499999999999999,41,45,69,0.8569882806254476,51,50,55.93448912753669,56.63811747140964,0.7036283438729498,True,22,22,24.334
120,13,60,40,5,GSA,0.5000000000000027,13,-1,-1,1.3356664542535235,55,56,66.98806157744836,66.15710036296099,0.8309612144873739,True,12,11,56.755
120,13,60,40,5,TGSA,0.5000000000000027,13,-1,-1,12.358475665773312,55,59,66.98806157744836,57.3951659241729,9.592895653275463,True,12,12,56.755
120,13,60,40,5,ZGSA,0.5000000000000027,13,14,93,2.4854255890970407,55,56,66.98806157744836,67.05048894485503,0.06242736740666999,True,12,12,56.755
120,13,60,40,6,GSA,0.5000000000000034,10,-1,-1,1.317672647277604,55,56,66.9252521331913,65.90845956863075,1.0167925645605465,True,12,11,50.837
120,13,60,40,6,TGSA,0.5000000000000034,10,-1,-1,12.253955584178712,55,59,66.9252521331913,57.395165924172865,9.530086209018428,True,12,12,50.837
120,13,60,40,6,ZGSA,0.5000000000000034,10,14,93,2.089804230594071,55,56,66.9252521331913,67.05048894485493,0.12523681166364042,True,12,12,50.837
120,13,90,40,4,GSA,0.75,43,-1,-1,5.664894622143542,49,55,56.30987114691443,52.89333338069804,3.4165377662163934,True,22,16,23.237
120,13,90,40,4,TGSA,0.75,43,-1,-1,10.84769423187532,49,59,56.30987114691443,57.39516592417286,1.0852947772584258,True,22,12,23.237
120,13,90,40,4,ZGSA,0.75,43,45,75,0.605925523796202,49,50,56.30987114691443,56.70325404324896,0.39338289633452916,True,22,22,23.237
120,13,90,40,7,GSA,0.75,44,-1,-1,5.5455017538673665,50,55,56.78688257599889,52.71361569476655,4.073266881232335,True,22,16,18.586
120,13,90,40,7,TGSA,0.75,44,-1,-1,10.84769423187532,50,59,56.78688257599889,57.39516592417286,0.6082833481739698,True,22,12,18.586
120,13,90,40,7,ZGSA,0.75,44,45,75,0.4012776590021119,50,50,56.78688257599889,56.70325404324896,0.08362853274992688,True,22,22,18.586
160,1031,80,40,3,GSA,0.5000000000004843,0,-1,-1,0.4901394495674225,78,76,117.66264879016795,117.75344969345137,0.09080090328342294,True,10,10,185.847
160,1031,80,40,3,TGSA,0.5000000000004843,0,-1,-1,19.52832194768728,78,78,117.66264879016795,99.18770425852586,18.474944531642095,True,10,12,185.847
160,1031,80,40,3,ZGSA,0.5000000000004843,0,0,80,23.169526504019018,78,96,117.66264879016795,125.7904757663536,8.127826976185645,True,10,6,185.847
120,13,60,40,7,GSA,0.4999999999999996,11,-1,-1,1.6079784220933178,55,56,67.1712258794715,66.65167724076883,0.5195486387026733,True,12,11,50.118
120,13,60,40,7,TGSA,0.4999999999999996,11,-1,-1,13.117689752716139,55,59,67.1712258794715,57.395165924172964,9.776059955298543,True,12,12,50.118
120,13,60,40,7,ZGSA,0.4999999999999996,11,17,86,2.793662048373694,55,57,67.1712258794715,68.85084232444312,1.6796164449716144,True,12,12,50.118
160,1031,120,40,9,GSA,0.7499999999998941,18,-1,-1,2.5025000638591877,77,76,112.27597982720184,110.68846737746155,1.587512449740288,True,12,11,118.977
160,1031,120,40,9,TGSA,0.7499999999998941,18,-1,-1,16.294914619281833,77,78,112.27597982720184,99.18770425852587,13.088275568675968,True,12,12,118.977
160,1031,120,40,9,ZGSA,0.7499999999998941,18,19,135,0.901663268218698,77,75,112.27597982720184,113.15309455021693,0.8771147230150973,True,12,12,118.977
120,13,90,40,6,GSA,0.75,44,-1,-1,5.6097250555106015,50,55,56.68813969162369,52.81028866415753,3.877851027466157,True,22,16,23.239
120,13,90,40,6,TGSA,0.75,44,-1,-1,10.84769423187532,50,59,56.68813969162369,57.39516592417286,0.7070262325491683,True,22,12,23.239
120,13,90,40,6,ZGSA,0.75,44,45,75,0.643405700645765,50,50,56.68813969162369,56.70325404324896,0.015114351625271638,True,22,22,23.239
120,13,90,40,5,GSA,0.75,42,-1,-1,5.5502026905495505,49,55,56.54326051040397,52.7206918412954,3.82256866910857,True,22,16,25.959
120,13,90,40,5,TGSA,0.75,42,-1,-1,10.84769423187532,49,59,56.54326051040397,57.39516592417286,0.8519054137688897,True,22,12,25.959
120,13,90,40,5,ZGSA,0.75,42,45,75,0.6449602069099925,49,50,56.54326051040397,56.70325404324896,0.15999353284499307,True,22,22,25.959
120,13,90,40,9,GSA,0.75,43,-1,-1,5.670636631219047,47,55,56.70100269449315,52.9019766154117,3.7990260790814503,True,22,16,23.953
120,13,90,40,9,TGSA,0.75,43,-1,-1,10.84769423187532,47,59,56.70100269449315,57.39516592417286,0.6941632296797096,True,22,12,23.953
120,13,90,40,9,ZGSA,0.75,43,45,75,0.6501406143831261,47,50,56.70100269449315,56.70325404324896,0.0022513487558128986,True,22,22,23.953
120,13,90,40,8,GSA,0.75,39,-1,-1,5.351204864353178,49,55,56.20687843900606,52.4180072996907,3.7888711393153613,True,22,16,24.688
120,13,90,40,8,TGSA,0.75,39,-1,-1,10.84769423187532,49,59,56.20687843900606,57.39516592417286,1.1882874851667964,True,22,12,24.688
120,13,90,40,8,ZGSA,0.75,39,45,71,0.6870063613780459,49,50,56.20687843900606,56.672356765963016,0.4654783269569549,True,22,22,24.688
160,1031,80,40,5,GSA,0.500000000002252,0,-1,-1,0.5610866201233904,77,76,117.18139914192952,117.28894204684926,0.10754290491973961,True,10,10,183.679
160,1031,80,40,5,TGSA,0.500000000002252,0,-1,-1,19.034121097684462,77,78,117.18139914192952,99.18770425852587,17.99369488340365,True,10,12,183.679
160,1031,80,40,5,ZGSA,0.500000000002252,0,0,79,22.96713775774306,77,97,117.18139914192952,124.7898735462781,7.608474404348584,True,10,6,183.679
160,1031,80,40,4,GSA,0.4999999999992646,0,-1,-1,0.41475924008545917,78,76,116.88696671661829,117.07869103342655,0.19172431680826207,True,10,10,188.303
160,1031,80,40,4,TGSA,0.4999999999992646,0,-1,-1,19.067273528280843,78,78,116.88696671661829,99.18770425852608,17.699262458092207,True,10,12,188.303
160,1031,80,40,4,ZGSA,0.4999999999992646,0,0,79,23.569370616813757,78,97,116.88696671661829,124.78987354688469,7.902906830266403,True,10,6,188.303
120,13,60,40,8,GSA,0.5,11,-1,-1,1.427597536106223,56,56,67.80539599022782,66.43810247554413,1.3672935146836949,True,12,11,51.276
120,13,60,40,8,TGSA,0.5,11,-1,-1,12.715198541209748,56,59,67.80539599022782,57.395165924172815,10.410230066055007,True,12,12,51.276
120,13,60,40,8,ZGSA,0.5,11,15,91,2.1944777003044926,56,56,67.80539599022782,67.68695280526745,0.11844318496036976,True,12,12,51.276
160,1031,80,40,7,GSA,0.49999999999943207,0,-1,-1,0.39033355626619937,76,76,117.51094692172941,117.315948086251,0.19499883547841534,True,10,10,188.308
160,1031,80,40,7,TGSA,0.49999999999943207,0,-1,-1,19.43374389865869,76,78,117.51094692172941,99.18770425852603,18.323242663203388,True,10,12,188.308
160,1031,80,40,7,ZGSA,0.49999999999943207,0,0,79,23.41704379201734,76,97,117.51094692172941,124.78987354685067,7.278926625121258,True,10,6,188.308
120,31,90,40,1,GSA,0.75,34,-1,-1,4.2580894293580975,52,55,61.645334149966644,58.5379981472559,3.1073360027107455,True,17,13,27.844
120,31,90,40,1,TGSA,0.75,34,-1,-1,9.895434603503691,52,59,61.645334149966644,57.39516592417294,4.250168225793701,True,17,12,27.844
120,31,90,40,1,ZGSA,0.75,34,33,87,0.6042825320881171,52,53,61.645334149966644,61.91235681263998,0.26702266267333385,True,17,17,27.844
120,31,90,40,2,GSA,0.75,33,-1,-1,4.242832338410807,52,55,61.34055383188041,58.51072609729585,2.829827734584562,True,17,13,28.64
120,31,90,40,2,TGSA,0.75,33,-1,-1,9.786442284311033,52,59,61.34055383188041,57.39516592417294,3.9453879077074703,True,17,12,28.64
120,31,90,40,2,ZGSA,0.75,33,33,83,0.7102871780849682,52,53,61.34055383188041,61.87041675337057,0.5298629214901567,True,17,17,28.64
120,31,90,40,3,GSA,0.75,31,-1,-1,4.592186689653062,52,55,62.126315094122674,59.133293349602255,2.9930217445204192,True,17,13,28.547
120,31,90,40,3,TGSA,0.75,31,-1,-1,10.567508153580295,52,59,62.126315094122674,57.39516592417294,4.731149169949731,True,17,12,28.547
120,31,90,40,3,ZGSA,0.75,31,34,86,0.7461063364065481,52,53,62.126315094122674,62.47625971984302,0.34994462572034735,True,17,17,28.547
120,31,90,40,5,GSA,0.7500000000000001,34,-1,-1,4.190763760804138,53,55,61.80309321485804,58.41765351482394,3.385439700034098,True,17,13,29.632
120,31,90,40,5,TGSA,0.7500000000000001,34,-1,-1,9.7139654149067,53,59,61.80309321485804,57.39516592417293,4.407927290685109,True,17,12,29.632
120,31,90,40,5,ZGSA,0.7500000000000001,34,33,87,0.49560160182765856,53,53,61.80309321485804,61.91235681263993,0.1092635977818901,True,17,17,29.632
120,31,90,40,0,GSA,0.75,32,-1,-1,4.250191029430759,53,55,61.59982489886776,58.523879757493994,3.075945141373765,True,17,13,35.861
120,31,90,40,0,TGSA,0.75,32,-1,-1,9.791788157467767,53,59,61.59982489886776,57.39516592417294,4.204658974694816,True,17,12,35.861
120,31,90,40,0,ZGSA,0.75,32,33,83,0.6875948144265109,53,53,61.59982489886776,61.87041675337057,0.2705918545028112,True,17,17,35.861
120,31,90,40,6,GSA,0.7500000000000001,31,-1,-1,4.362974643382266,52,55,61.580435204465346,58.7254804674323,2.8549547370330473,True,17,13,31.2
120,31,90,40,6,TGSA,0.7500000000000001,31,-1,-1,9.983458599532124,52,59,61.580435204465346,57.39516592417293,4.185269280292417,True,17,12,31.2
120,31,90,40,6,ZGSA,0.7500000000000001,31,33,86,0.6755040427072743,52,53,61.580435204465346,61.90817266980507,0.32773746533972314,True,17,17,31.2
120,13,60,40,9,GSA,0.5000000000000007,13,-1,-1,1.2966663223578134,56,56,67.4190787663584,66.14686923481156,1.2722095315468351,True,12,11,70.993
120,13,60,40,9,TGSA,0.5000000000000007,13,-1,-1,12.314086558640291,56,59,67.4190787663584,57.395165924172865,10.023912842185531,True,12,12,70.993
120,13,60,40,9,ZGSA,0.5000000000000007,13,13,95,2.308415121030256,56,56,67.4190787663584,66.41382409585535,1.0052546705030494,True,12,12,70.993
120,31,90,40,4,GSA,0.7500000000000001,31,-1,-1,4.466207388954778,51,55,61.811265722544704,58.910009000143205,2.9012567224014987,True,17,13,39.696
120,31,90,40,4,TGSA,0.7500000000000001,31,-1,-1,10.328573369467176,51,59,61.811265722544704,57.39516592417293,4.416099798371775,True,17,12,39.696
120,31,90,40,4,ZGSA,0.7500000000000001,31,34,82,0.7946537680369872,51,53,61.811265722544704,62.4348530950188,0.6235873724740983,True,17,17,39.696
120,31,90,40,8,GSA,0.7500000000000001,32,-1,-1,4.420394079399255,52,55,62.01460253937971,58.828117709312714,3.186484830066995,True,17,13,37.014
120,31,90,40,8,TGSA,0.7500000000000001,32,-1,-1,10.053704663226608,52,59,62.01460253937971,57.39516592417293,4.61943661520678,True,17,12,37.014
120,31,90,40,8,ZGSA,0.7500000000000001,32,33,87,0.7780852179077371,52,53,62.01460253937971,61.91235681263993,0.10224572673978116,True,17,17,37.014
120,31,90,40,7,GSA,0.75,31,-1,-1,4.382151071317914,53,55,61.694509356607014,58.759758331650794,2.9347510249562205,True,17,13,38.339
120,31,90,40,7,TGSA,0.75,31,-1,-1,10.19546420024449,53,59,61.694509356607014,57.39516592417294,4.299343432434071,True,17,12,38.339
120,31,90,40,7,ZGSA,0.75,31,33,87,0.8281208170769254,53,53,61.694509356607014,61.91235681263998,0.2178474560329633,True,17,17,38.339
120,31,90,40,9,GSA,0.75,34,-1,-1,4.325259511119764,53,55,62.007700309811575,58.65806466770881,3.3496356421027684,True,17,13,41.427
120,31,90,40,9,TGSA,0.75,34,-1,-1,10.044395847733469,53,59,62.007700309811575,57.39516592417294,4.612534385638632,True,17,12,41.427
120,31,90,40,9,ZGSA,0.75,34,34,85,0.5572375316850398,53,53,62.007700309811575,62.47212902152157,0.4644287117099921,True,17,17,41.427
120,31,60,40,6,GSA,0.4999999999999921,0,-1,-1,0.6395662163425726,57,56,68.99482683097676,68.64512917478825,0.34969765618851056,True,11,10,65.75
120,31,60,40,6,TGSA,0.4999999999999921,0,-1,-1,13.61292154128482,57,59,68.99482683097676,57.39516592417286,11.599660906803905,True,11,12,65.75
120,31,60,40,6,ZGSA,0.4999999999999921,0,0,106,2.2216324590119,57,57,68.99482683097676,70.1460769774827,1.1512501465059444,True,11,10,65.75
120,31,60,40,9,GSA,0.4999999999999985,0,-1,-1,0.536091029060529,55,56,69.1819677620195,69.07213889650836,0.10982886551113324,True,10,10,65.773
120,31,60,40,9,TGSA,0.4999999999999985,0,-1,-1,13.88796860050488,55,59,69.1819677620195,57.39516592417288,11.786801837846618,True,10,12,65.773
120,31,60,40,9,ZGSA,0.4999999999999985,0,0,108,1.84625381630282,55,57,69.1819677620195,70.36432442642652,1.182356664407024,True,10,10,65.773
120,31,60,40,2,GSA,0.49999999999999856,0,-1,-1,0.3794118753942115,56,56,68.97646468176661,68.92059521102095,0.0558694707456624,True,10,10,75.004
120,31,60,40,2,TGSA,0.49999999999999856,0,-1,-1,13.100682323222696,56,59,68.97646468176661,57.395165924172936,11.581298757593679,True,10,12,75.004
120,31,60,40,2,ZGSA,0.49999999999999856,0,0,108,1.4433529272005927,56,57,68.97646468176661,70.36432442642652,1.387859744659906,True,10,10,75.004
120,31,60,40,1,GSA,0.4999999999999989,0,-1,-1,0.4397763668571315,54,56,68.29869558068917,68.0301858546224,0.2685097260667675,True,11,10,79.3
120,31,60,40,1,TGSA,0.4999999999999989,0,-1,-1,13.075009098341202,54,59,68.29869558068917,57.39516592417293,10.903529656516241,True,11,12,79.3
120,31,60,40,1,ZGSA,0.4999999999999989,0,0,103,2.593718141825555,54,57,68.29869558068917,69.75398700588751,1.4552914251983395,True,11,10,79.3
120,31,60,40,0,GSA,0.4999999999999995,0,-1,-1,0.8446858489157947,53,56,68.9151659169207,69.13991518495575,0.22474926803505468,True,11,10,79.986
120,31,60,40,0,TGSA,0.4999999999999995,0,-1,-1,14.263868902626559,53,59,68.9151659169207,57.39516592417281,11.519999992747891,True,11,12,79.986
120,31,60,40,0,ZGSA,0.4999999999999995,0,0,107,2.0578112144060725,53,57,68.9151659169207,70.25944753123679,1.3442816143160883,True,11,10,79.986
120,31,60,40,4,GSA,0.5,0,-1,-1,0.5677992500496138,54,56,68.62067925767485,68.49852150801742,0.12215774965743265,True,11,10,77.681
120,31,60,40,4,TGSA,0.5,0,-1,-1,13.283547704159986,54,59,68.62067925767485,57.39516592417283,11.225513333502022,True,11,12,77.681
120,31,60,40,4,ZGSA,0.5,0,0,105,2.279580030803862,54,57,68.62067925767485,70.02411516777761,1.4034359101027576,True,11,10,77.681
120,31,60,40,7,GSA,0.5000000000000028,0,-1,-1,0.3669273226620362,56,56,68.75179945955801,68.61596530544148,0.13583415411653732,True,10,10,79.474
120,31,60,40,7,TGSA,0.5000000000000028,0,-1,-1,13.091454261235672,56,59,68.75179945955801,57.39516592417295,11.356633535385065,True,10,12,79.474
120,31,60,40,7,ZGSA,0.5000000000000028,0,0,106,2.0360819363981264,56,57,68.75179945955801,70.14607697748171,1.3942775179236975,True,10,10,79.474
120,31,60,40,3,GSA,0.5000000000000051,0,-1,-1,0.4871210221264839,56,56,68.7883790585646,68.8449326543213,0.056553595756696495,True,11,10,90.871
120,31,60,40,3,TGSA,0.5000000000000051,0,-1,-1,13.402782658705537,56,59,68.7883790585646,57.395165924172986,11.393213134391615,True,11,12,90.871
120,31,60,40,3,ZGSA,0.5000000000000051,0,0,106,2.0591982452942243,56,57,68.7883790585646,70.14607697748147,1.3576979189168696,True,11,10,90.871
120,127,90,40,0,GSA,0.75,13,-1,-1,1.8928551495308419,55,56,66.74670731548495,65.40637682035823,1.3403304951267216,True,12,11,44.786
120,127,90,40,0,TGSA,0.75,13,-1,-1,12.426107777321505,55,59,66.74670731548495,57.39516592417294,9.351541391312011,True,12,12,44.786
120,127,90,40,0,ZGSA,0.75,13,17,103,0.5901221185842971,55,55,66.74670731548495,67.04475714439619,0.2980498289112319,True,12,12,44.786
120,31,60,40,5,GSA,0.4999999999999996,0,-1,-1,0.5758827268532798,54,56,69.39990817617955,69.18929521061364,0.21061296556591458,True,10,10,91.448
120,31,60,40,5,TGSA,0.4999999999999996,0,-1,-1,13.996632797535323,54,59,69.39990817617955,57.39516592417281,12.004742252006743,True,10,12,91.448
120,31,60,40,5,ZGSA,0.4999999999999996,0,0,108,1.6798592252468083,54,57,69.39990817617955,70.36432442642632,0.9644162502467708,True,10,10,91.448
120,31,60,40,8,GSA,0.5000000000000153,0,-1,-1,0.5993827927969733,55,56,68.79561254167194,68.8553242284479,0.059711686775955286,True,10,10,90.75
120,31,60,40,8,TGSA,0.5000000000000153,0,-1,-1,13.800424905280938,55,59,68.79561254167194,57.39516592417295,11.400446617498993,True,10,12,90.75
120,31,60,40,8,ZGSA,0.5000000000000153,0,0,106,2.1416566814853724,55,57,68.79561254167194,70.14607697748048,1.350464435808533,True,10,10,90.75
120,127,60,40,2,GSA,0.4999999999999936,0,-1,-1,0.24305984474026232,55,56,69.30818595928062,69.09430823410926,0.21387772517135772,True,10,10,68.79
120,127,60,40,2,TGSA,0.4999999999999936,0,-1,-1,13.53085046187909,55,59,69.30818595928062,57.395165924172815,11.913020035107806,True,10,12,68.79
120,127,60,40,2,ZGSA,0.4999999999999936,0,0,63,11.843146477153255,55,70,69.30818595928062,72.90916253715977,3.600976577879152,True,10,7,68.79
120,127,60,40,6,GSA,0.5000000000000135,0,-1,-1,0.3251649831908523,56,56,68.79015568822213,68.98206205055625,0.19190636233412306,True,10,10,71.875
120,127,60,40,6,TGSA,0.5000000000000135,0,-1,-1,13.402708553558785,56,59,68.79015568822213,57.39516592417294,11.394989764049186,True,10,12,71.875
120,127,60,40,6,ZGSA,0.5000000000000135,0,0,63,11.982339166523836,56,70,68.79015568822213,72.90916253715774,4.119006848935612,True,10,7,71.875
120,127,60,40,1,GSA,0.5000000000000081,0,-1,-1,0.49978910568743906,56,56,69.40875956567086,69.0692445436867,0.3395150219841696,True,11,10,88.75
120,127,60,40,1,TGSA,0.5000000000000081,0,-1,-1,13.8246097665638,56,59,69.40875956567086,57.39516592417284,12.013593641498026,True,11,12,88.75
120,127,60,40,1,ZGSA,0.5000000000000081,0,0,63,12.04781265169753,56,70,69.40875956567086,72.90916253715818,3.5004029714873184,True,11,7,88.75
120,127,90,40,3,GSA,0.7499999999999996,15,-1,-1,1.8528485713898988,55,56,66.27086367356134,65.44947609129133,0.8213875822700061,True,12,11,50.553
120,127,90,40,3,TGSA,0.7499999999999996,15,-1,-1,12.47148824041341,55,59,66.27086367356134,57.395165924172865,8.875697749388472,True,12,12,50.553
120,127,90,40,3,ZGSA,0.7499999999999996,15,17,98,0.7996955300555015,55,55,66.27086367356134,66.95514278660869,0.6842791130473529,True,12,12,50.553
120,127,60,40,8,GSA,0.5000000000000006,0,-1,-1,0.4057637197644528,55,56,68.50996047950105,68.6321739021651,0.12221342266406054,True,10,10,69.334
120,127,60,40,8,TGSA,0.5000000000000006,0,-1,-1,13.034443596968593,55,59,68.50996047950105,57.39516592417281,11.114794555328238,True,10,12,69.334
120,127,60,40,8,ZGSA,0.5000000000000006,0,0,62,12.094742458568547,55,70,68.50996047950105,72.21834229374632,3.7083818142452714,True,10,7,69.334
120,127,90,40,2,GSA,0.7499999999999999,17,-1,-1,1.903872916913631,55,56,67.38041899355613,65.59058045422114,1.789838539334994,True,12,11,58.568
120,127,90,40,2,TGSA,0.7499999999999999,17,-1,-1,12.456157905843682,55,59,67.38041899355613,57.39516592417294,9.985253069383191,True,12,12,58.568
120,127,90,40,2,ZGSA,0.7499999999999999,17,18,99,0.5514548478416756,55,55,67.38041899355613,67.71134427366036,0.33092528010422484,True,12,12,58.568
120,127,90,40,1,GSA,0.7500000000000004,16,-1,-1,1.8217370759891303,55,56,66.77054432278423,65.31216929673384,1.4583750260503905,True,12,11,62.187
120,127,90,40,1,TGSA,0.7500000000000004,16,-1,-1,12.313576800023007,55,59,66.77054432278423,57.39516592417295,9.375378398611282,True,12,12,62.187
120,127,90,40,1,ZGSA,0.7500000000000004,16,17,100,0.6957895625475459,55,55,66.77054432278423,67.00897170253128,0.2384273797470513,True,12,12,62.187
120,127,90,40,7,GSA,0.7499999999999999,16,-1,-1,1.7779588792427887,55,56,66.8538133173414,65.24237373276108,1.6114395845803244,True,12,11,40.341
120,127,90,40,7,TGSA,0.7499999999999999,16,-1,-1,12.164749984885823,55,59,66.8538133173414,57.39516592417294,9.458647393168462,True,12,12,40.341
120,127,90,40,7,ZGSA,0.7499999999999999,16,17,101,0.5121037772685497,55,55,66.8538133173414,67.02687445114219,0.17306113380078614,True,12,12,40.341
120,127,60,40,0,GSA,0.4999999999999977,0,-1,-1,0.5536638594431125,55,56,68.9805465854413,68.88997866853,0.09056791691129717,True,11,10,97.582
120,127,60,40,0,TGSA,0.4999999999999977,0,-1,-1,13.819704676691352,55,59,68.9805465854413,57.39516592417281,11.585380661268495,True,11,12,97.582
120,127,60,40,0,ZGSA,0.4999999999999977,0,0,63,12.313594905909149,55,70,68.9805465854413,72.90916253715929,3.928615951717987,True,11,7,97.582
120,127,60,40,3,GSA,0.4999999999999996,0,-1,-1,0.31174151430169417,57,56,68.98280708409786,68.82981414431315,0.15299293978470985,True,10,10,82.393
120,127,60,40,3,TGSA,0.4999999999999996,0,-1,-1,13.531025262749658,57,59,68.98280708409786,57.395165924172844,11.587641159925013,True,10,12,82.393
120,127,60,40,3,ZGSA,0.4999999999999996,0,0,62,12.038388420185829,57,70,68.98280708409786,72.2183422937465,3.2355352096486456,True,10,7,82.393
120,127,90,40,5,GSA,0.7499999999999999,18,-1,-1,1.7895535986335105,54,56,66.80800226822089,65.27443814127085,1.53356412695004,True,12,11,48.4
120,127,90,40,5,TGSA,0.7499999999999999,18,-1,-1,12.217521003175413,54,59,66.80800226822089,57.39516592417294,9.412836344047946,True,12,12,48.4
120,127,90,40,5,ZGSA,0.7499999999999999,18,17,99,0.44074420397634384,54,55,66.80800226822089,66.98507011547204,0.177067847251152,True,12,12,48.4
120,127,60,40,9,GSA,0.4999999999999982,0,-1,-1,0.5643860810440984,57,56,68.79926706733356,68.46096300316638,0.3383040641671755,True,11,10,79.315
120,127,60,40,9,TGSA,0.4999999999999982,0,-1,-1,13.487605679446169,57,59,68.79926706733356,57.39516592417286,11.404101143160702,True,11,12,79.315
120,127,60,40,9,ZGSA,0.4999999999999982,0,0,62,12.39780137976171,57,70,68.79926706733356,72.21834229374664,3.419075226413085,True,11,7,79.315
120,127,90,40,8,GSA,0.7500000000000001,15,-1,-1,1.8800646975204192,55,56,66.69284080005892,65.52474044009674,1.1681003599621818,True,12,11,46.857
120,127,90,40,8,TGSA,0.7500000000000001,15,-1,-1,12.51459206826252,55,59,66.69284080005892,57.39516592417293,9.297674875885988,True,12,12,46.857
120,127,90,40,8,ZGSA,0.7500000000000001,15,17,99,0.6199654619481763,55,55,66.69284080005892,66.98507011547204,0.2922293154131239,True,12,12,46.857
120,127,60,40,5,GSA,0.499999999999999,0,-1,-1,1.0067962564513664,54,56,69.18048341207663,69.49842771041668,0.317944298340052,True,10,10,87.571
120,127,60,40,5,TGSA,0.499999999999999,0,-1,-1,14.760976775956063,54,59,69.18048341207663,57.395165924173,11.785317487903626,True,10,12,87.571
120,127,60,40,5,ZGSA,0.499999999999999,0,0,64,12.333961481172135,54,69,69.18048341207663,73.58863256591832,4.408149153841691,True,10,7,87.571
120,127,90,40,6,GSA,0.7500000000000002,13,-1,-1,1.95666355519894,55,56,66.87108730460567,65.49859727748736,1.3724900271183031,True,12,11,53.119
120,127,90,40,6,TGSA,0.7500000000000002,13,-1,-1,12.612308582577999,55,59,66.87108730460567,57.39516592417293,9.475921380432737,True,12,12,53.119
120,127,90,40,6,ZGSA,0.7500000000000002,13,17,98,0.715539326747006,55,55,66.87108730460567,66.95514278660869,0.08405548200302349,True,12,12,53.119
120,127,60,40,4,GSA,0.5000000000000003,0,-1,-1,0.8998690112488426,56,56,69.25776817567896,68.9446051502165,0.3131630254624582,True,10,10,95.78
120,127,60,40,4,TGSA,0.5000000000000003,0,-1,-1,14.165878497572766,56,59,69.25776817567896,57.39516592417293,11.862602251506033,True,10,12,95.78
120,127,60,40,4,ZGSA,0.5000000000000003,0,0,63,12.356876028271571,56,70,69.25776817567896,72.90916253715916,3.6513943614802002,True,10,7,95.78
120,127,90,40,9,GSA,0.7499999999999996,16,-1,-1,1.7193713511112847,55,56,66.1267573186152,65.08035390150104,1.0464034171141634,True,12,11,53.384
120,127,90,40,9,TGSA,0.7499999999999996,16,-1,-1,12.05993347827631,55,59,66.1267573186152,57.395165924172865,8.73159139444234,True,12,12,53.384
120,127,90,40,9,ZGSA,0.7499999999999996,16,16,101,0.6502618947094021,55,55,66.1267573186152,66.31246821477859,0.18571089616338554,True,12,12,53.384
120,127,90,40,4,GSA,0.7499999999999991,12,-1,-1,1.8917798519453335,56,56,66.96057986312294,65.34182299507953,1.6187568680434197,True,13,11,65.495
120,127,90,40,4,TGSA,0.7499999999999991,12,-1,-1,12.185369274100339,56,59,66.96057986312294,57.39516592417286,9.565413938950087,True,13,12,65.495
120,127,90,40,4,ZGSA,0.7499999999999991,12,17,99,0.5401373359283284,56,55,66.96057986312294,66.98507011547201,0.024490252349067987,True,13,12,65.495
120,127,60,40,7,GSA,0.5000000000000017,0,-1,-1,0.5645214312889593,56,56,68.20773144318886,68.73163966988332,0.5239082266944592,True,11,10,97.903
120,127,60,40,7,TGSA,0.5000000000000017,0,-1,-1,13.50477945129208,56,59,68.20773144318886,57.39516592417294,10.81256551901592,True,11,12,97.903
120,127,60,40,7,ZGSA,0.5000000000000017,0,0,62,12.33328955770152,56,70,68.20773144318886,72.21834229374637,4.010610850557512,True,11,7,97.903
320,13,160,20,0,GSA,0.5000000000459744,51,-1,-1,48.63027275688911,144,153,314.2143692799168,267.079586158956,47.13478312096083,True,32,17,13.116
320,13,160,20,0,TGSA,0.5000000000459744,51,-1,-1,66.1713219276424,144,154,314.2143692799168,297.9992695218068,16.21509975811,True,32,15,13.116
320,13,160,20,0,ZGSA,0.5000000000459744,51,112,97,95.20724420065122,144,155,314.2143692799168,228.5274928950775,85.68687638483931,True,32,32,13.116
320,13,160,20,1,GSA,0.5000000000527669,49,-1,-1,48.81165574989009,143,153,316.4715247138928,269.4172780328915,47.0542466810013,True,32,17,12.834
320,13,160,20,1,TGSA,0.5000000000527669,49,-1,-1,64.57533967761289,143,154,316.4715247138928,297.9992695218068,18.47225519208598,True,32,15,12.834
320,13,160,20,1,ZGSA,0.5000000000527669,49,115,91,98.42413946096889,143,155,316.4715247138928,230.42962934815705,86.04189536573574,True,32,32,12.834
320,13,160,20,2,GSA,0.5000000000228003,50,-1,-1,48.730880734656296,143,153,314.68998178507115,268.23278456267127,46.457197222399884,True,32,17,13.861
320,13,160,20,2,TGSA,0.5000000000228003,50,-1,-1,65.38295478261979,143,154,314.68998178507115,297.99926952180874,16.690712263262412,True,32,15,13.861
320,13,160,20,2,ZGSA,0.5000000000228003,50,107,107,96.94039203319608,143,155,314.68998178507115,225.35188838999235,89.3380933950788,True,32,32,13.861
320,13,160,20,3,GSA,0.5000000000407656,64,-1,-1,47.00476969562473,142,152,300.7780104000718,256.32236084841594,44.45564955165588,True,32,18,14.592
320,13,160,20,3,TGSA,0.5000000000407656,64,-1,-1,75.0688604089562,142,154,300.7780104000718,297.99926952180647,2.778740878265353,True,32,15,14.592
320,13,160,20,3,ZGSA,0.5000000000407656,64,106,109,86.16965836145752,142,155,300.7780104000718,224.71609411207803,76.0619162879938,True,32,32,14.592
320,13,160,20,4,GSA,0.5000000001646402,53,-1,-1,49.566911104813755,144,153,314.6041579526183,267.2386409520159,47.36551700060244,True,32,17,13.507
320,13,160,20,4,TGSA,0.5000000001646402,53,-1,-1,67.28701470912584,144,154,314.6041579526183,297.9992695218071,16.60488843081123,True,32,15,13.507
320,13,160,20,4,ZGSA,0.5000000001646402,53,106,109,97.66314775426363,144,155,314.6041579526183,224.7160940699711,89.88806388264723,True,32,32,13.507
320,13,160,20,5,GSA,0.4999999999968347,50,-1,-1,47.42859139505731,145,153,312.45096127255124,266.14364996420807,46.30731130834317,True,32,17,14.167
320,13,160,20,5,TGSA,0.4999999999968347,50,-1,-1,64.92191326071953,145,154,312.45096127255124,297.9992695218077,14.451691750743521,True,32,15,14.167
320,13,160,20,5,ZGSA,0.4999999999968347,50,108,104,93.28680784850337,145,155,312.45096127255124,225.7262124244212,86.72474884813005,True,32,32,14.167
120,1031,60,40,1,GSA,0.4999999999999997,0,-1,-1,0.5753523705602106,56,56,68.58171908914943,68.80339478042688,0.22167569127745423,True,10,10,68.843
120,1031,60,40,1,TGSA,0.4999999999999997,0,-1,-1,13.523924742278155,56,59,68.58171908914943,57.395165924172865,11.186553164976566,True,10,12,68.843
120,1031,60,40,1,ZGSA,0.4999999999999997,0,0,37,19.191388702246147,56,86,68.58171908914943,65.96885820505932,2.612860884090111,True,10,5,68.843
320,13,160,20,6,GSA,0.4999999999972076,58,-1,-1,47.4080347044646,143,152,305.63995739045833,259.79786125314007,45.842096137318265,True,32,18,14.016
320,13,160,20,6,TGSA,0.4999999999972076,58,-1,-1,70.84389105731687,143,154,305.63995739045833,297.9992695218067,7.640687868651639,True,32,15,14.016
320,13,160,20,6,ZGSA,0.4999999999972076,58,106,108,88.3656477244549,143,155,305.63995739045833,224.4613919620504,81.17856542840792,True,32,32,14.016
320,13,160,20,7,GSA,0.5000000000704715,64,-1,-1,49.427872146791316,140,152,306.19612241641073,260.0989931768158,46.09712923959495,True,32,17,13.753
320,13,160,20,7,TGSA,0.5000000000704715,64,-1,-1,74.84085180290285,140,154,306.19612241641073,297.9992695218091,8.196852894601648,True,32,15,13.753
320,13,160,20,7,ZGSA,0.5000000000704715,64,158,5,93.02194299065488,140,160,306.19612241641073,257.72628302349324,48.46983939291749,True,32,32,13.753
320,13,240,20,0,GSA,0.7499999999998963,181,-1,-1,47.07500719696813,98,149,202.279537288152,184.19441918121564,18.085118106936363,True,59,28,11.846
320,13,240,20,0,TGSA,0.7499999999998963,181,-1,-1,152.2398605705857,98,154,202.279537288152,297.99926952180647,95.71973223365447,True,59,15,11.846
320,13,240,20,0,ZGSA,0.7499999999998963,181,203,74,19.959864858107025,98,101,202.279537288152,192.19247467292126,10.087062615230735,True,59,59,11.846
320,13,160,20,8,GSA,0.5000000001854581,63,-1,-1,49.064988561545135,140,152,306.3729134854371,259.94720153196596,46.425711953471136,True,32,18,14.695
320,13,160,20,8,TGSA,0.5000000001854581,63,-1,-1,73.91956828571722,140,154,306.3729134854371,297.99926952180624,8.373643963630855,True,32,15,14.695
320,13,160,20,8,ZGSA,0.5000000001854581,63,121,79,91.07158659728276,140,156,306.3729134854371,234.2386082304628,72.1343052549743,True,32,32,14.695
320,13,160,20,9,GSA,0.49999999999619565,49,-1,-1,48.14064835448513,145,153,315.20702934187557,268.559892838491,46.64713650338456,True,32,17,13.925
320,13,160,20,9,TGSA,0.49999999999619565,49,-1,-1,64.0950501849365,145,154,315.20702934187557,297.99926952180874,17.207759820066826,True,32,15,13.925
320,13,160,20,9,ZGSA,0.49999999999619565,49,108,104,97.020928394413,145,155,315.20702934187557,225.7262124246402,89.48081691723536,True,32,32,13.925
120,1031,60,40,5,GSA,0.5000000000000011,0,-1,-1,0.6418295089835482,55,56,68.79591758440795,68.7750702539129,0.020847330495044503,True,11,10,76.51
120,1031,60,40,5,TGSA,0.5000000000000011,0,-1,-1,13.735795714525999,55,59,68.79591758440795,57.3951659241729,11.400751660235045,True,11,12,76.51
120,1031,60,40,5,ZGSA,0.5000000000000011,0,0,37,19.769371893696306,55,86,68.79591758440795,65.9688582050592,2.8270593793487393,True,11,5,76.51
320,13,240,20,1,GSA,0.7500000000003321,180,-1,-1,47.37713831574949,99,149,203.04222892280322,184.5502972630149,18.49193165978832,True,59,28,13.59
320,13,240,20,1,TGSA,0.7500000000003321,180,-1,-1,152.23986057072747,99,154,203.04222892280322,297.99926952180743,94.95704059900422,True,59,15,13.59
320,13,240,20,1,ZGSA,0.7500000000003321,180,204,73,19.030313098894084,99,101,203.04222892280322,192.6608012850549,10.381427637748317,True,59,59,13.59
120,1031,60,40,3,GSA,0.500000000000007,0,-1,-1,0.46930371933589043,55,56,68.62308886658141,69.01166654104733,0.38857767446592106,True,10,10,83.037
120,1031,60,40,3,TGSA,0.500000000000007,0,-1,-1,13.535981208502673,55,59,68.62308886658141,57.39516592417283,11.227922942408583,True,10,12,83.037
120,1031,60,40,3,ZGSA,0.500000000000007,0,0,37,19.348801075941076,55,86,68.62308886658141,65.96885820505855,2.6542306615228597,True,10,5,83.037
120,1031,60,40,6,GSA,0.5000000000000012,0,-1,-1,0.52569784168724,57,56,68.87484148174646,68.70510633589511,0.16973514585134808,True,11,10,68.028
120,1031,60,40,6,TGSA,0.5000000000000012,0,-1,-1,13.397724456355409,57,59,68.87484148174646,57.39516592417294,11.479675557573515,True,11,12,68.028
120,1031,60,40,6,ZGSA,0.5000000000000012,0,0,37,19.476349918397023,57,86,68.87484148174646,65.96885820505922,2.9059832766872375,True,11,5,68.028
120,1031,90,40,0,GSA,0.7500000000000002,0,-1,-1,0.6273543483587751,54,56,68.90248312758435,68.98559829840153,0.08311517081718023,True,10,10,65.906
120,1031,90,40,0,TGSA,0.7500000000000002,0,-1,-1,13.78585820547201,54,59,68.90248312758435,57.395165924172794,11.507317203411553,True,10,12,65.906
120,1031,90,40,0,ZGSA,0.7500000000000002,0,0,105,2.3960418191782935,54,57,68.90248312758435,70.53593115524959,1.6334480276652386,True,10,10,65.906
120,1031,60,40,0,GSA,0.5000000000000009,0,-1,-1,0.48368098443386387,56,56,69.24185690881835,69.38403364650489,0.14217673768654038,True,10,10,99.408
120,1031,60,40,0,TGSA,0.5000000000000009,0,-1,-1,14.151082372604861,56,59,69.24185690881835,57.39516592417283,11.84669098464552,True,10,12,99.408
120,1031,60,40,0,ZGSA,0.5000000000000009,0,0,38,19.73539193303322,56,85,69.24185690881835,67.38432038878346,1.8575365200348841,True,10,5,99.408
320,13,240,20,2,GSA,0.749999999999954,180,-1,-1,47.3796562230129,98,149,202.90106306023114,184.55326308363658,18.34779997659456,True,59,28,14.001
320,13,240,20,2,TGSA,0.749999999999954,180,-1,-1,152.23986057060495,98,154,202.90106306023114,297.99926952180704,95.0982064615759,True,59,15,14.001
320,13,240,20,2,ZGSA,0.749999999999954,180,200,80,19.202072567037774,98,103,202.90106306023114,190.87488334603506,12.026179714196076,True,59,59,14.001
120,1031,90,40,7,GSA,0.7500000000000008,0,-1,-1,0.415800960277501,57,56,68.39519472263136,68.52046971130397,0.125274988672615,True,10,10,61.185
120,1031,90,40,7,TGSA,0.7500000000000008,0,-1,-1,13.43443179114421,57,59,68.39519472263136,57.39516592417296,11.000028798458402,True,10,12,61.185
120,1031,90,40,7,ZGSA,0.7500000000000008,0,0,103,2.5526487078197846,57,57,68.39519472263136,70.26303758827717,1.8678428656458124,True,10,10,61.185
320,13,240,20,3,GSA,0.749999999999967,187,-1,-1,45.83219558043293,97,149,198.73335953592004,182.72227583577626,16.011083700143786,True,59,28,13.265
320,13,240,20,3,TGSA,0.749999999999967,187,-1,-1,152.23986057060966,97,154,198.73335953592004,297.9992695218077,99.26590998588767,True,59,15,13.265
320,13,240,20,3,ZGSA,0.749999999999967,187,196,88,18.187846173055405,97,105,198.73335953592004,189.09981118746862,9.633548348451427,True,59,59,13.265
320,13,240,20,4,GSA,0.7499999999999329,181,-1,-1,47.548544844280045,97,149,202.75644642449998,184.7521957823774,18.00425064212257,True,59,28,12.122
320,13,240,20,4,TGSA,0.7499999999999329,181,-1,-1,152.23986057059852,97,154,202.75644642449998,297.99926952180743,95.24282309730745,True,59,15,12.122
320,13,240,20,4,ZGSA,0.7499999999999329,181,198,84,20.438569967581827,97,104,202.75644642449998,189.98993508396944,12.766511340530542,True,59,59,12.122
320,13,240,20,5,GSA,0.750000000000002,181,-1,-1,46.94752993293167,97,149,201.64780945862572,184.04377899564219,17.60403046298353,True,59,28,12.106
320,13,240,20,5,TGSA,0.750000000000002,181,-1,-1,152.23986057062137,97,154,201.64780945862572,297.9992695218084,96.35146006318269,True,59,15,12.106
320,13,240,20,5,ZGSA,0.750000000000002,181,197,87,18.811816689138396,97,104,201.64780945862572,189.57739389159917,12.070415567026544,True,59,59,12.106
120,1031,60,40,2,GSA,0.4999999999999996,0,-1,-1,0.5552920859952302,54,56,69.18793418328141,69.49714065445156,0.30920647117014255,True,10,10,93.909
120,1031,60,40,2,TGSA,0.4999999999999996,0,-1,-1,13.917819765217171,54,59,69.18793418328141,57.39516592417281,11.792768259108605,True,10,12,93.909
120,1031,60,40,2,ZGSA,0.4999999999999996,0,0,37,19.408057135852598,54,86,69.18793418328141,65.9688582050593,3.219075978222108,True,10,5,93.909
320,13,240,20,6,GSA,0.7499999999998702,180,-1,-1,47.56493736384209,98,149,203.13030237567347,184.77150441562412,18.358797960049344,True,59,28,13.634
320,13,240,20,6,TGSA,0.7499999999998702,180,-1,-1,152.23986057057886,98,154,203.13030237567347,297.9992695218087,94.86896714613522,True,59,15,13.634
320,13,240,20,6,ZGSA,0.7499999999998702,180,201,78,20.147901468009508,98,102,203.13030237567347,191.31594863749154,11.814353738181921,True,59,59,13.634
320,13,240,20,7,GSA,0.7500000000000014,185,-1,-1,46.39652626756889,99,149,200.54681131549978,183.3909226725196,17.155888642980187,True,59,28,13.029
320,13,240,20,7,TGSA,0.7500000000000014,185,-1,-1,152.23986057062086,99,154,200.54681131549978,297.9992695218082,97.45245820630839,True,59,15,13.029
320,13,240,20,7,ZGSA,0.7500000000000014,185,200,81,18.418407840299565,99,103,200.54681131549978,190.90497591956253,9.64183539593725,True,59,59,13.029
320,13,240,20,8,GSA,0.7500000000000027,185,-1,-1,46.49446114031801,97,149,200.9277675165776,183.50696073727886,17.420806779298744,True,59,28,13.618
320,13,240,20,8,TGSA,0.7500000000000027,185,-1,-1,152.2398605706217,97,154,200.9277675165776,297.9992695218085,97.07150200523091,True,59,15,13.618
320,13,240,20,8,ZGSA,0.7500000000000027,185,196,89,18.697336170192855,97,105,200.9277675165776,189.1276381842037,11.8001293323739,True,59,59,13.618
320,13,240,20,9,GSA,0.7500000000000148,184,-1,-1,46.535477308793105,99,149,200.86578784656052,183.55555872019528,17.310229126365243,True,59,28,12.441
320,13,240,20,9,TGSA,0.7500000000000148,184,-1,-1,152.23986057062572,99,154,200.86578784656052,297.99926952180874,97.13348167524822,True,59,15,12.441
320,13,240,20,9,ZGSA,0.7500000000000148,184,214,53,18.598984035238573,99,96,200.86578784656052,196.94695748361778,3.9188303629427423,True,59,59,12.441
120,1031,60,40,9,GSA,0.49999999999999617,0,-1,-1,0.4663211591498566,57,56,69.16990456953894,69.33648342853479,0.16657885899584812,True,10,10,80.379
120,1031,60,40,9,TGSA,0.49999999999999617,0,-1,-1,13.79622322905566,57,59,69.16990456953894,57.39516592417295,11.774738645365993,True,10,12,80.379
120,1031,60,40,9,ZGSA,0.49999999999999617,0,0,37,19.478110517036065,57,86,69.16990456953894,65.96885820505976,3.2010463644791827,True,10,5,80.379
120,1031,60,40,4,GSA,0.49999999999999817,0,-1,-1,0.5251799903844088,56,56,68.96642489443654,69.05118087678373,0.08475598234718973,True,10,10,97.157
120,1031,60,40,4,TGSA,0.49999999999999817,0,-1,-1,13.582896662387682,56,59,68.96642489443654,57.39516592417291,11.571258970263635,True,10,12,97.157
120,1031,60,40,4,ZGSA,0.49999999999999817,0,0,37,19.215802875219804,56,86,68.96642489443654,65.96885820505952,2.997566689377024,True,10,5,97.157
120,1031,90,40,5,GSA,0.7499999999999998,0,-1,-1,0.6118816181440323,56,56,68.05050838875741,68.33547446168728,0.2849660729298762,True,10,10,75.271
120,1031,90,40,5,TGSA,0.7499999999999998,0,-1,-1,13.361406819603545,56,59,68.05050838875741,57.39516592417292,10.655342464584486,True,10,12,75.271
120,1031,90,40,5,ZGSA,0.7499999999999998,0,0,102,2.890909613508816,56,57,68.05050838875741,70.11311568098048,2.0626072922230776,True,10,10,75.271
120,1031,90,40,4,GSA,0.7500000000000004,0,-1,-1,0.4219074387873043,56,56,68.55679335625872,68.44767190648898,0.10912144976974503,True,11,10,79.31
120,1031,90,40,4,TGSA,0.7500000000000004,0,-1,-1,12.856530633053222,56,59,68.55679335625872,57.39516592417287,11.16162743208585,True,11,12,79.31
120,1031,90,40,4,ZGSA,0.7500000000000004,0,0,103,2.6677801294652284,56,57,68.55679335625872,70.26303758827713,1.7062442320184061,True,11,10,79.31
120,1031,60,40,8,GSA,0.500000000000001,0,-1,-1,0.6459829498638641,55,56,68.93806372834092,68.9541989509359,0.01613522259498268,True,10,10,86.32
120,1031,60,40,8,TGSA,0.500000000000001,0,-1,-1,13.876841761908604,55,59,68.93806372834092,57.395165924172865,11.542897804168057,True,10,12,86.32
120,1031,60,40,8,ZGSA,0.500000000000001,0,0,37,19.673296749984992,55,86,68.93806372834092,65.9688582050592,2.9692055232817154,True,10,5,86.32
320,31,160,20,0,GSA,0.4999999982797982,29,-1,-1,41.58517277092591,152,154,372.7208894064946,331.6956390381788,41.025250368315824,True,24,13,20.955
320,31,160,20,0,TGSA,0.4999999982797982,29,-1,-1,75.17009974133666,152,154,372.7208894064946,297.99926952180874,74.72161988468588,True,24,15,20.955
320,31,160,20,0,ZGSA,0.4999999982797982,29,103,114,98.76139415406467,152,156,372.7208894064946,279.42960533011683,93.29128407637779,True,24,24,20.955
120,1031,90,40,3,GSA,0.7499999999999946,0,-1,-1,0.5548189618014909,56,56,68.91968885974708,68.65036458824262,0.26932427150445903,True,11,10,84.756
120,1031,90,40,3,TGSA,0.7499999999999946,0,-1,-1,13.62388560464482,56,59,68.91968885974708,57.39516592417296,11.524522935574126,True,11,12,84.756
120,1031,90,40,3,ZGSA,0.7499999999999946,0,0,104,2.4860067905721976,56,57,68.91968885974708,70.40393485896017,1.484245999213087,True,11,10,84.756
320,31,160,20,1,GSA,0.5000000008499791,29,-1,-1,41.49475001617659,150,154,372.2516939262976,331.42172343054983,40.82997049574777,True,24,13,18.977
320,31,160,20,1,TGSA,0.5000000008499791,29,-1,-1,74.78198890491322,150,154,372.2516939262976,297.9992695218093,74.2524244044883,True,24,15,18.977
320,31,160,20,1,ZGSA,0.5000000008499791,29,136,49,96.7590434834845,150,158,372.2516939262976,307.9089520786903,64.34274184760733,True,24,24,18.977
120,1031,90,40,2,GSA,0.7500000000000009,0,-1,-1,0.6221905282578977,56,56,68.65522126949286,68.77875697780243,0.12353570830957494,True,11,10,85.609
120,1031,90,40,2,TGSA,0.7500000000000009,0,-1,-1,13.638330744326822,56,59,68.65522126949286,57.39516592417298,11.260055345319877,True,11,12,85.609
120,1031,90,40,2,ZGSA,0.7500000000000009,0,0,105,2.2821014432222455,56,57,68.65522126949286,70.53593115524967,1.880709885756815,True,11,10,85.609
120,1031,90,40,6,GSA,0.749999999999998,0,-1,-1,0.45964852313701954,58,56,68.60371883643717,68.9365575914531,0.33283875501592775,True,10,10,79.111
120,1031,90,40,6,TGSA,0.749999999999998,0,-1,-1,13.467298729944716,58,59,68.60371883643717,57.39516592417286,11.20855291226431,True,10,12,79.111
120,1031,90,40,6,ZGSA,0.749999999999998,0,0,105,2.233539451457588,58,57,68.60371883643717,70.53593115525011,1.9322123188129439,True,10,10,79.111
320,31,160,20,2,GSA,0.49999997144977726,26,-1,-1,39.46758977063725,150,154,375.2221452732329,336.17617898664724,39.04596628658567,True,24,13,19.687
320,31,160,20,2,TGSA,0.49999997144977726,26,-1,-1,77.54186675377906,150,154,375.2221452732329,297.9992695218085,77.2228757514244,True,24,15,19.687
320,31,160,20,2,ZGSA,0.49999997144977726,26,107,106,99.8656727481586,150,156,375.2221452732329,282.83024372573675,92.39190154749616,True,24,24,19.687
320,31,160,20,3,GSA,0.5000000032265077,28,-1,-1,40.79048704227251,151,154,372.9534501420875,332.74652588902035,40.20692425306714,True,24,13,19.476
320,31,160,20,3,TGSA,0.5000000032265077,28,-1,-1,75.43942897440425,151,154,372.9534501420875,297.99926952180806,74.95418062027943,True,24,15,19.476
320,31,160,20,3,ZGSA,0.5000000032265077,28,121,79,97.86709734536768,151,157,372.9534501420875,295.11064418669844,77.84280595538905,True,24,24,19.476
320,31,160,20,4,GSA,0.49999998894780123,25,-1,-1,38.37879789261932,150,154,374.6014994805708,336.7103632390306,37.89113624154021,True,24,13,19.163
320,31,160,20,4,TGSA,0.49999998894780123,25,-1,-1,76.98330979264503,150,154,374.6014994805708,297.9992695218091,76.60222995876171,True,24,15,19.163
320,31,160,20,4,ZGSA,0.49999998894780123,25,120,80,99.00928935077485,150,157,374.6014994805708,293.88203137301093,80.71946810755986,True,24,24,19.163
120,1031,60,40,7,GSA,0.4999999999999996,0,-1,-1,0.40610056529126126,55,56,68.50749506280283,68.58666960009312,0.07917453729028523,True,10,10,93.673
120,1031,60,40,7,TGSA,0.4999999999999996,0,-1,-1,13.437221690928112,55,59,68.50749506280283,57.39516592417281,11.112329138630024,True,10,12,93.673
120,1031,60,40,7,ZGSA,0.4999999999999996,0,0,37,19.402944847047895,55,86,68.50749506280283,65.9688582050593,2.5386368577435263,True,10,5,93.673
120,1031,90,40,1,GSA,0.7499999999999962,0,-1,-1,0.49162543310653817,58,56,68.67973339478439,69.03015211169577,0.3504187169113777,True,10,10,88.387
120,1031,90,40,1,TGSA,0.7499999999999962,0,-1,-1,13.736517926827684,58,59,68.67973339478439,57.3951659241728,11.284567470611591,True,10,12,88.387
120,1031,90,40,1,ZGSA,0.7499999999999962,0,0,105,2.300293451025624,58,57,68.67973339478439,70.53593115525041,1.8561977604660171,True,10,10,88.387
120,1031,90,40,8,GSA,0.7499999999999997,0,-1,-1,0.8245934666904304,54,56,69.1093555381584,68.9681299556593,0.14122558249910355,True,11,10,81.913
120,1031,90,40,8,TGSA,0.7499999999999997,0,-1,-1,14.191148285529508,54,59,69.1093555381584,57.39516592417291,11.71418961398549,True,11,12,81.913
120,1031,90,40,8,ZGSA,0.7499999999999997,0,0,104,2.539690052822678,54,57,69.1093555381584,70.40393485895913,1.294579320800736,True,11,10,81.913
320,31,160,20,7,GSA,0.5000000138099312,27,-1,-1,40.12951380867228,152,154,373.9898007026576,334.36988154472505,39.61991915793254,True,24,13,19.873
320,31,160,20,7,TGSA,0.5000000138099312,27,-1,-1,76.38784104050566,152,154,373.9898007026576,297.99926952180687,75.99053118085072,True,24,15,19.873
320,31,160,20,7,ZGSA,0.5000000138099312,27,105,111,98.31137106525031,152,156,373.9898007026576,281.45598800901683,92.53381269364075,True,24,24,19.873
120,1031,90,40,9,GSA,0.7500000000000033,0,-1,-1,0.44364643783892177,57,56,68.93985765033109,68.72815083657329,0.2117068137578002,True,11,10,80.204
120,1031,90,40,9,TGSA,0.7500000000000033,0,-1,-1,13.496660483693713,57,59,68.93985765033109,57.39516592417287,11.54469172615822,True,11,12,80.204
120,1031,90,40,9,ZGSA,0.7500000000000033,0,0,106,2.0622916363950807,57,57,68.93985765033109,70.65914153454341,1.7192838842123166,True,11,10,80.204
320,31,160,20,5,GSA,0.4999999986756905,28,-1,-1,40.582970017013395,149,154,372.14036696502137,332.0976812135712,40.042685751450165,True,24,13,22.201
320,31,160,20,5,TGSA,0.4999999986756905,28,-1,-1,74.60382001959621,149,154,372.14036696502137,297.9992695218082,74.1410974432132,True,24,15,22.201
320,31,160,20,5,ZGSA,0.4999999986756905,28,103,114,98.312965561071,149,156,372.14036696502137,279.42960515212144,92.71076181289993,True,24,24,22.201
320,31,160,20,6,GSA,0.5000000008271327,26,-1,-1,39.28662669772394,152,154,374.40313689001823,335.5709713665207,38.83216552349751,True,24,13,22.949
320,31,160,20,6,TGSA,0.5000000008271327,26,-1,-1,76.78424872193546,152,154,374.40313689001823,297.9992695218082,76.40386736821006,True,24,15,22.949
320,31,160,20,6,ZGSA,0.5000000008271327,26,105,111,97.81554118741579,152,156,374.40313689001823,281.4559938987627,92.94714299125553,True,24,24,22.949
320,31,160,20,9,GSA,0.5000000015189449,25,-1,-1,38.71174643546641,152,154,376.32403370512293,337.864460725122,38.45957298000093,True,24,13,23.672
320,31,160,20,9,TGSA,0.5000000015189449,25,-1,-1,78.49740858672439,152,154,376.32403370512293,297.99926952180687,78.32476418331606,True,24,15,23.672
320,31,160,20,9,ZGSA,0.5000000015189449,25,104,113,98.75467059785635,152,156,376.32403370512293,280.6018087770193,95.72222492810363,True,24,24,23.672
320,31,160,20,8,GSA,0.49999999968560094,30,-1,-1,42.358904989424786,149,154,372.39365640906806,330.71010969909696,41.6835467099711,True,24,13,25.285
320,31,160,20,8,TGSA,0.49999999968560094,30,-1,-1,74.9538022186697,149,154,372.39365640906806,297.9992695218085,74.39438688725954,True,24,15,25.285
320,31,160,20,8,ZGSA,0.49999999968560094,30,104,112,98.35997439649134,149,156,372.39365640906806,280.2800647593886,92.11359164967945,True,24,24,25.285
320,31,240,20,1,GSA,0.7500000000000095,176,-1,-1,51.52527773712646,105,151,235.77705325121036,214.01759564528368,21.759457605926684,True,46,23,24.101
320,31,240,20,1,TGSA,0.7500000000000095,176,-1,-1,126.1388569628859,105,154,235.77705325121036,297.9992695218087,62.222216270598324,True,46,15,24.101
320,31,240,20,1,ZGSA,0.7500000000000095,176,189,103,10.814339629869536,105,107,235.77705325121036,229.71235766427748,6.064695586932885,True,46,46,24.101
320,31,240,20,0,GSA,0.7499999999999674,175,-1,-1,51.71565438220328,104,151,236.76095106100277,214.25072686950918,22.51022419149359,True,46,23,26.335
320,31,240,20,0,TGSA,0.7499999999999674,175,-1,-1,126.13885696286908,104,154,236.76095106100277,297.9992695218084,61.23831846080563,True,46,15,26.335
320,31,240,20,0,ZGSA,0.7499999999999674,175,188,104,11.279455664058247,104,108,236.76095106100277,229.06314268154105,7.697808379461719,True,46,46,26.335
320,31,240,20,3,GSA,0.7500000000007111,175,-1,-1,51.47056296965444,106,151,235.7910934208381,213.95059309445455,21.840500326383562,True,46,23,23.562
320,31,240,20,3,TGSA,0.7500000000007111,175,-1,-1,126.13885696316015,106,154,235.7910934208381,297.9992695218077,62.20817610096961,True,46,15,23.562
320,31,240,20,3,ZGSA,0.7500000000007111,175,189,103,10.32429452640379,106,107,235.7910934208381,229.7123576637914,6.078735757046701,True,46,46,23.562
320,31,240,20,5,GSA,0.7500000000000822,175,-1,-1,51.22776384359352,105,151,236.18059243702032,213.65326640195693,22.527326035063396,True,46,23,21.942
320,31,240,20,5,TGSA,0.7500000000000822,175,-1,-1,126.1388569629139,105,154,236.18059243702032,297.9992695218077,61.818677084787396,True,46,15,21.942
320,31,240,20,5,ZGSA,0.7500000000000822,175,192,97,10.193414950788778,105,106,236.18059243702032,231.55985773313245,4.6207347038878765,True,46,46,21.942
320,31,240,20,2,GSA,0.7500000000001128,175,-1,-1,51.18867349105396,105,151,235.9439133292733,213.60539718295948,22.33851614631382,True,46,23,27.359
320,31,240,20,2,TGSA,0.7500000000001128,175,-1,-1,126.13885696292532,105,154,235.9439133292733,297.99926952180687,62.055356192533566,True,46,15,27.359
320,31,240,20,2,ZGSA,0.7500000000001128,175,193,95,10.27407168047651,105,105,235.9439133292733,232.16890691093835,3.7750064183349537,True,46,46,27.359
320,31,240,20,8,GSA,0.7499999999999468,175,-1,-1,51.48967655334316,106,151,236.14092376675296,213.9739991823481,22.166924584404853,True,46,23,20.335
320,31,240,20,8,TGSA,0.7499999999999468,175,-1,-1,126.1388569628601,106,154,236.14092376675296,297.99926952180675,61.85834575505379,True,46,15,20.335
320,31,240,20,8,ZGSA,0.7499999999999468,175,189,102,11.518892045271997,106,107,236.14092376675296,229.6770324627739,6.463891303979068,True,46,46,20.335
320,31,240,20,4,GSA,0.75000000000003,176,-1,-1,51.386654163366885,105,151,235.77648281121168,213.84784013979103,21.928642671420647,True,46,23,26.97
320,31,240,20,4,TGSA,0.75000000000003,176,-1,-1,126.13885696289292,105,154,235.77648281121168,297.99926952180687,62.22278671059519,True,46,15,26.97
320,31,240,20,4,ZGSA,0.75000000000003,176,188,105,10.550988726179796,105,108,235.77648281121168,229.0959567016069,6.680526109604784,True,46,46,26.97
320,31,240,20,6,GSA,0.7499999999999282,175,-1,-1,51.447866430329626,104,151,235.98814982137762,213.9227993912649,22.065350430112716,True,46,23,26.072
320,31,240,20,6,TGSA,0.7499999999999282,175,-1,-1,126.13885696285455,104,154,235.98814982137762,297.9992695218091,62.011119700431465,True,46,15,26.072
320,31,240,20,6,ZGSA,0.7499999999999282,175,190,100,11.225573027015841,104,107,235.98814982137762,230.29532581111408,5.692824010263536,True,46,46,26.072
320,31,240,20,7,GSA,0.7499999999998828,176,-1,-1,50.771422005640346,105,151,235.09416079243124,213.09443980978688,21.999720982644362,True,46,23,25.047
320,31,240,20,7,TGSA,0.7499999999998828,176,-1,-1,126.13885696283577,105,154,235.09416079243124,297.9992695218074,62.90510872937614,True,46,15,25.047
320,31,240,20,7,ZGSA,0.7499999999998828,176,187,106,10.431291348243022,105,108,235.09416079243124,228.44401022669703,6.650150565734208,True,46,46,25.047
320,31,240,20,9,GSA,0.7500000000000075,175,-1,-1,51.44205443678334,105,151,236.2052551593373,213.91568214374516,22.28957301559214,True,46,23,29.043
320,31,240,20,9,TGSA,0.7500000000000075,175,-1,-1,126.13885696288472,105,154,236.2052551593373,297.99926952180766,61.794014362470364,True,46,15,29.043
320,31,240,20,9,ZGSA,0.7500000000000075,175,188,105,10.841555848822338,105,108,236.2052551593373,229.09595670162236,7.109298457714942,True,46,46,29.043
320,127,160,20,1,GSA,0.4999990759763057,17,-1,-1,31.714581045294608,154,155,440.27422115740825,408.65290890073527,31.62131225667298,True,17,10,30.249
320,127,160,20,1,TGSA,0.4999990759763057,17,-1,-1,142.2749516355991,154,154,440.27422115740825,297.99926952180914,142.2749516355991,True,17,15,30.249
320,127,160,20,1,ZGSA,0.4999990759763057,17,104,112,86.23118242403538,154,157,440.27422115740825,372.9773363722287,67.29688478517954,True,17,18,30.249
320,127,160,20,2,GSA,0.49999999324633654,17,-1,-1,31.740048006268623,156,155,440.30860047819397,408.575608942097,31.73299153609696,True,17,10,30.205
320,127,160,20,2,TGSA,0.49999999324633654,17,-1,-1,142.35332934382322,156,154,440.30860047819397,297.99926952180704,142.30933095638693,True,17,15,30.205
320,127,160,20,2,ZGSA,0.49999999324633654,17,118,84,85.15263934411033,156,158,440.30860047819397,389.8193612730987,50.48923920509526,True,17,18,30.205
320,127,160,20,7,GSA,0.5000001134622958,17,-1,-1,31.748353079920207,155,155,441.35042290321394,409.60206982329373,31.748353079920207,True,17,10,30.624
320,127,160,20,7,TGSA,0.5000001134622958,17,-1,-1,143.3560886562578,155,154,441.35042290321394,297.99926952180635,143.35115338140758,True,17,15,30.624
320,127,160,20,7,ZGSA,0.5000001134622958,17,126,69,85.35471706631412,155,158,441.35042290321394,399.9766896971295,41.37373320608447,True,17,18,30.624
320,127,240,20,0,GSA,0.7499999999998553,170,-1,-1,54.60661356080837,115,152,284.84095735975257,256.50845758390415,28.33249977584842,True,34,18,37.621
320,127,240,20,0,TGSA,0.7499999999998553,170,-1,-1,89.0076415876203,115,154,284.84095735975257,297.9992695218073,13.158312162054756,True,34,15,37.621
320,127,240,20,0,ZGSA,0.7499999999998553,170,171,136,1.3070923810820432,115,115,284.84095735975257,284.60228636855163,0.2386709912009337,True,34,34,37.621
320,127,240,20,5,GSA,0.7500000000000587,166,-1,-1,55.070812774653064,115,152,284.4999744540032,257.11105994450844,27.388914509494782,True,34,18,29.955
320,127,240,20,5,TGSA,0.7500000000000587,166,-1,-1,89.00764158771437,115,154,284.4999744540032,297.99926952180647,13.499295067803246,True,34,15,29.955
320,127,240,20,5,ZGSA,0.7500000000000587,166,171,139,0.7712893916034247,115,115,284.4999744540032,284.6696350434878,0.16966058948457885,True,34,34,29.955
320,127,160,20,0,GSA,0.4999963431492927,16,-1,-1,31.212519642723933,154,155,441.8333326506713,410.77919329986605,31.054139350805258,True,17,10,46.814
320,127,160,20,0,TGSA,0.4999963431492927,16,-1,-1,143.8481171365354,154,154,441.8333326506713,297.99926952180874,143.83406312886257,True,17,15,46.814
320,127,160,20,0,ZGSA,0.4999963431492927,16,92,136,86.33905380076206,154,156,441.8333326506713,358.53759993267886,83.29573271799245,True,17,18,46.814
320,127,240,20,1,GSA,0.7499999999999143,170,-1,-1,55.69749016879257,114,152,286.2434362809706,257.91945685916744,28.323979421803188,True,34,18,40.329
320,127,240,20,1,TGSA,0.7499999999999143,170,-1,-1,89.00764158764773,114,154,286.2434362809706,297.9992695218075,11.755833240836864,True,34,15,40.329
320,127,240,20,1,ZGSA,0.7499999999999143,170,172,136,1.0489013992734328,114,115,286.2434362809706,285.54738555238254,0.6960507285880908,True,34,34,40.329
320,127,160,20,4,GSA,0.5000001107420469,18,-1,-1,32.46895726284437,154,155,439.74352481717233,407.32838381271404,32.41514100445829,True,18,10,46.274
320,127,160,20,4,TGSA,0.5000001107420469,18,-1,-1,141.7468790279783,154,154,439.74352481717233,297.9992695218085,141.7442552953638,True,18,15,46.274
320,127,160,20,4,ZGSA,0.5000001107420469,18,100,121,84.47741999117628,154,157,439.74352481717233,368.5838826420561,71.15964217511623,True,18,18,46.274
320,127,160,20,3,GSA,0.49999992911810964,17,-1,-1,31.521752355477574,154,155,439.4943522133095,408.02480450589553,31.469547707413994,True,17,10,47.182
320,127,160,20,3,TGSA,0.49999992911810964,17,-1,-1,141.49508269150078,154,154,439.4943522133095,297.99926952180874,141.49508269150078,True,17,15,47.182
320,127,160,20,3,ZGSA,0.49999992911810964,17,93,134,85.58436323068426,154,157,439.4943522133095,359.739250022229,79.75510219108054,True,17,18,47.182
320,127,160,20,6,GSA,0.4999994386788989,18,-1,-1,32.41711878694669,154,155,439.70186976518346,407.42607965061575,32.27579011456771,True,18,10,46.354
320,127,160,20,6,TGSA,0.4999994386788989,18,-1,-1,141.7166968695825,154,154,439.70186976518346,297.99926952180687,141.7026002433766,True,18,15,46.354
320,127,160,20,6,ZGSA,0.4999994386788989,18,102,116,85.81439603250604,154,157,439.70186976518346,370.57147530508223,69.13039446010123,True,18,18,46.354
320,127,160,20,8,GSA,0.4999982398148332,15,-1,-1,30.389399053771086,154,155,442.2503378903275,411.90508931137833,30.345248578949167,True,16,10,44.27
320,127,160,20,8,TGSA,0.4999982398148332,15,-1,-1,144.25456915834903,154,154,442.2503378903275,297.99926952180715,144.25106836852035,True,16,15,44.27
320,127,160,20,8,ZGSA,0.4999982398148332,15,96,128,86.473043325959,154,157,442.2503378903275,363.35198046982373,78.89835742050377,True,16,18,44.27
320,127,240,20,4,GSA,0.7500000000000954,169,-1,-1,54.92954449071402,116,152,284.4600418051772,256.9276718675454,27.532369937631756,True,34,18,38.491
320,127,240,20,4,TGSA,0.7500000000000954,169,-1,-1,89.00764158773171,116,154,284.4600418051772,297.9992695218069,13.539227716629739,True,34,15,38.491
320,127,240,20,4,ZGSA,0.7500000000000954,169,171,137,0.8361623826851812,116,115,284.4600418051772,284.62665713038973,0.16661532521254685,True,34,34,38.491
320,127,160,20,9,GSA,0.4999998227654818,15,-1,-1,30.414287294883337,156,155,442.1025873534569,411.6942590630042,30.408328290452687,True,16,10,46.684
320,127,160,20,9,TGSA,0.4999998227654818,15,-1,-1,144.13564145452327,156,154,442.1025873534569,297.99926952180874,144.10331783164816,True,16,15,46.684
320,127,160,20,9,ZGSA,0.4999998227654818,15,157,6,86.8588498140399,156,160,442.1025873534569,436.77531048286437,5.327276870592527,True,16,18,46.684
320,127,240,20,2,GSA,0.7499999999997783,172,-1,-1,55.314714627612005,114,152,285.27138851587415,257.42639005718485,27.844998458689304,True,34,18,44.004
320,127,240,20,2,TGSA,0.7499999999997783,172,-1,-1,89.00764158758435,114,154,285.27138851587415,297.9992695218069,12.727881005932772,True,34,15,44.004
320,127,240,20,2,ZGSA,0.7499999999997783,172,171,138,1.0546308042189096,114,115,285.27138851587415,284.64910259291355,0.6222859229606001,True,34,34,44.004
320,127,240,20,3,GSA,0.7500000000003766,167,-1,-1,54.439392377860486,115,152,284.17060564080685,256.29137862810353,27.879227012703325,True,34,18,45.2
320,127,240,20,3,TGSA,0.7500000000003766,167,-1,-1,89.00764158786234,115,154,284.17060564080685,297.9992695218071,13.828663881000239,True,34,15,45.2
320,127,240,20,3,ZGSA,0.7500000000003766,167,170,141,0.7899984689172932,115,116,284.17060564080685,283.7687281630793,0.40187747772756666,True,34,34,45.2
320,127,240,20,6,GSA,0.7499999999998366,172,-1,-1,54.66983632726286,116,152,284.9252718257933,256.5905305117864,28.334741314006862,True,34,18,43.29
320,127,240,20,6,TGSA,0.7499999999998366,172,-1,-1,89.0076415876111,116,154,284.9252718257933,297.99926952180687,13.073997696013578,True,34,15,43.29
320,127,240,20,6,ZGSA,0.7499999999998366,172,171,137,1.125540427379292,116,115,284.9252718257933,284.6266571306255,0.29861469516777106,True,34,34,43.29
320,127,240,20,7,GSA,0.7500000000008268,168,-1,-1,54.68989513900985,117,152,283.94129366496185,256.61656994732573,27.324723717636118,True,34,18,45.297
320,127,240,20,7,TGSA,0.7500000000008268,168,-1,-1,89.00764158807283,117,154,283.94129366496185,297.9992695218093,14.057975856847463,True,34,15,45.297
320,127,240,20,7,ZGSA,0.7500000000008268,168,171,138,0.8227487192897627,117,115,283.94129366496185,284.64910259196165,0.7078089269998031,True,34,34,45.297
320,127,240,20,9,GSA,0.7499999999999163,171,-1,-1,54.661618448186616,115,152,284.77190345477595,256.57986243385994,28.192041020916008,True,34,18,42.359
320,127,240,20,9,TGSA,0.7499999999999163,171,-1,-1,89.0076415876492,115,154,284.77190345477595,297.99926952180857,13.22736606703262,True,34,15,42.359
320,127,240,20,9,ZGSA,0.7499999999999163,171,171,136,1.1535232659227859,115,115,284.77190345477595,284.6022863684972,0.1696170862787767,True,34,34,42.359
320,127,240,20,8,GSA,0.7500000000003235,167,-1,-1,54.566844158852234,117,152,283.98265809855394,256.45683074982543,27.525827348728512,True,34,18,45.225
320,127,240,20,8,TGSA,0.7500000000003235,167,-1,-1,89.00764158783754,117,154,283.98265809855394,297.9992695218068,14.016611423252868,True,34,15,45.225
320,127,240,20,8,ZGSA,0.7500000000003235,167,170,141,0.8434788631087429,117,116,283.98265809855394,283.76872816312806,0.213929935425881,True,34,34,45.225
256,13,128,20,0,GSA,0.5000000000309123,39,-1,-1,32.06672568368168,117,122,233.2865915974685,202.38960179831227,30.896989799156216,True,26,14,10.188
256,13,128,20,0,TGSA,0.5000000000309123,39,-1,-1,36.611019368718246,117,123,233.2865915974685,198.225686178744,35.060905418724474,True,26,15,10.188
256,13,128,20,0,ZGSA,0.5000000000309123,39,99,59,62.03504328955323,117,125,233.2865915974685,188.4997824540361,44.78680914343238,True,26,26,10.188
256,13,128,20,2,GSA,0.4999999999914414,39,-1,-1,32.535394263058315,114,122,234.29360200241882,203.29493016948373,30.998671832935088,True,26,14,8.907
256,13,128,20,2,TGSA,0.4999999999914414,39,-1,-1,37.956700944808006,114,123,234.29360200241882,198.22568617874407,36.06791582367475,True,26,15,8.907
256,13,128,20,2,ZGSA,0.4999999999914414,39,89,78,64.82086834101813,114,124,234.29360200241882,181.8796913175221,52.413910684896734,True,26,26,8.907
256,13,128,20,1,GSA,0.5000000000490935,34,-1,-1,30.886418432969286,117,122,235.16026793063384,205.16618300264295,29.994084927990883,True,26,14,11.554
256,13,128,20,1,TGSA,0.5000000000490935,34,-1,-1,38.059789805463254,117,123,235.16026793063384,198.225686178744,36.93458175188982,True,26,15,11.554
256,13,128,20,1,ZGSA,0.5000000000490935,34,98,61,62.269450451759184,117,125,235.16026793063384,187.86478109358706,47.29548683704678,True,26,26,11.554
256,13,128,20,3,GSA,0.5000000000067281,37,-1,-1,32.60946859517893,115,122,236.58643642133765,205.35427140642804,31.23216501490961,True,26,14,9.359
256,13,128,20,3,TGSA,0.5000000000067281,37,-1,-1,40.00947492386368,115,123,236.58643642133765,198.2256861787431,38.36075024259455,True,26,15,9.359
256,13,128,20,3,ZGSA,0.5000000000067281,37,94,69,65.88587170521953,115,124,236.58643642133765,185.3215538515188,51.264882569818866,True,26,26,9.359
256,13,128,20,5,GSA,0.5000000000074459,38,-1,-1,32.350227389858134,116,122,234.91600891261652,203.84434634487877,31.071662567737746,True,26,14,8.412
256,13,128,20,5,TGSA,0.5000000000074459,38,-1,-1,38.2536536220218,116,123,234.91600891261652,198.22568617874305,36.69032273387347,True,26,15,8.412
256,13,128,20,5,ZGSA,0.5000000000074459,38,92,73,63.58082628963223,116,124,234.91600891261652,184.05511965399353,50.86088925862299,True,26,26,8.412
256,13,128,20,4,GSA,0.49999999987538557,40,-1,-1,32.68911854461378,115,122,234.084028198953,202.74557189769868,31.338456301254325,True,26,14,11.331
256,13,128,20,4,TGSA,0.49999999987538557,40,-1,-1,37.5744138666941,115,123,234.084028198953,198.2256861787432,35.85834202020982,True,26,15,11.331
256,13,128,20,4,ZGSA,0.49999999987538557,40,89,78,64.5658899135516,115,124,234.084028198953,181.879691349623,52.20433684933002,True,26,26,11.331
256,13,128,20,8,GSA,0.49999999999616146,39,-1,-1,32.716353717434544,115,122,235.0630814618248,203.64449003624773,31.418591425577063,True,26,14,8.598
256,13,128,20,8,TGSA,0.49999999999616146,39,-1,-1,38.482912929973764,115,123,235.0630814618248,198.22568617874427,36.837395283080525,True,26,15,8.598
256,13,128,20,8,ZGSA,0.49999999999616146,39,115,26,65.29841072547717,115,127,235.0630814618248,198.29793998699495,36.765141474829846,True,26,26,8.598
256,13,192,20,0,GSA,0.749999999999999,144,-1,-1,30.66619711579743,83,119,151.49671317142978,138.72253809903324,12.774175072396531,True,47,25,8.334
256,13,192,20,0,TGSA,0.749999999999999,144,-1,-1,84.21410588402871,83,123,151.49671317142978,198.22568617874325,46.72897300731347,True,47,15,8.334
256,13,192,20,0,ZGSA,0.749999999999999,144,169,46,6.976703195159907,83,78,151.49671317142978,156.26729186623257,4.7705786948027935,True,47,47,8.334
256,13,128,20,6,GSA,0.5000000000617293,35,-1,-1,31.25308308182383,117,122,234.64031647155792,204.35487604190635,30.285440429651572,True,26,14,10.161
256,13,128,20,6,TGSA,0.5000000000617293,35,-1,-1,37.651379077444915,117,123,234.64031647155792,198.22568617874435,36.41463029281357,True,26,15,10.161
256,13,128,20,6,ZGSA,0.5000000000617293,35,100,57,62.16164474248923,117,125,234.64031647155792,189.13434618733373,45.50597028422419,True,26,26,10.161
256,13,128,20,9,GSA,0.4999999999979299,39,-1,-1,32.200424722477294,116,122,233.84375760247252,202.64786859884592,31.195889003626604,True,26,14,10.237
256,13,128,20,9,TGSA,0.4999999999979299,39,-1,-1,36.95635543193757,116,123,233.84375760247252,198.2256861787431,35.61807142372942,True,26,15,10.237
256,13,128,20,9,ZGSA,0.4999999999979299,39,123,10,63.72727751155166,116,128,233.84375760247252,203.35884512451875,30.48491247795377,True,26,26,10.237
256,13,128,20,7,GSA,0.49999999999660133,43,-1,-1,32.9279393425435,116,122,232.17709174557478,201.03406708165107,31.14302466392371,True,26,15,11.332
256,13,128,20,7,TGSA,0.49999999999660133,43,-1,-1,36.275312842437756,116,123,232.17709174557478,198.2256861787433,33.95140556683148,True,26,15,11.332
256,13,128,20,7,ZGSA,0.49999999999660133,43,123,10,63.919734977532045,116,128,232.17709174557478,203.3588451249449,28.81824662062988,True,26,26,11.332
256,13,192,20,1,GSA,0.7500000000000002,147,-1,-1,30.446022084858626,84,119,151.28493058896322,138.4538418246566,12.831088764306628,True,47,25,8.134
256,13,192,20,1,TGSA,0.7500000000000002,147,-1,-1,84.21410588402938,84,123,151.28493058896322,198.22568617874353,46.94075558978031,True,47,15,8.134
256,13,192,20,1,ZGSA,0.7500000000000002,147,162,61,6.304573059342594,84,81,151.28493058896322,153.28155341222958,1.9966228232663639,True,47,47,8.134
256,13,192,20,2,GSA,0.7500000000000039,147,-1,-1,30.216230970118644,84,119,150.86905011219625,138.17190494325138,12.697145168944871,True,47,25,8.044
256,13,192,20,2,TGSA,0.7500000000000039,147,-1,-1,84.21410588403015,84,123,150.86905011219625,198.22568617874396,47.35663606654771,True,47,15,8.044
256,13,192,20,2,ZGSA,0.7500000000000039,147,151,83,6.1586426236167355,84,86,150.86905011219625,148.36691078768942,2.502139324506828,True,47,47,8.044
256,13,192,20,3,GSA,0.7499999999999991,146,-1,-1,30.581471972200504,83,119,151.13254487247622,138.6191415861161,12.51340328636013,True,47,25,8.082
256,13,192,20,3,TGSA,0.7499999999999991,146,-1,-1,84.21410588402871,83,123,151.13254487247622,198.22568617874325,47.09314130626703,True,47,15,8.082
256,13,192,20,3,ZGSA,0.7499999999999991,146,167,50,6.932707010540895,83,79,151.13254487247622,155.4139894935031,4.281444621026878,True,47,47,8.082
256,13,192,20,4,GSA,0.7500000000000023,146,-1,-1,30.525996568906763,85,119,151.18572752176766,138.55144074773733,12.634286774030329,True,47,25,8.401
256,13,192,20,4,TGSA,0.7500000000000023,146,-1,-1,84.21410588403015,85,123,151.18572752176766,198.225686178744,47.03995865697635,True,47,15,8.401
256,13,192,20,4,ZGSA,0.7500000000000023,146,158,69,6.242746318414071,85,83,151.18572752176766,151.51717147683672,0.3314439550690622,True,47,47,8.401
256,13,192,20,5,GSA,0.7499999999999983,147,-1,-1,30.14934315658249,83,119,150.38164471492067,138.08959274336735,12.29205197155332,True,47,25,8.674
256,13,192,20,5,TGSA,0.7499999999999983,147,-1,-1,84.21410588402853,83,123,150.38164471492067,198.22568617874313,47.844041463822464,True,47,15,8.674
256,13,192,20,5,ZGSA,0.7499999999999983,147,165,54,6.562917666373217,83,80,150.38164471492067,154.55320778300648,4.171563068085817,True,47,47,8.674
256,13,192,20,6,GSA,0.7500000000000002,147,-1,-1,30.448674393596406,84,119,150.82481880248793,138.4570786379923,12.367740164495615,True,47,25,8.237
256,13,192,20,6,TGSA,0.7500000000000002,147,-1,-1,84.21410588402938,84,123,150.82481880248793,198.22568617874353,47.400867376255604,True,47,15,8.237
256,13,192,20,6,ZGSA,0.7500000000000002,147,162,61,5.993537638712056,84,81,150.82481880248793,153.28155341222958,2.456734609741659,True,47,47,8.237
256,13,192,20,8,GSA,0.7500000000000001,148,-1,-1,30.007976626551915,84,119,150.67414287641085,137.9156269719988,12.758515904412064,True,47,25,8.792
256,13,192,20,8,TGSA,0.7500000000000001,148,-1,-1,84.21410588402935,84,123,150.67414287641085,198.22568617874353,47.551543302332675,True,47,15,8.792
256,13,192,20,8,ZGSA,0.7500000000000001,148,162,61,5.668174984872046,84,81,150.67414287641085,153.28155341222958,2.6074105358187296,True,47,47,8.792
256,13,192,20,7,GSA,0.7499999999999993,147,-1,-1,30.17556142381933,84,119,151.01483304202378,138.12185696519407,12.892976076829711,True,47,25,9.741
256,13,192,20,7,TGSA,0.7499999999999993,147,-1,-1,84.21410588402904,84,123,151.01483304202378,198.22568617874325,47.210853136719464,True,47,15,9.741
256,13,192,20,7,ZGSA,0.7499999999999993,147,168,48,6.933852491075484,84,78,151.01483304202378,155.84080888128187,4.825975839258092,True,47,47,9.741
256,13,192,20,9,GSA,0.7499999999999989,144,-1,-1,30.76841797083435,83,119,151.87060610258357,138.84728595438673,13.02332014819683,True,47,24,9.691
256,13,192,20,9,TGSA,0.7499999999999989,144,-1,-1,84.21410588402867,83,123,151.87060610258357,198.22568617874316,46.355080076159595,True,47,15,9.691
256,13,192,20,9,ZGSA,0.7499999999999989,144,167,50,7.110720680639538,83,79,151.87060610258357,155.4139894935031,3.54338339091953,True,47,47,9.691
256,31,128,20,2,GSA,0.5000000001229635,24,-1,-1,27.40267803850702,119,123,272.247076362974,245.28710391114416,26.959972451829827,True,19,11,13.6
256,31,128,20,2,TGSA,0.5000000001229635,24,-1,-1,74.26099826620612,119,123,272.247076362974,198.22568617874362,74.02139018423037,True,19,15,13.6
256,31,128,20,2,ZGSA,0.5000000001229635,24,78,101,59.57710603001722,119,124,272.247076362974,219.73356555413028,52.513510808843705,True,19,19,13.6
256,31,128,20,3,GSA,0.4999999993365328,26,-1,-1,27.983905762093308,120,123,269.52354802026207,242.38305450373136,27.14049351653071,True,19,11,12.819
256,31,128,20,3,TGSA,0.4999999993365328,26,-1,-1,71.77957206579043,120,123,269.52354802026207,198.2256861787431,71.29786184151897,True,19,15,12.819
256,31,128,20,3,ZGSA,0.4999999993365328,26,74,108,59.84439983474843,120,124,269.52354802026207,216.0318032829174,53.491744737344675,True,19,19,12.819
256,31,128,20,1,GSA,0.4999999986893494,22,-1,-1,26.215533185678964,121,123,273.0731786202408,247.04830498648,26.02487363376082,True,19,11,15.11
256,31,128,20,1,TGSA,0.4999999986893494,22,-1,-1,74.91208401484741,121,123,273.0731786202408,198.2256861787441,74.84749244149671,True,19,15,15.11
256,31,128,20,1,ZGSA,0.4999999986893494,22,74,108,61.3668101076466,121,124,273.0731786202408,216.03180350613383,57.041375114106984,True,19,19,15.11
256,31,128,20,0,GSA,0.500000000933598,24,-1,-1,27.259512051622977,118,123,271.67039798288755,244.8664764929732,26.80392148991436,True,19,11,15.625
256,31,128,20,0,TGSA,0.500000000933598,24,-1,-1,73.71370609365445,118,123,271.67039798288755,198.22568617874367,73.44471180414388,True,19,15,15.625
256,31,128,20,0,ZGSA,0.500000000933598,24,94,69,59.11138212233105,118,125,271.67039798288755,233.38902901043065,38.2813689724569,True,19,19,15.625
256,31,128,20,6,GSA,0.4999999996051772,21,-1,-1,25.279383686825327,121,123,272.08614009526383,247.02986287213565,25.056277223128177,True,19,11,12.519
256,31,128,20,6,TGSA,0.4999999996051772,21,-1,-1,73.92226828568829,121,123,272.08614009526383,198.225686178744,73.86045391651982,True,19,15,12.519
256,31,128,20,6,ZGSA,0.4999999996051772,21,77,102,59.978600335815116,121,124,272.08614009526383,218.57864137497427,53.50749872028956,True,19,19,12.519
256,31,128,20,4,GSA,0.500000000448832,24,-1,-1,27.342026605684104,120,123,272.1859719655112,245.10890757118244,27.077064394328772,True,19,11,15.097
256,31,128,20,4,TGSA,0.500000000448832,24,-1,-1,74.08828403040533,120,123,272.1859719655112,198.22568617874296,73.96028578676825,True,19,15,15.097
256,31,128,20,4,ZGSA,0.500000000448832,24,75,107,59.70480459020655,120,124,272.1859719655112,217.17308900100574,55.01288296450548,True,19,19,15.097
256,31,128,20,7,GSA,0.5000000017733449,24,-1,-1,27.296612814441005,121,123,271.9830031637158,244.97547977003856,27.007523393677246,True,19,11,12.156
256,31,128,20,7,TGSA,0.5000000017733449,24,-1,-1,73.8853775523472,121,123,271.9830031637158,198.2256861787436,73.75731698497222,True,19,15,12.156
256,31,128,20,7,ZGSA,0.5000000017733449,24,74,109,59.459040713039386,121,124,271.9830031637158,216.31922908323713,55.663774080478674,True,19,19,12.156
256,31,128,20,5,GSA,0.4999999993956405,23,-1,-1,26.62721900932209,120,123,271.704288107163,245.5401862573272,26.164101849835788,True,19,11,14.925
256,31,128,20,5,TGSA,0.4999999993956405,23,-1,-1,73.7292191297862,120,123,271.704288107163,198.2256861787441,73.4786019284189,True,19,15,14.925
256,31,128,20,5,ZGSA,0.4999999993956405,23,74,108,60.06183683751347,120,124,271.704288107163,216.03180326253187,55.67248484463113,True,19,19,14.925
256,31,192,20,0,GSA,0.7499999999999934,141,-1,-1,32.49665360564489,91,120,176.59549329665705,160.07181301962905,16.523680277028006,True,37,20,11.293
256,31,192,20,0,TGSA,0.7499999999999934,141,-1,-1,65.11809282275227,91,123,176.59549329665705,198.22568617874404,21.630192882086988,True,37,15,11.293
256,31,192,20,0,ZGSA,0.7499999999999934,141,141,102,1.3871100884003056,91,91,176.59549329665705,177.0514020322253,0.45590873556824363,True,37,37,11.293
256,31,128,20,9,GSA,0.5000000000346405,24,-1,-1,27.000525680666556,119,123,270.57249215073364,244.1055647027277,26.466927448005947,True,19,11,12.262
256,31,128,20,9,TGSA,0.5000000000346405,24,-1,-1,72.64348066517726,119,123,270.57249215073364,198.22568617874387,72.34680597198977,True,19,15,12.262
256,31,128,20,9,ZGSA,0.5000000000346405,24,77,103,58.76627966592552,119,124,270.57249215073364,218.88026779393857,51.692224356795066,True,19,19,12.262
256,31,128,20,8,GSA,0.5000000012437756,22,-1,-1,26.384869702554923,119,123,273.34686867426876,247.5864116148001,25.76045705946865,True,19,11,14.024
256,31,128,20,8,TGSA,0.5000000012437756,22,-1,-1,75.33953547931603,119,123,273.34686867426876,198.2256861787436,75.12118249552518,True,19,15,14.024
256,31,128,20,8,ZGSA,0.5000000012437756,22,87,83,60.64053405800689,119,125,273.34686867426876,227.4162776338648,45.930591040403954,True,19,19,14.024
256,31,192,20,1,GSA,0.7500000000000011,137,-1,-1,32.507860466994906,92,120,176.202677766638,160.08611965113812,16.116558115499885,True,37,20,12.197
256,31,192,20,1,TGSA,0.7500000000000011,137,-1,-1,65.11809282275455,92,123,176.202677766638,198.22568617874413,22.023008412106122,True,37,15,12.197
256,31,192,20,1,ZGSA,0.7500000000000011,137,141,103,1.4036972398654086,92,91,176.202677766638,177.07116563736398,0.8684878707259713,True,37,37,12.197
256,31,192,20,2,GSA,0.7500000000000069,136,-1,-1,31.93659997730802,91,120,175.72114938259065,159.35211445829967,16.369034924290986,True,37,20,12.081
256,31,192,20,2,TGSA,0.7500000000000069,136,-1,-1,65.11809282275587,91,123,175.72114938259065,198.22568617874325,22.504536796152593,True,37,15,12.081
256,31,192,20,2,ZGSA,0.7500000000000069,136,138,109,1.1276201807917836,91,92,175.72114938259065,175.17855029177727,0.5425990908133826,True,37,37,12.081
320,1031,240,20,0,GSA,0.7500000000141284,140,-1,-1,55.01603982029201,126,154,346.6377622667029,312.40091669734363,34.236845569359275,True,24,14,53.186
320,1031,240,20,0,TGSA,0.7500000000141284,140,-1,-1,68.34237470893947,126,154,346.6377622667029,297.9992695218073,48.638492744895586,True,24,15,53.186
320,1031,240,20,0,ZGSA,0.7500000000141284,140,143,166,0.9867081753488662,126,128,346.6377622667029,346.71847080716145,0.08070854045854503,True,24,24,53.186
256,31,192,20,3,GSA,0.7499999999999968,137,-1,-1,32.46322215922707,91,120,176.4918770094647,160.02913457739317,16.462742432071536,True,37,20,11.075
256,31,192,20,3,TGSA,0.7499999999999968,137,-1,-1,65.11809282275327,91,123,176.4918770094647,198.2256861787433,21.7338091692786,True,37,15,11.075
256,31,192,20,3,ZGSA,0.7499999999999968,137,140,104,1.4226206657282248,91,91,176.4918770094647,176.42504777696004,0.06682923250465933,True,37,37,11.075
256,31,192,20,7,GSA,0.750000000000001,140,-1,-1,32.111143435764845,93,120,176.17639297530036,159.57706504128817,16.599327934012194,True,37,20,10.548
256,31,192,20,7,TGSA,0.750000000000001,140,-1,-1,65.11809282275455,93,123,176.17639297530036,198.22568617874413,22.049293203443767,True,37,15,10.548
256,31,192,20,7,ZGSA,0.750000000000001,140,138,109,1.2534231379781566,93,92,176.17639297530036,175.1785502917811,0.9978426835192522,True,37,37,10.548
256,31,192,20,4,GSA,0.7499999999999987,139,-1,-1,32.1417111190443,91,120,175.9965183217372,159.61646049248782,16.38005782924938,True,37,20,12.158
256,31,192,20,4,TGSA,0.7499999999999987,139,-1,-1,65.11809282275354,91,123,175.9965183217372,198.22568617874325,22.229167857006047,True,37,15,12.158
256,31,192,20,4,ZGSA,0.7499999999999987,139,139,106,1.0698647914998212,91,91,175.9965183217372,175.79018455822688,0.2063337635103153,True,37,37,12.158
256,31,192,20,5,GSA,0.749999999999991,141,-1,-1,32.61813012506117,91,120,176.47906808599478,160.22688942596153,16.252178660033252,True,37,20,12.404
256,31,192,20,5,TGSA,0.749999999999991,141,-1,-1,65.11809282275144,91,123,176.47906808599478,198.22568617874353,21.746618092748747,True,37,15,12.404
256,31,192,20,5,ZGSA,0.749999999999991,141,140,104,1.3491922089482529,91,91,176.47906808599478,176.42504777696277,0.05402030903201194,True,37,37,12.404
256,31,192,20,9,GSA,0.7499999999999971,139,-1,-1,32.38588308271593,91,120,175.95859711848135,159.93040384142154,16.028193277059813,True,37,20,10.215
256,31,192,20,9,TGSA,0.7499999999999971,139,-1,-1,65.11809282275333,91,123,175.95859711848135,198.2256861787433,22.267089060261952,True,37,15,10.215
256,31,192,20,9,ZGSA,0.7499999999999971,139,140,104,1.351333134877688,91,91,175.95859711848135,176.42504777696,0.4664506584786636,True,37,37,10.215
256,31,192,20,6,GSA,0.7500000000000009,132,-1,-1,32.241164874524195,91,120,175.67912543815626,159.74463590839812,15.934489529758139,True,37,20,12.093
256,31,192,20,6,TGSA,0.7500000000000009,132,-1,-1,65.11809282275449,91,123,175.67912543815626,198.22568617874404,22.54656074058778,True,37,15,12.093
256,31,192,20,6,ZGSA,0.7500000000000009,132,140,105,1.2383460493251128,91,91,175.67912543815626,176.44406210256426,0.7649366644079976,True,37,37,12.093
320,1031,240,20,8,GSA,0.7500000000936504,141,-1,-1,55.68647885820985,128,154,348.18536197811136,313.3424187035831,34.84294327452824,True,24,14,53.531
320,1031,240,20,8,TGSA,0.7500000000936504,141,-1,-1,69.66760224945574,128,154,348.18536197811136,297.9992695218068,50.18609245630455,True,24,15,53.531
320,1031,240,20,8,ZGSA,0.7500000000936504,141,143,169,1.384156146481189,128,127,348.18536197811136,346.8029776469582,1.3823843311531618,True,24,24,53.531
256,31,192,20,8,GSA,0.7499999999999989,139,-1,-1,32.27440616629481,92,120,175.95494129838713,159.78747708992694,16.16746420846019,True,37,20,11.343
256,31,192,20,8,TGSA,0.7499999999999989,139,-1,-1,65.1180928227536,92,123,175.95494129838713,198.2256861787434,22.27074488035626,True,37,15,11.343
256,31,192,20,8,ZGSA,0.7499999999999989,139,139,106,1.4244222201547494,92,91,175.95494129838713,175.79018455822694,0.16475674016018615,True,37,37,11.343
320,1031,240,20,3,GSA,0.75000000000898,143,-1,-1,56.643003697100966,126,154,349.70926324261325,314.6811575689405,35.02810567367277,True,24,14,59.1
320,1031,240,20,3,TGSA,0.75000000000898,143,-1,-1,71.88564147174216,126,154,349.70926324261325,297.99926952180795,51.7099937208053,True,24,15,59.1
320,1031,240,20,3,ZGSA,0.75000000000898,143,145,162,1.0215251670117311,126,127,349.70926324261325,349.19240818692515,0.5168550556880973,True,24,24,59.1
320,1031,240,20,5,GSA,0.7499999999975955,142,-1,-1,55.600978329848544,126,154,347.7147466653046,313.2223498020274,34.49239686327718,True,24,14,59.705
320,1031,240,20,5,TGSA,0.7499999999975955,142,-1,-1,69.60631012224758,126,154,347.7147466653046,297.9992695218073,49.71547714349725,True,24,15,59.705
320,1031,240,20,5,ZGSA,0.7499999999975955,142,143,169,1.284346918714789,126,127,347.7147466653046,346.8029777582823,0.9117689070222923,True,24,24,59.705
320,1031,240,20,4,GSA,0.7499999999776129,141,-1,-1,56.43836156114443,126,154,349.3770906478594,314.39645165621573,34.98063899164367,True,24,14,65.172
320,1031,240,20,4,TGSA,0.7499999999776129,141,-1,-1,71.41780129510454,126,154,349.3770906478594,297.99926952180704,51.37782112605237,True,24,15,65.172
320,1031,240,20,4,ZGSA,0.7499999999776129,141,145,162,1.1191950638376227,126,127,349.3770906478594,349.19240822357904,0.18468242428036774,True,24,24,65.172
256,127,128,20,1,GSA,0.5000000208385942,12,-1,-1,16.69258639378428,123,124,315.9997530385725,299.37330928252896,16.626443756043557,True,13,9,18.283
256,127,128,20,1,TGSA,0.5000000208385942,12,-1,-1,117.77406685982845,123,123,315.9997530385725,198.22568617874407,117.77406685982845,True,13,15,18.283
256,127,128,20,1,ZGSA,0.5000000208385942,12,108,41,46.45560312421645,123,127,315.9997530385725,328.3340467489342,12.334293710361692,True,13,14,18.283
320,1031,240,20,1,GSA,0.7499999999998442,143,-1,-1,55.809798905074416,127,154,347.99360574795253,313.51559794491953,34.478007803032995,True,24,14,68.066
320,1031,240,20,1,TGSA,0.7499999999998442,143,-1,-1,70.04009211743985,127,154,347.99360574795253,297.9992695218074,49.99433622614515,True,24,15,68.066
320,1031,240,20,1,ZGSA,0.7499999999998442,143,144,162,1.2579597627287171,127,127,347.99360574795253,347.8808816309116,0.11272411704095475,True,24,24,68.066
320,1031,240,20,2,GSA,0.7500000000005886,142,-1,-1,56.67093001010633,125,154,349.4167845699434,314.72000972552866,34.69677484441473,True,24,14,67.4
320,1031,240,20,2,TGSA,0.7500000000005886,142,-1,-1,71.87460726661368,125,154,349.4167845699434,297.99926952180624,51.41751504813715,True,24,15,67.4
320,1031,240,20,2,ZGSA,0.7500000000005886,142,145,161,1.362580012581489,125,127,349.4167845699434,349.1533797611916,0.26340480875177263,True,24,24,67.4
320,1031,240,20,6,GSA,0.7499999998011948,141,-1,-1,56.28128375447292,127,154,348.8742951481124,314.1777074426882,34.696587705424236,True,24,14,66.16
320,1031,240,20,6,TGSA,0.7499999998011948,141,-1,-1,71.04188125516401,127,154,348.8742951481124,297.9992695218068,50.875025626305614,True,24,15,66.16
320,1031,240,20,6,ZGSA,0.7499999998011948,141,145,161,1.3555551287181231,127,127,348.8742951481124,349.15337999415965,0.27908484604722616,True,24,24,66.16
256,127,128,20,3,GSA,0.49999999594935585,13,-1,-1,17.44648405965647,124,124,314.5364281966465,297.1246372166558,17.411790979990712,True,13,9,19.04
256,127,128,20,3,TGSA,0.49999999594935585,13,-1,-1,116.3772481059747,124,123,314.5364281966465,198.2256861787429,116.3107420179036,True,13,15,19.04
256,127,128,20,3,ZGSA,0.49999999594935585,13,109,38,46.39712477051049,124,127,314.5364281966465,328.9605777153304,14.424149518683862,True,13,14,19.04
320,1031,240,20,7,GSA,0.7500000000127047,144,-1,-1,56.5336851928773,126,154,349.6301926184742,314.5290694986546,35.10112311981959,True,24,14,66.744
320,1031,240,20,7,TGSA,0.7500000000127047,144,-1,-1,71.58342977089478,126,154,349.6301926184742,297.9992695218085,51.6309230966657,True,24,15,66.744
320,1031,240,20,7,ZGSA,0.7500000000127047,144,145,162,0.9603830224088199,126,127,349.6301926184742,349.1924081825748,0.4377844358994025,True,24,24,66.744
256,127,128,20,2,GSA,0.5000000295361994,15,-1,-1,19.57511893790506,124,124,316.2708420188713,296.71380934987207,19.557032668999227,True,14,9,22.538
256,127,128,20,2,TGSA,0.5000000295361994,15,-1,-1,118.10010735071995,124,123,316.2708420188713,198.22568617874418,118.04515584012711,True,14,15,22.538
256,127,128,20,2,ZGSA,0.5000000295361994,15,65,127,46.57112258382668,124,125,316.2708420188713,276.4093358633461,39.861506155525205,True,14,14,22.538
320,1031,240,20,9,GSA,0.7499999998735731,141,-1,-1,55.226905175155366,128,154,346.94886983527635,312.69703643897014,34.25183339630621,True,24,14,63.631
320,1031,240,20,9,TGSA,0.7499999998735731,141,-1,-1,68.85337582025434,128,154,346.94886983527635,297.9992695218067,48.94960031346966,True,24,15,63.631
320,1031,240,20,9,ZGSA,0.7499999998735731,141,143,166,0.9560298139320622,128,128,346.94886983527635,346.7184709700324,0.2303988652439557,True,24,24,63.631
256,127,128,20,7,GSA,0.5000000150927951,15,-1,-1,19.01066296099632,125,124,312.87870727135237,294.1580698611152,18.720637410237146,True,14,9,19.485
256,127,128,20,7,TGSA,0.5000000150927951,15,-1,-1,114.89747782267844,125,123,312.87870727135237,198.22568617874427,114.6530210926081,True,14,15,19.485
256,127,128,20,7,ZGSA,0.5000000150927951,15,63,131,45.22867188863748,125,124,312.87870727135237,273.9934191036903,38.885288167662054,True,14,14,19.485
256,127,128,20,0,GSA,0.5000004261281129,14,-1,-1,18.343362310481325,123,124,313.9115076406717,296.0215622530085,17.889945387663204,True,14,9,24.819
256,127,128,20,0,TGSA,0.5000004261281129,14,-1,-1,115.6858214619285,123,123,313.9115076406717,198.2256861787432,115.6858214619285,True,14,15,24.819
256,127,128,20,0,ZGSA,0.5000004261281129,14,126,5,45.2082017199306,123,128,313.9115076406717,350.15573929626464,36.244231655592955,True,14,14,24.819
256,127,192,20,5,GSA,0.7500000000000036,120,-1,-1,33.72649911431411,99,121,212.07971162909232,191.71150439232957,20.368207236762743,True,27,15,15.034
256,127,192,20,5,TGSA,0.7500000000000036,120,-1,-1,39.34750815876009,99,123,212.07971162909232,198.225686178744,13.854025450348303,True,27,15,15.034
256,127,192,20,5,ZGSA,0.7500000000000036,120,120,128,0.5283114998516609,99,100,212.07971162909232,212.1040670432729,0.024355414180575963,True,27,27,15.034
256,127,192,20,0,GSA,0.7500000000003108,117,-1,-1,34.03216402692233,100,121,212.22457783956276,192.1312636518125,20.093314187750252,True,27,15,17.406
256,127,192,20,0,TGSA,0.7500000000003108,117,-1,-1,39.34750815885526,100,123,212.22457783956276,198.22568617874367,13.998891660819083,True,27,15,17.406
256,127,192,20,0,ZGSA,0.7500000000003108,117,120,131,0.7024016491245675,100,100,212.22457783956276,212.15430324354315,0.07027459601960118,True,27,27,17.406
256,127,192,20,3,GSA,0.749999999999989,119,-1,-1,33.36916618334294,101,121,212.07462870665552,191.22079120198566,20.853837504669855,True,27,16,16.749
256,127,192,20,3,TGSA,0.749999999999989,119,-1,-1,39.34750815875563,101,123,212.07462870665552,198.22568617874325,13.848942527912271,True,27,15,16.749
256,127,192,20,3,ZGSA,0.749999999999989,119,120,126,0.8547836491815524,101,100,212.07462870665552,212.05841892798054,0.01620977867497686,True,27,27,16.749
256,127,192,20,2,GSA,0.7500000000022584,119,-1,-1,33.02803845252835,102,121,211.28567349591555,190.75233205900162,20.53334143691393,True,27,16,17.11
256,127,192,20,2,TGSA,0.7500000000022584,119,-1,-1,39.34750815945914,102,123,211.28567349591555,198.2256861787444,13.059987317171135,True,27,15,17.11
256,127,192,20,2,ZGSA,0.7500000000022584,119,119,128,0.5672029283632902,102,100,211.28567349591555,211.18750093717162,0.09817255874392572,True,27,27,17.11
256,127,128,20,4,GSA,0.49999999633212433,16,-1,-1,19.672533307443928,123,124,312.25555261415855,292.62117604934684,19.634376564811703,True,14,9,24.237
256,127,128,20,4,TGSA,0.49999999633212433,16,-1,-1,114.03124944418508,123,123,312.25555261415855,198.22568617874438,114.02986643541416,True,14,15,24.237
256,127,128,20,4,ZGSA,0.49999999633212433,16,58,140,45.69280619156271,123,124,312.25555261415855,267.65147664953344,44.60407596462511,True,14,14,24.237
256,127,192,20,1,GSA,0.7500000000000561,119,-1,-1,33.37045612303936,100,121,211.7002286107743,191.22256263026918,20.477665980505122,True,27,16,17.541
256,127,192,20,1,TGSA,0.7500000000000561,119,-1,-1,39.347508158776336,100,123,211.7002286107743,198.225686178744,13.47454243203029,True,27,15,17.541
256,127,192,20,1,ZGSA,0.7500000000000561,119,119,134,0.5142107990170075,100,100,211.7002286107743,211.28313874133138,0.41708986944291837,True,27,27,17.541
256,127,192,20,4,GSA,0.7499999999999986,120,-1,-1,33.462553263325475,99,121,212.0625131640188,191.34903651252347,20.71347665149534,True,27,16,17.702
256,127,192,20,4,TGSA,0.7499999999999986,120,-1,-1,39.347508158758345,99,123,212.0625131640188,198.22568617874393,13.836826985274882,True,27,15,17.702
256,127,192,20,4,ZGSA,0.7499999999999986,120,120,126,0.7212454938655384,99,100,212.0625131640188,212.05841892797457,0.004094236044238642,True,27,27,17.702
256,127,128,20,5,GSA,0.5000000011384764,14,-1,-1,18.45484679023103,124,124,315.0151486335886,296.5603018444464,18.454846789142152,True,14,9,24.794
256,127,128,20,5,TGSA,0.5000000011384764,14,-1,-1,116.80739276545845,124,123,315.0151486335886,198.2256861787431,116.78946245484548,True,14,15,24.794
256,127,128,20,5,ZGSA,0.5000000011384764,14,111,35,45.36518460753493,124,127,315.0151486335886,331.95960287549093,16.94445424190235,True,14,14,24.794
256,127,128,20,8,GSA,0.5000001616000297,14,-1,-1,18.244896749598844,123,124,313.6362431463812,295.5459451779045,18.090297968476705,True,14,9,20.322
256,127,128,20,8,TGSA,0.5000001616000297,14,-1,-1,115.57934812197684,123,123,313.6362431463812,198.2256861787429,115.41055696763831,True,14,15,20.322
256,127,128,20,8,ZGSA,0.5000001616000297,14,105,47,44.71864301767647,123,127,313.6362431463812,324.70648348854064,11.070240342159423,True,14,14,20.322
256,127,128,20,9,GSA,0.49999990061956345,14,-1,-1,18.49863222235986,121,124,314.87315028790186,296.7718695937462,18.101280694155662,True,14,9,19.755
256,127,128,20,9,TGSA,0.49999990061956345,14,-1,-1,116.69296068292172,121,123,314.87315028790186,198.225686178744,116.64746410915785,True,14,15,19.755
256,127,128,20,9,ZGSA,0.49999990061956345,14,60,136,46.96559173352577,121,125,314.87315028790186,270.056049699971,44.81710058793084,True,14,14,19.755
256,127,192,20,6,GSA,0.7500000000000353,117,-1,-1,33.413499216156595,101,121,211.86801961591658,191.281672252352,20.586347363564585,True,27,16,15.945
256,127,192,20,6,TGSA,0.7500000000000353,117,-1,-1,39.347508158769884,101,123,211.86801961591658,198.225686178743,13.64233343717359,True,27,15,15.945
256,127,192,20,6,ZGSA,0.7500000000000353,117,119,132,0.8338860917891111,101,100,211.86801961591658,211.26113863259087,0.6068809833257092,True,27,27,15.945
256,127,192,20,7,GSA,0.7500000000000093,120,-1,-1,33.71704117745146,99,121,211.8769737914767,191.69851613133824,20.178457660138463,True,27,15,15.693
256,127,192,20,7,TGSA,0.7500000000000093,120,-1,-1,39.34750815876194,99,123,211.8769737914767,198.225686178744,13.651287612732688,True,27,15,15.693
256,127,192,20,7,ZGSA,0.7500000000000093,120,120,127,0.5872353042269367,99,100,211.8769737914767,212.08246757485156,0.20549378337486246,True,27,27,15.693
256,127,128,20,6,GSA,0.4999989436268164,13,-1,-1,17.127166501371775,123,124,312.58563608530415,295.4704728936964,17.115163191607735,True,13,9,25.84
256,127,128,20,6,TGSA,0.4999989436268164,13,-1,-1,114.36167272773125,123,123,312.58563608530415,198.22568617874327,114.35994990656087,True,13,15,25.84
256,127,128,20,6,ZGSA,0.4999989436268164,13,102,52,45.3743108573141,123,127,312.58563608530415,320.5510073467331,7.96537126142897,True,13,14,25.84
200,13,100,20,0,GSA,0.5000000000054382,26,-1,-1,18.955443375187052,92,95,167.54274822126828,149.35665492110508,18.186093300163208,True,20,12,4.797
200,13,100,20,0,TGSA,0.5000000000054382,26,-1,-1,41.04885057396916,92,95,167.54274822126828,127.08920423808581,40.45354398318247,True,20,15,4.797
200,13,100,20,0,ZGSA,0.5000000000054382,26,100,1,37.75179248052014,92,100,167.54274822126828,161.6393886976908,5.903359523577478,True,20,20,4.797
200,13,100,20,1,GSA,0.500000000001976,27,-1,-1,19.11606596390746,91,95,167.20507859715684,148.80932419166692,18.395754405489924,True,20,12,4.742
200,13,100,20,1,TGSA,0.500000000001976,27,-1,-1,40.74085443026634,91,95,167.20507859715684,127.08920423808581,40.11587435907103,True,20,15,4.742
200,13,100,20,1,ZGSA,0.500000000001976,27,58,85,37.24740158387844,91,96,167.20507859715684,134.67822255408592,32.52685604307092,True,20,20,4.742
256,127,192,20,8,GSA,0.7499999999988693,118,-1,-1,33.393377647547936,98,121,211.7275243344792,191.25403998261572,20.473484351863476,True,27,16,17.076
256,127,192,20,8,TGSA,0.7499999999988693,118,-1,-1,39.34750815840822,98,123,211.7275243344792,198.22568617874316,13.501838155736039,True,27,15,17.076
256,127,192,20,8,ZGSA,0.7499999999988693,118,120,125,0.8091257621176169,98,100,211.7275243344792,212.03190536053316,0.3043810260539601,True,27,27,17.076
256,127,192,20,9,GSA,0.7500000000000213,121,-1,-1,33.508004247443196,99,121,211.88872803437567,191.41145280722316,20.477275227152518,True,27,16,16.828
256,127,192,20,9,TGSA,0.7500000000000213,121,-1,-1,39.34750815876565,99,123,211.88872803437567,198.22568617874416,13.66304185563152,True,27,15,16.828
256,127,192,20,9,ZGSA,0.7500000000000213,121,120,127,0.7074383115987288,99,100,211.88872803437567,212.08246757484378,0.19373954046810127,True,27,27,16.828
200,13,100,20,2,GSA,0.4999999999983166,25,-1,-1,18.518979088532127,93,95,167.40597837098215,149.36481337544367,18.04116499553848,True,20,12,5.108
200,13,100,20,2,TGSA,0.4999999999983166,25,-1,-1,40.58093234994604,93,95,167.40597837098215,127.08920423808635,40.3167741328958,True,20,15,5.108
200,13,100,20,2,ZGSA,0.4999999999983166,25,83,34,38.155122624183434,93,99,167.40597837098215,150.22567151940285,17.180306851579303,True,20,20,5.108
200,13,100,20,3,GSA,0.5000000000011641,26,-1,-1,18.733867550634365,92,95,166.75530105609297,148.8681007992953,17.887200256797684,True,20,12,5.153
200,13,100,20,3,TGSA,0.5000000000011641,26,-1,-1,40.271946963787656,92,95,166.75530105609297,127.08920423808627,39.66609681800671,True,20,15,5.153
200,13,100,20,3,ZGSA,0.5000000000011641,26,85,31,37.42014172652867,92,98,166.75530105609297,151.81970112254453,14.935599933548446,True,20,20,5.153
200,13,100,20,5,GSA,0.4999999999988359,29,-1,-1,18.775615151506543,92,95,164.36634435948426,146.61854926158526,17.747795097899,True,20,12,5.174
200,13,100,20,5,TGSA,0.4999999999988359,29,-1,-1,38.0822264196385,92,95,164.36634435948426,127.08920423808617,37.27714012139809,True,20,15,5.174
200,13,100,20,5,ZGSA,0.4999999999988359,29,54,92,36.34258406803059,92,96,164.36634435948426,131.9283407108454,32.43800364863887,True,20,20,5.174
200,13,100,20,4,GSA,0.5000000000022433,27,-1,-1,19.129749978478245,91,95,167.17150216163967,148.83854663992167,18.33295552171799,True,20,12,5.7
200,13,100,20,4,TGSA,0.5000000000022433,27,-1,-1,40.655188948859504,91,95,167.17150216163967,127.0892042380862,40.08229792355347,True,20,15,5.7
200,13,100,20,4,ZGSA,0.5000000000022433,27,98,5,37.93563773693923,91,100,167.17150216163967,160.1004190840406,7.07108307759907,True,20,20,5.7
200,13,100,20,6,GSA,0.500000000016959,32,-1,-1,19.46729742959728,89,95,164.5479826055125,146.30838043814705,18.239602167365433,True,20,12,5.059
200,13,100,20,6,TGSA,0.500000000016959,32,-1,-1,38.388270361712046,89,95,164.5479826055125,127.08920423808631,37.45877836742618,True,20,15,5.059
200,13,100,20,6,ZGSA,0.500000000016959,32,95,11,36.40242256569289,89,99,164.5479826055125,158.16495645625577,6.383026149256722,True,20,20,5.059
200,13,100,20,7,GSA,0.49999999999856837,28,-1,-1,19.132439935522584,90,95,166.20184012938557,148.03343105066386,18.16840907872171,True,20,12,5.063
200,13,100,20,7,TGSA,0.49999999999856837,28,-1,-1,39.87155089608612,90,95,166.20184012938557,127.08920423808583,39.112635891299746,True,20,15,5.063
200,13,100,20,7,ZGSA,0.49999999999856837,28,64,72,38.15602263192726,90,97,166.20184012938557,138.24249839953734,27.959341729848234,True,20,20,5.063
200,13,100,20,8,GSA,0.5000000000005032,30,-1,-1,19.05021136697838,90,95,164.68263142381858,146.55154436478932,18.131087059029255,True,20,12,4.978
200,13,100,20,8,TGSA,0.5000000000005032,30,-1,-1,38.382912445851275,90,95,164.68263142381858,127.08920423808615,37.59342718573242,True,20,15,4.978
200,13,100,20,8,ZGSA,0.5000000000005032,30,97,7,35.98446705249923,90,100,164.68263142381858,159.44086067827777,5.241770745540805,True,20,20,4.978
200,13,100,20,9,GSA,0.4999999999980468,26,-1,-1,18.808532544193135,91,95,167.1636093853752,149.0327301787867,18.130879206588503,True,20,12,5.235
200,13,100,20,9,TGSA,0.4999999999980468,26,-1,-1,40.564537864455104,91,95,167.1636093853752,127.08920423808586,40.07440514728934,True,20,15,5.235
200,13,100,20,9,ZGSA,0.4999999999980468,26,62,76,37.783848775729936,91,97,167.1636093853752,136.97759800078825,30.186011384586948,True,20,20,5.235
200,13,150,20,0,GSA,0.75,102,-1,-1,18.753330890019612,71,92,111.31154037390299,101.62640160542098,9.685138768482005,True,37,21,4.05
200,13,150,20,0,TGSA,0.75,102,-1,-1,40.94351842819067,71,95,111.31154037390299,127.08920423808583,15.777663864182841,True,37,15,4.05
200,13,150,20,0,ZGSA,0.75,102,110,80,0.971910833491231,71,71,111.31154037390299,111.89119181729622,0.5796514433932316,True,37,37,4.05
200,13,150,20,1,GSA,0.75,108,-1,-1,18.80083109730205,72,92,111.1294174151692,101.68697945929836,9.442437955870844,True,37,21,4.14
200,13,150,20,1,TGSA,0.75,108,-1,-1,40.94351842819066,72,95,111.1294174151692,127.08920423808581,15.959786822916612,True,37,15,4.14
200,13,150,20,1,ZGSA,0.75,108,108,85,0.892392009035099,72,72,111.1294174151692,110.96792638995905,0.1614910252101538,True,37,37,4.14
200,13,150,20,2,GSA,0.7500000000000001,105,-1,-1,18.545097959616328,72,92,110.93170065744368,101.35993272105988,9.571767936383807,True,37,21,4.013
200,13,150,20,2,TGSA,0.7500000000000001,105,-1,-1,40.943518428190714,72,95,110.93170065744368,127.08920423808593,16.157503580642242,True,37,15,4.013
200,13,150,20,2,ZGSA,0.7500000000000001,105,107,87,0.8419175017588341,72,72,110.93170065744368,110.49447731992049,0.43722333752319287,True,37,37,4.013
200,13,150,20,3,GSA,0.75,107,-1,-1,18.90665513211264,71,92,111.56795701688095,101.82193872009881,9.74601829678214,True,37,21,4.014
200,13,150,20,3,TGSA,0.75,107,-1,-1,40.94351842819067,71,95,111.56795701688095,127.08920423808583,15.521247221204874,True,37,15,4.014
200,13,150,20,3,ZGSA,0.75,107,111,78,1.1787800204318728,71,71,111.56795701688095,112.3551487650473,0.7871917481663502,True,37,37,4.014
200,13,150,20,4,GSA,0.75,108,-1,-1,18.431627462929008,71,92,110.84459926417803,101.21343546821082,9.631163795967211,True,37,21,3.929
200,13,150,20,4,TGSA,0.75,108,-1,-1,40.94351842819067,71,95,110.84459926417803,127.08920423808583,16.244604973907798,True,37,15,3.929
200,13,150,20,4,ZGSA,0.75,108,109,82,0.8458353646418093,71,72,110.84459926417803,111.42052807637162,0.5759288121935953,True,37,37,3.929
256,1031,192,20,1,GSA,0.7500000000020546,95,-1,-1,32.53554071575195,108,123,256.16981167025267,232.95933832772113,23.210473342531543,True,19,12,25.026
256,1031,192,20,1,TGSA,0.7500000000020546,95,-1,-1,64.1317143312396,108,123,256.16981167025267,198.22568617874407,57.9441254915086,True,19,15,25.026
256,1031,192,20,1,ZGSA,0.7500000000020546,95,97,151,0.8171558203030713,108,108,256.16981167025267,255.3959537159131,0.7738579543395758,True,19,19,25.026
200,13,150,20,5,GSA,0.75,108,-1,-1,18.628121765719044,71,92,111.0914700949006,101.46672019536,9.624749899540603,True,37,21,3.875
200,13,150,20,5,TGSA,0.75,108,-1,-1,40.94351842819066,71,95,111.0914700949006,127.08920423808581,15.997734143185212,True,37,15,3.875
200,13,150,20,5,ZGSA,0.75,108,108,85,0.7243092086957894,71,72,111.0914700949006,110.96792638995905,0.12354370494155376,True,37,37,3.875
256,1031,192,20,2,GSA,0.749999999999438,96,-1,-1,32.828339111472445,109,123,256.96495034562486,233.40453666859065,23.560413677034205,True,19,12,24.794
256,1031,192,20,2,TGSA,0.749999999999438,96,-1,-1,64.72210413116986,109,123,256.96495034562486,198.22568617874313,58.739264166881725,True,19,15,24.794
256,1031,192,20,2,ZGSA,0.749999999999438,96,98,147,0.9573790542658713,109,108,256.96495034562486,256.50622927279494,0.4587210728299169,True,19,19,24.794
200,13,150,20,6,GSA,0.7499999999999997,110,-1,-1,18.688326033905852,73,92,111.06809583775694,101.5434997627482,9.524596075008745,True,37,21,3.69
200,13,150,20,6,TGSA,0.7499999999999997,110,-1,-1,40.94351842819052,73,95,111.06809583775694,127.08920423808581,16.02110840032887,True,37,15,3.69
200,13,150,20,6,ZGSA,0.7499999999999997,110,109,82,0.9625509038261839,73,72,111.06809583775694,111.42052807637177,0.3524322386148242,True,37,37,3.69
200,13,150,20,7,GSA,0.75,101,-1,-1,18.711304522833956,71,92,111.44323678955114,101.5728046355208,9.87043215403034,True,37,21,4.021
200,13,150,20,7,TGSA,0.75,101,-1,-1,40.94351842819067,71,95,111.44323678955114,127.08920423808583,15.645967448534691,True,37,15,4.021
200,13,150,20,7,ZGSA,0.75,101,110,80,0.9408283702569964,71,71,111.44323678955114,111.89119181729622,0.4479550277450812,True,37,37,4.021
200,13,150,20,8,GSA,0.75,107,-1,-1,18.757277184482362,70,92,111.12016573678346,101.63143438449706,9.488731352286408,True,37,21,4.057
200,13,150,20,8,TGSA,0.75,107,-1,-1,40.94351842819066,70,95,111.12016573678346,127.08920423808581,15.96903850130235,True,37,15,4.057
200,13,150,20,8,ZGSA,0.75,107,108,85,0.7454677099521003,70,72,111.12016573678346,110.96792638995905,0.1522393468244161,True,37,37,4.057
200,13,150,20,9,GSA,0.7500000000000001,108,-1,-1,18.677651452016235,71,92,111.28740785171158,101.5298862796022,9.757521572109383,True,37,21,3.768
200,13,150,20,9,TGSA,0.7500000000000001,108,-1,-1,40.943518428190714,71,95,111.28740785171158,127.08920423808593,15.801796386374349,True,37,15,3.768
200,13,150,20,9,ZGSA,0.7500000000000001,108,108,85,0.7375480054708881,71,72,111.28740785171158,110.96792638995902,0.3194814617525594,True,37,37,3.768
256,1031,192,20,3,GSA,0.7500000000011555,92,-1,-1,32.04779507345732,109,123,255.3039050275292,232.2177237788566,23.086181248672602,True,19,12,27.419
256,1031,192,20,3,TGSA,0.7500000000011555,92,-1,-1,63.18045681980877,109,123,255.3039050275292,198.22568617874342,57.07821884878578,True,19,15,27.419
256,1031,192,20,3,ZGSA,0.7500000000011555,92,97,147,1.061125018391948,109,108,255.3039050275292,255.24172939386244,0.06217563366675449,True,19,19,27.419
256,1031,192,20,0,GSA,0.7499999999964732,92,-1,-1,32.621332884093576,106,123,256.27151422076054,233.08978485073732,23.18172937002322,True,19,12,28.746
256,1031,192,20,0,TGSA,0.7499999999964732,92,-1,-1,64.46730584454485,106,123,256.27151422076054,198.22568617874325,58.04582804201729,True,19,15,28.746
256,1031,192,20,0,ZGSA,0.7499999999964732,92,98,147,1.0510437974926958,106,108,256.27151422076054,256.5062292753023,0.23471505454176622,True,19,19,28.746
256,1031,192,20,5,GSA,0.7500000000003635,95,-1,-1,32.8221397677798,107,123,256.51768764265296,233.39511060469343,23.12257703795953,True,19,12,27.662
256,1031,192,20,5,TGSA,0.7500000000003635,95,-1,-1,64.90573227826923,107,123,256.51768764265296,198.22568617874308,58.292001463909884,True,19,15,27.662
256,1031,192,20,5,ZGSA,0.7500000000003635,95,98,147,0.8572250903517897,107,108,256.51768764265296,256.5062292720122,0.011458370640752946,True,19,19,27.662
256,1031,192,20,4,GSA,0.7500000000001034,98,-1,-1,32.270632278685696,108,123,256.057622995531,232.5565465163804,23.501076479150612,True,19,12,28.373
256,1031,192,20,4,TGSA,0.7500000000001034,98,-1,-1,63.840514378117945,108,123,256.057622995531,198.22568617874387,57.831936816787135,True,19,15,28.373
256,1031,192,20,4,ZGSA,0.7500000000001034,98,97,148,0.9643417588144736,108,108,256.057622995531,255.28589795376868,0.7717250417623234,True,19,19,28.373
256,1031,192,20,8,GSA,0.7499999999992364,94,-1,-1,31.536531653016382,108,123,254.74238112513976,231.43770437009897,23.304676755040788,True,19,12,27.756
256,1031,192,20,8,TGSA,0.7499999999992364,94,-1,-1,62.03329896199676,108,123,254.74238112513976,198.2256861787442,56.516694946395546,True,19,15,27.756
256,1031,192,20,8,ZGSA,0.7499999999992364,94,96,149,1.0717317666971837,108,109,254.74238112513976,254.0700260699423,0.6723550551974711,True,19,19,27.756
256,1031,192,20,7,GSA,0.7500000000003596,96,-1,-1,32.61557812918741,108,123,256.4915726250281,233.08103477500143,23.410537850026657,True,19,12,28.677
256,1031,192,20,7,TGSA,0.7500000000003596,96,-1,-1,64.35622472570074,108,123,256.4915726250281,198.22568617874322,58.26588644628487,True,19,15,28.677
256,1031,192,20,7,ZGSA,0.7500000000003596,96,98,146,0.9194619404367899,108,108,256.4915726250281,256.4626712373031,0.02890138772499995,True,19,19,28.677
256,1031,192,20,9,GSA,0.7499999999715582,98,-1,-1,32.7757068101038,106,123,256.5582163784004,233.32450956543914,23.23370681296126,True,19,12,28.073
256,1031,192,20,9,TGSA,0.7499999999715582,98,-1,-1,64.8739864550862,106,123,256.5582163784004,198.22568617874313,58.33253019965727,True,19,15,28.073
256,1031,192,20,9,ZGSA,0.7499999999715582,98,98,147,1.0255394612242412,106,108,256.5582163784004,256.50622929637075,0.05198708202965463,True,19,19,28.073
256,1031,192,20,6,GSA,0.7499999999983475,95,-1,-1,31.8648854963471,109,123,254.81202375290826,231.93961077996804,22.872412972940225,True,19,12,29.209
256,1031,192,20,6,TGSA,0.7499999999983475,95,-1,-1,62.60851273887204,109,123,254.81202375290826,198.22568617874435,56.586337574163906,True,19,15,29.209
256,1031,192,20,6,ZGSA,0.7499999999983475,95,96,151,0.7063752802272631,109,109,254.81202375290826,254.14520814482768,0.6668156080805829,True,19,19,29.209
200,31,100,20,0,GSA,0.5000000000161009,21,-1,-1,15.377961781557168,93,96,184.9924766023834,170.53319184484266,14.459284757540729,True,15,10,7.992
200,31,100,20,0,TGSA,0.5000000000161009,21,-1,-1,58.230388055875764,93,95,184.9924766023834,127.08920423808613,57.903272364297266,True,15,15,7.992
200,31,100,20,0,ZGSA,0.5000000000161009,21,61,79,29.10095756807472,93,97,184.9924766023834,171.39487755681773,13.597599045565659,True,15,15,7.992
200,31,100,20,1,GSA,0.49999999997962097,17,-1,-1,14.135369950913084,93,96,186.81951455578428,172.9596856262219,13.859828929562383,True,15,10,7.875
200,31,100,20,1,TGSA,0.49999999997962097,17,-1,-1,59.83668289630123,93,95,186.81951455578428,127.08920423808583,59.730310317698454,True,15,15,7.875
200,31,100,20,1,ZGSA,0.49999999997962097,17,69,62,29.996864917761414,93,98,186.81951455578428,177.8824392900532,8.937075265731067,True,15,15,7.875
200,31,100,20,3,GSA,0.5000000000041197,20,-1,-1,15.508408257330323,95,96,187.6184883057642,172.1668739890361,15.451614316728097,True,15,10,7.556
200,31,100,20,3,TGSA,0.5000000000041197,20,-1,-1,60.529284067678375,95,95,187.6184883057642,127.08920423808583,60.529284067678375,True,15,15,7.556
200,31,100,20,3,ZGSA,0.5000000000041197,20,82,37,29.9091974581074,95,99,187.6184883057642,189.31410088714372,1.695612581379521,True,15,15,7.556
200,31,100,20,4,GSA,0.5000000013736972,18,-1,-1,15.151065853848735,94,96,189.14785225638798,174.28501657060232,14.862835685785655,True,15,10,7.979
200,31,100,20,4,TGSA,0.5000000013736972,18,-1,-1,62.17268445148622,94,95,189.14785225638798,127.08920423808597,62.05864801830201,True,15,15,7.979
200,31,100,20,4,ZGSA,0.5000000013736972,18,76,49,30.465789526664437,94,98,189.14785225638798,184.20133568748886,4.9465165688991135,True,15,15,7.979
200,31,100,20,2,GSA,0.49999999917399907,20,-1,-1,15.353170569892825,92,96,186.71123158600685,171.73634829345818,14.974883292548668,True,15,10,8.209
200,31,100,20,2,TGSA,0.49999999917399907,20,-1,-1,59.76636797647707,92,95,186.71123158600685,127.08920423808613,59.62202734792072,True,15,15,8.209
200,31,100,20,2,ZGSA,0.49999999917399907,20,68,64,30.77556179474273,92,98,186.71123158600685,177.03338053579668,9.677851050210165,True,15,15,8.209
200,31,150,20,0,GSA,0.7500000000000034,96,-1,-1,19.154884322026703,76,93,127.97286522400483,116.59242968857696,11.380435535427878,True,29,17,5.308
200,31,150,20,0,TGSA,0.7500000000000034,96,-1,-1,27.999250549654086,76,95,127.97286522400483,127.08920423808583,0.8836609859190077,True,29,15,5.308
200,31,150,20,0,ZGSA,0.7500000000000034,96,95,99,0.5171288045036988,76,77,127.97286522400483,128.26404868292477,0.2911834589199316,True,29,29,5.308
200,31,100,20,5,GSA,0.5000000000381862,17,-1,-1,14.491092401232763,94,96,188.35344026141559,174.1012905474237,14.252149713991884,True,15,10,7.682
200,31,100,20,5,TGSA,0.5000000000381862,17,-1,-1,61.30964385801255,94,95,188.35344026141559,127.08920423808583,61.26423602332976,True,15,15,7.682
200,31,100,20,5,ZGSA,0.5000000000381862,17,78,45,30.31593062837436,94,98,188.35344026141559,185.90664946309616,2.4467907983194266,True,15,15,7.682
200,31,150,20,1,GSA,0.7499999999999998,95,-1,-1,19.136577301491002,76,93,128.07170965115887,116.56746078020996,11.504248870948913,True,29,17,5.51
200,31,150,20,1,TGSA,0.7499999999999998,95,-1,-1,27.999250549653432,76,95,128.07170965115887,127.08920423808597,0.9825054130729001,True,29,15,5.51
200,31,150,20,1,ZGSA,0.7499999999999998,95,95,101,0.24152597006388987,76,77,128.07170965115887,128.2889475800485,0.2172379288896309,True,29,29,5.51
256,1031,128,20,7,GSA,0.49999929553983985,10,-1,-1,10.19226314266345,124,124,352.360653738621,342.22126478121186,10.139388957409153,True,10,7,36.818
256,1031,128,20,7,TGSA,0.49999929553983985,10,-1,-1,154.20861897522894,124,123,352.360653738621,198.22568617874367,154.13496755987734,True,10,15,36.818
256,1031,128,20,7,ZGSA,0.49999929553983985,10,41,174,21.116143725100315,124,125,352.360653738621,335.25419639286014,17.106457345760873,True,10,10,36.818
200,31,150,20,2,GSA,0.7499999999999999,97,-1,-1,18.918248892495583,78,93,128.1245876605165,116.26968309279171,11.854904567724802,True,29,17,5.404
200,31,150,20,2,TGSA,0.7499999999999999,97,-1,-1,27.999250549653475,78,95,128.1245876605165,127.0892042380861,1.0353834224304137,True,29,15,5.404
200,31,150,20,2,ZGSA,0.7499999999999999,97,94,106,0.48315065769378407,78,78,128.1245876605165,127.67085181638228,0.4537358441342292,True,29,29,5.404
200,31,100,20,6,GSA,0.49999999983812193,18,-1,-1,14.775512730300779,95,96,187.73825621183335,173.1404740071546,14.597782204678737,True,15,10,7.901
200,31,100,20,6,TGSA,0.49999999983812193,18,-1,-1,60.64905197374709,95,95,187.73825621183335,127.08920423808625,60.64905197374709,True,15,15,7.901
200,31,100,20,6,ZGSA,0.49999999983812193,18,64,72,30.434277081111418,95,98,187.73825621183335,173.6342740214224,14.103982190410932,True,15,15,7.901
200,31,150,20,4,GSA,0.7499999999999999,94,-1,-1,19.487250069724467,77,93,128.64562255265494,117.04574267477616,11.599879877878777,True,29,17,5.203
200,31,150,20,4,TGSA,0.7499999999999999,94,-1,-1,27.999250549653475,77,95,128.64562255265494,127.0892042380861,1.5564183145688446,True,29,15,5.203
200,31,150,20,4,ZGSA,0.7499999999999999,94,96,97,0.5368120024990048,77,77,128.64562255265494,128.88984037384049,0.24421782118554347,True,29,29,5.203
200,31,150,20,3,GSA,0.7499999999999998,96,-1,-1,19.219958654130387,77,93,128.31740227920116,116.68118444250628,11.636217836694883,True,29,17,5.785
200,31,150,20,3,TGSA,0.7499999999999998,96,-1,-1,27.999250549653432,77,95,128.31740227920116,127.08920423808597,1.228198041115192,True,29,15,5.785
200,31,150,20,3,ZGSA,0.7499999999999998,96,95,100,0.2043609925533616,77,77,128.31740227920116,128.27764213486867,0.0397601443324902,True,29,29,5.785
200,31,100,20,7,GSA,0.4999999999435562,19,-1,-1,15.038562331661865,94,96,187.05068011038588,172.2902190514364,14.760461058949488,True,15,10,8.054
200,31,100,20,7,TGSA,0.4999999999435562,19,-1,-1,60.030410229000424,94,95,187.05068011038588,127.089204238086,59.961475872299886,True,15,15,8.054
200,31,100,20,7,ZGSA,0.4999999999435562,19,53,94,30.577107413643034,94,97,187.05068011038588,164.300368868347,22.75031124203889,True,15,15,8.054
200,31,100,20,8,GSA,0.4999999999887189,20,-1,-1,15.343921849949368,92,96,186.59107773027827,171.7106983542468,14.88037937603147,True,15,10,8.171
200,31,100,20,8,TGSA,0.4999999999887189,20,-1,-1,59.67585006931296,92,95,186.59107773027827,127.08920423808627,59.501873492192004,True,15,15,8.171
200,31,100,20,8,ZGSA,0.4999999999887189,20,47,106,30.13546452448074,92,96,186.59107773027827,159.20397023305145,27.387107497226822,True,15,15,8.171
200,31,150,20,6,GSA,0.7500000000000002,94,-1,-1,18.95014866629527,78,93,128.06713843821817,116.31319113261772,11.753947305600448,True,29,17,5.329
200,31,150,20,6,TGSA,0.7500000000000002,94,-1,-1,27.999250549653603,78,95,128.06713843821817,127.0892042380862,0.9779342001319691,True,29,15,5.329
200,31,150,20,6,ZGSA,0.7500000000000002,94,95,99,0.4270954410725931,78,77,128.06713843821817,128.26404868292622,0.19691024470805019,True,29,29,5.329
200,31,150,20,5,GSA,0.7499999999999992,93,-1,-1,19.108422914655513,77,93,128.29686480358922,116.52906106757281,11.767803736016404,True,29,17,5.506
200,31,150,20,5,TGSA,0.7499999999999992,93,-1,-1,27.999250549653347,77,95,128.29686480358922,127.08920423808593,1.2076605655032893,True,29,15,5.506
200,31,150,20,5,ZGSA,0.7499999999999992,93,95,100,0.2598936447390603,77,77,128.29686480358922,128.2776421348687,0.019222668720516367,True,29,29,5.506
200,31,150,20,7,GSA,0.7500000000000011,95,-1,-1,19.629555888285005,77,93,128.66986204344508,117.23934300995231,11.430519033492772,True,29,17,5.668
200,31,150,20,7,TGSA,0.7500000000000011,95,-1,-1,27.999250549653702,77,95,128.66986204344508,127.08920423808625,1.5806578053588254,True,29,15,5.668
200,31,150,20,7,ZGSA,0.7500000000000011,95,96,97,0.6315575983941244,77,77,128.66986204344508,128.88984037384012,0.2199783303950369,True,29,29,5.668
200,31,100,20,9,GSA,0.5000000000393766,18,-1,-1,14.608082545405324,94,96,187.08061807050433,172.63021054860832,14.450407521896011,True,15,10,8.259
200,31,100,20,9,TGSA,0.5000000000393766,18,-1,-1,60.06136107230607,94,95,187.08061807050433,127.08920423808567,59.99141383241866,True,15,15,8.259
200,31,100,20,9,ZGSA,0.5000000000393766,18,73,55,29.627741961107404,94,98,187.08061807050433,181.64018051204246,5.440437558461866,True,15,15,8.259
200,31,150,20,8,GSA,0.7500000000000002,93,-1,-1,19.38638057887882,77,93,128.49155541887143,116.90816697720635,11.583388441665079,True,29,17,5.384
200,31,150,20,8,TGSA,0.7500000000000002,93,-1,-1,27.999250549653603,77,95,128.49155541887143,127.0892042380862,1.4023511807852316,True,29,15,5.384
200,31,150,20,8,ZGSA,0.7500000000000002,93,95,105,0.3963970227796665,77,77,128.49155541887143,128.31149752461198,0.1800578942594484,True,29,29,5.384
200,31,150,20,9,GSA,0.7499999999999998,93,-1,-1,19.14231482700375,77,93,128.42398199224306,116.57528617993268,11.848695812310382,True,29,17,5.693
200,31,150,20,9,TGSA,0.7499999999999998,93,-1,-1,27.999250549653432,77,95,128.42398199224306,127.08920423808597,1.3347777541570878,True,29,15,5.693
200,31,150,20,9,ZGSA,0.7499999999999998,93,95,102,0.23109781636347293,77,77,128.42398199224306,128.2979772934139,0.12600469882914922,True,29,29,5.693
256,1031,128,20,8,GSA,0.5000019133465677,10,-1,-1,9.776899688215337,125,124,349.229305501104,339.4563696768954,9.772935824208616,True,10,7,41.9
256,1031,128,20,8,TGSA,0.5000019133465677,10,-1,-1,151.06272786784177,125,123,349.229305501104,198.22568617874373,151.0036193223603,True,10,15,41.9
256,1031,128,20,8,ZGSA,0.5000019133465677,10,43,171,18.96692613588607,125,125,349.229305501104,339.0154531117932,10.21385238931083,True,10,10,41.9
256,1031,128,20,3,GSA,0.49999669084554565,11,-1,-1,10.695122596209394,124,124,350.9981474211383,340.3052768561352,10.69287056500309,True,10,7,45.717
256,1031,128,20,3,TGSA,0.49999669084554565,11,-1,-1,152.83884726882653,124,123,350.9981474211383,198.22568617874316,152.77246124239514,True,10,15,45.717
256,1031,128,20,3,ZGSA,0.49999669084554565,11,42,172,19.829953725881495,124,125,350.9981474211383,336.9807785818575,14.017368839280778,True,10,10,45.717
256,1031,128,20,5,GSA,0.5000004485281936,10,-1,-1,9.979950839519582,124,124,350.6914024293403,340.8080789361815,9.883323493158798,True,10,7,44.793
256,1031,128,20,5,TGSA,0.5000004485281936,10,-1,-1,152.49150133808274,124,123,350.6914024293403,198.22568617874407,152.46571625059624,True,10,15,44.793
256,1031,128,20,5,ZGSA,0.5000004485281936,10,39,179,19.65149925319166,124,125,350.6914024293403,332.0859743611202,18.605428068220135,True,10,10,44.793
200,127,150,20,1,GSA,0.7499999999999873,79,-1,-1,18.56483346679775,83,95,151.78255803444915,138.4033925632923,13.379165471156853,True,21,13,7.411
200,127,150,20,1,TGSA,0.7499999999999873,79,-1,-1,29.65133148955283,83,95,151.78255803444915,127.08920423808577,24.693353796363382,True,21,15,7.411
200,127,150,20,1,ZGSA,0.7499999999999873,79,78,116,0.3980294145705585,83,83,151.78255803444915,151.49386891748708,0.28868911696207533,True,21,21,7.411
200,127,150,20,0,GSA,0.7499999999999983,77,-1,-1,18.376446868578995,84,95,151.13511956798595,138.1202165048739,13.014903063112058,True,21,13,7.569
200,127,150,20,0,TGSA,0.7499999999999983,77,-1,-1,29.157027352187555,84,95,151.13511956798595,127.08920423808551,24.04591532990044,True,21,15,7.569
200,127,150,20,0,ZGSA,0.7499999999999983,77,77,123,0.671905300128472,84,84,151.13511956798595,150.7065050808746,0.42861448711136063,True,21,21,7.569
200,127,150,20,3,GSA,0.7500000000000125,77,-1,-1,18.126217757910688,83,95,151.04185709839817,137.74408097555926,13.297776122838911,True,21,13,7.386
200,127,150,20,3,TGSA,0.7500000000000125,77,-1,-1,28.53443018032081,83,95,151.04185709839817,127.08920423808627,23.9526528603119,True,21,15,7.386
200,127,150,20,3,ZGSA,0.7500000000000125,77,77,118,0.41211496276596904,83,84,151.04185709839817,150.65768053069127,0.384176567706902,True,21,21,7.386
200,127,150,20,2,GSA,0.749999999999998,75,-1,-1,18.143731513806607,83,95,151.15647194647255,137.77040703268574,13.38606491378681,True,21,13,7.617
200,127,150,20,2,TGSA,0.749999999999998,75,-1,-1,28.622971031638656,83,95,151.15647194647255,127.08920423808638,24.06726770838617,True,21,15,7.617
200,127,150,20,2,ZGSA,0.749999999999998,75,77,119,0.49629049752068966,83,84,151.15647194647255,150.6739767500456,0.48249519642695304,True,21,21,7.617
200,127,150,20,4,GSA,0.7500000000000006,78,-1,-1,18.147409680754677,84,95,150.88167943988208,137.77593592287587,13.105743517006204,True,21,13,7.322
200,127,150,20,4,TGSA,0.7500000000000006,78,-1,-1,28.507995722182628,84,95,150.88167943988208,127.08920423808621,23.792475201795867,True,21,15,7.322
200,127,150,20,4,ZGSA,0.7500000000000006,78,77,117,0.34026941938948596,84,84,150.88167943988208,150.63809678212863,0.2435826577534499,True,21,21,7.322
200,127,150,20,6,GSA,0.7500000000000022,76,-1,-1,18.428461931367117,84,95,151.44254702931525,138.19840370465008,13.244143324665174,True,21,13,7.11
200,127,150,20,6,TGSA,0.7500000000000022,76,-1,-1,29.31804743448602,84,95,151.44254702931525,127.08920423808584,24.35334279122941,True,21,15,7.11
200,127,150,20,6,ZGSA,0.7500000000000022,76,78,114,0.5789954361212928,84,84,151.44254702931525,151.4440390454842,0.0014920161689531142,True,21,21,7.11
200,127,150,20,5,GSA,0.7499999999999961,76,-1,-1,18.46362054169947,84,95,151.72758351584048,138.25125288157543,13.476330634265054,True,21,13,7.709
200,127,150,20,5,TGSA,0.7499999999999961,76,-1,-1,29.34390714314165,84,95,151.72758351584048,127.08920423808576,24.638379277754723,True,21,15,7.709
200,127,150,20,5,ZGSA,0.7499999999999961,76,78,116,0.3976102912488244,84,83,151.72758351584048,151.4938689174831,0.2337145983573805,True,21,21,7.709
200,127,150,20,7,GSA,0.7499999999999977,77,-1,-1,18.372390761334017,82,95,151.41995657279136,138.11411950900407,13.305837063787294,True,21,13,7.439
200,127,150,20,7,TGSA,0.7499999999999977,77,-1,-1,29.121916510806187,82,95,151.41995657279136,127.08920423808615,24.33075233470521,True,21,15,7.439
200,127,150,20,7,ZGSA,0.7499999999999977,77,78,113,0.7335000956245175,82,84,151.41995657279136,151.41503336230647,0.004923210484889751,True,21,21,7.439
200,127,150,20,8,GSA,0.7500000000000042,77,-1,-1,18.475781748778495,83,95,151.1440847026712,138.2695331770238,12.874551525647405,True,21,13,7.737
200,127,150,20,8,TGSA,0.7500000000000042,77,-1,-1,29.307068796074915,83,95,151.1440847026712,127.08920423808551,24.05488046458568,True,21,15,7.737
200,127,150,20,8,ZGSA,0.7500000000000042,77,78,114,0.5003372339113668,83,84,151.1440847026712,151.444039045483,0.2999543428118159,True,21,21,7.737
200,127,150,20,9,GSA,0.7500000000000023,77,-1,-1,18.527061083750347,84,95,151.62316446597626,138.3466144558589,13.276550010117347,True,21,13,7.484
200,127,150,20,9,TGSA,0.7500000000000023,77,-1,-1,29.430220947885815,84,95,151.62316446597626,127.08920423808584,24.533960227890418,True,21,15,7.484
200,127,150,20,9,ZGSA,0.7500000000000023,77,78,116,0.46099890980459435,84,83,151.62316446597626,151.4938689174803,0.12929554849594638,True,21,21,7.484
200,127,100,20,4,GSA,0.4999999999444782,13,-1,-1,8.668137663604966,95,96,207.18462347741655,198.83708176975586,8.347541707660696,True,11,8,12.409
200,127,100,20,4,TGSA,0.4999999999444782,13,-1,-1,80.09541923933074,95,95,207.18462347741655,127.08920423808581,80.09541923933074,True,11,15,12.409
200,127,100,20,4,ZGSA,0.4999999999444782,13,37,126,15.090907191273786,95,97,207.18462347741655,198.69090492749268,8.49371854992387,True,11,11,12.409
200,127,100,20,0,GSA,0.5000000006540641,12,-1,-1,8.04572939522616,96,96,206.16228617866477,198.15623598437196,8.006050194292811,True,11,8,13.473
200,127,100,20,0,TGSA,0.5000000006540641,12,-1,-1,79.07787369255146,96,95,206.16228617866477,127.08920423808598,79.07308194057879,True,11,15,13.473
200,127,100,20,0,ZGSA,0.5000000006540641,12,52,97,13.658516414072182,96,97,206.16228617866477,217.05141216357902,10.889125984914244,True,11,11,13.473
200,127,100,20,9,GSA,0.5000000001741189,12,-1,-1,8.453072376274775,97,96,208.40376838849846,199.95894547078015,8.444822917718312,True,11,8,12.064
200,127,100,20,9,TGSA,0.5000000001741189,12,-1,-1,81.34855016915697,97,95,208.40376838849846,127.08920423808574,81.31456415041272,True,11,15,12.064
200,127,100,20,9,ZGSA,0.5000000001741189,12,34,133,14.423990361229443,97,97,208.40376838849846,195.31171001818882,13.092058370309644,True,11,11,12.064
200,127,100,20,2,GSA,0.4999999999331515,12,-1,-1,8.445832339486483,96,96,208.3727368544575,199.92690451890007,8.445832335557412,True,11,8,13.112
200,127,100,20,2,TGSA,0.4999999999331515,12,-1,-1,81.30424353077781,96,95,208.3727368544575,127.08920423808576,81.28353261637173,True,11,15,13.112
200,127,100,20,2,ZGSA,0.4999999999331515,12,48,104,15.386550818414378,96,97,208.3727368544575,211.89758924284092,3.5248523883834366,True,11,11,13.112
200,127,100,20,3,GSA,0.49999999906512843,11,-1,-1,8.185083747122178,95,96,209.23851733902373,201.1763291522787,8.062188186745033,True,11,8,13.028
200,127,100,20,3,TGSA,0.49999999906512843,11,-1,-1,82.15861056103971,95,95,209.23851733902373,127.08920423808574,82.14931310093799,True,11,15,13.028
200,127,100,20,3,ZGSA,0.49999999906512843,11,49,102,15.422384886382872,95,97,209.23851733902373,213.09715863086143,3.8586412918376993,True,11,11,13.028
200,127,100,20,8,GSA,0.4999999999879469,14,-1,-1,8.590094773665285,97,96,205.4442295235072,196.86800170555318,8.57622781795402,True,11,8,12.491
200,127,100,20,8,TGSA,0.4999999999879469,14,-1,-1,78.38901130416511,97,95,205.4442295235072,127.08920423808637,78.35502528542084,True,11,15,12.491
200,127,100,20,8,ZGSA,0.4999999999879469,14,35,130,14.39714143274584,97,97,205.4442295235072,196.28792398452958,9.15630553897762,True,11,11,12.491
200,127,100,20,6,GSA,0.5000000001982138,11,-1,-1,7.730155090741292,97,96,206.68390551919754,198.99162097251138,7.692284546686153,True,11,8,13.061
200,127,100,20,6,TGSA,0.5000000001982138,11,-1,-1,79.65670616155998,97,95,206.68390551919754,127.08920423808611,79.59470128111143,True,11,15,13.061
200,127,100,20,6,ZGSA,0.5000000001982138,11,33,135,13.695896635236494,97,97,206.68390551919754,194.10302395422394,12.580881564973595,True,11,11,13.061
200,127,100,20,1,GSA,0.4999999999395351,12,-1,-1,8.137313194610844,96,96,206.53563516080973,198.56154319525515,7.974091965554578,True,11,8,13.802
200,127,100,20,1,TGSA,0.4999999999395351,12,-1,-1,79.47122385720341,96,95,206.53563516080973,127.08920423808581,79.44643092272392,True,11,15,13.802
200,127,100,20,1,ZGSA,0.4999999999395351,12,38,124,14.627753065942755,96,97,206.53563516080973,199.89222452908535,6.643410631724379,True,11,11,13.802
200,127,100,20,7,GSA,0.4999999999102764,10,-1,-1,7.473948280935915,97,96,207.9353064048247,200.46924979542052,7.466056609404177,True,11,8,13.407
200,127,100,20,7,TGSA,0.4999999999102764,10,-1,-1,80.88008818548276,97,95,207.9353064048247,127.0892042380862,80.8461021667385,True,11,15,13.407
200,127,100,20,7,ZGSA,0.4999999999102764,10,33,134,14.585516717711982,97,97,207.9353064048247,193.88452144506698,14.05078495975772,True,11,11,13.407
200,127,100,20,5,GSA,0.5000000016458411,12,-1,-1,8.118552669346027,95,96,206.54252186342822,198.47851745299494,8.064004410433284,True,11,8,13.82
200,127,100,20,5,TGSA,0.5000000016458411,12,-1,-1,79.45331762534197,95,95,206.54252186342822,127.08920423808625,79.45331762534197,True,11,15,13.82
200,127,100,20,5,ZGSA,0.5000000016458411,12,43,115,14.078276610373223,95,97,206.54252186342822,206.18618898482146,0.3563328786067643,True,11,11,13.82
160,13,80,20,0,GSA,0.4999999999999966,25,-1,-1,10.356635919984242,74,76,116.99426545412601,107.26349021770724,9.730775236418765,True,16,11,3.032
160,13,80,20,0,TGSA,0.4999999999999966,25,-1,-1,31.829215660290934,74,76,116.99426545412601,85.51553069079142,31.478734763334586,True,16,15,3.032
160,13,80,20,0,ZGSA,0.4999999999999966,25,79,2,18.705249057741945,74,80,116.99426545412601,127.83938772905529,10.845122274929281,True,16,16,3.032
160,13,80,20,1,GSA,0.5000000000000254,21,-1,-1,10.442597676132994,73,76,118.76181319546572,108.76659328134343,9.995219914122288,True,16,11,3.263
160,13,80,20,1,TGSA,0.5000000000000254,21,-1,-1,33.45272354202407,73,76,118.76181319546572,85.5155306907912,33.246282504674525,True,16,15,3.263
160,13,80,20,1,ZGSA,0.5000000000000254,21,71,19,19.154926601682206,73,79,118.76181319546572,123.10862562100513,4.346812425539412,True,16,16,3.263
160,13,80,20,2,GSA,0.5000000000000836,21,-1,-1,10.418138569520966,71,76,118.3136752104578,108.7130999834227,9.600575227035108,True,16,11,3.098
160,13,80,20,2,TGSA,0.5000000000000836,21,-1,-1,33.32264693876334,71,76,118.3136752104578,85.5155306907912,32.79814451966661,True,16,15,3.098
160,13,80,20,2,ZGSA,0.5000000000000836,21,54,53,19.364480860951822,71,77,118.3136752104578,112.3018721604287,6.011803050029101,True,16,16,3.098
160,13,80,20,3,GSA,0.49999999999995487,24,-1,-1,10.411626994507529,72,76,117.34207786041716,107.59132313682117,9.750754723595989,True,16,11,3.254
160,13,80,20,3,TGSA,0.49999999999995487,24,-1,-1,32.20997195179883,72,76,117.34207786041716,85.51553069079144,31.826547169625726,True,16,15,3.254
160,13,80,20,3,ZGSA,0.49999999999995487,24,79,2,19.319450863557023,72,80,117.34207786041716,127.83938772906397,10.49730986864681,True,16,16,3.254
160,13,80,20,4,GSA,0.5000000000000345,22,-1,-1,10.578774799735243,72,76,118.62394505928958,108.59962567011007,10.02431938917951,True,16,11,3.434
160,13,80,20,4,TGSA,0.5000000000000345,22,-1,-1,33.438864240720925,72,76,118.62394505928958,85.51553069079128,33.1084143684983,True,16,15,3.434
160,13,80,20,4,ZGSA,0.5000000000000345,22,45,71,19.159146355904397,72,77,118.62394505928958,106.5844139594308,12.039531099858777,True,16,16,3.434
160,13,80,20,5,GSA,0.49999999999978273,23,-1,-1,10.210942692475342,72,76,117.07189855640976,107.47559291876453,9.59630563764523,True,16,11,3.616
160,13,80,20,5,TGSA,0.49999999999978273,23,-1,-1,31.858758217861215,72,76,117.07189855640976,85.51553069079137,31.556367865618398,True,16,15,3.616
160,13,80,20,5,ZGSA,0.49999999999978273,23,78,4,19.185570403621327,72,80,117.07189855640976,127.2021332303503,10.130234673940535,True,16,16,3.616
160,13,80,20,6,GSA,0.500000000000166,24,-1,-1,10.206973153057323,74,76,116.89900285236442,107.19104430154194,9.707958550822482,True,16,11,3.402
160,13,80,20,6,TGSA,0.500000000000166,24,-1,-1,31.655395845540248,74,76,116.89900285236442,85.51553069079151,31.38347216157291,True,16,15,3.402
160,13,80,20,6,ZGSA,0.500000000000166,24,53,55,18.56051506422061,74,77,116.89900285236442,111.66833406869205,5.230668783672371,True,16,16,3.402
160,13,80,20,7,GSA,0.5000000000000506,21,-1,-1,10.185206969096669,74,76,117.71645196395693,108.20366684265761,9.512785121299316,True,16,11,3.495
160,13,80,20,7,TGSA,0.5000000000000506,21,-1,-1,32.47681213595581,74,76,117.71645196395693,85.5155306907912,32.20092127316573,True,16,15,3.495
160,13,80,20,7,ZGSA,0.5000000000000506,21,53,55,18.784898279499053,74,77,117.71645196395693,111.66833406871146,6.048117895245468,True,16,16,3.495
200,1031,150,20,0,GSA,0.7500000000003844,54,-1,-1,14.757287681044446,87,95,176.2053744121756,164.35298264543673,11.852391766738862,True,15,11,12.116
200,1031,150,20,0,TGSA,0.7500000000003844,54,-1,-1,50.52572537551072,87,95,176.2053744121756,127.0892042380863,49.11617017408929,True,15,15,12.116
200,1031,150,20,0,ZGSA,0.7500000000003844,54,56,138,0.6587390189232849,87,90,176.2053744121756,175.91659255266296,0.2887818595126248,True,15,15,12.116
200,1031,150,20,1,GSA,0.749999999999636,57,-1,-1,15.19857175739834,91,95,178.1147922253743,165.13289204986674,12.981900175507548,True,15,11,12.051
200,1031,150,20,1,TGSA,0.749999999999636,57,-1,-1,51.61697246919044,91,95,178.1147922253743,127.08920423808596,51.02558798728833,True,15,15,12.051
200,1031,150,20,1,ZGSA,0.749999999999636,57,58,130,0.9258833918615323,91,90,178.1147922253743,177.91269542601617,0.20209679935811664,True,15,15,12.051
200,1031,150,20,2,GSA,0.7500000000003941,56,-1,-1,14.674344025582954,90,95,176.27819761164125,164.20639105294217,12.07180655869908,True,15,11,12.227
200,1031,150,20,2,TGSA,0.7500000000003941,56,-1,-1,50.22248536082125,90,95,176.27819761164125,127.08920423808611,49.188993373555135,True,15,15,12.227
200,1031,150,20,2,ZGSA,0.7500000000003941,56,56,136,0.7017124907902996,90,90,176.27819761164125,175.8453050438365,0.4328925678047426,True,15,15,12.227
160,13,120,20,0,GSA,0.75,73,-1,-1,11.761543802134781,61,74,83.81376262925338,76.83062169092214,6.983140938331232,True,29,18,1.99
160,13,120,20,0,TGSA,0.75,73,-1,-1,19.36780102284896,61,76,83.81376262925338,85.5155306907912,1.7017680615378197,True,29,15,1.99
160,13,120,20,0,ZGSA,0.75,73,77,83,0.2321450487844885,61,61,83.81376262925338,84.003024897014,0.1892622677606255,True,29,29,1.99
160,13,120,20,1,GSA,0.75,76,-1,-1,11.577608502228415,63,74,83.95186990712753,76.58256823709627,7.369301670031263,True,29,18,2.04
160,13,120,20,1,TGSA,0.75,76,-1,-1,19.36780102284896,63,76,83.95186990712753,85.5155306907912,1.5636607836636642,True,29,15,2.04
160,13,120,20,1,ZGSA,0.75,76,77,79,0.3575399290244903,63,61,83.95186990712753,83.98160328462535,0.0297333774978199,True,29,29,2.04
160,13,80,20,8,GSA,0.5000000000002822,21,-1,-1,10.500443198090615,73,76,118.93884820530616,108.89310435091855,10.04574385438761,True,16,11,3.229
160,13,80,20,8,TGSA,0.5000000000002822,21,-1,-1,33.61690252422764,73,76,118.93884820530616,85.51553069079148,33.42331751451468,True,16,15,3.229
160,13,80,20,8,ZGSA,0.5000000000002822,21,80,1,19.60149846700881,73,80,118.93884820530616,129.11389672649338,10.175048521187222,True,16,16,3.229
160,13,80,20,9,GSA,0.49999999999942885,22,-1,-1,10.548998482965072,73,76,118.38682288802369,108.53701302126782,9.849809866755862,True,16,11,3.327
160,13,80,20,9,TGSA,0.49999999999942885,22,-1,-1,33.231965587162954,73,76,118.38682288802369,85.51553069079142,32.871292197232265,True,16,15,3.327
160,13,80,20,9,ZGSA,0.49999999999942885,22,79,2,19.387771067889034,73,80,118.38682288802369,127.8393877291706,9.45256484114691,True,16,16,3.327
200,1031,150,20,3,GSA,0.7499999999999998,56,-1,-1,15.566251154939941,89,95,179.04496653440614,165.7827152230807,13.262251311325457,True,15,10,12.421
200,1031,150,20,3,TGSA,0.7499999999999998,56,-1,-1,52.842998825942615,89,95,179.04496653440614,127.0892042380857,51.955762296320444,True,15,15,12.421
200,1031,150,20,3,ZGSA,0.7499999999999998,56,59,130,1.0270877107635954,89,89,179.04496653440614,179.11443140258126,0.06946486817511754,True,15,15,12.421
160,13,120,20,2,GSA,0.75,77,-1,-1,11.819944710537094,61,74,84.02991625812179,76.90938061888832,7.120535639233466,True,29,18,2.152
160,13,120,20,2,TGSA,0.75,77,-1,-1,19.36780102284896,61,76,84.02991625812179,85.5155306907912,1.4856144326694078,True,29,15,2.152
160,13,120,20,2,ZGSA,0.75,77,77,82,0.2226321142503238,61,61,84.02991625812179,84.00088826789886,0.02902799022292868,True,29,29,2.152
160,13,120,20,3,GSA,0.7499999999999999,76,-1,-1,11.677268299911688,61,74,83.88557761805976,76.71696852369442,7.168609094365337,True,29,18,2.363
160,13,120,20,3,TGSA,0.7499999999999999,76,-1,-1,19.367801022848994,61,76,83.88557761805976,85.5155306907912,1.629953072731439,True,29,15,2.363
160,13,120,20,3,ZGSA,0.7499999999999999,76,77,80,0.22627998383806158,61,61,83.88557761805976,83.99018670310659,0.10460908504683175,True,29,29,2.363
200,1031,150,20,5,GSA,0.7499999999999152,57,-1,-1,15.122781929922816,88,95,177.7532303964652,164.99894386954708,12.754286526918122,True,15,11,12.377
200,1031,150,20,5,TGSA,0.7499999999999152,57,-1,-1,51.60122258655689,88,95,177.7532303964652,127.08920423808621,50.66402615837899,True,15,15,12.377
200,1031,150,20,5,ZGSA,0.7499999999999152,57,57,134,0.8957645999134343,88,90,177.7532303964652,176.9337231156979,0.8195072807673114,True,15,15,12.377
200,1031,150,20,4,GSA,0.7499999999999922,55,-1,-1,15.157979534960475,89,95,177.66597718748028,165.0611508313116,12.604826356168672,True,15,11,12.537
200,1031,150,20,4,TGSA,0.7499999999999922,55,-1,-1,51.64421227090084,89,95,177.66597718748028,127.08920423808593,50.57677294939435,True,15,15,12.537
200,1031,150,20,4,ZGSA,0.7499999999999922,55,57,136,0.6655306814184314,89,90,177.66597718748028,177.0139017341233,0.6520754533569857,True,15,15,12.537
160,13,120,20,4,GSA,0.75,78,-1,-1,11.65973323657321,61,74,84.04796610933037,76.69332089735403,7.354645211976347,True,29,18,2.375
160,13,120,20,4,TGSA,0.75,78,-1,-1,19.36780102284896,61,76,84.04796610933037,85.5155306907912,1.4675645814608202,True,29,15,2.375
160,13,120,20,4,ZGSA,0.75,78,77,83,0.19354518251684638,61,61,84.04796610933037,84.003024897014,0.044941212316373935,True,29,29,2.375
200,1031,150,20,9,GSA,0.7500000000000681,55,-1,-1,15.091583815634237,89,95,176.89058732925724,164.94380545877675,11.946781870480493,True,15,11,12.171
200,1031,150,20,9,TGSA,0.7500000000000681,55,-1,-1,51.26968324970527,89,95,176.89058732925724,127.08920423808594,49.8013830911713,True,15,15,12.171
200,1031,150,20,9,ZGSA,0.7500000000000681,55,57,135,0.5234006898933394,89,90,176.89058732925724,176.9762037169756,0.08561638771834623,True,15,15,12.171
160,13,120,20,5,GSA,0.7499999999999999,75,-1,-1,11.556634750997866,61,74,83.80038266494884,76.55428322893285,7.246099436015996,True,29,18,2.457
160,13,120,20,5,TGSA,0.7499999999999999,75,-1,-1,19.367801022848994,61,76,83.80038266494884,85.5155306907912,1.7151480258423533,True,29,15,2.457
160,13,120,20,5,ZGSA,0.7499999999999999,75,76,84,0.3482544425404015,61,62,83.80038266494884,83.52642248634398,0.27396017860486666,True,29,29,2.457
200,1031,150,20,8,GSA,0.7499999999999755,56,-1,-1,14.842961308359648,91,95,177.05167249844865,164.50439909629455,12.547273402154104,True,15,11,12.432
200,1031,150,20,8,TGSA,0.7499999999999755,56,-1,-1,51.00377422519763,91,95,177.05167249844865,127.08920423808576,49.9624682603629,True,15,15,12.432
200,1031,150,20,8,ZGSA,0.7499999999999755,56,57,134,0.7556650035786134,91,90,177.05167249844865,176.93372311566293,0.11794938278572431,True,15,15,12.432
200,1031,150,20,7,GSA,0.7500000000000323,56,-1,-1,14.802605267947655,90,95,176.91177136614914,164.4330752993944,12.478696066754736,True,15,11,12.734
200,1031,150,20,7,TGSA,0.7500000000000323,56,-1,-1,50.60009816450767,90,95,176.91177136614914,127.08920423808598,49.822567128063156,True,15,15,12.734
200,1031,150,20,7,ZGSA,0.7500000000000323,56,57,134,0.74817019674947,90,90,176.91177136614914,176.93372311563076,0.021951749481615934,True,15,15,12.734
200,1031,150,20,6,GSA,0.7500000000000652,57,-1,-1,14.653931311948469,90,95,176.23313731605077,164.17031436396064,12.06282295209013,True,15,11,12.984
200,1031,150,20,6,TGSA,0.7500000000000652,57,-1,-1,50.16695751282984,90,95,176.23313731605077,127.08920423808598,49.14393307796479,True,15,15,12.984
200,1031,150,20,6,ZGSA,0.7500000000000652,57,56,135,0.5699386416019045,90,90,176.23313731605077,175.80243378547038,0.4307035305803879,True,15,15,12.984
160,13,120,20,6,GSA,0.75,78,-1,-1,11.569614883420826,62,74,83.34932423447101,76.57178811608429,6.77753611838672,True,29,18,2.458
160,13,120,20,6,TGSA,0.75,78,-1,-1,19.36780102284896,62,76,83.34932423447101,85.5155306907912,2.1662064563201824,True,29,15,2.458
160,13,120,20,6,ZGSA,0.75,78,76,84,0.27795072936902443,62,62,83.34932423447101,83.52642248634398,0.17709825187296246,True,29,29,2.458
160,13,120,20,7,GSA,0.75,77,-1,-1,11.955701253027037,60,74,84.12177213729659,77.09246064312977,7.029311494166819,True,29,18,2.502
160,13,120,20,7,TGSA,0.75,77,-1,-1,19.36780102284896,60,76,84.12177213729659,85.5155306907912,1.3937585534946066,True,29,15,2.502
160,13,120,20,7,ZGSA,0.75,77,78,77,0.36182506638793654,60,61,84.12177213729659,84.45386093387027,0.33208879657368584,True,29,29,2.502
160,13,120,20,9,GSA,0.75,77,-1,-1,11.443554180386592,61,74,83.52393032887028,76.40163872994225,7.1222915989280295,True,29,18,2.048
160,13,120,20,9,TGSA,0.75,77,-1,-1,19.36780102284896,61,76,83.52393032887028,85.5155306907912,1.9916003619209164,True,29,15,2.048
160,13,120,20,9,ZGSA,0.75,77,76,84,0.28316715139455795,61,62,83.52393032887028,83.52642248634398,0.002492157473696466,True,29,29,2.048
160,13,120,20,8,GSA,0.75,77,-1,-1,11.503506684779431,61,74,83.40977200838321,76.48263520758891,6.927136800794301,True,29,18,2.23
160,13,120,20,8,TGSA,0.75,77,-1,-1,19.36780102284896,61,76,83.40977200838321,85.5155306907912,2.1057586824079806,True,29,15,2.23
160,13,120,20,8,ZGSA,0.75,77,76,84,0.2628911196556203,61,62,83.40977200838321,83.52642248634398,0.11665047796076067,True,29,29,2.23
200,1031,100,20,0,GSA,0.500000000064946,2,-1,-1,2.702013430393322,96,97,217.41378874364378,215.69989564217298,1.713893101470802,True,8,7,22.575
200,1031,100,20,0,TGSA,0.500000000064946,2,-1,-1,90.43195403963499,96,95,217.41378874364378,127.08920423808576,90.32458450555802,True,8,15,22.575
200,1031,100,20,0,ZGSA,0.500000000064946,2,7,177,1.675778296686019,96,97,217.41378874364378,217.29685918607652,0.11692955756726064,True,8,8,22.575
200,1031,100,20,1,GSA,0.5000000206940414,6,-1,-1,2.388546989352051,98,97,220.39074422982733,218.75882414136578,1.6319200884615555,True,8,7,21.761
200,1031,100,20,1,TGSA,0.5000000206940414,6,-1,-1,93.45015580837396,98,95,220.39074422982733,127.08920423808627,93.30153999174107,True,8,15,21.761
200,1031,100,20,1,ZGSA,0.5000000206940414,6,8,180,1.4570404654318168,98,97,220.39074422982733,219.6351540512507,0.7555901785766252,True,8,7,21.761
160,31,120,20,0,GSA,0.75,65,-1,-1,11.42465062968958,66,74,95.77513298442574,87.56961989056882,8.205513093856922,True,23,15,2.583
160,31,120,20,0,TGSA,0.75,65,-1,-1,14.760825179948185,66,76,95.77513298442574,85.51553069079141,10.25960229363433,True,23,15,2.583
160,31,120,20,0,ZGSA,0.75,65,65,95,0.3441091563981189,66,66,95.77513298442574,95.4310238280276,0.3441091563981331,True,23,23,2.583
160,31,120,20,1,GSA,0.7499999999999999,65,-1,-1,11.164327429872095,66,74,94.90973869954485,87.18902536187574,7.72071333766911,True,23,15,2.865
160,31,120,20,1,TGSA,0.7499999999999999,65,-1,-1,14.341739253440451,66,76,94.90973869954485,85.51553069079137,9.39420800875348,True,23,15,2.865
160,31,120,20,1,ZGSA,0.7499999999999999,65,64,96,0.4208985713956821,66,66,94.90973869954485,94.81614820269931,0.09359049684553611,True,23,23,2.865
160,31,120,20,2,GSA,0.75,66,-1,-1,11.237442491129585,66,74,95.52827091177159,87.29730158341545,8.230969328356139,True,23,15,2.639
160,31,120,20,2,TGSA,0.75,66,-1,-1,14.227273305069914,66,76,95.52827091177159,85.51553069079141,10.012740220980177,True,23,15,2.639
160,31,120,20,2,ZGSA,0.75,66,65,89,0.3949440549142125,66,66,95.52827091177159,95.37040016273113,0.1578707490404554,True,23,23,2.639
200,1031,100,20,2,GSA,0.5000000000037047,5,-1,-1,2.453335177320483,98,97,218.08658145447362,216.27858157840348,1.8079998760701415,True,8,7,22.799
200,1031,100,20,2,TGSA,0.5000000000037047,5,-1,-1,91.14769283422827,98,95,218.08658145447362,127.08920423808621,90.9973772163874,True,8,15,22.799
200,1031,100,20,2,ZGSA,0.5000000000037047,5,7,179,1.5677114542525032,98,97,218.08658145447362,217.58631206025007,0.500269394223551,True,8,8,22.799
160,31,80,20,0,GSA,0.4999999999999213,17,-1,-1,6.974184325317232,76,76,128.80751977936524,121.99365775645902,6.813862022906221,True,12,9,4.886
160,31,80,20,0,TGSA,0.4999999999999213,17,-1,-1,43.30530511672151,76,76,128.80751977936524,85.5155306907912,43.29198908857404,True,12,15,4.886
160,31,80,20,0,ZGSA,0.4999999999999213,17,50,60,11.260032567669398,76,78,128.80751977936524,137.5459720080994,8.738452228734161,True,12,12,4.886
160,31,120,20,3,GSA,0.7500000000000001,64,-1,-1,11.171894124860366,64,74,95.02378847348777,87.20026589570043,7.823522577787344,True,23,15,2.84
160,31,120,20,3,TGSA,0.7500000000000001,64,-1,-1,14.258652505695302,64,76,95.02378847348777,85.51553069079142,9.508257782696347,True,23,15,2.84
160,31,120,20,3,ZGSA,0.7500000000000001,64,64,96,0.4020791805847921,64,66,95.02378847348777,94.81614820269931,0.2076402707884597,True,23,23,2.84
160,31,80,20,1,GSA,0.5000000000001081,16,-1,-1,6.992299064466405,74,76,129.36544589685587,122.52108044505361,6.844365451802261,True,12,9,5.006
160,31,80,20,1,TGSA,0.5000000000001081,16,-1,-1,43.89597312946373,74,76,129.36544589685587,85.51553069079137,43.84991520606451,True,12,15,5.006
160,31,80,20,1,ZGSA,0.5000000000001081,16,36,89,10.938118412620526,74,77,129.36544589685587,125.89599164403649,3.4694542528193892,True,12,12,5.006
160,31,80,20,2,GSA,0.5000000000031031,14,-1,-1,6.4620195797870394,75,76,128.6849289720378,122.28659079811857,6.398338173919228,True,12,9,5.098
160,31,80,20,2,TGSA,0.5000000000031031,14,-1,-1,43.1795138807004,75,76,128.6849289720378,85.51553069079151,43.16939828124629,True,12,15,5.098
160,31,80,20,2,ZGSA,0.5000000000031031,14,48,65,10.678574508782503,75,78,128.6849289720378,136.14317264771154,7.458243675673742,True,12,12,5.098
160,31,120,20,4,GSA,0.7500000000000002,63,-1,-1,11.273925654575045,67,74,95.23272390053894,87.35037103398119,7.882352866557753,True,23,15,2.951
160,31,120,20,4,TGSA,0.7500000000000002,63,-1,-1,14.482460480508195,67,76,95.23272390053894,85.51553069079142,9.71719320974752,True,23,15,2.951
160,31,120,20,4,ZGSA,0.7500000000000002,63,65,90,0.33083682623191635,67,66,95.23272390053894,95.387778375131,0.15505447459206323,True,23,23,2.951
160,31,80,20,4,GSA,0.49999999999997535,13,-1,-1,6.46729239533601,76,76,129.6247806292011,123.19813546784044,6.4266451613606534,True,12,9,5.078
160,31,80,20,4,TGSA,0.49999999999997535,13,-1,-1,44.11267921330475,76,76,129.6247806292011,85.51553069079125,44.109249938409846,True,12,15,5.078
160,31,80,20,4,ZGSA,0.49999999999997535,13,51,58,11.485832534365258,76,78,129.6247806292011,138.39325263767992,8.768472008478824,True,12,12,5.078
160,31,80,20,3,GSA,0.49999999999997463,16,-1,-1,6.758665003486666,76,76,128.12886922502526,121.87371940110977,6.255149823915488,True,12,9,5.232
160,31,80,20,3,TGSA,0.49999999999997463,16,-1,-1,42.75931590669422,76,76,128.12886922502526,85.51553069079151,42.61333853423375,True,12,15,5.232
160,31,80,20,3,ZGSA,0.49999999999997463,16,28,104,11.350881067253368,76,77,128.12886922502526,118.88529468245801,9.243574542567245,True,12,12,5.232
160,31,80,20,5,GSA,0.4999999999996804,17,-1,-1,6.362799324487401,75,76,126.50812604924147,120.38811195423425,6.120014095007221,True,12,9,4.974
160,31,80,20,5,TGSA,0.4999999999996804,17,-1,-1,41.036916035708465,75,76,126.50812604924147,85.51553069079142,40.992595358450046,True,12,15,4.974
160,31,80,20,5,ZGSA,0.4999999999996804,17,44,72,10.490946099485726,75,78,126.50812604924147,132.4554236884572,5.947297639215719,True,12,12,4.974
160,31,120,20,5,GSA,0.7499999999999999,66,-1,-1,11.375549868205411,65,74,95.52234002199339,87.49819652003507,8.02414350195832,True,23,15,2.917
160,31,120,20,5,TGSA,0.7499999999999999,66,-1,-1,14.642511482460506,65,76,95.52234002199339,85.51553069079137,10.006809331202021,True,23,15,2.917
160,31,120,20,5,ZGSA,0.7499999999999999,66,65,90,0.3778192363064008,65,66,95.52234002199339,95.38777837513106,0.13456164686232341,True,23,23,2.917
160,31,80,20,7,GSA,0.500000000000083,15,-1,-1,6.584383891345013,76,76,128.46441763792456,121.94792122030275,6.516496417621809,True,12,9,5.069
160,31,80,20,7,TGSA,0.500000000000083,15,-1,-1,42.94888694713329,76,76,128.46441763792456,85.51553069079125,42.9488869471333,True,12,15,5.069
160,31,80,20,7,ZGSA,0.500000000000083,15,37,87,10.159702156271024,76,77,128.46441763792456,126.75060785778888,1.7138097801356764,True,12,12,5.069
160,31,80,20,8,GSA,0.500000000000306,15,-1,-1,6.558781717456043,76,76,128.15805635581228,121.87277442573689,6.285281930075385,True,12,9,5.002
160,31,80,20,8,TGSA,0.500000000000306,15,-1,-1,42.67577336366537,76,76,128.15805635581228,85.5155306907912,42.64252566502108,True,12,15,5.002
160,31,80,20,8,ZGSA,0.500000000000306,15,42,77,10.120152034696048,76,77,128.15805635581228,131.02066509215894,2.862608736346658,True,12,12,5.002
160,31,80,20,6,GSA,0.5000000000000185,14,-1,-1,6.535968926846088,76,76,128.96518923578924,122.51755588254679,6.447633353242452,True,12,9,5.304
160,31,80,20,6,TGSA,0.5000000000000185,14,-1,-1,43.44965854499804,76,76,128.96518923578924,85.5155306907912,43.449658544998044,True,12,15,5.304
160,31,80,20,6,ZGSA,0.5000000000000185,14,45,71,11.24834620118773,76,77,128.96518923578924,133.57966708070794,4.614477844918696,True,12,12,5.304
200,1031,100,20,4,GSA,0.49999999888086605,2,-1,-1,2.4242069572849516,97,97,216.84682508802314,214.42261813073821,2.424206957284923,True,8,7,22.207
200,1031,100,20,4,TGSA,0.49999999888086605,2,-1,-1,89.80201397867731,97,95,216.84682508802314,127.08920423808624,89.7576208499369,True,8,15,22.207
200,1031,100,20,4,ZGSA,0.49999999888086605,2,6,180,1.1984689640004262,97,97,216.84682508802314,215.7981030709813,1.0487220170418254,True,8,8,22.207
160,31,80,20,9,GSA,0.5000000000002127,12,-1,-1,6.277046859537421,75,76,129.74840805806025,123.65272519136505,6.095682866695199,True,12,9,5.076
160,31,80,20,9,TGSA,0.5000000000002127,12,-1,-1,44.27533874964371,75,76,129.74840805806025,85.51553069079114,44.23287736726911,True,12,15,5.076
160,31,80,20,9,ZGSA,0.5000000000002127,12,35,91,10.891112642972999,75,77,129.74840805806025,125.04120485500019,4.707203203060061,True,12,12,5.076
200,1031,100,20,3,GSA,0.49999999942158835,4,-1,-1,2.743465536215666,98,97,215.21308367115716,213.5529922826181,1.6600913885390582,True,8,8,23.502
200,1031,100,20,3,TGSA,0.49999999942158835,4,-1,-1,88.50285313318146,98,95,215.21308367115716,127.08920423808576,88.12387943307141,True,8,15,23.502
200,1031,100,20,3,ZGSA,0.49999999942158835,4,6,179,1.4896054364136546,98,97,215.21308367115716,215.65818279212112,0.44509912096395965,True,8,8,23.502
200,1031,100,20,9,GSA,0.4999999995689086,4,-1,-1,2.6218412291176776,98,97,219.59503244296187,217.44721246406095,2.1478199789009125,True,8,7,22.238
200,1031,100,20,9,TGSA,0.4999999995689086,4,-1,-1,92.67075204889065,98,95,219.59503244296187,127.08920423808617,92.5058282048757,True,8,15,22.238
200,1031,100,20,9,ZGSA,0.4999999995689086,4,8,177,1.486538496076811,98,97,219.59503244296187,219.24390387639824,0.3511285665636308,True,8,7,22.238
160,31,120,20,6,GSA,0.7500000000000001,64,-1,-1,11.449695150435872,64,74,95.25353110668192,87.60605036600404,7.647480740677878,True,23,15,2.99
160,31,120,20,6,TGSA,0.7500000000000001,64,-1,-1,14.816268583805758,64,76,95.25353110668192,85.51553069079142,9.738000415890497,True,23,15,2.99
160,31,120,20,6,ZGSA,0.7500000000000001,64,65,90,0.42054721367064474,64,66,95.25353110668192,95.387778375131,0.1342472684490872,True,23,23,2.99
200,1031,100,20,7,GSA,0.5000000006554136,5,-1,-1,2.6110080660445334,99,97,218.6138645886289,216.4493454025294,2.164519186099511,True,8,7,22.833
200,1031,100,20,7,TGSA,0.5000000006554136,5,-1,-1,91.7028716288186,99,95,218.6138645886289,127.08920423808564,91.52466035054326,True,8,15,22.833
200,1031,100,20,7,ZGSA,0.5000000006554136,5,7,179,1.5906181755123328,99,97,218.6138645886289,217.5863118206957,1.0275527679332015,True,8,8,22.833
200,1031,100,20,6,GSA,0.500000004965975,4,-1,-1,2.4701190519340486,98,97,218.09895368770978,216.30967436677759,1.789279320932195,True,8,7,22.841
200,1031,100,20,6,TGSA,0.500000004965975,4,-1,-1,91.2235983869256,98,95,218.09895368770978,127.08920423808593,91.00974944962385,True,8,15,22.841
200,1031,100,20,6,ZGSA,0.500000004965975,4,7,179,1.3626547394741806,98,97,218.09895368770978,217.58631023621928,0.5126434514905043,True,8,8,22.841
200,1031,100,20,8,GSA,0.49999999990532273,4,-1,-1,2.6698715512456204,98,97,217.10581421680672,214.63992804977806,2.465886167028657,True,8,7,22.909
200,1031,100,20,8,TGSA,0.49999999990532273,4,-1,-1,90.20999415309615,98,95,217.10581421680672,127.08920423808627,90.01660997872045,True,8,15,22.909
200,1031,100,20,8,ZGSA,0.49999999990532273,4,6,180,1.4825678406273823,98,97,217.10581421680672,215.79810269807462,1.3077115187321056,True,8,8,22.909
200,1031,100,20,5,GSA,0.49999999962753233,4,-1,-1,2.4400669641587456,98,97,217.66062986112283,215.75160208929105,1.9090277718317736,True,8,7,23.205
200,1031,100,20,5,TGSA,0.49999999962753233,4,-1,-1,90.71902470422174,98,95,217.66062986112283,127.08920423808638,90.57142562303645,True,8,15,23.205
200,1031,100,20,5,ZGSA,0.49999999962753233,4,7,178,1.4580080855376423,98,97,217.66062986112283,217.4463748403296,0.21425502079321745,True,8,8,23.205
160,31,120,20,8,GSA,0.7499999999999999,61,-1,-1,11.365172041531942,66,74,95.69505043122146,87.48310063684646,8.211949794375002,True,23,15,3.218
160,31,120,20,8,TGSA,0.7499999999999999,61,-1,-1,14.679812063049361,66,76,95.69505043122146,85.51553069079137,10.179519740430095,True,23,15,3.218
160,31,120,20,8,ZGSA,0.7499999999999999,61,65,94,0.31727219231841985,66,66,95.69505043122146,95.4281496511845,0.2669007800369627,True,23,23,3.218
160,31,120,20,9,GSA,0.7500000000000003,66,-1,-1,11.28652781646402,66,74,95.38516423284733,87.36870250008474,8.016461732762593,True,23,15,3.242
160,31,120,20,9,TGSA,0.7500000000000003,66,-1,-1,14.585630975908252,66,76,95.38516423284733,85.51553069079142,9.869633542055908,True,23,15,3.242
160,31,120,20,9,ZGSA,0.7500000000000003,66,65,92,0.2875653625861787,66,66,95.38516423284733,95.41375983299761,0.028595600150282507,True,23,23,3.242
160,31,120,20,7,GSA,0.7500000000000003,66,-1,-1,11.38940103017465,65,74,95.51513377093318,87.51834481598287,7.996788954950304,True,23,15,3.469
160,31,120,20,7,TGSA,0.7500000000000003,66,-1,-1,14.68445239000446,65,76,95.51513377093318,85.51553069079142,9.999603080141753,True,23,15,3.469
160,31,120,20,7,ZGSA,0.7500000000000003,66,65,91,0.2673848231392526,65,66,95.51513377093318,95.40222520774694,0.1129085631862381,True,23,23,3.469
160,127,120,20,1,GSA,0.7500000000000016,49,-1,-1,9.735824020630574,70,75,110.64357647052131,102.41011400750972,8.233462463011591,True,17,12,3.765
160,127,120,20,1,TGSA,0.7500000000000016,49,-1,-1,26.22224310488827,70,76,110.64357647052131,85.5155306907914,25.128045779729916,True,17,15,3.765
160,127,120,20,1,ZGSA,0.7500000000000016,49,50,103,0.5148428128094906,70,70,110.64357647052131,110.44401017674295,0.19956629377836066,True,17,17,3.765
160,127,120,20,0,GSA,0.7499999999999981,50,-1,-1,9.679242076539794,70,75,110.22193852725442,102.31516536482101,7.90677316243341,True,17,12,3.942
160,127,120,20,0,TGSA,0.7499999999999981,50,-1,-1,26.01664375958704,70,76,110.22193852725442,85.51553069079122,24.7064078364632,True,17,15,3.942
160,127,120,20,0,ZGSA,0.7499999999999981,50,50,103,0.4478456418005692,70,70,110.22193852725442,110.44401017674446,0.222071649490033,True,17,17,3.942
160,127,120,20,2,GSA,0.7499999999999989,49,-1,-1,9.3615771707465,71,75,109.74095460384608,101.7734160456605,7.967538558185581,True,17,12,4.063
160,127,120,20,2,TGSA,0.7499999999999989,49,-1,-1,25.245197294585118,71,76,109.74095460384608,85.51553069079146,24.225423913054613,True,17,15,4.063
160,127,120,20,2,ZGSA,0.7499999999999989,49,49,105,0.4660901379902924,71,70,109.74095460384608,109.65962971054739,0.0813248932986852,True,17,17,4.063
160,127,120,20,3,GSA,0.7499999999999981,49,-1,-1,9.658094962198398,71,75,110.0194453483331,102.27967895947057,7.73976638886252,True,17,12,4.074
160,127,120,20,3,TGSA,0.7499999999999981,49,-1,-1,25.957779327466945,71,76,110.0194453483331,85.51553069079122,24.50391465754187,True,17,15,4.074
160,127,120,20,3,ZGSA,0.7499999999999981,49,49,111,0.5601386569931321,71,70,110.0194453483331,109.75061077813618,0.2688345701969155,True,17,17,4.074
160,127,120,20,4,GSA,0.7499999999999952,50,-1,-1,9.618413320681341,72,75,110.00927094417358,102.21309026033947,7.796180683834109,True,17,12,3.807
160,127,120,20,4,TGSA,0.7499999999999952,50,-1,-1,25.85041770234671,72,76,110.00927094417358,85.51553069079122,24.493740253382356,True,17,15,3.807
160,127,120,20,4,ZGSA,0.7499999999999952,50,49,111,0.4689772735858071,72,70,110.00927094417358,109.750610778137,0.25866016603657727,True,17,17,3.807
160,127,120,20,5,GSA,0.7500000000000084,49,-1,-1,9.681218364612825,70,75,110.39889501522708,102.318481720824,8.080413294403087,True,17,12,3.835
160,127,120,20,5,TGSA,0.7500000000000084,49,-1,-1,26.009664826546157,70,76,110.39889501522708,85.51553069079122,24.88336432443586,True,17,15,3.835
160,127,120,20,5,ZGSA,0.7500000000000084,49,50,103,0.5061329743060483,70,70,110.39889501522708,110.44401017674076,0.045115161513678004,True,17,17,3.835
160,127,120,20,8,GSA,0.7499999999999997,51,-1,-1,9.639171358632822,71,75,110.23133225600876,102.2479237673569,7.983408488651861,True,17,12,3.736
160,127,120,20,8,TGSA,0.7499999999999997,51,-1,-1,25.852301054768773,71,76,110.23133225600876,85.51553069079122,24.715801565217532,True,17,15,3.736
160,127,120,20,8,ZGSA,0.7499999999999997,51,50,102,0.5268733621764738,71,70,110.23133225600876,110.409545170265,0.17821291425624963,True,17,17,3.736
160,127,120,20,7,GSA,0.7500000000000002,50,-1,-1,9.666778333360057,70,75,110.13847473183617,102.29425029170369,7.8442244401324785,True,17,12,4.064
160,127,120,20,7,TGSA,0.7500000000000002,50,-1,-1,25.892408691201013,70,76,110.13847473183617,85.51553069079145,24.62294404104472,True,17,15,4.064
160,127,120,20,7,ZGSA,0.7500000000000002,50,49,111,0.44279139614843643,70,70,110.13847473183617,109.75061077813547,0.3878639537007018,True,17,17,4.064
160,127,120,20,9,GSA,0.7499999999999989,48,-1,-1,9.480035110201314,70,75,109.41065441502272,101.97773676234786,7.43291765267486,True,17,12,4.172
160,127,120,20,9,TGSA,0.7499999999999989,48,-1,-1,25.40701338287409,70,76,109.41065441502272,85.51553069079146,23.895123724231254,True,17,15,4.172
160,127,120,20,9,ZGSA,0.7499999999999989,48,49,106,0.4689489916913132,70,70,109.41065441502272,109.68568718128381,0.2750327662610914,True,17,17,4.172
160,127,120,20,6,GSA,0.7500000000000006,50,-1,-1,9.476508512142374,70,75,109.69587165447305,101.97165395167247,7.724217702800587,True,17,12,4.445
160,127,120,20,6,TGSA,0.7500000000000006,50,-1,-1,25.418173364688556,70,76,109.69587165447305,85.5155306907913,24.180340963681758,True,17,15,4.445
160,127,120,20,6,ZGSA,0.7500000000000006,50,49,107,0.41828278226034854,70,70,109.69587165447305,109.70736325164722,0.01149159717417092,True,17,17,4.445
160,127,80,20,1,GSA,0.5000000000002031,12,-1,-1,1.6659151976235727,78,77,138.70720732322678,137.11699095486262,1.5902163683641675,True,9,8,7.27
160,127,80,20,1,TGSA,0.5000000000002031,12,-1,-1,53.24858606311473,78,76,138.70720732322678,85.51553069079151,53.191676632435275,True,9,15,7.27
160,127,80,20,1,ZGSA,0.5000000000002031,12,13,135,1.0844054748431091,78,77,138.70720732322678,138.7732554951729,0.06604817194610746,True,9,9,7.27
160,127,80,20,0,GSA,0.4999999999830982,8,-1,-1,1.1795678217923182,76,76,134.9180838757731,133.88465307821372,1.0334307975593902,True,9,8,7.573
160,127,80,20,0,TGSA,0.4999999999830982,8,-1,-1,49.40255318498177,76,76,134.9180838757731,85.51553069079135,49.402553184981755,True,9,15,7.573
160,127,80,20,0,ZGSA,0.4999999999830982,8,10,139,0.9481258776340482,76,77,134.9180838757731,134.97371591626887,0.05563204049576598,True,9,9,7.573
160,127,80,20,2,GSA,0.5000000000004764,8,-1,-1,1.323345057993194,77,77,135.80278053842804,134.86718914799394,0.935591390434098,True,9,8,7.581
160,127,80,20,2,TGSA,0.5000000000004764,8,-1,-1,50.49312462064898,77,76,135.80278053842804,85.51553069079125,50.28724984763679,True,9,15,7.581
160,127,80,20,2,ZGSA,0.5000000000004764,8,10,141,1.1097266613835473,77,77,135.80278053842804,135.1467955013126,0.6559850371154425,True,9,9,7.581
160,127,80,20,8,GSA,0.5000000000005744,6,-1,-1,1.5383581014390373,77,77,136.94951918433023,135.74737257108293,1.2021466132472938,True,9,8,7.12
160,127,80,20,8,TGSA,0.5000000000005744,6,-1,-1,51.61040812753105,77,76,136.94951918433023,85.5155306907912,51.43398849353903,True,9,15,7.12
160,127,80,20,8,ZGSA,0.5000000000005744,6,11,139,0.9893279546203075,77,77,136.94951918433023,136.35567957904195,0.5938396052882808,True,9,9,7.12
160,127,80,20,7,GSA,0.4999999999951599,8,-1,-1,1.6621225740707146,78,77,137.2605663616275,135.93559722482226,1.3249691368052368,True,9,8,7.531
160,127,80,20,7,TGSA,0.4999999999951599,8,-1,-1,51.80194510151553,78,76,137.2605663616275,85.51553069079142,51.745035670836074,True,9,15,7.531
160,127,80,20,7,ZGSA,0.4999999999951599,8,12,135,1.0709322691709673,78,77,137.2605663616275,137.3578757302852,0.09730936865770445,True,9,9,7.531
160,127,80,20,5,GSA,0.5000000000061955,11,-1,-1,1.1154248464770973,80,76,134.88178933192904,134.3523335497621,0.5294557821669343,True,9,8,7.569
160,127,80,20,5,TGSA,0.5000000000061955,11,-1,-1,49.68790214827316,80,76,134.88178933192904,85.51553069079125,49.36625864113779,True,9,15,7.569
160,127,80,20,5,ZGSA,0.5000000000061955,11,10,140,0.8953239149880687,80,77,134.88178933192904,135.06445709257574,0.18266776064669443,True,9,9,7.569
160,127,80,20,4,GSA,0.5000000000016819,12,-1,-1,1.4388426105978311,76,77,137.29544420896298,136.188800504087,1.106643704875978,True,9,8,7.585
160,127,80,20,4,TGSA,0.5000000000016819,12,-1,-1,51.78334594446946,76,76,137.29544420896298,85.5155306907912,51.77991351817178,True,9,15,7.585
160,127,80,20,4,ZGSA,0.5000000000016819,12,12,136,1.013596314836267,76,77,137.29544420896298,137.46543838552253,0.1699941765595554,True,9,9,7.585
160,127,80,20,9,GSA,0.4999999999991521,8,-1,-1,1.3742813900435706,76,77,136.35631337744468,135.10930161843837,1.2470117590063126,True,9,8,7.378
160,127,80,20,9,TGSA,0.4999999999991521,8,-1,-1,50.85101190822132,76,76,136.35631337744468,85.51553069079135,50.84078268665333,True,9,15,7.378
160,127,80,20,9,ZGSA,0.4999999999991521,8,11,138,0.8660778213766775,76,77,136.35631337744468,136.26499171249614,0.09132166494853777,True,9,9,7.378
160,127,80,20,3,GSA,0.4999999999983042,10,-1,-1,1.2210058179783019,76,76,135.7141189530351,134.61630862752068,1.0978103255144163,True,9,8,7.769
160,127,80,20,3,TGSA,0.4999999999983042,10,-1,-1,50.24618393120105,76,76,135.7141189530351,85.51553069079125,50.198588262243845,True,9,15,7.769
160,127,80,20,3,ZGSA,0.4999999999983042,10,10,140,0.7662872063095634,76,77,135.7141189530351,135.0644570942827,0.6496618587524097,True,9,9,7.769
160,127,80,20,6,GSA,0.5000000000000044,12,-1,-1,1.5062149252661001,77,77,136.3284781721322,135.70817865198617,0.620299520146034,True,9,8,7.628
160,127,80,20,6,TGSA,0.5000000000000044,12,-1,-1,50.993205224423164,77,76,136.3284781721322,85.51553069079135,50.812947481340856,True,9,15,7.628
160,127,80,20,6,ZGSA,0.5000000000000044,12,11,138,1.0384037572796956,77,77,136.3284781721322,136.2649917123094,0.06348645982279777,True,9,9,7.628
120,13,60,20,2,GSA,0.5,13,-1,-1,2.842957885431801,56,56,73.1188723002048,70.41870852917188,2.700163771032919,True,12,10,1.438
120,13,60,20,2,TGSA,0.5,13,-1,-1,21.598341729351812,56,57,73.1188723002048,51.63851092284693,21.480361377357866,True,12,16,1.438
120,13,60,20,2,ZGSA,0.5,13,19,83,4.2265869488477925,56,57,73.1188723002048,70.23123195176083,2.8876403484439663,True,12,12,1.438
120,13,60,20,0,GSA,0.4999999999999986,18,-1,-1,2.716191030538287,55,56,72.58785263008824,70.0587580994208,2.529094530667436,True,12,10,1.446
120,13,60,20,0,TGSA,0.4999999999999986,18,-1,-1,21.069241206078203,55,57,72.58785263008824,51.63851092284692,20.949341707241317,True,12,16,1.446
120,13,60,20,0,ZGSA,0.4999999999999986,18,19,82,3.944669093027599,55,57,72.58785263008824,70.11406091547605,2.47379171461219,True,12,12,1.446
120,13,60,20,1,GSA,0.4999999999999985,15,-1,-1,2.713645323295516,57,56,72.68327819366775,70.05260997626843,2.630668217399318,True,12,10,1.59
120,13,60,20,1,TGSA,0.4999999999999985,15,-1,-1,21.132996820628897,57,57,72.68327819366775,51.63851092284692,21.044767270820827,True,12,16,1.59
120,13,60,20,1,ZGSA,0.4999999999999985,15,18,84,4.17053580821182,57,57,72.68327819366775,69.48255468095257,3.2007235127151716,True,12,12,1.59
120,13,60,20,3,GSA,0.49999999999999944,15,-1,-1,2.724233675757283,55,56,72.71168049199451,70.07818184636477,2.633498645629743,True,12,10,1.569
120,13,60,20,3,TGSA,0.49999999999999944,15,-1,-1,21.139928165635357,55,57,72.71168049199451,51.63851092284686,21.07316956914765,True,12,16,1.569
120,13,60,20,3,ZGSA,0.49999999999999944,15,27,66,4.445678376222602,55,57,72.71168049199451,75.15644179668533,2.4447613046908145,True,12,12,1.569
120,13,60,20,4,GSA,0.49999999999999384,17,-1,-1,2.805574991859359,55,56,72.97367073877582,70.27462879846082,2.6990419403149986,True,12,10,1.559
120,13,60,20,4,TGSA,0.49999999999999384,17,-1,-1,21.426253874333185,55,57,72.97367073877582,51.63851092284699,21.335159815928833,True,12,16,1.559
120,13,60,20,4,ZGSA,0.49999999999999384,17,29,62,4.436106548310185,55,57,72.97367073877582,76.41339814791041,3.4397274091345906,True,12,12,1.559
120,13,60,20,5,GSA,0.4999999999999979,17,-1,-1,2.776973101668883,55,56,72.81331672509441,70.2055525353588,2.6077641897356045,True,12,10,1.488
120,13,60,20,5,TGSA,0.4999999999999979,17,-1,-1,21.216355487872708,55,57,72.81331672509441,51.63851092284699,21.17480580224742,True,12,16,1.488
120,13,60,20,5,ZGSA,0.4999999999999979,17,22,76,4.412422428197047,55,57,72.81331672509441,72.00718015924693,0.8061365658474813,True,12,12,1.488
120,13,60,20,7,GSA,0.5,18,-1,-1,2.8705305264517484,55,56,73.23039927945356,70.43150254238132,2.7988967370722406,True,12,10,1.532
120,13,60,20,7,TGSA,0.5,18,-1,-1,21.633438042231933,55,57,73.23039927945356,51.63851092284693,21.59188835660663,True,12,16,1.532
120,13,60,20,7,ZGSA,0.5,18,19,83,4.324594791887645,55,57,73.23039927945356,70.23123195176083,2.9991673276927315,True,12,12,1.532
120,13,60,20,6,GSA,0.5000000000000012,15,-1,-1,2.93752198293269,55,56,73.50277555075972,70.59329322973156,2.9094823210281646,True,12,10,1.597
120,13,60,20,6,TGSA,0.5000000000000012,15,-1,-1,21.905814313538166,55,57,73.50277555075972,51.638510922846855,21.864264627912867,True,12,16,1.597
120,13,60,20,6,ZGSA,0.5000000000000012,15,25,71,4.412322168027636,55,57,73.50277555075972,74.05580517490938,0.5530296241496586,True,12,12,1.597
160,1031,120,20,0,GSA,0.7499999999999573,27,-1,-1,5.973594529262428,74,76,125.221175018595,119.7427740657158,5.478400952879198,True,12,9,6.529
160,1031,120,20,0,TGSA,0.7499999999999573,27,-1,-1,39.777396235704316,74,76,125.221175018595,85.51553069079127,39.70564432780374,True,12,15,6.529
160,1031,120,20,0,ZGSA,0.7499999999999573,27,31,121,0.45813577359578517,74,74,125.221175018595,125.22476515837147,0.0035901397764632748,True,12,12,6.529
160,1031,120,20,1,GSA,0.7500000000000036,31,-1,-1,6.019815736179169,76,76,125.61047317030791,119.84815841747167,5.762314752836247,True,12,9,6.29
160,1031,120,20,1,TGSA,0.7500000000000036,31,-1,-1,40.10422811354145,76,76,125.61047317030791,85.5155306907912,40.09494247951672,True,12,15,6.29
160,1031,120,20,1,ZGSA,0.7500000000000036,31,31,121,0.5586828696889228,76,74,125.61047317030791,125.2247651583539,0.3857080119540086,True,12,12,6.29
120,13,90,20,0,GSA,0.75,46,-1,-1,6.064378354969378,49,55,58.0953531965511,53.49365277990064,4.601700416650459,True,22,15,0.844
120,13,90,20,0,TGSA,0.75,46,-1,-1,9.29681935208006,49,57,58.0953531965511,51.63851092284686,6.45684227370424,True,22,16,0.844
120,13,90,20,0,ZGSA,0.75,46,48,68,0.1791149607877074,49,49,58.0953531965511,58.049638574604174,0.04571462194692799,True,22,22,0.844
160,1031,120,20,2,GSA,0.7499999999999938,29,-1,-1,5.830022716741873,75,76,124.6507003965072,119.4154303331573,5.235270063349901,True,12,10,6.404
160,1031,120,20,2,TGSA,0.7499999999999938,29,-1,-1,39.2959009565698,75,76,124.6507003965072,85.5155306907915,39.13516970571571,True,12,15,6.404
160,1031,120,20,2,ZGSA,0.7499999999999938,29,30,122,0.6462715768188332,75,74,124.6507003965072,124.17666342426085,0.47403697224635266,True,12,12,6.404
120,13,90,20,1,GSA,0.75,48,-1,-1,6.125259257009375,50,55,58.03431654568743,53.58270729134337,4.4516092543440635,True,22,15,0.989
120,13,90,20,1,TGSA,0.75,48,-1,-1,9.478723270672706,50,57,58.03431654568743,51.63851092284686,6.3958056228405695,True,22,16,0.989
120,13,90,20,1,ZGSA,0.75,48,48,69,0.22092946057260576,50,49,58.03431654568743,58.06201418969384,0.02769764400640895,True,22,22,0.989
160,1031,120,20,3,GSA,0.7499999999999785,31,-1,-1,5.7649909238643176,74,76,124.53755671615522,119.26715784540166,5.270398870753567,True,12,10,6.482
160,1031,120,20,3,TGSA,0.7499999999999785,31,-1,-1,39.11939317333393,74,76,124.53755671615522,85.51553069079151,39.022026025363715,True,12,15,6.482
160,1031,120,20,3,ZGSA,0.7499999999999785,31,30,125,0.5373485313853195,74,74,124.53755671615522,124.30572611493758,0.23183060121763788,True,12,12,6.482
120,13,60,20,8,GSA,0.49999999999999195,21,-1,-1,2.735160681634582,55,56,72.36290367893028,70.10457159640855,2.258332082521733,True,12,10,1.741
120,13,60,20,8,TGSA,0.49999999999999195,21,-1,-1,20.865924773465245,55,57,72.36290367893028,51.63851092284693,20.724392756083347,True,12,16,1.741
120,13,60,20,8,ZGSA,0.49999999999999195,21,17,86,4.67647612308733,55,57,72.36290367893028,68.8508423244437,3.512061354486576,True,12,12,1.741
120,13,60,20,9,GSA,0.49999999999999944,16,-1,-1,2.825406832480958,55,56,72.89960557153915,70.32252456448987,2.577081007049287,True,12,10,1.937
120,13,60,20,9,TGSA,0.49999999999999944,16,-1,-1,21.34662647788556,55,57,72.89960557153915,51.63851092284686,21.261094648692293,True,12,16,1.937
120,13,60,20,9,ZGSA,0.49999999999999944,16,30,60,4.726162917858737,55,58,72.89960557153915,77.0416623613713,4.142056789832139,True,12,12,1.937
120,13,90,20,2,GSA,0.75,48,-1,-1,6.043720296368335,50,55,57.94944286820916,53.46343487551199,4.486007992697168,True,22,15,1.051
120,13,90,20,2,TGSA,0.75,48,-1,-1,9.381898467426723,50,57,57.94944286820916,51.63851092284686,6.310931945362299,True,22,16,1.051
120,13,90,20,2,ZGSA,0.75,48,48,68,0.3183354860927139,50,49,57.94944286820916,58.049638574604174,0.10019570639501296,True,22,22,1.051
160,1031,120,20,4,GSA,0.7500000000000019,30,-1,-1,5.603361660193869,74,76,124.0462228564358,118.89864312422526,5.147579732210545,True,12,10,6.696
160,1031,120,20,4,TGSA,0.7500000000000019,30,-1,-1,38.712027483568704,74,76,124.0462228564358,85.51553069079137,38.53069216564444,True,12,15,6.696
160,1031,120,20,4,ZGSA,0.7500000000000019,30,30,121,0.6495509411741267,74,74,124.0462228564358,124.12115493020991,0.07493207377410727,True,12,12,6.696
160,1031,120,20,5,GSA,0.7500000000000209,25,-1,-1,5.569205591235033,74,76,124.18335555394239,118.82076728699313,5.36258826694926,True,12,10,6.637
160,1031,120,20,5,TGSA,0.7500000000000209,25,-1,-1,38.72005165899643,74,76,124.18335555394239,85.51553069079118,38.66782486315121,True,12,15,6.637
160,1031,120,20,5,ZGSA,0.7500000000000209,25,30,122,0.6293804455812335,74,74,124.18335555394239,124.17666342425048,0.006692129691913351,True,12,12,6.637
120,13,90,20,3,GSA,0.75,46,-1,-1,6.04502094776662,49,55,57.74485081297695,53.46533742409997,4.279513388876978,True,22,15,1.124
120,13,90,20,3,TGSA,0.75,46,-1,-1,9.332765851699659,49,57,57.74485081297695,51.63851092284686,6.106339890130087,True,22,16,1.124
120,13,90,20,3,ZGSA,0.75,46,47,73,0.30447903570597745,49,49,57.74485081297695,57.61518850611256,0.12966230686438962,True,22,22,1.124
160,1031,80,20,1,GSA,0.4999999999993121,0,-1,-1,1.266598172925164,77,77,138.06246917627112,137.10175895084194,0.9607102254291817,True,8,8,11.33
160,1031,80,20,1,TGSA,0.4999999999993121,0,-1,-1,52.69090351340429,77,76,138.06246917627112,85.5155306907914,52.54693848547973,True,8,15,11.33
160,1031,80,20,1,ZGSA,0.4999999999993121,0,0,106,15.470552576074581,77,86,138.06246917627112,147.1095011803067,9.047032004035572,True,8,6,11.33
160,1031,80,20,0,GSA,0.5000000000017988,0,-1,-1,1.7360807401394567,78,77,140.5252505809503,139.55389564905354,0.9713549318967694,True,8,8,11.828
160,1031,80,20,0,TGSA,0.5000000000017988,0,-1,-1,55.096760789787574,78,76,140.5252505809503,85.51553069079146,55.00971989015885,True,8,15,11.828
160,1031,80,20,0,ZGSA,0.5000000000017988,0,0,109,14.09658410068733,78,85,140.5252505809503,149.00881985276465,8.483569271814332,True,8,6,11.828
160,1031,80,20,2,GSA,0.5000000000030841,0,-1,-1,1.338808078577486,78,77,139.14808325070226,138.58170528237818,0.5663779683240762,True,8,8,11.767
160,1031,80,20,2,TGSA,0.5000000000030841,0,-1,-1,53.71769525841738,78,76,139.14808325070226,85.51553069079145,53.632552559910806,True,8,15,11.767
160,1031,80,20,2,ZGSA,0.5000000000030841,0,0,108,14.708399338604153,78,85,139.14808325070226,148.38982852107927,9.24174527037701,True,8,6,11.767
120,13,90,20,6,GSA,0.75,48,-1,-1,5.910064483774072,49,55,57.43577490055975,53.26237854076306,4.1733963597966905,True,22,15,1.241
120,13,90,20,6,TGSA,0.75,48,-1,-1,9.175612309843508,49,57,57.43577490055975,51.63851092284686,5.797263977712888,True,22,16,1.241
120,13,90,20,6,ZGSA,0.75,48,47,70,0.2710773012610801,49,50,57.43577490055975,57.59764269235501,0.16186779179525956,True,22,22,1.241
120,13,90,20,5,GSA,0.75,47,-1,-1,5.935431891897473,49,55,57.702026638448785,53.30056316514552,4.4014634733032665,True,22,15,1.357
120,13,90,20,5,TGSA,0.75,47,-1,-1,9.173016841110055,49,57,57.702026638448785,51.63851092284686,6.063515715601923,True,22,16,1.357
120,13,90,20,5,ZGSA,0.75,47,47,73,0.2643298624327457,49,49,57.702026638448785,57.61518850611256,0.08683813233622573,True,22,22,1.357
120,13,90,20,4,GSA,0.75,47,-1,-1,5.91967466723548,49,55,57.763856747641086,53.276844395941694,4.487012351699391,True,22,15,1.567
120,13,90,20,4,TGSA,0.75,47,-1,-1,9.007242462781957,49,57,57.763856747641086,51.63851092284686,6.125345824794223,True,22,16,1.567
120,13,90,20,4,ZGSA,0.75,47,47,73,0.20498151582776813,49,49,57.763856747641086,57.61518850611256,0.14866824152852587,True,22,22,1.567
160,1031,80,20,3,GSA,0.5000000000005345,0,-1,-1,1.8148625294892753,76,77,139.1387330101093,138.5409979062125,0.5977351038967811,True,8,8,11.727
160,1031,80,20,3,TGSA,0.5000000000005345,0,-1,-1,53.62320231931806,76,76,139.1387330101093,85.51553069079122,53.62320231931807,True,8,15,11.727
160,1031,80,20,3,ZGSA,0.5000000000005345,0,0,108,14.082685415656641,76,85,139.1387330101093,148.38982852170477,9.25109551159548,True,8,6,11.727
120,13,90,20,7,GSA,0.75,47,-1,-1,6.110924814488282,48,55,57.746923354569006,53.56173935680456,4.185183997764447,True,22,15,1.528
120,13,90,20,7,TGSA,0.75,47,-1,-1,9.389006484472493,48,57,57.746923354569006,51.63851092284686,6.108412431722144,True,22,16,1.528
120,13,90,20,7,ZGSA,0.75,47,48,68,0.34304857905393504,48,49,57.746923354569006,58.049638574604174,0.30271522003516793,True,22,22,1.528
160,1031,120,20,6,GSA,0.7499999999998692,28,-1,-1,5.603509383086319,76,76,124.20493864642293,118.89897993246211,5.30595871396082,True,12,10,7.113
160,1031,120,20,6,TGSA,0.7499999999998692,28,-1,-1,38.74778333219777,76,76,124.20493864642293,85.51553069079127,38.689407955631665,True,12,15,7.113
160,1031,120,20,6,ZGSA,0.7499999999998692,28,30,123,0.4587219091770951,76,74,124.20493864642293,124.22590547498388,0.020966828560943895,True,12,12,7.113
120,13,90,20,8,GSA,0.75,46,-1,-1,5.931720190505072,49,55,57.67607052929198,53.29497607833699,4.38109445095499,True,22,15,1.397
120,13,90,20,8,TGSA,0.75,46,-1,-1,9.15237562158131,49,57,57.67607052929198,51.63851092284686,6.0375596064451145,True,22,16,1.397
120,13,90,20,8,ZGSA,0.75,46,47,72,0.19797157413839273,49,50,57.67607052929198,57.612236096244104,0.06383443304787306,True,22,22,1.397
160,1031,120,20,7,GSA,0.7499999999999806,30,-1,-1,5.788433698549547,75,76,124.73963548845438,119.32060737168325,5.4190281167711305,True,12,10,7.125
160,1031,120,20,7,TGSA,0.7499999999999806,30,-1,-1,39.36999909307759,75,76,124.73963548845438,85.51553069079151,39.224104797662875,True,12,15,7.125
160,1031,120,20,7,ZGSA,0.7499999999999806,30,30,124,0.6150785385654132,75,74,124.73963548845438,124.26891618005183,0.4707193084025505,True,12,12,7.125
160,1031,120,20,8,GSA,0.7499999999999387,29,-1,-1,5.828667869308717,74,76,124.98542891489569,119.41234128102717,5.573087633868525,True,12,10,6.936
160,1031,120,20,8,TGSA,0.7499999999999387,29,-1,-1,39.54275270917462,74,76,124.98542891489569,85.51553069079127,39.469898224104426,True,12,15,6.936
160,1031,120,20,8,ZGSA,0.7499999999999387,29,30,124,0.7201849458663219,74,74,124.98542891489569,124.26891618006769,0.7165127348280009,True,12,12,6.936
160,1031,120,20,9,GSA,0.7499999999999859,28,-1,-1,5.5307130913392655,75,76,124.0020166902294,118.73300438724183,5.269012302987562,True,12,10,6.809
160,1031,120,20,9,TGSA,0.7499999999999859,28,-1,-1,38.50077251823218,75,76,124.0020166902294,85.51553069079127,38.48648599943813,True,12,15,6.809
160,1031,120,20,9,ZGSA,0.7499999999999859,28,30,122,0.6782671177512896,75,74,124.0020166902294,124.17666342426392,0.1746467340345248,True,12,12,6.809
120,13,90,20,9,GSA,0.75,43,-1,-1,5.8944617554878,50,55,57.71261734331803,53.238892328784665,4.473725014533365,True,22,15,1.388
120,13,90,20,9,TGSA,0.75,43,-1,-1,8.933939547983407,50,57,57.71261734331803,51.63851092284686,6.074106420471168,True,22,16,1.388
120,13,90,20,9,ZGSA,0.75,43,47,71,0.23271788189679476,50,50,57.71261734331803,57.60640522545373,0.10621211786430251,True,22,22,1.388
120,31,90,20,0,GSA,0.75,36,-1,-1,4.926850295503272,52,56,63.81082616369105,59.70948175593594,4.101344407755107,True,17,13,1.414
120,31,90,20,0,TGSA,0.75,36,-1,-1,13.184191791652633,52,57,63.81082616369105,51.63851092284696,12.172315240844085,True,17,16,1.414
120,31,90,20,0,ZGSA,0.75,36,36,80,0.2696673461019401,52,52,63.81082616369105,63.57564201183902,0.23518415185202457,True,17,17,1.414
120,31,90,20,2,GSA,0.75,38,-1,-1,4.909031345873181,53,56,63.67771608505806,59.67876356689874,3.998952518159321,True,17,13,1.227
120,31,90,20,2,TGSA,0.75,38,-1,-1,13.075144198093252,53,57,63.67771608505806,51.63851092284696,12.039205162211097,True,17,16,1.227
120,31,90,20,2,ZGSA,0.75,38,36,84,0.2743458515671833,53,52,63.67771608505806,63.618441210308674,0.05927487474938431,True,17,17,1.227
120,31,90,20,1,GSA,0.75,36,-1,-1,5.040936381354314,53,56,63.85626438191257,59.90615541297403,3.9501089689385367,True,17,13,1.388
120,31,90,20,1,TGSA,0.75,36,-1,-1,13.474150015868688,53,57,63.85626438191257,51.63851092284696,12.217753459065605,True,17,16,1.388
120,31,90,20,1,ZGSA,0.75,36,37,78,0.37806734238500184,53,52,63.85626438191257,64.1336278324468,0.2773634505342386,True,17,17,1.388
120,31,60,20,0,GSA,0.4999999999999989,5,-1,-1,0.540170956826481,57,57,76.85331590901151,76.33188875198746,0.5214271570240498,True,9,9,2.547
120,31,60,20,0,TGSA,0.4999999999999989,5,-1,-1,25.216989317250487,57,57,76.85331590901151,51.63851092284699,25.214804986164523,True,9,16,2.547
120,31,60,20,0,ZGSA,0.4999999999999989,5,7,105,0.5391048047429408,57,57,76.85331590901151,76.85897494603952,0.005659037028010516,True,9,9,2.547
120,31,60,20,1,GSA,0.4999999999999986,6,-1,-1,0.5465984639507013,57,57,76.22594897474796,75.93395050248029,0.2919984722676787,True,9,9,2.589
120,31,60,20,1,TGSA,0.4999999999999986,6,-1,-1,24.613647431154263,57,57,76.22594897474796,51.63851092284693,24.58743805190103,True,9,16,2.589
120,31,60,20,1,ZGSA,0.4999999999999986,6,6,108,0.411926901960868,57,57,76.22594897474796,76.07518903936628,0.15075993538168575,True,9,9,2.589
120,31,60,20,4,GSA,0.49999999999999567,8,-1,-1,0.4612703522950028,57,57,76.29744286010913,76.06405627483267,0.23338658527646317,True,9,9,2.387
120,31,60,20,4,TGSA,0.49999999999999567,8,-1,-1,24.658931937262157,57,57,76.29744286010913,51.638510922846976,24.658931937262153,True,9,16,2.387
120,31,60,20,4,ZGSA,0.49999999999999567,8,6,108,0.5001507842673334,57,57,76.29744286010913,76.0751890393664,0.22225382074272204,True,9,9,2.387
120,31,90,20,3,GSA,0.75,38,-1,-1,5.272269447965286,52,56,64.5504087487692,60.29748430396453,4.25292444480467,True,17,13,1.461
120,31,90,20,3,TGSA,0.75,38,-1,-1,14.082555188560434,52,57,64.5504087487692,51.63851092284696,12.911897825922239,True,17,16,1.461
120,31,90,20,3,ZGSA,0.75,38,38,77,0.3679295321451832,52,52,64.5504087487692,64.71560477265564,0.16519602388643762,True,17,17,1.461
120,31,90,20,5,GSA,0.75,37,-1,-1,5.14521498196569,52,56,64.16484750127408,60.08592188956397,4.078925611710112,True,17,13,1.247
120,31,90,20,5,TGSA,0.75,37,-1,-1,13.752921220443504,52,57,64.16484750127408,51.63851092284696,12.52633657842712,True,17,16,1.247
120,31,90,20,5,ZGSA,0.75,37,37,81,0.18151775360692568,52,52,64.16484750127408,64.18434730887424,0.01949980760015535,True,17,17,1.247
120,31,60,20,5,GSA,0.5000000000000047,7,-1,-1,0.4757171392029065,57,57,76.72287272004502,76.24715558219518,0.47571713784984127,True,9,9,2.425
120,31,60,20,5,TGSA,0.5000000000000047,7,-1,-1,25.088428489010276,57,57,76.72287272004502,51.63851092284693,25.084361797198085,True,9,16,2.425
120,31,60,20,5,ZGSA,0.5000000000000047,7,6,109,0.5999937246064064,57,57,76.72287272004502,76.12300987363827,0.5998628464067508,True,9,9,2.425
120,31,90,20,4,GSA,0.7500000000000001,37,-1,-1,5.000665891692108,52,56,63.920002865539985,59.83673288545598,4.083269980084005,True,17,13,1.341
120,31,90,20,4,TGSA,0.7500000000000001,37,-1,-1,13.360189180652533,52,57,63.920002865539985,51.63851092284696,12.281491942693023,True,17,16,1.341
120,31,90,20,4,ZGSA,0.7500000000000001,37,36,84,0.3136574664736571,52,52,63.920002865539985,63.61844121030862,0.30156165523136735,True,17,17,1.341
120,31,90,20,7,GSA,0.75,37,-1,-1,4.961666345341232,51,56,63.716151876028576,59.76950134427199,3.946650531756589,True,17,13,1.221
120,31,90,20,7,TGSA,0.75,37,-1,-1,13.298410455276205,51,57,63.716151876028576,51.63851092284696,12.077640953181614,True,17,16,1.221
120,31,90,20,7,ZGSA,0.75,37,36,83,0.2866232057023623,51,52,63.716151876028576,63.61417208319878,0.10197979282979475,True,17,17,1.221
120,31,60,20,3,GSA,0.49999999999999223,4,-1,-1,0.6047071925322989,57,57,76.50443350278417,76.40091712312397,0.10351637966019211,True,9,9,2.672
120,31,60,20,3,TGSA,0.49999999999999223,4,-1,-1,24.865922579937234,57,57,76.50443350278417,51.63851092284693,24.865922579937234,True,9,16,2.672
120,31,60,20,3,ZGSA,0.49999999999999223,4,7,105,0.4991623516598196,57,57,76.50443350278417,76.85897494604023,0.3545414432560676,True,9,9,2.672
120,31,90,20,6,GSA,0.75,32,-1,-1,5.164360449335348,51,56,64.11108802359317,60.11810311168958,3.9929849119035907,True,17,13,1.381
120,31,90,20,6,TGSA,0.75,32,-1,-1,13.777863187821112,51,57,64.11108802359317,51.63851092284696,12.472577100746207,True,17,16,1.381
120,31,90,20,6,ZGSA,0.75,32,37,78,0.5371437149371658,51,52,64.11108802359317,64.1336278324468,0.0225398088536366,True,17,17,1.381
120,31,60,20,7,GSA,0.500000000000004,6,-1,-1,0.615336377478755,58,57,77.0128916004983,76.60758868410446,0.4053029163938504,True,9,9,2.482
120,31,60,20,7,TGSA,0.500000000000004,6,-1,-1,25.395483787924025,58,57,77.0128916004983,51.63851092284699,25.374380677651317,True,9,16,2.482
120,31,60,20,7,ZGSA,0.500000000000004,6,7,107,0.43861525878261176,58,57,77.0128916004983,76.97893037466184,0.03396122583646388,True,9,9,2.482
120,31,60,20,2,GSA,0.4999999999999977,5,-1,-1,0.5061118780901861,56,57,76.58462642511762,76.27481368645833,0.30981273865928927,True,9,9,3.006
120,31,60,20,2,TGSA,0.4999999999999977,5,-1,-1,24.952880621619048,56,57,76.58462642511762,51.63851092284699,24.94611550227063,True,9,16,3.006
120,31,60,20,2,ZGSA,0.4999999999999977,5,7,105,0.542695151756396,56,57,76.58462642511762,76.85897494603952,0.27434852092190454,True,9,9,3.006
120,31,60,20,6,GSA,0.5000000000000119,4,-1,-1,0.4194862445429095,56,57,75.92193958295927,75.53185258531666,0.39008699764261223,True,9,9,2.728
120,31,60,20,6,TGSA,0.5000000000000119,4,-1,-1,24.29019377946076,56,57,75.92193958295927,51.63851092284693,24.283428660112335,True,9,16,2.728
120,31,60,20,6,ZGSA,0.5000000000000119,4,6,107,0.4175842471729041,56,57,75.92193958295927,76.01928694567655,0.0973473627172865,True,9,9,2.728
120,31,60,20,8,GSA,0.5000000000000001,7,-1,-1,0.4297588064497049,58,57,76.55733023822128,76.22191733020372,0.33541290801755963,True,9,9,2.688
120,31,60,20,8,TGSA,0.5000000000000001,7,-1,-1,24.93992242564712,58,57,76.55733023822128,51.638510922846855,24.918819315374428,True,9,16,2.688
120,31,60,20,8,ZGSA,0.5000000000000001,7,6,109,0.5293946428852792,58,57,76.55733023822128,76.1230098736387,0.4343203645825895,True,9,9,2.688
120,31,60,20,9,GSA,0.5000000000000036,7,-1,-1,0.459302608254923,57,57,76.42309762172198,76.02633809860737,0.3967595231146106,True,9,9,2.698
120,31,60,20,9,TGSA,0.5000000000000036,7,-1,-1,24.784586698875042,57,57,76.42309762172198,51.63851092284693,24.784586698875046,True,9,16,2.698
120,31,60,20,9,ZGSA,0.5000000000000036,7,6,109,0.39086515592994964,57,57,76.42309762172198,76.12300987363822,0.3000877480837545,True,9,9,2.698
160,1031,80,20,5,GSA,0.49999999999963995,0,-1,-1,1.8795318216902928,80,77,139.18755549420544,138.38885395781526,0.7987015363901833,True,8,8,12.452
160,1031,80,20,5,TGSA,0.49999999999963995,0,-1,-1,54.02559282127974,80,76,139.18755549420544,85.51553069079146,53.672024803413976,True,8,15,12.452
160,1031,80,20,5,ZGSA,0.49999999999963995,0,0,107,14.754810097687411,80,85,139.18755549420544,147.75314750567384,8.565592011468397,True,8,6,12.452
160,1031,80,20,4,GSA,0.5000000000002015,0,-1,-1,1.6427180482659978,80,77,139.51903146355266,138.8385270599795,0.6805044035731669,True,8,8,12.655
160,1031,80,20,4,TGSA,0.5000000000002015,0,-1,-1,54.31163861293394,80,76,139.51903146355266,85.5155306907912,54.00350077276147,True,8,15,12.655
160,1031,80,20,4,ZGSA,0.5000000000002015,0,0,109,14.444432170828222,80,85,139.51903146355266,149.00881985315843,9.489788389605764,True,8,6,12.655
160,1031,80,20,9,GSA,0.5000000000045246,0,-1,-1,1.5255079063480181,77,77,139.25902278657622,138.25086507804966,1.0081577085265678,True,8,8,12.106
160,1031,80,20,9,TGSA,0.5000000000045246,0,-1,-1,53.81621399391419,77,76,139.25902278657622,85.51553069079137,53.74349209578486,True,8,15,12.106
160,1031,80,20,9,ZGSA,0.5000000000045246,0,0,107,14.895719879676086,77,85,139.25902278657622,147.75314750448177,8.49412471790555,True,8,6,12.106
160,1031,80,20,8,GSA,0.4999999999993235,0,-1,-1,1.6307683382560612,78,77,137.40755120964803,136.72346745749198,0.6840837521560559,True,8,8,12.266
160,1031,80,20,8,TGSA,0.4999999999993235,0,-1,-1,51.990672260013255,78,76,137.40755120964803,85.51553069079145,51.89202051885658,True,8,15,12.266
160,1031,80,20,8,ZGSA,0.4999999999993235,0,0,105,15.339030575776626,78,86,137.40755120964803,146.45389900980842,9.04634780016039,True,8,6,12.266
120,31,90,20,8,GSA,0.75,36,-1,-1,5.105675815461446,53,56,64.17330083077626,60.01776009410884,4.155540736667419,True,17,13,1.71
120,31,90,20,8,TGSA,0.75,36,-1,-1,13.648858939341306,53,57,64.17330083077626,51.63851092284696,12.534789907929294,True,17,16,1.71
120,31,90,20,8,ZGSA,0.75,36,37,79,0.24842566646636044,53,52,64.17330083077626,64.15480350568193,0.018497325094330108,True,17,17,1.71
120,31,90,20,9,GSA,0.75,37,-1,-1,4.932704960004948,53,56,63.64929847438451,59.719574646318506,3.9297238280660025,True,17,13,1.681
120,31,90,20,9,TGSA,0.75,37,-1,-1,13.198821412996931,53,57,63.64929847438451,51.63851092284696,12.010787551537547,True,17,16,1.681
120,31,90,20,9,ZGSA,0.75,37,36,84,0.35112137605056404,53,52,63.64929847438451,63.618441210308674,0.030857264075834223,True,17,17,1.681
160,1031,80,20,6,GSA,0.4999999999980611,0,-1,-1,1.3912871735538488,77,77,139.2705714219514,138.19452276528773,1.0760486566636587,True,8,8,12.879
160,1031,80,20,6,TGSA,0.4999999999980611,0,-1,-1,53.81979626177114,77,76,139.2705714219514,85.51553069079114,53.75504073116025,True,8,15,12.879
160,1031,80,20,6,ZGSA,0.4999999999980611,0,0,107,15.16296814995367,77,85,139.2705714219514,147.753147506059,8.48257608410762,True,8,6,12.879
160,1031,80,20,7,GSA,0.4999999999999961,0,-1,-1,1.4679868936350289,77,77,139.01413810393024,138.1521150796913,0.8620230242389368,True,8,8,13.02
160,1031,80,20,7,TGSA,0.4999999999999961,0,-1,-1,53.53387012979569,77,76,139.01413810393024,85.51553069079137,53.49860741313887,True,8,15,13.02
160,1031,80,20,7,ZGSA,0.4999999999999961,0,0,107,15.083246020708714,77,85,139.01413810393024,147.75314750558687,8.73900940165663,True,8,6,13.02
120,127,90,20,1,GSA,0.7500000000000001,23,-1,-1,2.9830669086409642,55,56,71.10101171589255,68.26193540719066,2.839076308701891,True,12,10,2.07
120,127,90,20,1,TGSA,0.7500000000000001,23,-1,-1,19.574738245326174,55,57,71.10101171589255,51.63851092284696,19.462500793045592,True,12,16,2.07
120,127,90,20,1,ZGSA,0.7500000000000001,23,23,92,0.41189810247934133,55,55,71.10101171589255,71.2563072707049,0.1552955548123407,True,12,12,2.07
120,127,90,20,4,GSA,0.7500000000000006,24,-1,-1,3.097743985797784,56,56,71.25264095339787,68.5228894681699,2.729751485227979,True,12,10,2.071
120,127,90,20,4,TGSA,0.7500000000000006,24,-1,-1,19.815282377436578,56,57,71.25264095339787,51.638510922846905,19.614130030550967,True,12,16,2.071
120,127,90,20,4,ZGSA,0.7500000000000006,24,23,93,0.3087864281300554,56,55,71.25264095339787,71.28550517871278,0.032864225314909845,True,12,12,2.071
120,127,90,20,0,GSA,0.7499999999999999,20,-1,-1,2.89652100858612,54,56,70.71256026083273,68.06499540336935,2.6475648574633794,True,12,10,2.496
120,127,90,20,0,TGSA,0.7499999999999999,20,-1,-1,19.178559653896606,54,57,70.71256026083273,51.63851092284695,19.074049337985784,True,12,16,2.496
120,127,90,20,0,ZGSA,0.7499999999999999,20,22,94,0.42196122097207933,54,55,70.71256026083273,70.55475875154204,0.15780150929069237,True,12,12,2.496
120,127,90,20,5,GSA,0.7499999999999991,21,-1,-1,3.0084204046572367,55,56,70.9611873092819,68.31962869690975,2.641558612372151,True,12,10,2.01
120,127,90,20,5,TGSA,0.7499999999999991,21,-1,-1,19.473909315574378,55,57,70.9611873092819,51.63851092284695,19.32267638643495,True,12,16,2.01
120,127,90,20,5,ZGSA,0.7499999999999991,21,23,91,0.4132614115086968,55,55,70.9611873092819,71.22118833300009,0.2600010237181891,True,12,12,2.01
120,127,90,20,2,GSA,0.7499999999999998,22,-1,-1,3.0906683294937807,54,56,71.42963115779827,68.50678841920444,2.922842738593829,True,12,10,2.367
120,127,90,20,2,TGSA,0.7499999999999998,22,-1,-1,19.926537495715877,54,57,71.42963115779827,51.638510922846905,19.791120234951364,True,12,16,2.367
120,127,90,20,2,ZGSA,0.7499999999999998,22,23,91,0.30925539772606925,54,55,71.42963115779827,71.22118833300004,0.20844282479822596,True,12,12,2.367
120,127,90,20,3,GSA,0.7499999999999999,24,-1,-1,2.8842470642687097,54,56,70.50290006647927,68.0370653623367,2.4658347041425657,True,12,10,2.459
120,127,90,20,3,TGSA,0.7499999999999999,24,-1,-1,19.127538367856552,54,57,70.50290006647927,51.63851092284695,18.864389143632323,True,12,16,2.459
120,127,90,20,3,ZGSA,0.7499999999999999,24,22,95,0.16606897079994098,54,55,70.50290006647927,70.57820451753231,0.07530445105304295,True,12,12,2.459
120,127,90,20,6,GSA,0.7499999999999999,22,-1,-1,2.971582810226387,56,56,71.06594147734026,68.23580270424931,2.830138773090951,True,12,10,2.166
120,127,90,20,6,TGSA,0.7499999999999999,22,-1,-1,19.505616715623425,56,57,71.06594147734026,51.63851092284695,19.427430554493313,True,12,16,2.166
120,127,90,20,6,ZGSA,0.7499999999999999,22,23,91,0.3799416343313595,56,55,71.06594147734026,71.22118833300003,0.1552468556597688,True,12,12,2.166
120,127,90,20,7,GSA,0.7500000000000003,24,-1,-1,3.0929036354112824,55,56,71.39116158218101,68.51187498200338,2.879286600177636,True,12,10,2.404
120,127,90,20,7,TGSA,0.7500000000000003,24,-1,-1,19.922248698211643,55,57,71.39116158218101,51.63851092284685,19.752650659334165,True,12,16,2.404
120,127,90,20,7,ZGSA,0.7500000000000003,24,23,92,0.3441155692965836,55,55,71.39116158218101,71.2563072707049,0.13485431147611848,True,12,12,2.404
120,127,90,20,8,GSA,0.7499999999999998,24,-1,-1,3.02452684377074,55,56,71.21777775455455,68.35627979391467,2.8614979606398805,True,12,10,2.224
120,127,90,20,8,TGSA,0.7499999999999998,24,-1,-1,19.65404542386078,55,57,71.21777775455455,51.638510922846905,19.579266831707642,True,12,16,2.224
120,127,90,20,8,ZGSA,0.7499999999999998,24,23,93,0.310677209686375,55,55,71.21777775455455,71.28550517871304,0.06772742415849109,True,12,12,2.224
120,127,90,20,9,GSA,0.75,20,-1,-1,3.0266814582672055,54,56,71.06707575173772,68.36118273890219,2.7058930128355314,True,12,10,2.248
120,127,90,20,9,TGSA,0.75,20,-1,-1,19.65591396968479,54,57,71.06707575173772,51.63851092284696,19.428564828890757,True,12,16,2.248
120,127,90,20,9,ZGSA,0.75,20,23,91,0.48720199626590954,54,55,71.06707575173772,71.22118833300001,0.15411258126229654,True,12,12,2.248
120,127,60,20,0,GSA,0.4999999999999992,0,-1,-1,0.45903930962859363,57,57,77.48682046894064,77.22729649198689,0.2595239769537443,True,9,9,4.016
120,127,60,20,0,TGSA,0.4999999999999992,0,-1,-1,25.860840965133004,57,57,77.48682046894064,51.63851092284693,25.848309546093702,True,9,16,4.016
120,127,60,20,0,ZGSA,0.4999999999999992,0,0,79,8.59350247391513,57,64,77.48682046894064,82.1884952268027,4.701674757862065,True,9,7,4.016
120,127,60,20,1,GSA,0.5000000000000007,0,-1,-1,0.6695638073825947,58,57,77.6415846441333,77.90445493815243,0.2628702940191232,True,8,9,3.949
120,127,60,20,1,TGSA,0.5000000000000007,0,-1,-1,26.058964958205937,58,57,77.6415846441333,51.63851092284695,26.003073721286356,True,8,16,3.949
120,127,60,20,1,ZGSA,0.5000000000000007,0,0,81,7.97652138997622,58,63,77.6415846441333,83.12496302458615,5.483378380452848,True,8,7,3.949
120,127,60,20,2,GSA,0.49999999999998174,0,-1,-1,0.6366112484303557,57,57,77.89282902711203,77.60786086814737,0.2849681589646593,True,9,9,3.943
120,127,60,20,2,TGSA,0.49999999999998174,0,-1,-1,26.25955058646777,57,57,77.89282902711203,51.63851092284696,26.254318104265067,True,9,16,3.943
120,127,60,20,2,ZGSA,0.49999999999998174,0,0,80,8.145078270777788,57,63,77.89282902711203,82.66444765456808,4.77161862745605,True,9,7,3.943
120,127,60,20,6,GSA,0.4999999999999969,0,-1,-1,0.5414428996110843,57,57,77.93581359461537,77.73809260619602,0.1977209884193485,True,9,9,3.63
120,127,60,20,6,TGSA,0.4999999999999969,0,-1,-1,26.29730267176845,57,57,77.93581359461537,51.63851092284692,26.29730267176845,True,9,16,3.63
120,127,60,20,6,ZGSA,0.4999999999999969,0,0,80,8.0786946337184,57,63,77.93581359461537,82.66444765456625,4.728634059950878,True,9,7,3.63
120,127,60,20,3,GSA,0.49999999999999856,0,-1,-1,0.5118888980813097,58,57,77.70453189963061,77.55003909048594,0.15449280914467067,True,9,9,3.935
120,127,60,20,3,TGSA,0.49999999999999856,0,-1,-1,26.116095761591026,58,57,77.70453189963061,51.63851092284694,26.06602097678367,True,9,16,3.935
120,127,60,20,3,ZGSA,0.49999999999999856,0,0,80,8.521845096290903,58,63,77.70453189963061,82.66444765456609,4.95991575493548,True,9,7,3.935
120,127,60,20,7,GSA,0.5000000000000003,0,-1,-1,0.8230494443777765,57,57,79.01913368158516,78.66858084938049,0.35055283220467004,True,8,8,3.871
120,127,60,20,7,TGSA,0.5000000000000003,0,-1,-1,27.38062275873831,57,57,79.01913368158516,51.63851092284685,27.380622758738312,True,8,16,3.871
120,127,60,20,7,ZGSA,0.5000000000000003,0,0,82,7.420766505370658,57,63,79.01913368158516,83.56852430827382,4.549390626688663,True,8,7,3.871
120,127,60,20,5,GSA,0.5000000000000094,0,-1,-1,0.7257793969413306,57,57,78.45401306066886,78.20619176068814,0.24782129998071412,True,8,8,3.769
120,127,60,20,5,TGSA,0.5000000000000094,0,-1,-1,26.815502137821912,57,57,78.45401306066886,51.63851092284695,26.81550213782191,True,8,16,3.769
120,127,60,20,5,ZGSA,0.5000000000000094,0,0,81,7.660699650021538,57,63,78.45401306066886,83.12496302458504,4.670949963916186,True,8,7,3.769
120,127,60,20,4,GSA,0.49999999999998906,0,-1,-1,0.6093251463104252,57,57,77.81031499272785,77.82408671084396,0.01377171811610367,True,9,9,4.232
120,127,60,20,4,TGSA,0.49999999999998906,0,-1,-1,26.17180406988088,57,57,77.81031499272785,51.638510922846976,26.171804069880878,True,9,16,4.232
120,127,60,20,4,ZGSA,0.49999999999998906,0,0,80,8.006807182981966,57,63,77.81031499272785,82.66444765456714,4.854132661839287,True,9,7,4.232
120,127,60,20,9,GSA,0.49999999999999833,0,-1,-1,0.6104803170155222,57,57,77.91881033661845,77.81636194272897,0.10244839388947469,True,9,9,4.028
120,127,60,20,9,TGSA,0.49999999999999833,0,-1,-1,26.280299413771537,57,57,77.91881033661845,51.63851092284691,26.280299413771537,True,9,16,4.028
120,127,60,20,9,ZGSA,0.49999999999999833,0,0,80,8.080458482556551,57,63,77.91881033661845,82.66444765456606,4.745637317947612,True,9,7,4.028
120,127,60,20,8,GSA,0.5000000000000062,0,-1,-1,0.6277004280448182,57,57,77.53217174280533,77.7034739469854,0.1713022041800656,True,8,9,4.199
120,127,60,20,8,TGSA,0.5000000000000062,0,-1,-1,25.893660819958452,57,57,77.53217174280533,51.63851092284689,25.89366081995844,True,8,16,4.199
120,127,60,20,8,ZGSA,0.5000000000000062,0,0,80,8.0594427259595,57,63,77.53217174280533,82.66444765456517,5.132275911759834,True,8,7,4.199
120,1031,60,20,1,GSA,0.49999999999999045,0,-1,-1,0.7264805558316993,57,57,78.05050383127626,77.59180854724855,0.4586952840277121,True,9,9,4.716
120,1031,60,20,1,TGSA,0.49999999999999045,0,-1,-1,26.43460354217716,57,57,78.05050383127626,51.63851092284695,26.411992908429312,True,9,16,4.716
120,1031,60,20,1,ZGSA,0.49999999999999045,0,0,47,18.688826764062313,57,79,78.05050383127626,79.3212698954803,1.2707660642040395,True,9,5,4.716
120,1031,90,20,0,GSA,0.7499999999999993,4,-1,-1,0.5728783958042456,57,57,76.79181851255291,76.28512181235149,0.5066967002014167,True,9,9,2.959
120,1031,90,20,0,TGSA,0.7499999999999993,4,-1,-1,25.153307589706067,57,57,76.79181851255291,51.638510922846834,25.153307589706074,True,9,16,2.959
120,1031,90,20,0,ZGSA,0.7499999999999993,4,6,109,0.36315146990523317,57,57,76.79181851255291,76.69726257373331,0.09455593881959601,True,9,9,2.959
120,1031,90,20,1,GSA,0.7499999999999937,5,-1,-1,0.5303732838636037,57,57,76.70542284620711,76.2170616487187,0.4883611974884161,True,9,9,2.803
120,1031,90,20,1,TGSA,0.7499999999999937,5,-1,-1,25.104000182113957,57,57,76.70542284620711,51.63851092284697,25.066911923360145,True,9,16,2.803
120,1031,90,20,1,ZGSA,0.7499999999999937,5,6,107,0.3365446163363828,57,57,76.70542284620711,76.59247779457672,0.11294505163039048,True,9,9,2.803
120,1031,60,20,0,GSA,0.5000000000000279,0,-1,-1,0.6182467736054562,57,57,78.26092506299935,78.3241826244286,0.06325756142925343,True,8,8,4.92
120,1031,60,20,0,TGSA,0.5000000000000279,0,-1,-1,26.622414140152408,57,57,78.26092506299935,51.63851092284695,26.6224141401524,True,8,16,4.92
120,1031,60,20,0,ZGSA,0.5000000000000279,0,0,48,18.405258240629173,57,79,78.26092506299935,80.56032671377699,2.2994016507776394,True,8,5,4.92
120,1031,60,20,2,GSA,0.5000000000000043,0,-1,-1,0.7557478536121778,58,57,78.17748110502262,78.14756914241062,0.029911962612004572,True,9,8,4.914
120,1031,60,20,2,TGSA,0.5000000000000043,0,-1,-1,26.576827772739605,58,57,78.17748110502262,51.63851092284696,26.53897018217566,True,9,16,4.914
120,1031,60,20,2,ZGSA,0.5000000000000043,0,0,48,18.583171263145182,58,79,78.17748110502262,80.56032671378003,2.382845608757407,True,9,5,4.914
120,1031,60,20,3,GSA,0.49999999999997397,0,-1,-1,0.8590368803052542,59,57,77.98215075953803,77.91439747137775,0.06775328816027582,True,9,9,4.882
120,1031,60,20,3,TGSA,0.49999999999997397,0,-1,-1,26.46074552480675,59,57,77.98215075953803,51.63851092284695,26.343639836691082,True,9,16,4.882
120,1031,60,20,3,ZGSA,0.49999999999997397,0,0,47,18.49637747275898,59,79,77.98215075953803,79.32126989548237,1.339119135944344,True,9,5,4.882
120,1031,90,20,3,GSA,0.7499999999999987,6,-1,-1,0.43538912151309717,57,57,76.0177402817643,75.86498116799088,0.15275911377342766,True,9,9,3.104
120,1031,90,20,3,TGSA,0.7499999999999987,6,-1,-1,24.379229358917343,57,57,76.0177402817643,51.63851092284696,24.379229358917343,True,9,16,3.104
120,1031,90,20,3,ZGSA,0.7499999999999987,6,5,113,0.46540427836367826,57,57,76.0177402817643,75.88863162652183,0.12910865524247583,True,9,9,3.104
120,1031,90,20,2,GSA,0.7499999999999895,4,-1,-1,0.4456301307289685,57,57,76.20428351372388,75.96011305992715,0.24417045379672686,True,9,9,3.187
120,1031,90,20,2,TGSA,0.7499999999999895,4,-1,-1,24.565772590876918,57,57,76.20428351372388,51.638510922846955,24.565772590876925,True,9,16,3.187
120,1031,90,20,2,ZGSA,0.7499999999999895,4,5,115,0.5425425505656563,57,56,76.20428351372388,75.91347153194698,0.2908119817768977,True,9,9,3.187
120,1031,90,20,4,GSA,0.7500000000000028,5,-1,-1,0.4959606466322626,56,57,75.97328301916285,75.60194250883123,0.3713405103316205,True,9,9,3.041
120,1031,90,20,4,TGSA,0.7500000000000028,5,-1,-1,24.34153721566431,56,57,75.97328301916285,51.63851092284696,24.334772096315888,True,9,16,3.041
120,1031,90,20,4,ZGSA,0.7500000000000028,5,5,109,0.39208559728233183,56,57,75.97328301916285,75.74401804430721,0.22926497485563857,True,9,9,3.041
120,1031,90,20,7,GSA,0.7499999999999989,6,-1,-1,0.5047013074950257,56,57,76.39948140622377,76.21331886480672,0.18616254141704758,True,9,9,2.902
120,1031,90,20,7,TGSA,0.7499999999999989,6,-1,-1,24.787958335981415,56,57,76.39948140622377,51.63851092284697,24.760970483376802,True,9,16,2.902
120,1031,90,20,7,ZGSA,0.7499999999999989,6,6,107,0.4802375498710205,56,57,76.39948140622377,76.59247779457553,0.1929963883517587,True,9,9,2.902
120,1031,90,20,8,GSA,0.7500000000000017,5,-1,-1,0.5872313686995554,56,57,76.81267558663623,76.35176668523707,0.46090890139916496,True,9,9,3.036
120,1031,90,20,8,TGSA,0.7500000000000017,5,-1,-1,25.180929783137707,56,57,76.81267558663623,51.638510922846955,25.174164663789277,True,9,16,3.036
120,1031,90,20,8,ZGSA,0.7500000000000017,5,6,108,0.49873492382515394,56,57,76.81267558663623,76.64895217932983,0.16372340730640644,True,9,9,3.036
120,1031,90,20,5,GSA,0.7499999999999906,6,-1,-1,0.4231857505409806,58,57,76.15883020940208,75.91808349487378,0.24074671452829932,True,9,9,3.106
120,1031,90,20,5,TGSA,0.7499999999999906,6,-1,-1,24.562409644438993,58,57,76.15883020940208,51.63851092284696,24.52031928655512,True,9,16,3.106
120,1031,90,20,5,ZGSA,0.7499999999999906,6,6,106,0.49936543931816146,58,57,76.15883020940208,76.5277871312436,0.36895692184151585,True,9,9,3.106
120,1031,90,20,6,GSA,0.7500000000000039,5,-1,-1,0.5887651042463418,58,57,76.3292844448271,75.87139722836889,0.45788721645820374,True,9,9,3.327
120,1031,90,20,6,TGSA,0.7500000000000039,5,-1,-1,24.730326936458447,58,57,76.3292844448271,51.63851092284697,24.690773521980127,True,9,16,3.327
120,1031,90,20,6,ZGSA,0.7500000000000039,5,5,115,0.5574844023913599,58,56,76.3292844448271,75.91347153194381,0.4158129128832826,True,9,9,3.327
120,1031,90,20,9,GSA,0.749999999999998,5,-1,-1,0.4096170519844833,58,57,75.64821008092744,75.53077936216587,0.11743071876156819,True,9,9,3.185
120,1031,90,20,9,TGSA,0.749999999999998,5,-1,-1,24.03080226835323,58,57,75.64821008092744,51.638510922846905,24.009699158080537,True,9,16,3.185
120,1031,90,20,9,ZGSA,0.749999999999998,5,5,110,0.33802499140510633,58,57,75.64821008092744,75.79230949197259,0.144099411045147,True,9,9,3.185
120,1031,60,20,4,GSA,0.49999999999999967,0,-1,-1,0.7079904006908038,57,57,77.87956809145517,77.55257344314691,0.32699464830825775,True,9,9,5.094
120,1031,60,20,4,TGSA,0.49999999999999967,0,-1,-1,26.24408291792623,57,57,77.87956809145517,51.63851092284695,26.241057168608222,True,9,16,5.094
120,1031,60,20,4,ZGSA,0.49999999999999967,0,0,47,18.731772067617634,57,79,77.87956809145517,79.32126989547913,1.441701804023964,True,9,5,5.094
120,1031,60,20,6,GSA,0.5000000000000143,0,-1,-1,0.5322724268330248,57,57,77.9320233574991,77.6552980711369,0.2767252863622076,True,9,9,4.989
120,1031,60,20,6,TGSA,0.5000000000000143,0,-1,-1,26.307263901952084,57,57,77.9320233574991,51.6385109228469,26.293512434652207,True,9,16,4.989
120,1031,60,20,6,ZGSA,0.5000000000000143,0,0,47,18.62204035256682,57,79,77.9320233574991,79.32126989547731,1.3892465379782095,True,9,5,4.989
120,1031,60,20,8,GSA,0.5000000000000008,0,-1,-1,0.546070522953805,59,57,78.14557278134217,78.24268761618202,0.09711483483985717,True,8,8,5.144
120,1031,60,20,8,TGSA,0.5000000000000008,0,-1,-1,26.587577231636544,59,57,78.14557278134217,51.63851092284684,26.507061858495327,True,8,16,5.144
120,1031,60,20,8,ZGSA,0.5000000000000008,0,0,48,18.919094547311865,59,79,78.14557278134217,80.5603267137804,2.4147539324382308,True,8,5,5.144
120,1031,60,20,5,GSA,0.5000000000000034,0,-1,-1,0.5810560798563955,58,57,77.48755206003108,77.62893635387928,0.14138429384820483,True,9,9,5.273
120,1031,60,20,5,TGSA,0.5000000000000034,0,-1,-1,25.87014424745682,58,57,77.48755206003108,51.63851092284696,25.849041137184116,True,9,16,5.273
120,1031,60,20,5,ZGSA,0.5000000000000034,0,0,47,18.7395667429442,58,79,77.48755206003108,79.32126989547879,1.8337178354477146,True,9,5,5.273
120,1031,60,20,9,GSA,0.5000000000000101,0,-1,-1,0.6664842080763052,58,57,78.41545163299526,78.39941738374816,0.016034249247098842,True,8,8,4.977
120,1031,60,20,9,TGSA,0.5000000000000101,0,-1,-1,26.886386817378465,58,57,78.41545163299526,51.638510922846834,26.776940710148423,True,8,16,4.977
120,1031,60,20,9,ZGSA,0.5000000000000101,0,0,48,18.759544112921446,58,79,78.41545163299526,80.56032671377929,2.1448750807840327,True,8,5,4.977
120,1031,60,20,7,GSA,0.500000000000001,0,-1,-1,0.5870229547661872,57,57,77.4812812659711,77.14790283687498,0.333378429096129,True,9,9,5.223
120,1031,60,20,7,TGSA,0.500000000000001,0,-1,-1,25.87841139914495,57,57,77.4812812659711,51.638510922846905,25.8427703431242,True,9,16,5.223
120,1031,60,20,7,ZGSA,0.500000000000001,0,0,47,18.813402539619624,57,79,77.4812812659711,79.32126989547905,1.8399886295079426,True,9,5,5.223
320,13,160,2,0,GSA,0.49999999999863,51,-1,-1,53.50418035828267,142,153,327.41886094939684,276.0156663314998,51.40319461789704,True,32,16,4.536
320,13,160,2,0,TGSA,0.49999999999863,51,-1,-1,14918.522504183931,142,320,327.41886094939684,0.0,327.41886094939684,True,32,319,4.536
320,13,160,2,0,ZGSA,0.49999999999863,51,113,94,107.49541742805204,142,156,327.41886094939684,228.88362420592878,98.53523674346806,True,32,32,4.536
320,13,160,2,2,GSA,0.4999999999954257,50,-1,-1,53.60033157118576,144,153,328.8723016498968,277.3019104810461,51.57039116885073,True,32,16,4.32
320,13,160,2,2,TGSA,0.4999999999954257,50,-1,-1,14919.46873436022,144,320,328.8723016498968,0.0,328.8723016498968,True,32,319,4.32
320,13,160,2,2,ZGSA,0.4999999999954257,50,117,86,108.72967317304966,144,156,328.8723016498968,231.4152791704045,97.45702247949234,True,32,32,4.32
320,13,160,2,1,GSA,0.5000000000008633,49,-1,-1,53.97607367907682,141,153,330.4212072440745,279.19179971166443,51.22940753241005,True,32,16,4.581
320,13,160,2,1,TGSA,0.5000000000008633,49,-1,-1,14921.508658836985,141,320,330.4212072440745,0.0,330.4212072440745,True,32,319,4.581
320,13,160,2,1,ZGSA,0.5000000000008633,49,114,93,109.93401366233903,141,155,330.4212072440745,229.79589320824053,100.62531403583395,True,32,32,4.581
320,13,160,2,3,GSA,0.4999999999989397,64,-1,-1,51.86554297729873,139,153,312.15278000845296,263.8990718691797,48.25370813927327,True,32,17,6.278
320,13,160,2,3,TGSA,0.4999999999989397,64,-1,-1,14902.041195821479,139,320,312.15278000845296,0.0,312.15278000845296,True,32,319,6.278
320,13,160,2,3,ZGSA,0.4999999999989397,64,111,98,96.69538290499713,139,155,312.15278000845296,227.6213524586495,84.53142754980345,True,32,32,6.278
320,13,240,2,0,GSA,0.7500000000000486,181,-1,-1,56.892873764163525,92,150,215.5536868220679,195.61936563233434,19.934321189733566,True,59,26,3.933
320,13,240,2,0,TGSA,0.7500000000000486,181,-1,-1,14754.921414455357,92,320,215.5536868220679,0.0,215.5536868220679,True,59,319,3.933
320,13,240,2,0,ZGSA,0.7500000000000486,181,205,71,31.44696737054761,92,100,215.5536868220679,193.0983397561553,22.455347065912605,True,59,59,3.933
320,13,240,2,1,GSA,0.75000000000001,180,-1,-1,55.70712083741617,93,150,215.1952453540635,194.25497951555786,20.94026583850564,True,59,26,4.466
320,13,240,2,1,TGSA,0.75000000000001,180,-1,-1,14754.92141445539,93,320,215.1952453540635,0.0,215.1952453540635,True,59,319,4.466
320,13,240,2,1,ZGSA,0.75000000000001,180,212,57,30.24408586836286,93,97,215.1952453540635,196.10254968654618,19.09269566751732,True,59,59,4.466
320,13,240,2,3,GSA,0.7500000000001095,187,-1,-1,56.46952537098893,91,150,213.53377977401092,195.133874353151,18.399905420859938,True,59,26,4.417
320,13,240,2,3,TGSA,0.7500000000001095,187,-1,-1,14754.921414455308,91,320,213.53377977401092,0.0,213.53377977401092,True,59,319,4.417
320,13,240,2,3,ZGSA,0.7500000000001095,187,208,65,29.388245411168995,91,99,213.53377977401092,194.393894953454,19.139884820556915,True,59,59,4.417
320,13,240,2,4,GSA,0.7500000000000316,181,-1,-1,57.35479309332945,93,150,215.72756234675776,196.14908963226435,19.578472714493415,True,59,26,4.423
320,13,240,2,4,TGSA,0.7500000000000316,181,-1,-1,14754.921414455372,93,320,215.72756234675776,0.0,215.72756234675776,True,59,319,4.423
320,13,240,2,4,ZGSA,0.7500000000000316,181,217,47,31.15515469036643,93,94,215.72756234675776,198.20979014176305,17.517772204994714,True,59,59,4.423
320,13,160,2,5,GSA,0.5000000000120765,50,-1,-1,52.61063512537241,142,153,325.8983375657251,275.9515313940864,49.94680617163874,True,32,16,5.393
320,13,160,2,5,TGSA,0.5000000000120765,50,-1,-1,14917.790938396216,142,320,325.8983375657251,0.0,325.8983375657251,True,32,319,5.393
320,13,160,2,5,ZGSA,0.5000000000120765,50,143,35,103.84074903168141,142,158,325.8983375657251,248.1914375020369,77.70690006368821,True,32,32,5.393
320,13,240,2,2,GSA,0.7500000000000093,180,-1,-1,56.053937503916416,93,150,214.5835975098459,194.6548088477295,19.928788662116403,True,59,26,4.937
320,13,240,2,2,TGSA,0.7500000000000093,180,-1,-1,14754.92141445539,93,320,214.5835975098459,0.0,214.5835975098459,True,59,319,4.937
320,13,240,2,2,ZGSA,0.7500000000000093,180,206,69,30.20191936601219,93,100,214.5835975098459,193.53028162592636,21.053315883919538,True,59,59,4.937
320,13,240,2,5,GSA,0.7499999999999801,181,-1,-1,55.968752405873076,92,150,213.60047350695515,194.5566027794891,19.043870727466043,True,59,26,4.798
320,13,240,2,5,TGSA,0.7499999999999801,181,-1,-1,14754.921414455408,92,320,213.60047350695515,0.0,213.60047350695515,True,59,319,4.798
320,13,240,2,5,ZGSA,0.7499999999999801,181,208,64,29.943283935147306,92,99,213.60047350695515,194.36043909234215,19.240034414613007,True,59,59,4.798
320,13,240,2,7,GSA,0.7500000000001645,184,-1,-1,54.647593246665764,91,150,213.09628823303368,193.03349782277738,20.062790410256298,True,59,26,4.61
320,13,240,2,7,TGSA,0.7500000000001645,184,-1,-1,14754.921414455292,91,320,213.09628823303368,0.0,213.09628823303368,True,59,319,4.61
320,13,240,2,7,ZGSA,0.7500000000001645,184,205,71,28.889973371778453,91,100,213.09628823303368,193.09833975609138,19.997948476942298,True,59,59,4.61
320,13,240,2,8,GSA,0.7499999999999372,185,-1,-1,55.5911005750781,92,150,213.82898668021267,194.12122497071974,19.707761709492928,True,59,26,4.488
320,13,240,2,8,TGSA,0.7499999999999372,185,-1,-1,14754.921414455246,92,320,213.82898668021267,0.0,213.82898668021267,True,59,319,4.488
320,13,240,2,8,ZGSA,0.7499999999999372,185,215,50,29.83497324092322,92,95,213.82898668021267,197.3358293755977,16.493157304614954,True,59,59,4.488
320,13,160,2,4,GSA,0.4999999999979957,52,-1,-1,54.26554419173834,140,153,328.56157037311107,276.7761647170937,51.78540565601736,True,32,16,6.17
320,13,160,2,4,TGSA,0.4999999999979957,52,-1,-1,14919.023921251297,140,320,328.56157037311107,0.0,328.56157037311107,True,32,319,6.17
320,13,160,2,4,ZGSA,0.4999999999979957,52,111,98,108.94702653551616,140,155,328.56157037311107,227.62135245897596,100.9402179141351,True,32,32,6.17
320,13,160,2,9,GSA,0.5000000000003092,49,-1,-1,53.441481861461185,143,153,330.6728052797206,278.75957631793233,51.91322896178826,True,32,16,5.603
320,13,160,2,9,TGSA,0.5000000000003092,49,-1,-1,14922.452671422596,143,320,330.6728052797206,0.0,330.6728052797206,True,32,319,5.603
320,13,160,2,9,ZGSA,0.5000000000003092,49,119,83,106.05376108523618,143,156,330.6728052797206,232.9684557022385,97.7043495774821,True,32,32,5.603
320,13,240,2,6,GSA,0.7500000000000079,180,-1,-1,56.41148255477951,93,150,214.91539954582433,195.06700645003053,19.848393095793796,True,59,26,5.246
320,13,240,2,6,TGSA,0.7500000000000079,180,-1,-1,14754.921414455392,93,320,214.91539954582433,0.0,214.91539954582433,True,59,319,5.246
320,13,240,2,6,ZGSA,0.7500000000000079,180,208,65,31.010969506891797,93,99,214.91539954582433,194.39389495351085,20.521504592313477,True,59,59,5.246
320,13,240,2,9,GSA,0.7499999999999588,184,-1,-1,55.78408530377972,93,150,215.63066672877414,194.3437083864456,21.286958342328546,True,59,26,4.716
320,13,240,2,9,TGSA,0.7499999999999588,184,-1,-1,14754.921414455426,93,320,215.63066672877414,0.0,215.63066672877414,True,59,319,4.716
320,13,240,2,9,ZGSA,0.7499999999999588,184,207,66,29.95759204232337,93,99,215.63066672877414,193.92956815285962,21.70109857591453,True,59,59,4.716
320,13,160,2,8,GSA,0.4999999999961396,62,-1,-1,54.418610392420746,139,153,319.8422098137148,268.9468637495513,50.895346064163505,True,32,17,6.27
320,13,160,2,8,TGSA,0.4999999999961396,62,-1,-1,14909.656714456156,139,320,319.8422098137148,0.0,319.8422098137148,True,32,319,6.27
320,13,160,2,8,ZGSA,0.4999999999961396,62,113,94,102.53521684438675,139,156,319.8422098137148,228.8836242067976,90.95858560691721,True,32,32,6.27
320,13,160,2,6,GSA,0.5000000000003688,58,-1,-1,52.44673445019302,143,153,319.4251586628302,268.26841027115825,51.156748391671954,True,32,17,6.663
320,13,160,2,6,TGSA,0.5000000000003688,58,-1,-1,14911.431253344977,143,320,319.4251586628302,0.0,319.4251586628302,True,32,319,6.663
320,13,160,2,6,ZGSA,0.5000000000003688,58,125,71,97.38913325289624,143,156,319.4251586628302,236.77474827492838,82.65041038790181,True,32,32,6.663
320,13,160,2,7,GSA,0.4999999999979618,64,-1,-1,54.35929789631693,135,153,317.51466823942195,267.7881058029939,49.726562436428026,True,32,17,6.882
320,13,160,2,7,TGSA,0.4999999999979618,64,-1,-1,14904.745900760761,135,320,317.51466823942195,0.0,317.51466823942195,True,32,319,6.882
320,13,160,2,7,ZGSA,0.4999999999979618,64,120,80,104.11457099645273,135,156,317.51466823942195,233.3106992554469,84.20396898397505,True,32,32,6.882
320,31,160,2,2,GSA,0.49999999997905703,26,-1,-1,45.31138392560905,151,154,398.0906770812149,353.0660867175821,45.0245903636328,True,24,12,5.741
320,31,160,2,2,TGSA,0.49999999997905703,26,-1,-1,14994.784498625397,151,320,398.0906770812149,0.0,398.0906770812149,True,24,319,5.741
320,31,160,2,2,ZGSA,0.49999999997905703,26,159,2,113.73285886921303,151,160,398.0906770812149,327.07663572748186,71.01404135373303,True,24,24,5.741
320,31,160,2,0,GSA,0.49999999974015225,29,-1,-1,47.0461083795075,149,154,394.35950715504134,348.2382808455973,46.12122630944407,True,24,12,6.75
320,31,160,2,0,TGSA,0.49999999974015225,29,-1,-1,14989.497715470046,149,320,394.35950715504134,0.0,394.35950715504134,True,24,319,6.75
320,31,160,2,0,ZGSA,0.49999999974015225,29,113,94,113.27043891897077,149,157,394.35950715504134,287.92950858019617,106.42999857484517,True,24,24,6.75
320,31,160,2,4,GSA,0.4999999986652534,25,-1,-1,43.55128810663507,153,154,395.6493343579066,352.4585807469986,43.19075361090796,True,24,12,6.258
320,31,160,2,4,TGSA,0.4999999986652534,25,-1,-1,14992.35018953014,153,320,395.6493343579066,0.0,395.6493343579066,True,24,319,6.258
320,31,160,2,4,ZGSA,0.4999999986652534,25,114,92,112.41733673038453,153,157,395.6493343579066,288.7805812702279,106.86875308767867,True,24,24,6.258
320,31,160,2,3,GSA,0.5000000001548581,28,-1,-1,45.94759999270475,154,154,394.61978680316776,348.67218681260243,45.94759999056532,True,24,12,6.928
320,31,160,2,3,TGSA,0.5000000001548581,28,-1,-1,14991.54622286968,154,320,394.61978680316776,0.0,394.61978680316776,True,24,319,6.928
320,31,160,2,3,ZGSA,0.5000000001548581,28,112,97,111.21948781456061,154,156,394.61978680316776,287.4303090820298,107.18947772113796,True,24,24,6.928
320,31,160,2,6,GSA,0.5000000000537765,26,-1,-1,44.87913749993851,149,154,395.9927841164189,352.2198197399823,43.77296437643656,True,24,12,6.662
320,31,160,2,6,TGSA,0.5000000000537765,26,-1,-1,14991.55635982409,149,320,395.9927841164189,0.0,395.9927841164189,True,24,319,6.662
320,31,160,2,6,ZGSA,0.5000000000537765,26,117,87,113.36493775689453,149,157,395.9927841164189,291.69414571327894,104.29863840313993,True,24,24,6.662
320,31,160,2,1,GSA,0.5000000000386133,29,-1,-1,47.32121352060187,148,154,395.136263889895,349.0716481940694,46.06461569582564,True,24,12,7.562
320,31,160,2,1,TGSA,0.5000000000386133,29,-1,-1,14989.214223531284,148,320,395.136263889895,0.0,395.136263889895,True,24,319,7.562
320,31,160,2,1,ZGSA,0.5000000000386133,29,114,93,112.04061460963874,148,156,395.136263889895,289.1353117619938,106.0009521279012,True,24,24,7.562
320,31,160,2,5,GSA,0.49999999978730225,28,-1,-1,45.73778544354363,149,154,393.33309536917693,348.21530582832213,45.1177895408548,True,24,12,7.066
320,31,160,2,5,TGSA,0.49999999978730225,28,-1,-1,14988.571421595685,149,320,393.33309536917693,0.0,393.33309536917693,True,24,319,7.066
320,31,160,2,5,ZGSA,0.49999999978730225,28,111,98,111.55994323722075,149,156,393.33309536917693,286.22715680389365,107.10593856528328,True,24,24,7.066
320,31,160,2,9,GSA,0.49999999992912836,25,-1,-1,44.777878888207965,151,155,398.9460337250768,354.80611230166755,44.13992142340925,True,24,12,6.487
320,31,160,2,9,TGSA,0.49999999992912836,25,-1,-1,14995.132990896014,151,320,398.9460337250768,0.0,398.9460337250768,True,24,319,6.487
320,31,160,2,9,ZGSA,0.49999999992912836,25,121,78,114.71728537802346,151,157,398.9460337250768,294.7312652228634,104.21476850221342,True,24,24,6.487
320,31,160,2,8,GSA,0.4999999999178214,30,-1,-1,47.54412851548247,147,154,392.2938705032098,345.94632275911243,46.34754774409737,True,24,12,7.909
320,31,160,2,8,TGSA,0.4999999999178214,30,-1,-1,14986.45069806107,147,320,392.2938705032098,0.0,392.2938705032098,True,24,319,7.909
320,31,160,2,8,ZGSA,0.4999999999178214,30,113,94,112.51042646880836,147,157,392.2938705032098,287.9295084972456,104.36436200596421,True,24,24,7.909
320,31,160,2,7,GSA,0.5000000000739244,27,-1,-1,45.636733533911354,150,154,395.8133484966024,350.81598363844677,44.997364858155606,True,24,12,8.188
320,31,160,2,7,TGSA,0.5000000000739244,27,-1,-1,14991.724593934367,150,320,395.8133484966024,0.0,395.8133484966024,True,24,319,8.188
320,31,160,2,7,ZGSA,0.5000000000739244,27,149,23,112.16737878183272,150,159,395.8133484966024,319.0037638846504,76.80958461195195,True,24,24,8.188
320,31,240,2,9,GSA,0.7500000000059855,175,-1,-1,64.00874871067643,96,151,254.7142228114223,229.0086663689575,25.705556442464797,True,46,21,6.651
320,31,240,2,9,TGSA,0.7500000000059855,175,-1,-1,14789.900187794645,96,320,254.7142228114223,0.0,254.7142228114223,True,46,319,6.651
320,31,240,2,9,ZGSA,0.7500000000059855,175,203,75,25.10096824268132,96,101,254.7142228114223,238.23001504944938,16.484207761972925,True,46,46,6.651
320,31,240,2,2,GSA,0.7500000000002437,175,-1,-1,61.19675465252901,100,151,252.0195373564872,225.6790411762374,26.3404961802498,True,46,21,7.72
320,31,240,2,2,TGSA,0.7500000000002437,175,-1,-1,14789.900187797786,100,320,252.0195373564872,0.0,252.0195373564872,True,46,319,7.72
320,31,240,2,2,ZGSA,0.7500000000002437,175,196,89,21.43172250502856,100,104,252.0195373564872,234.00438473243665,18.015152624050558,True,46,46,7.72
320,31,240,2,1,GSA,0.7499999999990505,176,-1,-1,63.834526150836865,99,151,255.77762657808913,228.8031286953488,26.974497882740337,True,46,21,7.864
320,31,240,2,1,TGSA,0.7499999999990505,176,-1,-1,14789.900187798477,99,320,255.77762657808913,0.0,255.77762657808913,True,46,319,7.864
320,31,240,2,1,ZGSA,0.7499999999990505,176,201,78,25.749898406447528,99,102,255.77762657808913,236.98444803483582,18.793178543253305,True,46,46,7.864
320,31,240,2,3,GSA,0.7500000000004045,175,-1,-1,64.35991283095017,100,151,256.75069501971814,229.42294945025495,27.32774556946319,True,46,21,7.701
320,31,240,2,3,TGSA,0.7500000000004045,175,-1,-1,14789.900187797837,100,320,256.75069501971814,0.0,256.75069501971814,True,46,319,7.701
320,31,240,2,3,ZGSA,0.7500000000004045,175,202,77,24.817099849502966,100,101,256.75069501971814,237.6336013450919,19.117093674626233,True,46,46,7.701
320,31,240,2,4,GSA,0.750000000007805,176,-1,-1,62.697648012418256,98,151,252.2856070985949,227.4601655033611,24.825441595233798,True,46,21,7.708
320,31,240,2,4,TGSA,0.750000000007805,176,-1,-1,14789.90018779376,98,320,252.2856070985949,0.0,252.2856070985949,True,46,319,7.708
320,31,240,2,4,ZGSA,0.750000000007805,176,200,81,23.955404990664377,98,102,252.2856070985949,236.42897958812054,15.856627510474368,True,46,46,7.708
320,31,240,2,0,GSA,0.7499999999837382,175,-1,-1,63.86971315953623,99,151,255.4206856802538,228.84464029579155,26.576045384462248,True,46,21,8.662
320,31,240,2,0,TGSA,0.7499999999837382,175,-1,-1,14789.900187806945,99,320,255.4206856802538,0.0,255.4206856802538,True,46,319,8.662
320,31,240,2,0,ZGSA,0.7499999999837382,175,198,84,25.852982958629,99,103,255.4206856802538,235.1760758863588,20.244609793894995,True,46,46,8.662
320,31,240,2,8,GSA,0.7500000000017925,175,-1,-1,62.85099367317051,100,151,252.9098198086925,227.64214225403268,25.267677554659826,True,46,21,8.393
320,31,240,2,8,TGSA,0.7500000000017925,175,-1,-1,14789.900187796948,100,320,252.9098198086925,0.0,252.9098198086925,True,46,319,8.393
320,31,240,2,8,ZGSA,0.7500000000017925,175,202,77,24.37370264698619,100,101,252.9098198086925,237.63360134408606,15.276218464606444,True,46,46,8.393
320,31,240,2,5,GSA,0.7499999999996804,175,-1,-1,63.76551667772111,102,151,253.35180004877995,228.72171531603576,24.630084732744194,True,46,21,8.749
320,31,240,2,5,TGSA,0.7499999999996804,175,-1,-1,14789.900187798112,102,320,253.35180004877995,0.0,253.35180004877995,True,46,319,8.749
320,31,240,2,5,ZGSA,0.7499999999996804,175,200,80,25.076353257536354,102,102,253.35180004877995,236.38395146637234,16.967848582407612,True,46,46,8.749
320,31,240,2,6,GSA,0.7499999999999749,175,-1,-1,63.70618527962998,99,151,252.9738203476746,228.65171957745756,24.322100770217048,True,46,21,8.709
320,31,240,2,6,TGSA,0.7499999999999749,175,-1,-1,14789.900187798032,99,320,252.9738203476746,0.0,252.9738203476746,True,46,319,8.709
320,31,240,2,6,ZGSA,0.7499999999999749,175,201,78,25.931637588837816,99,102,252.9738203476746,236.98444803416828,15.989372313506323,True,46,46,8.709
320,31,240,2,7,GSA,0.7499999999991467,176,-1,-1,61.1008947534779,99,151,251.07276743779968,225.56528332481122,25.507484112988465,True,46,21,9.071
320,31,240,2,7,TGSA,0.7499999999991467,176,-1,-1,14789.900187798408,99,320,251.07276743779968,0.0,251.07276743779968,True,46,319,9.071
320,31,240,2,7,ZGSA,0.7499999999991467,176,197,86,24.131653412759846,99,104,251.07276743779968,234.56745771299003,16.50530972480965,True,46,46,9.071
320,127,160,2,1,GSA,0.4999998439469915,17,-1,-1,39.41403777543938,155,156,468.124125034818,428.7101162400237,39.41400879479431,True,17,9,11.976
320,127,160,2,1,TGSA,0.4999998439469915,17,-1,-1,15065.697439383817,155,320,468.124125034818,0.0,468.124125034818,True,17,319,11.976
320,127,160,2,1,ZGSA,0.4999998439469915,17,101,118,103.60881114910859,155,157,468.124125034818,369.3681782696716,98.7559467651464,True,17,18,11.976
320,127,160,2,2,GSA,0.5000000253361521,17,-1,-1,40.87086767953818,155,156,473.0192305175822,432.149601767155,40.86962875042718,True,17,9,12.029
320,127,160,2,2,TGSA,0.5000000253361521,17,-1,-1,15070.775353087516,155,320,473.0192305175822,0.0,473.0192305175822,True,17,319,12.029
320,127,160,2,2,ZGSA,0.5000000253361521,17,151,19,103.16298101165492,155,159,473.0192305175822,430.1478842809263,42.87134623665588,True,17,18,12.029
320,127,160,2,8,GSA,0.5000000399476673,15,-1,-1,39.208948116708655,154,156,473.24708449410826,434.1770968015792,39.06998769252908,True,16,9,10.199
320,127,160,2,8,TGSA,0.5000000399476673,15,-1,-1,15070.070939695062,154,320,473.24708449410826,0.0,473.24708449410826,True,16,319,10.199
320,127,160,2,8,ZGSA,0.5000000399476673,15,106,109,105.34533781896161,154,157,473.24708449410826,375.8309244424469,97.4161600516614,True,16,18,10.199
320,127,160,2,6,GSA,0.5000001510310724,18,-1,-1,40.007728935577745,154,155,467.6244150665906,428.14052831035974,39.483886756230845,True,18,9,11.399
320,127,160,2,6,TGSA,0.5000001510310724,18,-1,-1,15065.116239360768,154,320,467.6244150665906,0.0,467.6244150665906,True,18,319,11.399
320,127,160,2,6,ZGSA,0.5000001510310724,18,135,51,102.48024445689038,154,159,467.6244150665906,410.8310371968205,56.7933778697701,True,18,18,11.399
320,127,160,2,4,GSA,0.49999999717873855,18,-1,-1,41.62012425225157,154,156,473.0381028169002,431.46948348822,41.5686193286802,True,18,9,14.282
320,127,160,2,4,TGSA,0.49999999717873855,18,-1,-1,15070.508130101194,154,320,473.0381028169002,0.0,473.0381028169002,True,18,319,14.282
320,127,160,2,4,ZGSA,0.49999999717873855,18,114,92,105.00036418646641,154,158,473.0381028169002,385.00525963966066,88.03284317723956,True,18,18,14.282
320,127,160,2,0,GSA,0.49999996010720776,16,-1,-1,39.23787575611908,152,156,470.1617468352963,431.18532288732877,38.97642394796753,True,17,9,16.147
320,127,160,2,0,TGSA,0.49999996010720776,16,-1,-1,15067.01751296001,152,320,470.1617468352963,0.0,470.1617468352963,True,17,319,16.147
320,127,160,2,0,ZGSA,0.49999996010720776,16,154,12,104.87074245343507,152,160,470.1617468352963,433.1533829502088,37.008363885087476,True,17,18,16.147
320,127,160,2,5,GSA,0.5000000503996137,15,-1,-1,37.655657952579844,155,156,467.80002615766864,430.18432014140126,37.61570601626738,True,16,9,14.758
320,127,160,2,5,TGSA,0.5000000503996137,15,-1,-1,15065.216627798585,155,320,467.80002615766864,0.0,467.80002615766864,True,16,319,14.758
320,127,160,2,5,ZGSA,0.5000000503996137,15,114,93,99.57856610083803,155,157,467.80002615766864,385.4858398944403,82.31418626322835,True,16,18,14.758
320,127,160,2,7,GSA,0.49999999294401026,17,-1,-1,39.68324645550763,153,156,469.71719910555396,430.24535981667043,39.47183928888353,True,17,9,14.846
320,127,160,2,7,TGSA,0.49999999294401026,17,-1,-1,15066.795089286457,153,320,469.71719910555396,0.0,469.71719910555396,True,17,319,14.846
320,127,160,2,7,ZGSA,0.49999999294401026,17,150,20,104.0149198900749,153,160,469.71719910555396,428.32426182528934,41.39293728026462,True,17,18,14.846
320,127,160,2,9,GSA,0.49999999844564913,15,-1,-1,39.502714779034164,153,156,474.1305538206643,434.8534567200451,39.277097100619244,True,16,9,14.549
320,127,160,2,9,TGSA,0.49999999844564913,15,-1,-1,15070.866607382348,153,320,474.1305538206643,0.0,474.1305538206643,True,16,319,14.549
320,127,160,2,9,ZGSA,0.49999999844564913,15,106,108,105.49738388705003,153,157,474.1305538206643,375.38171533620925,98.74883848445506,True,16,18,14.549
320,127,160,2,3,GSA,0.5000000485575057,17,-1,-1,38.40012827032797,154,155,465.2442744518057,426.9195634194816,38.3247110323241,True,17,9,18.096
320,127,160,2,3,TGSA,0.5000000485575057,17,-1,-1,15062.604924199211,154,320,465.2442744518057,0.0,465.2442744518057,True,17,319,18.096
320,127,160,2,3,ZGSA,0.5000000485575057,17,116,89,99.45797028864948,154,157,465.2442744518057,387.8976923938986,77.34658205790714,True,17,18,18.096
320,127,240,2,2,GSA,0.7500000000007383,171,-1,-1,67.74764081851694,108,153,303.2384954120914,273.16431101177744,30.07418440031398,True,34,16,15.134
320,127,240,2,2,TGSA,0.7500000000007383,171,-1,-1,14846.660733046816,108,320,303.2384954120914,0.0,303.2384954120914,True,34,319,15.134
320,127,240,2,2,ZGSA,0.7500000000007383,171,196,89,10.04446056797849,108,104,303.2384954120914,306.8277404346792,3.589245022587761,True,34,34,15.134
320,127,240,2,4,GSA,0.7500000000029159,170,-1,-1,68.45502771566146,105,153,303.61445714611426,274.0434609012992,29.570996244815035,True,34,16,15.305
320,127,240,2,4,TGSA,0.7500000000029159,170,-1,-1,14846.660733045142,105,320,303.61445714611426,0.0,303.61445714611426,True,34,319,15.305
320,127,240,2,4,ZGSA,0.7500000000029159,170,184,113,10.810097031912917,105,109,303.61445714611426,296.279443127316,7.33501401879829,True,34,34,15.305
320,127,240,2,0,GSA,0.7499999999992996,170,-1,-1,69.08765941693565,108,153,306.21932175011665,274.82724990948645,31.392071840630194,True,34,16,19.264
320,127,240,2,0,TGSA,0.7499999999992996,170,-1,-1,14846.6607330479,108,320,306.21932175011665,0.0,306.21932175011665,True,34,319,19.264
320,127,240,2,0,ZGSA,0.7499999999992996,170,201,78,12.034353479287631,108,101,306.21932175011665,311.1114358578166,4.8921141076999675,True,34,34,19.264
320,127,240,2,1,GSA,0.7500000000000682,170,-1,-1,70.43876166630939,108,153,308.54453704567084,276.494980039098,32.049557006572854,True,34,16,18.698
320,127,240,2,1,TGSA,0.7500000000000682,170,-1,-1,14846.660733047493,108,320,308.54453704567084,0.0,308.54453704567084,True,34,319,18.698
320,127,240,2,1,ZGSA,0.7500000000000682,170,188,105,11.431786123884649,108,107,308.54453704567084,299.81349344791954,8.731043597751295,True,34,34,18.698
320,127,240,2,5,GSA,0.7499999999991133,171,-1,-1,70.2315192969456,107,153,307.075288043298,276.2391708696499,30.836117173648063,True,34,16,18.365
320,127,240,2,5,TGSA,0.7499999999991133,171,-1,-1,14846.660733048142,107,320,307.075288043298,0.0,307.075288043298,True,34,319,18.365
320,127,240,2,5,ZGSA,0.7499999999991133,171,193,94,11.81807326847408,107,105,307.075288043298,304.1553045437103,2.9199834995876586,True,34,34,18.365
320,127,240,2,9,GSA,0.7500000000131438,170,-1,-1,68.66298172049096,107,153,307.67401273902124,274.3019089100609,33.37210382896035,True,34,16,20.079
320,127,240,2,9,TGSA,0.7500000000131438,170,-1,-1,14846.660733037133,107,320,307.67401273902124,0.0,307.67401273902124,True,34,319,20.079
320,127,240,2,9,ZGSA,0.7500000000131438,170,186,109,9.772143921988814,107,108,307.67401273902124,298.0487711862919,9.625241552729335,True,34,34,20.079
320,127,240,2,8,GSA,0.7500000000104643,170,-1,-1,67.7878593378417,109,153,302.38662479467484,273.21429511726814,29.172329677406708,True,34,16,20.84
320,127,240,2,8,TGSA,0.7500000000104643,170,-1,-1,14846.660733039236,109,320,302.38662479467484,0.0,302.38662479467484,True,34,319,20.84
320,127,240,2,8,ZGSA,0.7500000000104643,170,184,113,11.24279623127056,109,109,302.38662479467484,296.2794431200915,6.10718167458333,True,34,34,20.84
320,127,240,2,3,GSA,0.7499999999996868,170,-1,-1,67.32137813923168,109,153,303.00145568509936,272.63454605815866,30.366909626940696,True,34,16,21.821
320,127,240,2,3,TGSA,0.7499999999996868,170,-1,-1,14846.660733047791,109,320,303.00145568509936,0.0,303.00145568509936,True,34,319,21.821
320,127,240,2,3,ZGSA,0.7499999999996868,170,184,112,10.076820337943005,109,109,303.00145568509936,296.23630795160375,6.76514773349561,True,34,34,21.821
320,127,240,2,6,GSA,0.7499999999974687,171,-1,-1,67.12649579832453,108,153,301.8780708533992,272.39234368258957,29.48572717080964,True,34,16,21.4
320,127,240,2,6,TGSA,0.7499999999974687,171,-1,-1,14846.660733049492,108,320,301.8780708533992,0.0,301.8780708533992,True,34,319,21.4
320,127,240,2,6,ZGSA,0.7499999999974687,171,186,108,10.440379861938709,108,108,301.8780708533992,298.00212081577206,3.875950037627149,True,34,34,21.4
320,127,240,2,7,GSA,0.7499999999892784,170,-1,-1,67.03015188385497,108,153,303.26113025115717,272.2726061832907,30.98852406786648,True,34,16,21.367
320,127,240,2,7,TGSA,0.7499999999892784,170,-1,-1,14846.660733055862,108,320,303.26113025115717,0.0,303.26113025115717,True,34,319,21.367
320,127,240,2,7,ZGSA,0.7499999999892784,170,192,96,12.22124868159652,108,106,303.26113025115717,303.27508304994615,0.013952798788977816,True,34,34,21.367
256,13,128,2,0,GSA,0.4999999999991914,39,-1,-1,38.75227705930527,114,122,252.59005687814675,215.30409948433828,37.285957393808474,True,26,13,2.064
256,13,128,2,0,TGSA,0.4999999999991914,39,-1,-1,9580.905404616333,114,256,252.59005687814675,0.0,252.59005687814675,True,26,255,2.064
256,13,128,2,0,ZGSA,0.4999999999991914,39,90,76,76.48391982720547,114,124,252.59005687814675,182.50981356441446,70.0802433137323,True,26,26,2.064
256,13,128,2,3,GSA,0.5000000000004879,37,-1,-1,38.466488732713216,115,122,254.37679838368473,217.17095229228394,37.20584609140079,True,26,13,1.897
256,13,128,2,3,TGSA,0.5000000000004879,37,-1,-1,9583.061686696346,115,256,254.37679838368473,0.0,254.37679838368473,True,26,255,1.897
256,13,128,2,3,ZGSA,0.5000000000004879,37,91,75,78.44166828075608,115,124,254.37679838368473,183.42126093802284,70.95553744566189,True,26,26,1.897
256,13,128,2,1,GSA,0.500000000000409,34,-1,-1,36.06461380792621,117,122,251.51773882837006,216.3814901117044,35.13624871666565,True,26,13,2.257
256,13,128,2,1,TGSA,0.500000000000409,34,-1,-1,9582.980273500636,117,256,251.51773882837006,0.0,251.51773882837006,True,26,255,2.257
256,13,128,2,1,ZGSA,0.500000000000409,34,98,61,73.9098117799551,117,125,251.51773882837006,187.86478110764796,63.6529577207221,True,26,26,2.257
256,13,128,2,2,GSA,0.5000000000004535,39,-1,-1,37.45182391309115,117,122,248.39303751285127,212.7920106260581,35.601026886793164,True,26,13,2.211
256,13,128,2,2,TGSA,0.5000000000004535,39,-1,-1,9578.575653485297,117,256,248.39303751285127,0.0,248.39303751285127,True,26,255,2.211
256,13,128,2,2,ZGSA,0.5000000000004535,39,104,49,73.50753680662976,117,125,248.39303751285127,191.66715334012167,56.72588417272959,True,26,26,2.211
256,13,128,2,4,GSA,0.5000000000003918,40,-1,-1,38.07392894529351,113,122,248.62035639203106,212.93433118249575,35.6860252095353,True,26,13,2.053
256,13,128,2,4,TGSA,0.5000000000003918,40,-1,-1,9578.33886537866,113,256,248.62035639203106,0.0,248.62035639203106,True,26,255,2.053
256,13,128,2,4,ZGSA,0.5000000000003918,40,95,67,75.63365355880565,113,125,248.62035639203106,185.9575432565842,62.66281313544687,True,26,26,2.053
256,13,128,2,5,GSA,0.4999999999993715,38,-1,-1,37.63518600262634,116,122,250.45364949263603,214.27390977435937,36.179739718276664,True,26,13,2.056
256,13,128,2,5,TGSA,0.4999999999993715,38,-1,-1,9580.580255104427,116,256,250.45364949263603,0.0,250.45364949263603,True,26,255,2.056
256,13,128,2,5,ZGSA,0.4999999999993715,38,99,58,76.38448361547958,116,125,250.45364949263603,188.19487729972434,62.25877219291169,True,26,26,2.056
256,13,128,2,6,GSA,0.4999999999994715,35,-1,-1,36.538572080764425,117,122,250.52356165735904,215.2648727904737,35.258688866885336,True,26,13,2.214
256,13,128,2,6,TGSA,0.4999999999994715,35,-1,-1,9581.909101198395,117,256,250.52356165735904,0.0,250.52356165735904,True,26,255,2.214
256,13,128,2,6,ZGSA,0.4999999999994715,35,99,58,74.29376238126619,117,125,250.52356165735904,188.19487729969535,62.32868435766369,True,26,26,2.214
256,13,128,2,7,GSA,0.4999999999999417,43,-1,-1,37.964797473874626,114,122,246.13469070279157,210.0244106480871,36.110280054704475,True,26,14,2.354
256,13,128,2,7,TGSA,0.4999999999999417,43,-1,-1,9575.931123914885,114,256,246.13469070279157,0.0,246.13469070279157,True,26,255,2.354
256,13,128,2,7,ZGSA,0.4999999999999417,43,104,48,74.68993202213669,114,126,246.13469070279157,191.35375239474146,54.78093830805011,True,26,26,2.354
256,13,128,2,8,GSA,0.5000000000001346,39,-1,-1,38.095597508129956,114,122,250.86440616413975,214.03558982164103,36.828816342498726,True,26,13,2.12
256,13,128,2,8,TGSA,0.5000000000001346,39,-1,-1,9580.122029437034,114,256,250.86440616413975,0.0,250.86440616413975,True,26,255,2.12
256,13,128,2,8,ZGSA,0.5000000000001346,39,99,59,75.4455761453481,114,125,250.86440616413975,188.4997824629641,62.364623701175645,True,26,26,2.12
256,13,192,2,0,GSA,0.7499999999999885,144,-1,-1,40.22342061791154,75,120,165.44847809468794,150.13217290737668,15.316305187311258,True,47,22,1.815
256,13,192,2,0,TGSA,0.7499999999999885,144,-1,-1,9459.486058441511,75,256,165.44847809468794,0.0,165.44847809468794,True,47,255,1.815
256,13,192,2,0,ZGSA,0.7499999999999885,144,174,36,17.87474309220289,75,75,165.44847809468794,158.36963899440929,7.078839100278657,True,47,47,1.815
256,13,128,2,9,GSA,0.4999999999993093,39,-1,-1,37.41010129361645,116,122,248.86088990841813,212.7114149293441,36.14947497907403,True,26,13,2.203
256,13,128,2,9,TGSA,0.4999999999993093,39,-1,-1,9579.352839087358,116,256,248.86088990841813,0.0,248.86088990841813,True,26,255,2.203
256,13,128,2,9,ZGSA,0.4999999999993093,39,121,14,74.824473234466,116,128,248.86088990841813,202.08136061919154,46.77952928922659,True,26,26,2.203
256,13,192,2,1,GSA,0.7500000000000032,147,-1,-1,39.62114046079909,76,119,164.68421480775152,149.42722733709252,15.256987470658999,True,47,22,2.086
256,13,192,2,1,TGSA,0.7500000000000032,147,-1,-1,9459.486058441502,76,256,164.68421480775152,0.0,164.68421480775152,True,47,255,2.086
256,13,192,2,1,ZGSA,0.7500000000000032,147,176,33,16.58382446838167,76,74,164.68421480775152,159.23455143472057,5.449663373030944,True,47,47,2.086
256,13,192,2,2,GSA,0.7500000000000009,147,-1,-1,39.757821831443735,75,119,163.16486096435514,149.58772261119393,13.577138353161217,True,47,22,1.744
256,13,192,2,2,TGSA,0.7500000000000009,147,-1,-1,9459.486058441504,75,256,163.16486096435514,0.0,163.16486096435514,True,47,255,1.744
256,13,192,2,2,ZGSA,0.7500000000000009,147,191,3,17.019998254961173,75,65,163.16486096435514,165.21435983798375,2.0494988736286075,True,47,47,1.744
256,13,192,2,4,GSA,0.7500000000000063,146,-1,-1,39.48719836316877,77,119,165.6580719757686,149.2699485977032,16.388123378065387,True,47,22,2.007
256,13,192,2,4,TGSA,0.7500000000000063,146,-1,-1,9459.486058441498,77,256,165.6580719757686,0.0,165.6580719757686,True,47,255,2.007
256,13,192,2,4,ZGSA,0.7500000000000063,146,165,55,17.661252507614883,77,80,165.6580719757686,154.58590481184973,11.072167163918863,True,47,47,2.007
256,13,192,2,5,GSA,0.7500000000000012,147,-1,-1,39.55539753779616,77,119,166.28300783580698,149.35003006874678,16.93297776706021,True,47,22,1.961
256,13,192,2,5,TGSA,0.7500000000000012,147,-1,-1,9459.486058441504,77,256,166.28300783580698,0.0,166.28300783580698,True,47,255,1.961
256,13,192,2,5,ZGSA,0.7500000000000012,147,191,3,16.350912028986386,77,65,166.28300783580698,165.2143598379837,1.068647997823291,True,47,47,1.961
256,13,192,2,3,GSA,0.7500000000000094,146,-1,-1,38.074774980443834,79,119,162.11631771122524,147.61095239651974,14.5053653147055,True,47,22,2.384
256,13,192,2,3,TGSA,0.7500000000000094,146,-1,-1,9459.486058441496,79,256,162.11631771122524,0.0,162.11631771122524,True,47,255,2.384
256,13,192,2,3,ZGSA,0.7500000000000094,146,182,21,16.09979932626392,79,70,162.11631771122524,161.64843808618457,0.46787962504066627,True,47,47,2.384
320,1031,160,2,6,GSA,0.5000445361626928,9,-1,-1,31.56725873118313,153,156,559.8100382647847,528.9128622792675,30.89717598551715,True,11,7,25.463
320,1031,160,2,6,TGSA,0.5000445361626928,9,-1,-1,15157.1106167265,153,320,559.8100382647847,0.0,559.8100382647847,True,11,319,25.463
320,1031,160,2,6,ZGSA,0.5000445361626928,9,87,147,84.46437702376636,153,157,559.8100382647847,481.81968471272677,77.99035355205791,True,11,12,25.463
256,13,192,2,6,GSA,0.7499999999999376,147,-1,-1,40.509591526708434,77,120,164.65570964320247,150.466171997336,14.189537645866466,True,47,22,2.286
256,13,192,2,6,TGSA,0.7499999999999376,147,-1,-1,9459.486058441458,77,256,164.65570964320247,0.0,164.65570964320247,True,47,255,2.286
256,13,192,2,6,ZGSA,0.7499999999999376,147,165,54,19.619027788726868,77,80,164.65570964320247,154.55320778303326,10.102501860169212,True,47,47,2.286
256,13,192,2,7,GSA,0.7499999999999979,147,-1,-1,39.80936504948706,76,119,163.73612318963654,149.64824616951782,14.087877020118725,True,47,22,2.37
256,13,192,2,7,TGSA,0.7499999999999979,147,-1,-1,9459.486058441504,76,256,163.73612318963654,0.0,163.73612318963654,True,47,255,2.37
256,13,192,2,7,ZGSA,0.7499999999999979,147,189,6,18.568169562856276,76,66,163.73612318963654,164.33598721281007,0.5998640231735237,True,47,47,2.37
256,13,192,2,8,GSA,0.7499999999999702,147,-1,-1,40.17024041449261,77,120,163.7508166865644,150.07010461590346,13.680712070660945,True,47,22,2.061
256,13,192,2,8,TGSA,0.7499999999999702,147,-1,-1,9459.486058441524,77,256,163.7508166865644,0.0,163.7508166865644,True,47,255,2.061
256,13,192,2,8,ZGSA,0.7499999999999702,147,187,10,18.63522377575773,77,68,163.7508166865644,163.5749908787651,0.17582580779929913,True,47,47,2.061
256,13,192,2,9,GSA,0.7499999999999986,144,-1,-1,38.5658767425342,79,119,163.363923415204,148.18810572653217,15.175817688671827,True,47,22,2.172
256,13,192,2,9,TGSA,0.7499999999999986,144,-1,-1,9459.486058441504,79,256,163.363923415204,0.0,163.363923415204,True,47,255,2.172
256,13,192,2,9,ZGSA,0.7499999999999986,144,190,4,16.78782839129598,79,66,163.363923415204,164.76016488432813,1.396241469124135,True,47,47,2.172
320,1031,160,2,4,GSA,0.500011676385394,12,-1,-1,31.54420005189013,154,156,549.7475995746694,518.7588132308398,30.988786343829588,True,12,7,29.482
320,1031,160,2,4,TGSA,0.500011676385394,12,-1,-1,15147.308812240184,154,320,549.7475995746694,0.0,549.7475995746694,True,12,319,29.482
320,1031,160,2,4,ZGSA,0.500011676385394,12,148,25,82.28652728684438,154,159,549.7475995746694,587.4775816563039,37.72998208163449,True,12,12,29.482
256,31,128,2,1,GSA,0.49999999999588646,22,-1,-1,31.6529991056613,121,123,295.7089624879245,264.3271517949986,31.38181069292591,True,19,10,2.995
256,31,128,2,1,TGSA,0.49999999999588646,22,-1,-1,9628.718088687565,121,256,295.7089624879245,0.0,295.7089624879245,True,19,255,2.995
256,31,128,2,1,ZGSA,0.49999999999588646,22,86,84,75.79181991020528,121,125,295.7089624879245,226.2288931377143,69.48006935021021,True,19,19,2.995
256,31,128,2,0,GSA,0.5000000000023971,24,-1,-1,32.9547243233674,121,123,294.2893935134334,261.599231307191,32.690162206242405,True,19,10,3.524
256,31,128,2,0,TGSA,0.5000000000023971,24,-1,-1,9626.907856250904,121,256,294.2893935134334,0.0,294.2893935134334,True,19,255,3.524
256,31,128,2,0,ZGSA,0.5000000000023971,24,85,87,73.44825172209698,121,125,294.2893935134334,225.70760671190072,68.5817868015327,True,19,19,3.524
256,31,128,2,3,GSA,0.4999999999607195,26,-1,-1,33.972270616078994,118,123,291.8416963531741,258.76493740250555,33.076758950668534,True,19,10,3.768
256,31,128,2,3,TGSA,0.4999999999607195,26,-1,-1,9623.7050412091,118,256,291.8416963531741,0.0,291.8416963531741,True,19,255,3.768
256,31,128,2,3,ZGSA,0.4999999999607195,26,90,76,74.08755885955563,118,125,291.8416963531741,229.6237995495366,62.21789680363747,True,19,19,3.768
256,31,128,2,2,GSA,0.4999999999755555,24,-1,-1,32.323224655904795,122,123,291.81826730793125,259.74386079346243,32.07440651446882,True,19,10,3.841
256,31,128,2,2,TGSA,0.4999999999755555,24,-1,-1,9624.965270678233,122,256,291.81826730793125,0.0,291.81826730793125,True,19,255,3.841
256,31,128,2,2,ZGSA,0.4999999999755555,24,90,76,75.78689502523602,122,125,291.81826730793125,229.6237995440133,62.19446776391794,True,19,19,3.841
256,31,128,2,4,GSA,0.49999999997949873,24,-1,-1,33.08400876302185,119,123,294.6348834594414,261.979074012393,32.6558094470484,True,19,10,4.098
256,31,128,2,4,TGSA,0.49999999997949873,24,-1,-1,9626.955569676087,119,256,294.6348834594414,0.0,294.6348834594414,True,19,255,4.098
256,31,128,2,4,ZGSA,0.49999999997949873,24,83,90,74.86778607841839,119,125,294.6348834594414,223.67971279599084,70.95517066345059,True,19,19,4.098
256,31,128,2,5,GSA,0.5000000000461816,23,-1,-1,31.542193985986458,121,123,291.7967634499293,260.54374565609896,31.253017793830338,True,19,10,3.811
256,31,128,2,5,TGSA,0.5000000000461816,23,-1,-1,9624.582811928014,121,256,291.7967634499293,0.0,291.7967634499293,True,19,255,3.811
256,31,128,2,5,ZGSA,0.5000000000461816,23,85,87,71.90916158003742,121,125,291.7967634499293,225.7076066959409,66.08915675398839,True,19,19,3.811
256,31,128,2,7,GSA,0.4999999998511539,24,-1,-1,32.33705064638613,120,123,291.54500671059003,259.78448211575585,31.76052459483418,True,19,10,3.571
256,31,128,2,7,TGSA,0.4999999998511539,24,-1,-1,9624.84253083599,120,256,291.54500671059003,0.0,291.54500671059003,True,19,255,3.571
256,31,128,2,7,ZGSA,0.4999999998511539,24,90,76,74.1257243393637,120,125,291.54500671059003,229.62379959033302,61.92120712025701,True,19,19,3.571
256,31,128,2,6,GSA,0.5000000000977328,21,-1,-1,29.915047290896318,120,123,291.98542373057387,262.39659444618303,29.58882928439084,True,19,10,4.05
256,31,128,2,6,TGSA,0.5000000000977328,21,-1,-1,9624.716165507101,120,256,291.98542373057387,0.0,291.98542373057387,True,19,255,4.05
256,31,128,2,6,ZGSA,0.5000000000977328,21,88,81,72.23453542914899,120,125,291.98542373057387,228.27030551422274,63.71511821635113,True,19,19,4.05
320,1031,240,2,1,GSA,0.7500000000023511,157,-1,-1,71.86835262537929,122,154,371.2647139905673,335.3247326369938,35.9399813535735,True,24,13,29.956
320,1031,240,2,1,TGSA,0.7500000000023511,157,-1,-1,14930.58850461008,122,320,371.2647139905673,0.0,371.2647139905673,True,24,319,29.956
320,1031,240,2,1,ZGSA,0.7500000000023511,157,163,148,1.8674313092013222,122,119,371.2647139905673,372.5461023754825,1.2813883849152035,True,24,24,29.956
320,1031,160,2,0,GSA,0.5000067460866032,11,-1,-1,31.155823555768706,153,156,549.6171922732664,520.6468141783874,28.970378094878924,True,12,7,39.509
320,1031,160,2,0,TGSA,0.5000067460866032,11,-1,-1,15146.586219860732,153,320,549.6171922732664,0.0,549.6171922732664,True,12,319,39.509
320,1031,160,2,0,ZGSA,0.5000067460866032,11,160,1,83.2650114205785,153,160,549.6171922732664,609.1245737882276,59.50738151496125,True,12,12,39.509
256,31,128,2,8,GSA,0.5000000000084951,22,-1,-1,31.57620957602345,118,123,294.60359777670453,264.08313471439953,30.520463062304998,True,19,10,3.768
256,31,128,2,8,TGSA,0.5000000000084951,22,-1,-1,9626.979983793126,118,256,294.60359777670453,0.0,294.60359777670453,True,19,255,3.768
256,31,128,2,8,ZGSA,0.5000000000084951,22,84,89,74.66622382217548,118,125,294.60359777670453,224.85299049594533,69.7506072807592,True,19,19,3.768
256,31,128,2,9,GSA,0.5000000000257202,24,-1,-1,32.36744450260411,117,123,290.9141493311498,259.87378040634354,31.040368924806273,True,19,10,3.713
256,31,128,2,9,TGSA,0.5000000000257202,24,-1,-1,9622.916842411105,117,256,290.9141493311498,0.0,290.9141493311498,True,19,255,3.713
256,31,128,2,9,ZGSA,0.5000000000257202,24,93,71,73.53001357256326,117,125,290.9141493311498,232.53666592595454,58.37748340519528,True,19,19,3.713
256,31,192,2,0,GSA,0.7499999999999931,139,-1,-1,40.939532086170296,84,121,187.01943241059098,170.63866489575804,16.38076751483294,True,37,18,4.327
256,31,192,2,0,TGSA,0.7499999999999931,139,-1,-1,9487.512529007987,84,256,187.01943241059098,0.0,187.01943241059098,True,37,255,4.327
256,31,192,2,0,ZGSA,0.7499999999999931,139,150,84,9.451131511308269,84,87,187.01943241059098,182.6567832556442,4.36264915494678,True,37,37,4.327
256,31,192,2,1,GSA,0.7500000000000029,140,-1,-1,41.600756459540435,83,121,187.78623997148617,171.44719099344164,16.33904897804453,True,37,18,3.909
256,31,192,2,1,TGSA,0.7500000000000029,140,-1,-1,9487.51252900798,83,256,187.78623997148617,0.0,187.78623997148617,True,37,255,3.909
256,31,192,2,1,ZGSA,0.7500000000000029,140,162,61,9.958067531090663,83,81,187.78623997148617,190.00552571001646,2.2192857385302887,True,37,37,3.909
256,31,192,2,2,GSA,0.7500000000000052,141,-1,-1,42.05666347995527,83,121,189.28493178451447,172.00466095215643,17.280270832358042,True,37,18,4.273
256,31,192,2,2,TGSA,0.7500000000000052,141,-1,-1,9487.512529007976,83,256,189.28493178451447,0.0,189.28493178451447,True,37,255,4.273
256,31,192,2,2,ZGSA,0.7500000000000052,141,157,71,8.75319555398557,83,83,189.28493178451447,186.98606154466017,2.2988702398542955,True,37,37,4.273
256,31,192,2,3,GSA,0.749999999999985,140,-1,-1,42.563954803586434,84,121,188.90851639345018,172.62479225339655,16.283724140053636,True,37,18,3.905
256,31,192,2,3,TGSA,0.749999999999985,140,-1,-1,9487.512529007994,84,256,188.90851639345018,0.0,188.90851639345018,True,37,255,3.905
256,31,192,2,3,ZGSA,0.749999999999985,140,161,62,11.281926704990404,84,81,188.90851639345018,189.35781794183208,0.4493015483818965,True,37,37,3.905
256,31,192,2,4,GSA,0.7500000000000068,140,-1,-1,41.798051579812864,82,121,188.68190925386,171.68843777580253,16.993471478057472,True,37,18,4.2
256,31,192,2,4,TGSA,0.7500000000000068,140,-1,-1,9487.512529007976,82,256,188.68190925386,0.0,188.68190925386,True,37,255,4.2
256,31,192,2,4,ZGSA,0.7500000000000068,140,158,69,8.457077223649748,82,83,188.68190925386,187.59168819186726,1.090221061992736,True,37,37,4.2
320,1031,160,2,3,GSA,0.5000534077973657,11,-1,-1,27.56427966294487,155,156,537.5223823798132,510.80418321564355,26.71819916416962,True,12,8,42.008
320,1031,160,2,3,TGSA,0.5000534077973657,11,-1,-1,15134.877789594606,155,320,537.5223823798132,0.0,537.5223823798132,True,12,319,42.008
320,1031,160,2,3,ZGSA,0.5000534077973657,11,79,163,75.732929037389,155,157,537.5223823798132,467.95728255737856,69.5650998224346,True,12,12,42.008
256,31,192,2,5,GSA,0.7500000000000623,139,-1,-1,43.53751754634985,84,121,191.14567382169906,173.8056021256831,17.34007169601597,True,37,18,3.68
256,31,192,2,5,TGSA,0.7500000000000623,139,-1,-1,9487.512529007936,84,256,191.14567382169906,0.0,191.14567382169906,True,37,255,3.68
256,31,192,2,5,ZGSA,0.7500000000000623,139,154,77,12.067840899497426,84,85,191.14567382169906,185.15213280177102,5.993541019928045,True,37,37,3.68
256,31,192,2,6,GSA,0.7499999999999766,141,-1,-1,41.55204844386944,83,121,187.52769096583393,171.3876322330404,16.140058732793534,True,37,18,4.081
256,31,192,2,6,TGSA,0.7499999999999766,141,-1,-1,9487.512529008001,83,256,187.52769096583393,0.0,187.52769096583393,True,37,255,4.081
256,31,192,2,6,ZGSA,0.7499999999999766,141,152,80,11.898896747138942,83,86,187.52769096583393,183.88934282428315,3.638348141550779,True,37,37,4.081
256,31,192,2,7,GSA,0.7500000000000598,139,-1,-1,40.933619394955784,85,121,188.12055743232042,170.63143502599308,17.48912240632734,True,37,18,4.224
256,31,192,2,7,TGSA,0.7500000000000598,139,-1,-1,9487.512529007943,85,256,188.12055743232042,0.0,188.12055743232042,True,37,255,4.224
256,31,192,2,7,ZGSA,0.7500000000000598,139,157,71,10.634421322205789,85,83,188.12055743232042,186.98606154462885,1.1344958876915712,True,37,37,4.224
256,31,192,2,8,GSA,0.7499999999998567,141,-1,-1,40.80271886996439,86,121,187.46701642133172,170.47137363996268,16.995642781369042,True,37,18,4.262
256,31,192,2,8,TGSA,0.7499999999998567,141,-1,-1,9487.512529008092,86,256,187.46701642133172,0.0,187.46701642133172,True,37,255,4.262
256,31,192,2,8,ZGSA,0.7499999999998567,141,153,78,8.788825321412247,86,85,187.46701642133172,184.50551276396234,2.961503657369377,True,37,37,4.262
256,31,192,2,9,GSA,0.7500000000000342,140,-1,-1,41.95439904693666,83,121,190.51054953241697,171.87961495177825,18.630934580638723,True,37,18,3.704
256,31,192,2,9,TGSA,0.7500000000000342,140,-1,-1,9487.512529007954,83,256,190.51054953241697,0.0,190.51054953241697,True,37,255,3.704
256,31,192,2,9,ZGSA,0.7500000000000342,140,151,83,10.05733853948552,83,86,190.51054953241697,183.3116555399775,7.19889399243948,True,37,37,3.704
320,1031,240,2,3,GSA,0.7499999999869609,161,-1,-1,69.57076056478024,118,154,370.3837800848107,332.27844914043976,38.10533094437096,True,24,13,35.571
320,1031,240,2,3,TGSA,0.7499999999869609,161,-1,-1,14930.94019013508,118,320,370.3837800848107,0.0,370.3837800848107,True,24,319,35.571
320,1031,240,2,3,ZGSA,0.7499999999869609,161,161,153,0.5617819745525594,118,120,370.3837800848107,369.99971891394665,0.3840611708640722,True,24,24,35.571
320,1031,240,2,5,GSA,0.7499999998658698,156,-1,-1,69.26998011671591,121,154,370.5194334033677,331.87797259704365,38.64146080632406,True,24,13,33.18
320,1031,240,2,5,TGSA,0.7499999998658698,156,-1,-1,14930.434034464564,121,320,370.5194334033677,0.0,370.5194334033677,True,24,319,33.18
320,1031,240,2,5,ZGSA,0.7499999998658698,156,161,149,1.3834437545170886,121,120,370.5194334033677,369.9081938220719,0.6112395812958198,True,24,24,33.18
320,1031,240,2,2,GSA,0.750000000041624,153,-1,-1,70.70313380606908,118,154,369.3977606206025,333.78603464846566,35.61172597213687,True,24,13,37.815
320,1031,240,2,2,TGSA,0.750000000041624,153,-1,-1,14930.24951931806,118,320,369.3977606206025,0.0,369.3977606206025,True,24,319,37.815
320,1031,240,2,2,ZGSA,0.750000000041624,153,161,159,1.8614299924134343,118,120,369.3977606206025,370.05600471158306,0.6582440909805314,True,24,24,37.815
320,1031,160,2,7,GSA,0.4998589817494486,10,-1,-1,27.831624311146214,154,156,542.6743844598209,515.0549741709694,27.61941028885144,True,11,8,42.357
320,1031,160,2,7,TGSA,0.4998589817494486,10,-1,-1,15139.939207174755,154,320,542.6743844598209,0.0,542.6743844598209,True,11,319,42.357
320,1031,160,2,7,ZGSA,0.4998589817494486,10,111,98,78.35137456930545,154,158,542.6743844598209,522.9009251599039,19.773459299917022,True,11,12,42.357
256,127,128,2,1,GSA,0.5000000098096518,12,-1,-1,22.616202877701895,120,124,342.5938283866938,320.6605630851736,21.933265301520237,True,13,8,8.262
256,127,128,2,1,TGSA,0.5000000098096518,12,-1,-1,9676.189809306248,120,256,342.5938283866938,0.0,342.5938283866938,True,13,255,8.262
256,127,128,2,1,ZGSA,0.5000000098096518,12,114,29,62.03183190355696,120,127,342.5938283866938,335.58199976533643,7.011828621357381,True,13,14,8.262
256,127,128,2,0,GSA,0.5000000057167857,14,-1,-1,23.981226694696346,122,124,341.5087958922107,318.1881073066066,23.320688585604103,True,14,8,8.387
256,127,128,2,0,TGSA,0.5000000057167857,14,-1,-1,9674.713518347868,122,256,341.5087958922107,0.0,341.5087958922107,True,14,255,8.387
256,127,128,2,0,ZGSA,0.5000000057167857,14,71,115,62.780311897198914,122,125,341.5087958922107,283.658214305609,57.85058158660166,True,14,14,8.387
320,1031,240,2,4,GSA,0.7499999999857138,156,-1,-1,69.61774895702132,119,154,369.3250289141044,332.3410122331784,36.984016680926004,True,24,13,36.596
320,1031,240,2,4,TGSA,0.7499999999857138,156,-1,-1,14930.358839035413,119,320,369.3250289141044,0.0,369.3250289141044,True,24,319,36.596
320,1031,240,2,4,ZGSA,0.7499999999857138,156,161,150,1.1106772787176737,119,120,369.3250289141044,369.935163832624,0.6101349185196341,True,24,24,36.596
256,127,128,2,2,GSA,0.5000000002310723,15,-1,-1,25.691716962529597,122,124,345.61111677480267,320.1223429000162,25.48877387478649,True,14,8,8.173
256,127,128,2,2,TGSA,0.5000000002310723,15,-1,-1,9678.55289738094,122,256,345.61111677480267,0.0,345.61111677480267,True,14,255,8.173
256,127,128,2,2,ZGSA,0.5000000002310723,15,106,45,64.25487308914296,122,127,345.61111677480267,325.91590332307385,19.69521345172882,True,14,14,8.173
320,1031,240,2,0,GSA,0.7499999997852796,150,-1,-1,67.97526602371664,122,154,364.48549907121173,330.15282300714546,34.33267606406628,True,24,13,41.347
320,1031,240,2,0,TGSA,0.7499999997852796,150,-1,-1,14930.008495962915,122,320,364.48549907121173,0.0,364.48549907121173,True,24,319,41.347
320,1031,240,2,0,ZGSA,0.7499999997852796,150,159,150,2.8626272959649555,122,121,364.48549907121173,367.2741928284885,2.7886937572767465,True,24,24,41.347
256,127,128,2,6,GSA,0.4999999941034943,13,-1,-1,23.52808122103687,121,124,342.84015932597333,320.8204304890916,22.01972883688171,True,13,8,7.356
256,127,128,2,6,TGSA,0.4999999941034943,13,-1,-1,9675.719059190378,121,256,342.84015932597333,0.0,342.84015932597333,True,13,255,7.356
256,127,128,2,6,ZGSA,0.4999999941034943,13,114,28,63.429896225542024,121,128,342.84015932597333,334.96749882658014,7.8726604993931915,True,13,14,7.356
256,127,128,2,4,GSA,0.4999999991587066,16,-1,-1,24.63790056345912,123,124,338.39092985737676,313.7860530472792,24.60487681009755,True,14,8,7.939
256,127,128,2,4,TGSA,0.4999999991587066,16,-1,-1,9672.368663622523,123,256,338.39092985737676,0.0,338.39092985737676,True,14,255,7.939
256,127,128,2,4,ZGSA,0.4999999991587066,16,73,110,62.16091098031262,123,125,338.39092985737676,285.6880362260047,52.702893631372035,True,14,14,7.939
256,127,128,2,3,GSA,0.5000000011183511,13,-1,-1,23.374320373745036,124,124,342.4733126254689,319.09899225172387,23.374320373745036,True,13,8,8.839
256,127,128,2,3,TGSA,0.5000000011183511,13,-1,-1,9676.322933716952,124,256,342.4733126254689,0.0,342.4733126254689,True,13,255,8.839
256,127,128,2,3,ZGSA,0.5000000011183511,13,97,63,59.576259371928444,124,126,342.4733126254689,315.0510824286272,27.422230196841724,True,13,14,8.839
256,127,128,2,7,GSA,0.5000000003294858,15,-1,-1,24.59196386154386,124,124,341.03269211752536,316.9212377307253,24.111454386800062,True,14,8,7.665
256,127,128,2,7,TGSA,0.5000000003294858,15,-1,-1,9674.861388912834,124,256,341.03269211752536,0.0,341.03269211752536,True,14,255,7.665
256,127,128,2,7,ZGSA,0.5000000003294858,15,100,57,61.14071669073465,124,126,341.03269211752536,318.66904714510605,22.36364497241931,True,14,14,7.665
256,127,128,2,5,GSA,0.49999999847076343,14,-1,-1,23.797742413076705,124,124,341.3217770160519,317.7151417957811,23.60663522027079,True,14,8,8.824
256,127,128,2,5,TGSA,0.49999999847076343,14,-1,-1,9675.326002374626,124,256,341.3217770160519,0.0,341.3217770160519,True,14,255,8.824
256,127,128,2,5,ZGSA,0.49999999847076343,14,77,102,62.9239153942186,124,125,341.3217770160519,290.4927315257735,50.82904549027842,True,14,14,8.824
256,127,192,2,0,GSA,0.7500000000000139,134,-1,-1,45.80687923696145,92,122,228.32516187426634,207.71591884830616,20.609243025960183,True,27,14,7.386
256,127,192,2,0,TGSA,0.7500000000000139,134,-1,-1,9532.991475201601,92,256,228.32516187426634,0.0,228.32516187426634,True,27,255,7.386
256,127,192,2,0,ZGSA,0.7500000000000139,134,140,105,2.445516400654938,92,91,228.32516187426634,230.24990283737355,1.9247409631072117,True,27,27,7.386
256,127,128,2,8,GSA,0.4999999957663607,14,-1,-1,23.75769967222449,123,124,340.80468633344447,317.1149145999005,23.689771733543978,True,14,8,8.406
256,127,128,2,8,TGSA,0.4999999957663607,14,-1,-1,9674.406766267075,123,256,340.80468633344447,0.0,340.80468633344447,True,14,255,8.406
256,127,128,2,8,ZGSA,0.4999999957663607,14,114,28,63.13225670249511,123,128,340.80468633344447,334.9674978556886,5.837188477755888,True,14,14,8.406
256,127,128,2,9,GSA,0.5000000007473492,14,-1,-1,24.762785096490404,122,124,344.1605927343242,320.05474141639513,24.10585131792908,True,14,8,8.311
256,127,128,2,9,TGSA,0.5000000007473492,14,-1,-1,9676.9641805272,122,256,344.1605927343242,0.0,344.1605927343242,True,14,255,8.311
256,127,128,2,9,ZGSA,0.5000000007473492,14,105,47,64.63860517817557,122,127,344.1605927343242,324.70657405816286,19.454018676161354,True,14,14,8.311
256,127,192,2,1,GSA,0.7499999999999674,132,-1,-1,43.54502242972137,93,122,226.17437555002218,204.79838482467648,21.3759907253457,True,27,14,8.251
256,127,192,2,1,TGSA,0.7499999999999674,132,-1,-1,9532.991475201612,93,256,226.17437555002218,0.0,226.17437555002218,True,27,255,8.251
256,127,192,2,1,ZGSA,0.7499999999999674,132,136,111,0.7827025932120648,93,93,226.17437555002218,226.61780739431268,0.443431844290501,True,27,27,8.251
320,1031,240,2,6,GSA,0.7500000000046119,160,-1,-1,71.39419474532929,119,154,369.73097607363053,334.69859637081834,35.03237970281219,True,24,13,38.954
320,1031,240,2,6,TGSA,0.7500000000046119,160,-1,-1,14930.79642076449,119,320,369.73097607363053,0.0,369.73097607363053,True,24,319,38.954
320,1031,240,2,6,ZGSA,0.7500000000046119,160,162,155,1.7294013651400633,119,119,369.73097607363053,371.3441228450666,1.6131467714360497,True,24,24,38.954
320,1031,240,2,7,GSA,0.7500000000351195,158,-1,-1,72.54769420402877,117,154,374.1023181650645,336.2218186263915,37.88049953867301,True,24,13,38.45
320,1031,240,2,7,TGSA,0.7500000000351195,158,-1,-1,14930.824001224777,117,320,374.1023181650645,0.0,374.1023181650645,True,24,319,38.45
320,1031,240,2,7,ZGSA,0.7500000000351195,158,164,151,1.3876760159765809,117,118,374.1023181650645,373.9317880629387,0.170530102125781,True,24,24,38.45
256,127,192,2,4,GSA,0.7500000000000085,136,-1,-1,43.59720719045781,91,122,227.67014309344162,204.8657556250033,22.804387468438335,True,27,14,7.868
256,127,192,2,4,TGSA,0.7500000000000085,136,-1,-1,9532.991475201607,91,256,227.67014309344162,0.0,227.67014309344162,True,27,255,7.868
256,127,192,2,4,ZGSA,0.7500000000000085,136,137,110,1.258272870101095,91,92,227.67014309344162,227.53746775904253,0.13267533439909585,True,27,27,7.868
256,127,192,2,2,GSA,0.7500000000000143,133,-1,-1,42.35226080217804,92,122,223.9692302809808,203.2435005686576,20.725729712323215,True,27,14,8.919
256,127,192,2,2,TGSA,0.7500000000000143,133,-1,-1,9532.9914752016,92,256,223.9692302809808,0.0,223.9692302809808,True,27,255,8.919
256,127,192,2,2,ZGSA,0.7500000000000143,133,134,112,0.8637668685236406,92,94,223.9692302809808,224.76071988260117,0.7914896016203556,True,27,27,8.919
256,127,192,2,3,GSA,0.7499999999999728,137,-1,-1,43.92564416077532,91,122,227.89258195791945,205.28976949333634,22.60281246458311,True,27,14,8.505
256,127,192,2,3,TGSA,0.7499999999999728,137,-1,-1,9532.99147520165,91,256,227.89258195791945,0.0,227.89258195791945,True,27,255,8.505
256,127,192,2,3,ZGSA,0.7499999999999728,137,138,107,1.4354554766314322,91,92,227.89258195791945,228.40854277905302,0.5159608211335751,True,27,27,8.505
256,127,192,2,5,GSA,0.7500000000000138,138,-1,-1,43.63036957021407,91,122,229.39405031764812,204.90856843301827,24.48548188462985,True,27,14,8.412
256,127,192,2,5,TGSA,0.7500000000000138,138,-1,-1,9532.991475201601,91,256,229.39405031764812,0.0,229.39405031764812,True,27,255,8.412
256,127,192,2,5,ZGSA,0.7500000000000138,138,138,105,1.5702488931902643,91,92,229.39405031764812,228.3520987979209,1.0419515197272347,True,27,27,8.412
320,1031,240,2,8,GSA,0.749999999983651,155,-1,-1,68.84848440440385,121,154,368.007279570444,331.31676853558275,36.69051103486123,True,24,13,38.806
320,1031,240,2,8,TGSA,0.749999999983651,155,-1,-1,14930.381460788138,121,320,368.007279570444,0.0,368.007279570444,True,24,319,38.806
320,1031,240,2,8,ZGSA,0.749999999983651,155,160,152,0.9350857275140925,121,120,368.007279570444,368.6559784054918,0.64869883504781,True,24,24,38.806
256,127,192,2,6,GSA,0.7500000000000201,132,-1,-1,44.30569585980531,93,122,227.41836870050315,205.7804182476199,21.637950452883246,True,27,14,8.342
256,127,192,2,6,TGSA,0.7500000000000201,132,-1,-1,9532.9914752016,93,256,227.41836870050315,0.0,227.41836870050315,True,27,255,8.342
256,127,192,2,6,ZGSA,0.7500000000000201,132,137,111,0.8781048529692157,93,92,227.41836870050315,227.55839345149363,0.1400247509904773,True,27,27,8.342
256,127,192,2,7,GSA,0.7500000000000158,140,-1,-1,44.74967735744103,92,122,227.26636093805138,206.35360071017845,20.912760227872923,True,27,14,8.203
256,127,192,2,7,TGSA,0.7500000000000158,140,-1,-1,9532.9914752016,92,256,227.26636093805138,0.0,227.26636093805138,True,27,255,8.203
256,127,192,2,7,ZGSA,0.7500000000000158,140,138,105,1.1540972966794456,92,92,227.26636093805138,228.3520987979205,1.0857378598691128,True,27,27,8.203
256,127,192,2,8,GSA,0.749999999999871,137,-1,-1,43.12391231101735,93,122,226.4264328390464,204.24947814811492,22.176954690931495,True,27,14,8.416
256,127,192,2,8,TGSA,0.749999999999871,137,-1,-1,9532.991475201712,93,256,226.4264328390464,0.0,226.4264328390464,True,27,255,8.416
256,127,192,2,8,ZGSA,0.749999999999871,137,136,110,0.83020744600163,93,93,226.4264328390464,226.59526384157365,0.16883100252724148,True,27,27,8.416
256,127,192,2,9,GSA,0.749999999999996,137,-1,-1,45.19159544480826,91,122,228.7270080332971,206.92411929916793,21.80288873412917,True,27,14,7.996
256,127,192,2,9,TGSA,0.749999999999996,137,-1,-1,9532.991475201625,91,256,228.7270080332971,0.0,228.7270080332971,True,27,255,7.996
256,127,192,2,9,ZGSA,0.749999999999996,137,140,104,1.7296182656877903,91,91,228.7270080332971,230.22308009604401,1.4960720627469186,True,27,27,7.996
320,1031,240,2,9,GSA,0.7499999999407829,155,-1,-1,67.16851290030485,122,154,367.87688039605587,329.06958129393826,38.80729910211761,True,24,13,38.691
320,1031,240,2,9,TGSA,0.7499999999407829,155,-1,-1,14930.518475526382,122,320,367.87688039605587,0.0,367.87688039605587,True,24,319,38.691
320,1031,240,2,9,ZGSA,0.7499999999407829,155,159,151,1.522800172626539,122,121,367.87688039605587,367.303906960145,0.5729734359108534,True,24,24,38.691
200,13,100,2,0,GSA,0.5000000000002456,26,-1,-1,24.041041706936483,92,95,183.7948000664037,160.56992710298164,23.224872963422058,True,20,11,1.031
200,13,100,2,0,TGSA,0.5000000000002456,26,-1,-1,5871.462022157108,92,200,183.7948000664037,0.0,183.7948000664037,True,20,199,1.031
200,13,100,2,0,ZGSA,0.5000000000002456,26,92,17,48.15277751625594,92,99,183.7948000664037,156.27210613245603,27.522693933947664,True,20,20,1.031
200,13,100,2,1,GSA,0.5000000000001047,27,-1,-1,24.2585884773547,89,95,182.62936389673274,159.7912685469587,22.83809534977405,True,20,11,1.148
200,13,100,2,1,TGSA,0.5000000000001047,27,-1,-1,5869.601144646025,89,200,182.62936389673274,0.0,182.62936389673274,True,20,199,1.148
200,13,100,2,1,ZGSA,0.5000000000001047,27,92,17,48.83508919172709,89,99,182.62936389673274,156.27210613249105,26.357257764241695,True,20,20,1.148
200,13,100,2,2,GSA,0.5000000000015474,25,-1,-1,23.545278908257032,90,95,183.53778913498206,160.82477696394324,22.713012171038827,True,20,11,1.025
200,13,100,2,2,TGSA,0.5000000000015474,25,-1,-1,5871.208847382741,90,200,183.53778913498206,0.0,183.53778913498206,True,20,199,1.025
200,13,100,2,2,ZGSA,0.5000000000015474,25,99,3,48.4631299642066,90,100,183.53778913498206,160.78440557953746,22.7533835554446,True,20,20,1.025
200,13,100,2,3,GSA,0.499999999999699,26,-1,-1,23.81181140019735,91,95,183.29699466122034,160.06449556064877,23.232499100571573,True,20,11,1.129
200,13,100,2,3,TGSA,0.499999999999699,26,-1,-1,5871.319707327765,91,200,183.29699466122034,0.0,183.29699466122034,True,20,199,1.129
200,13,100,2,3,ZGSA,0.499999999999699,26,98,4,50.33027472707822,91,100,183.29699466122034,159.72524738762337,23.57174727359697,True,20,20,1.129
200,13,100,2,4,GSA,0.5000000000003564,27,-1,-1,23.780276155119445,91,95,182.17623333443024,158.76982444195477,23.40640889247547,True,20,11,1.196
200,13,100,2,4,TGSA,0.5000000000003564,27,-1,-1,5870.046120545667,91,200,182.17623333443024,0.0,182.17623333443024,True,20,199,1.196
200,13,100,2,4,ZGSA,0.5000000000003564,27,99,3,47.33130746935112,91,100,182.17623333443024,160.78440557984095,21.391827754589286,True,20,20,1.196
200,13,100,2,5,GSA,0.5000000000002343,29,-1,-1,24.447319796411037,89,95,181.12951101177748,157.78551066765755,23.344000344119934,True,20,11,1.101
200,13,100,2,5,TGSA,0.5000000000002343,29,-1,-1,5869.739697992071,89,200,181.12951101177748,0.0,181.12951101177748,True,20,199,1.101
200,13,100,2,5,ZGSA,0.5000000000002343,29,66,69,47.682767477301894,89,97,181.12951101177748,139.75846132968906,41.371049682088426,True,20,20,1.101
200,13,100,2,6,GSA,0.500000000001652,31,-1,-1,25.916315181113575,90,95,183.83847294434042,159.08123192454133,24.757241019799096,True,20,11,0.81
200,13,100,2,6,TGSA,0.500000000001652,31,-1,-1,5871.130234991151,90,200,183.83847294434042,0.0,183.83847294434042,True,20,199,0.81
200,13,100,2,6,ZGSA,0.500000000001652,31,74,53,49.16758723014573,90,97,183.83847294434042,144.8392633926623,38.99920955167812,True,20,20,0.81
200,13,100,2,7,GSA,0.5000000000000461,28,-1,-1,24.73782421367543,88,95,182.60487945826424,159.3086293110948,23.296250147169445,True,20,11,1.249
200,13,100,2,7,TGSA,0.5000000000000461,28,-1,-1,5869.9206616901465,88,200,182.60487945826424,0.0,182.60487945826424,True,20,199,1.249
200,13,100,2,7,ZGSA,0.5000000000000461,28,85,31,48.50959055113185,88,98,182.60487945826424,151.81970112280823,30.78517833545601,True,20,20,1.249
200,13,100,2,8,GSA,0.4999999999997742,30,-1,-1,24.538162378893645,89,95,180.528969320009,157.2853309029097,23.243638417099305,True,20,11,1.31
200,13,100,2,8,TGSA,0.4999999999997742,30,-1,-1,5867.665113189387,89,200,180.528969320009,0.0,180.528969320009,True,20,199,1.31
200,13,100,2,8,ZGSA,0.4999999999997742,30,99,2,48.12643703704353,89,100,180.528969320009,160.36329449145055,20.16567482855845,True,20,20,1.31
200,13,100,2,9,GSA,0.49999999999960876,26,-1,-1,23.68868642989758,92,95,182.76594231578358,159.79301643185087,22.972925883932703,True,20,11,1.309
200,13,100,2,9,TGSA,0.49999999999960876,26,-1,-1,5871.22482025962,92,200,182.76594231578358,0.0,182.76594231578358,True,20,199,1.309
200,13,100,2,9,ZGSA,0.49999999999960876,26,66,68,48.39164176787678,92,97,182.76594231578358,139.50608187948663,43.25986043629695,True,20,20,1.309
200,13,150,2,0,GSA,0.7499999999999999,111,-1,-1,24.632231934177952,67,93,119.96566233133835,108.95767966493877,11.007982666399585,True,37,19,1.31
200,13,150,2,0,TGSA,0.7499999999999999,111,-1,-1,5787.552991283793,67,200,119.96566233133835,0.0,119.96566233133835,True,37,199,1.31
200,13,150,2,0,ZGSA,0.7499999999999999,111,130,40,5.728587183331239,67,62,119.96566233133835,120.87213726399057,0.9064749326522161,True,37,37,1.31
200,13,150,2,1,GSA,0.7500000000000001,111,-1,-1,24.543524663387046,65,93,118.9886386726083,108.8493830093861,10.139255663222201,True,37,19,1.303
200,13,150,2,1,TGSA,0.7500000000000001,111,-1,-1,5787.552991283793,65,200,118.9886386726083,0.0,118.9886386726083,True,37,199,1.303
200,13,150,2,1,ZGSA,0.7500000000000001,111,127,47,5.40906946971436,65,63,118.9886386726083,119.60469689730996,0.6160582247016606,True,37,37,1.303
200,13,150,2,2,GSA,0.7499999999999997,112,-1,-1,25.310111822700193,64,93,119.48151029575786,109.78059825477577,9.70091204098209,True,37,19,1.117
200,13,150,2,2,TGSA,0.7499999999999997,112,-1,-1,5787.552991283793,64,200,119.48151029575786,0.0,119.48151029575786,True,37,199,1.117
200,13,150,2,2,ZGSA,0.7499999999999997,112,137,26,6.801182593007461,64,58,119.48151029575786,123.81795493040582,4.336444634647961,True,37,37,1.117
200,13,150,2,3,GSA,0.7499999999999998,112,-1,-1,25.587898378924052,65,93,119.26583073104574,110.1162289032682,9.149601827777545,True,37,19,1.099
200,13,150,2,3,TGSA,0.7499999999999998,112,-1,-1,5787.552991283793,65,200,119.26583073104574,0.0,119.26583073104574,True,37,199,1.099
200,13,150,2,3,ZGSA,0.7499999999999998,112,140,20,7.816319774846093,65,57,119.26583073104574,125.03171449598146,5.765883764935722,True,37,37,1.099
200,13,150,2,4,GSA,0.7500000000000008,115,-1,-1,24.122844833316876,66,93,117.42870358701742,108.3358036957005,9.092899891316918,True,37,19,1.231
200,13,150,2,4,TGSA,0.7500000000000008,115,-1,-1,5787.552991283793,66,200,117.42870358701742,0.0,117.42870358701742,True,37,199,1.231
200,13,150,2,4,ZGSA,0.7500000000000008,115,130,41,5.79222020190219,66,62,117.42870358701742,120.90558504600028,3.4768814589828594,True,37,37,1.231
200,13,150,2,5,GSA,0.7499999999999999,112,-1,-1,25.738770209020487,65,93,119.95144243563928,110.2985170987915,9.652925336847773,True,37,19,1.073
200,13,150,2,5,TGSA,0.7499999999999999,112,-1,-1,5787.552991283793,65,200,119.95144243563928,0.0,119.95144243563928,True,37,199,1.073
200,13,150,2,5,ZGSA,0.7499999999999999,112,130,40,6.650580275148734,65,62,119.95144243563928,120.87213726399057,0.9206948283512872,True,37,37,1.073
200,13,150,2,6,GSA,0.7499999999999996,110,-1,-1,24.452170255713526,65,93,119.90478204815855,108.73785464268647,11.16692740547208,True,37,19,1.284
200,13,150,2,6,TGSA,0.7499999999999996,110,-1,-1,5787.552991283793,65,200,119.90478204815855,0.0,119.90478204815855,True,37,199,1.284
200,13,150,2,6,ZGSA,0.7499999999999996,110,132,36,5.599038224614446,65,61,119.90478204815855,121.72609332235464,1.8213112741960913,True,37,37,1.284
200,13,150,2,7,GSA,0.7500000000000013,112,-1,-1,24.71951391854283,67,93,119.2365842219533,109.06423628888942,10.172347933063875,True,37,19,1.025
200,13,150,2,7,TGSA,0.7500000000000013,112,-1,-1,5787.552991283793,67,200,119.2365842219533,0.0,119.2365842219533,True,37,199,1.025
200,13,150,2,7,ZGSA,0.7500000000000013,112,135,31,7.481247837760719,67,59,119.2365842219533,123.02656311631536,3.789978894362065,True,37,37,1.025
200,13,150,2,8,GSA,0.7500000000000002,113,-1,-1,25.0864433640331,63,93,118.92971825330802,109.51035483068436,9.419363422623661,True,37,19,1.198
200,13,150,2,8,TGSA,0.7500000000000002,113,-1,-1,5787.552991283793,63,200,118.92971825330802,0.0,118.92971825330802,True,37,199,1.198
200,13,150,2,8,ZGSA,0.7500000000000002,113,133,35,7.239296516182925,63,60,118.92971825330802,122.18484434302349,3.2551260897154606,True,37,37,1.198
200,13,150,2,9,GSA,0.7499999999999997,112,-1,-1,26.376324071863706,62,93,121.06398232598625,111.06883017457015,9.995152151416093,True,37,18,1.045
200,13,150,2,9,TGSA,0.7499999999999997,112,-1,-1,5787.552991283793,62,200,121.06398232598625,0.0,121.06398232598625,True,37,199,1.045
200,13,150,2,9,ZGSA,0.7499999999999997,112,140,20,8.029726572355393,62,57,121.06398232598625,125.03171449598146,3.967732169995216,True,37,37,1.045
200,31,100,2,1,GSA,0.499999999993179,17,-1,-1,18.928341909881887,92,96,206.7142587331198,188.34156670318777,18.37269202993204,True,15,9,2.251
200,31,100,2,1,TGSA,0.499999999993179,17,-1,-1,5895.757303935533,92,200,206.7142587331198,0.0,206.7142587331198,True,15,199,2.251
200,31,100,2,1,ZGSA,0.499999999993179,17,59,82,43.58250759594843,92,97,206.7142587331198,169.39380579370174,37.32045293941806,True,15,15,2.251
200,31,100,2,2,GSA,0.5000000000167526,20,-1,-1,21.98192107540968,92,96,211.4438741632147,190.1200828687687,21.32379129444601,True,15,9,1.898
200,31,100,2,2,TGSA,0.5000000000167526,20,-1,-1,5899.814865654115,92,200,211.4438741632147,0.0,211.4438741632147,True,15,199,1.898
200,31,100,2,2,ZGSA,0.5000000000167526,20,59,83,45.13988972028005,92,97,211.4438741632147,169.68704893479077,41.756825228423935,True,15,15,1.898
200,31,100,2,0,GSA,0.5000000000158354,21,-1,-1,21.486453827429948,93,96,207.8702528699338,186.75750272172064,21.112750148213166,True,15,9,2.29
200,31,100,2,0,TGSA,0.5000000000158354,21,-1,-1,5896.510805972514,93,200,207.8702528699338,0.0,207.8702528699338,True,15,199,2.29
200,31,100,2,0,ZGSA,0.5000000000158354,21,69,63,42.7331897036005,93,98,207.8702528699338,178.2210590601064,29.64919380982741,True,15,15,2.29
200,31,100,2,3,GSA,0.4999999999955356,20,-1,-1,21.128930802419667,92,96,207.687668666887,187.75445651571872,19.933212151168277,True,15,9,2.273
200,31,100,2,3,TGSA,0.4999999999955356,20,-1,-1,5896.106730752979,92,200,207.687668666887,0.0,207.687668666887,True,15,199,2.273
200,31,100,2,3,ZGSA,0.4999999999955356,20,76,48,44.57761148856039,92,98,207.687668666887,183.81379657780766,23.873872089079327,True,15,15,2.273
200,31,100,2,5,GSA,0.4999999999986829,17,-1,-1,21.457646349666867,90,96,216.64509308599844,196.45875587824548,20.186337207752956,True,15,8,1.406
200,31,100,2,5,TGSA,0.4999999999986829,17,-1,-1,5904.9902606066435,90,200,216.64509308599844,0.0,216.64509308599844,True,15,199,1.406
200,31,100,2,5,ZGSA,0.4999999999986829,17,74,52,48.585193924865166,90,98,216.64509308599844,182.12177264812672,34.52332043787172,True,15,15,1.406
200,31,100,2,4,GSA,0.49999999999843914,18,-1,-1,21.153821520093867,96,96,213.4022687714703,192.57912933632312,20.82313943514717,True,15,9,1.771
200,31,100,2,4,TGSA,0.49999999999843914,18,-1,-1,5902.947773879536,96,200,213.4022687714703,0.0,213.4022687714703,True,15,199,1.771
200,31,100,2,4,ZGSA,0.49999999999843914,18,65,70,46.97446503347882,96,98,213.4022687714703,174.4844319080053,38.917836863465,True,15,15,1.771
200,31,100,2,6,GSA,0.5000000000012864,18,-1,-1,20.236883702351637,92,96,209.3244833033431,189.78465217695376,19.539831126389345,True,15,9,1.692
200,31,100,2,6,TGSA,0.5000000000012864,18,-1,-1,5898.200281542503,92,200,209.3244833033431,0.0,209.3244833033431,True,15,199,1.692
200,31,100,2,6,ZGSA,0.5000000000012864,18,71,59,45.30145301842482,92,98,209.3244833033431,179.93112371738945,29.393359585953647,True,15,15,1.692
256,1031,192,2,0,GSA,0.7499999999992498,115,-1,-1,45.22464631270307,102,123,276.5028828422727,251.39217435399948,25.110708488273218,True,19,11,15.748
256,1031,192,2,0,TGSA,0.7499999999992498,115,-1,-1,9595.37856759074,102,256,276.5028828422727,0.0,276.5028828422727,True,19,255,15.748
256,1031,192,2,0,ZGSA,0.7499999999992498,115,116,130,2.512853006753943,102,102,276.5028828422727,278.9765976237602,2.4737147814875016,True,19,19,15.748
256,1031,192,2,2,GSA,0.7499999999976728,112,-1,-1,44.68859375981907,103,123,277.8795812309636,250.64432736110146,27.235253869862134,True,19,11,15.312
256,1031,192,2,2,TGSA,0.7499999999976728,112,-1,-1,9595.440194658822,103,256,277.8795812309636,0.0,277.8795812309636,True,19,255,15.312
256,1031,192,2,2,ZGSA,0.7499999999976728,112,116,134,1.796020297002542,103,101,277.8795812309636,279.09783197396894,1.218250743005342,True,19,19,15.312
256,1031,192,2,1,GSA,0.7499999999995526,110,-1,-1,45.320520719257786,101,123,276.8123955731146,251.52554250476248,25.286853068352116,True,19,11,16.1
256,1031,192,2,1,TGSA,0.7499999999995526,110,-1,-1,9594.938625688139,101,256,276.8123955731146,0.0,276.8123955731146,True,19,255,16.1
256,1031,192,2,1,ZGSA,0.7499999999995526,110,116,130,2.2826921951078987,101,102,276.8123955731146,278.9765976234771,2.164202050362519,True,19,19,16.1
200,31,100,2,7,GSA,0.5000000000690973,19,-1,-1,20.11699576282558,92,96,205.82292954572486,187.03377220177265,18.789157343952212,True,15,9,2.338
200,31,100,2,7,TGSA,0.5000000000690973,19,-1,-1,5894.703624610997,92,200,205.82292954572486,0.0,205.82292954572486,True,15,199,2.338
200,31,100,2,7,ZGSA,0.5000000000690973,19,67,67,43.43130867486744,92,97,205.82292954572486,176.51179745117565,29.311132094549208,True,15,15,2.338
200,31,100,2,8,GSA,0.5000000000093039,20,-1,-1,21.389854271781097,95,96,209.1486195327931,188.47808426812458,20.67053526466853,True,15,9,1.844
200,31,100,2,8,TGSA,0.5000000000093039,20,-1,-1,5898.260992928131,95,200,209.1486195327931,0.0,209.1486195327931,True,15,199,1.844
200,31,100,2,8,ZGSA,0.5000000000093039,20,62,77,45.22553029124529,95,97,209.1486195327931,172.2484347924679,36.900184740325216,True,15,15,1.844
200,31,100,2,9,GSA,0.4999999999917758,18,-1,-1,20.042363461290847,93,96,208.61823745248648,189.19182858694077,19.42640886554571,True,15,9,2.081
200,31,100,2,9,TGSA,0.4999999999917758,18,-1,-1,5897.866610446023,93,200,208.61823745248648,0.0,208.61823745248648,True,15,199,2.081
200,31,100,2,9,ZGSA,0.4999999999917758,18,58,84,44.64818229233843,93,97,208.61823745248648,168.54553291345576,40.072704539030724,True,15,15,2.081
200,31,150,2,1,GSA,0.7499999999999999,110,-1,-1,26.033534630373794,70,94,138.18178717171315,125.64027119921995,12.541515972493201,True,29,15,1.975
200,31,150,2,1,TGSA,0.7499999999999999,110,-1,-1,5809.4961969211445,70,200,138.18178717171315,0.0,138.18178717171315,True,29,199,1.975
200,31,150,2,1,ZGSA,0.7499999999999999,110,111,78,2.207011020495358,70,71,138.18178717171315,138.49528432469145,0.31349715297830016,True,29,29,1.975
256,1031,192,2,4,GSA,0.7500000000006765,117,-1,-1,46.900776862331426,99,123,282.4364591785111,253.72379167456643,28.712667503944658,True,19,11,15.547
256,1031,192,2,4,TGSA,0.7500000000006765,117,-1,-1,9597.006445396111,99,256,282.4364591785111,0.0,282.4364591785111,True,19,255,15.547
256,1031,192,2,4,ZGSA,0.7500000000006765,117,119,125,1.1997968763099536,99,100,282.4364591785111,282.7258731044602,0.28941392594913395,True,19,19,15.547
200,31,150,2,0,GSA,0.7500000000000002,106,-1,-1,24.99119236456886,71,94,137.42313125001448,124.30720761936612,13.115923630648354,True,29,16,2.223
200,31,150,2,0,TGSA,0.7500000000000002,106,-1,-1,5809.4961969211445,71,200,137.42313125001448,0.0,137.42313125001448,True,29,199,2.223
200,31,150,2,0,ZGSA,0.7500000000000002,106,109,83,0.9279164675298261,71,71,137.42313125001448,137.26070134382599,0.16242990618849262,True,29,29,2.223
256,1031,128,2,2,GSA,0.5000011607950547,9,-1,-1,13.645325950359776,122,125,385.4140104919753,373.95168545824765,11.462325033727666,True,9,7,20.389
256,1031,128,2,2,TGSA,0.5000011607950547,9,-1,-1,9718.935957940042,122,256,385.4140104919753,0.0,385.4140104919753,True,9,255,20.389
256,1031,128,2,2,ZGSA,0.5000011607950547,9,51,155,40.12810991943087,122,125,385.4140104919753,352.874110678694,32.539899813281295,True,9,10,20.389
200,31,150,2,2,GSA,0.7500000000000002,107,-1,-1,25.619121518573174,71,94,138.46517352064322,125.11027347830738,13.354900042335842,True,29,15,2.23
200,31,150,2,2,TGSA,0.7500000000000002,107,-1,-1,5809.4961969211445,71,200,138.46517352064322,0.0,138.46517352064322,True,29,199,2.23
200,31,150,2,2,ZGSA,0.7500000000000002,107,110,81,0.7643373402244897,71,71,138.46517352064322,137.8940709903471,0.5711025302961161,True,29,29,2.23
256,1031,192,2,5,GSA,0.7500000000176319,106,-1,-1,45.41241389798952,102,123,275.70099868077523,251.65337246728012,24.047626213495107,True,19,11,15.804
256,1031,192,2,5,TGSA,0.7500000000176319,106,-1,-1,9593.647154703178,102,256,275.70099868077523,0.0,275.70099868077523,True,19,255,15.804
256,1031,192,2,5,ZGSA,0.7500000000176319,106,115,131,2.5547181076375125,102,102,275.70099868077523,277.71193017847145,2.0109314976962196,True,19,19,15.804
256,1031,192,2,3,GSA,0.7500000000038615,111,-1,-1,44.034935983027125,102,123,277.22753036511085,249.7243249876184,27.503205377492463,True,19,11,16.777
256,1031,192,2,3,TGSA,0.7500000000038615,111,-1,-1,9594.99178590018,102,256,277.22753036511085,0.0,277.22753036511085,True,19,255,16.777
256,1031,192,2,3,ZGSA,0.7500000000038615,111,114,142,0.9260458231080975,102,102,277.22753036511085,276.6375110339769,0.5900193311339308,True,19,19,16.777
200,31,150,2,3,GSA,0.7500000000000001,105,-1,-1,26.451103677906133,70,94,138.1058185965909,126.17382901180575,11.931989584785143,True,29,15,2.436
200,31,150,2,3,TGSA,0.7500000000000001,105,-1,-1,5809.4961969211445,70,200,138.1058185965909,0.0,138.1058185965909,True,29,199,2.436
200,31,150,2,3,ZGSA,0.7500000000000001,105,112,77,1.4214508892106892,70,70,138.1058185965909,139.15106255838535,1.045243961794455,True,29,29,2.436
256,1031,128,2,3,GSA,0.49999864804706756,11,-1,-1,15.688176657865924,123,125,385.24039794292275,370.63889839335883,14.601499549563925,True,10,7,21.329
256,1031,128,2,3,TGSA,0.49999864804706756,11,-1,-1,9718.843795776002,123,256,385.24039794292275,0.0,385.24039794292275,True,10,255,21.329
256,1031,128,2,3,ZGSA,0.49999864804706756,11,53,150,41.32596638319666,123,125,385.24039794292275,355.95036079848666,29.2900371444361,True,10,10,21.329
256,1031,128,2,5,GSA,0.5000108755473592,10,-1,-1,15.575462502668621,123,125,390.8839919456655,376.19140362423184,14.692588321433675,True,10,7,21.119
256,1031,128,2,5,TGSA,0.5000108755473592,10,-1,-1,9724.344346351128,123,256,390.8839919456655,0.0,390.8839919456655,True,10,255,21.119
256,1031,128,2,5,ZGSA,0.5000108755473592,10,73,111,41.07930233253643,123,126,390.8839919456655,390.97200197426184,0.08801002859632945,True,10,10,21.119
200,31,150,2,5,GSA,0.7499999999999984,112,-1,-1,26.51334831401607,68,94,139.1626898122156,126.25249536858465,12.910194443630957,True,29,15,2.167
200,31,150,2,5,TGSA,0.7499999999999984,112,-1,-1,5809.496196921145,68,200,139.1626898122156,0.0,139.1626898122156,True,29,199,2.167
200,31,150,2,5,ZGSA,0.7499999999999984,112,112,76,1.1462100105052784,68,70,139.1626898122156,139.12721849138788,0.03547132082772464,True,29,29,2.167
256,1031,128,2,0,GSA,0.49999980962588864,11,-1,-1,15.196149316258982,125,125,382.5098811118038,367.64876874148234,14.86111237032145,True,10,7,22.18
256,1031,128,2,0,TGSA,0.49999980962588864,11,-1,-1,9716.531106836848,125,256,382.5098811118038,0.0,382.5098811118038,True,10,255,22.18
256,1031,128,2,0,ZGSA,0.49999980962588864,11,88,80,40.5141880222549,125,127,382.5098811118038,416.31361257443484,33.80373146263105,True,10,10,22.18
256,1031,128,2,7,GSA,0.5000250939129773,10,-1,-1,16.91691212525049,122,125,398.7536780644722,382.5933100539447,16.160368010527463,True,10,6,20.674
256,1031,128,2,7,TGSA,0.5000250939129773,10,-1,-1,9731.975380617632,122,256,398.7536780644722,0.0,398.7536780644722,True,10,255,20.674
256,1031,128,2,7,ZGSA,0.5000250939129773,10,86,85,43.485925120261385,122,126,398.7536780644722,413.4745605618099,14.720882497337698,True,10,10,20.674
256,1031,192,2,7,GSA,0.7499999999978346,111,-1,-1,45.36047845908632,100,123,279.04493986230887,251.58112657598403,27.463813286324836,True,19,11,16.413
256,1031,192,2,7,TGSA,0.7499999999978346,111,-1,-1,9595.564839774048,100,256,279.04493986230887,0.0,279.04493986230887,True,19,255,16.413
256,1031,192,2,7,ZGSA,0.7499999999978346,111,116,133,1.0449788448503625,100,101,279.04493986230887,279.07281992766497,0.02788006535610066,True,19,19,16.413
256,1031,192,2,9,GSA,0.7499999999953952,106,-1,-1,44.306753901853114,100,123,275.071351352251,250.106899997021,24.964451355229983,True,19,11,16.289
256,1031,192,2,9,TGSA,0.7499999999953952,106,-1,-1,9593.554155811784,100,256,275.071351352251,0.0,275.071351352251,True,19,255,16.289
256,1031,192,2,9,ZGSA,0.7499999999953952,106,114,142,2.446366244087045,100,102,275.071351352251,276.6375110418086,1.566159689557594,True,19,19,16.289
200,31,150,2,4,GSA,0.7500000000000001,105,-1,-1,26.392829070221545,69,94,138.0925258849258,126.0997770137488,11.992748871177,True,29,15,2.596
200,31,150,2,4,TGSA,0.7500000000000001,105,-1,-1,5809.4961969211445,69,200,138.0925258849258,0.0,138.0925258849258,True,29,199,2.596
200,31,150,2,4,ZGSA,0.7500000000000001,105,111,79,1.2679062355807744,69,70,138.0925258849258,138.51823341877858,0.4257075338527727,True,29,29,2.596
200,31,150,2,7,GSA,0.7499999999999996,108,-1,-1,28.615270049039765,67,94,141.10977407361685,128.90035976333337,12.209414310283478,True,29,15,1.819
200,31,150,2,7,TGSA,0.7499999999999996,108,-1,-1,5809.4961969211445,67,200,141.10977407361685,0.0,141.10977407361685,True,29,199,1.819
200,31,150,2,7,ZGSA,0.7499999999999996,108,116,68,2.653581575032426,67,68,141.10977407361685,141.6121632323573,0.5023891587404421,True,29,29,1.819
256,1031,192,2,6,GSA,0.750000000004164,113,-1,-1,43.03459417105276,101,123,275.34504667436534,248.31637594656976,27.02867072779557,True,19,11,17.116
256,1031,192,2,6,TGSA,0.750000000004164,113,-1,-1,9594.919410494434,101,256,275.34504667436534,0.0,275.34504667436534,True,19,255,17.116
256,1031,192,2,6,ZGSA,0.750000000004164,113,113,139,0.6323090656468935,101,103,275.34504667436534,275.3325266563968,0.012520017968540742,True,19,19,17.116
256,1031,128,2,1,GSA,0.49999810916153226,10,-1,-1,14.91473140342545,123,125,387.14674851152984,373.6541604683149,13.492588043214937,True,10,7,22.7
256,1031,128,2,1,TGSA,0.49999810916153226,10,-1,-1,9720.968459185655,123,256,387.14674851152984,0.0,387.14674851152984,True,10,255,22.7
256,1031,128,2,1,ZGSA,0.49999810916153226,10,49,158,41.50975745754931,123,125,387.14674851152984,349.0533817941093,38.09336671742051,True,10,10,22.7
200,31,150,2,6,GSA,0.7499999999999994,105,-1,-1,25.971823965678396,71,94,137.60424541337858,125.56134871678205,12.042896696596529,True,29,15,2.433
200,31,150,2,6,TGSA,0.7499999999999994,105,-1,-1,5809.4961969211445,71,200,137.60424541337858,0.0,137.60424541337858,True,29,199,2.433
200,31,150,2,6,ZGSA,0.7499999999999994,105,111,78,1.2579979528691183,71,71,137.60424541337858,138.49528432469145,0.8910389113128758,True,29,29,2.433
200,31,150,2,8,GSA,0.7499999999999998,105,-1,-1,26.541508866822888,70,94,137.92583440963847,126.28808539245149,11.637749017186977,True,29,15,2.147
200,31,150,2,8,TGSA,0.7499999999999998,105,-1,-1,5809.4961969211445,70,200,137.92583440963847,0.0,137.92583440963847,True,29,199,2.147
200,31,150,2,8,ZGSA,0.7499999999999998,105,113,74,1.983613927268621,70,70,137.92583440963847,139.74748645045298,1.821652040814513,True,29,29,2.147
200,31,150,2,9,GSA,0.7499999999999998,106,-1,-1,26.480287284798834,69,94,137.1362686251047,126.21071199614273,10.925556628961957,True,29,15,2.34
200,31,150,2,9,TGSA,0.7499999999999998,106,-1,-1,5809.4961969211445,69,200,137.1362686251047,0.0,137.1362686251047,True,29,199,2.34
200,31,150,2,9,ZGSA,0.7499999999999998,106,111,78,1.7247557642292435,69,71,137.1362686251047,138.49528432469143,1.3590156995867346,True,29,29,2.34
256,1031,128,2,6,GSA,0.5000096582420551,10,-1,-1,14.711650083054849,125,125,386.8594328355419,372.2970149233644,14.562417912177523,True,10,7,21.964
256,1031,128,2,6,TGSA,0.5000096582420551,10,-1,-1,9720.720516180558,125,256,386.8594328355419,0.0,386.8594328355419,True,10,255,21.964
256,1031,128,2,6,ZGSA,0.5000096582420551,10,58,141,40.845123521321,125,125,386.8594328355419,364.99117073892313,21.868262096618764,True,10,10,21.964
256,1031,128,2,4,GSA,0.5000000556987597,10,-1,-1,15.069875160775787,125,125,389.4530802018952,374.6859765170393,14.767103684855897,True,10,7,22.906
256,1031,128,2,4,TGSA,0.5000000556987597,10,-1,-1,9723.640020872894,125,256,389.4530802018952,0.0,389.4530802018952,True,10,255,22.906
256,1031,128,2,4,ZGSA,0.5000000556987597,10,54,149,38.150713171090274,125,125,389.4530802018952,358.07062123084535,31.382458971049857,True,10,10,22.906
256,1031,192,2,8,GSA,0.7500000000006622,110,-1,-1,41.713763641736065,103,123,274.5201766180794,246.440498761985,28.079677856094406,True,19,11,18.013
256,1031,192,2,8,TGSA,0.7500000000006622,110,-1,-1,9594.594488072398,103,256,274.5201766180794,0.0,274.5201766180794,True,19,255,18.013
256,1031,192,2,8,ZGSA,0.7500000000006622,110,112,134,1.4806535558505516,103,103,274.5201766180794,273.9168800947065,0.603296523372876,True,19,19,18.013
256,1031,128,2,9,GSA,0.5000058528391531,11,-1,-1,15.83560361245901,121,125,386.54996750092573,371.5313333194703,15.018634181455411,True,10,7,22.731
256,1031,128,2,9,TGSA,0.5000058528391531,11,-1,-1,9720.494405680845,121,256,386.54996750092573,0.0,386.54996750092573,True,10,255,22.731
256,1031,128,2,9,ZGSA,0.5000058528391531,11,49,159,39.15363560223932,121,125,386.54996750092573,349.4070320743072,37.14293542661852,True,10,10,22.731
256,1031,128,2,8,GSA,0.5000626505480085,10,-1,-1,14.455023554795488,126,125,384.31419703760014,370.56430504727916,13.749891990320975,True,10,7,23.45
256,1031,128,2,8,TGSA,0.5000626505480085,10,-1,-1,9718.44987179116,126,256,384.31419703760014,0.0,384.31419703760014,True,10,255,23.45
256,1031,128,2,8,ZGSA,0.5000626505480085,10,54,149,37.747104354094915,126,125,384.31419703760014,358.0312339310174,26.282963106582713,True,10,10,23.45
200,127,100,2,3,GSA,0.5000000002848017,11,-1,-1,13.525465860003628,96,97,240.3135144369316,226.83307803187114,13.480436405060459,True,11,7,4.568
200,127,100,2,3,TGSA,0.5000000002848017,11,-1,-1,5929.835835734092,96,200,240.3135144369316,0.0,240.3135144369316,True,11,199,4.568
200,127,100,2,3,ZGSA,0.5000000002848017,11,55,91,33.63442060447581,96,98,240.3135144369316,220.67346463671282,19.640049800218776,True,11,11,4.568
200,127,100,2,2,GSA,0.5000000007237347,12,-1,-1,13.403160827311883,95,97,234.78650853741172,221.87282961150737,12.91367892590435,True,11,7,5.055
200,127,100,2,2,TGSA,0.5000000007237347,12,-1,-1,5924.572953205747,95,200,234.78650853741172,0.0,234.78650853741172,True,11,199,5.055
200,127,100,2,2,ZGSA,0.5000000007237347,12,52,97,30.33125032429271,95,97,234.78650853741172,217.05141213804433,17.735096399367393,True,11,11,5.055
200,127,150,2,1,GSA,0.7500000000000087,93,-1,-1,27.43486282056594,78,95,166.46259369830267,151.0240302651507,15.438563433151955,True,21,12,3.489
200,127,150,2,1,TGSA,0.7500000000000087,93,-1,-1,5843.479689586947,78,200,166.46259369830267,0.0,166.46259369830267,True,21,199,3.489
200,127,150,2,1,ZGSA,0.7500000000000087,93,96,98,1.2403714994320296,78,77,166.46259369830267,167.36855556051322,0.9059618622105461,True,21,21,3.489
200,127,100,2,0,GSA,0.49999999994922867,12,-1,-1,12.840223899244794,94,97,231.6983383467272,219.37978776819887,12.318550578528345,True,11,7,5.255
200,127,100,2,0,TGSA,0.49999999994922867,12,-1,-1,5921.372663345599,94,200,231.6983383467272,0.0,231.6983383467272,True,11,199,5.255
200,127,100,2,0,ZGSA,0.49999999994922867,12,75,50,29.26134639830282,94,99,231.6983383467272,244.32617499143402,12.627836644706804,True,11,11,5.255
200,127,100,2,1,GSA,0.5000000000446609,12,-1,-1,13.572317830633118,94,97,235.64986840390674,222.62196436974034,13.027904034166397,True,11,7,5.182
200,127,100,2,1,TGSA,0.5000000000446609,12,-1,-1,5925.347585447808,94,200,235.64986840390674,0.0,235.64986840390674,True,11,199,5.182
200,127,100,2,1,ZGSA,0.5000000000446609,12,56,89,31.06196065134864,94,98,235.64986840390674,221.8822685419212,13.76759986198553,True,11,11,5.182
200,127,150,2,2,GSA,0.7499999999999958,93,-1,-1,26.289630468323637,78,95,165.55499527659242,149.45828290881371,16.096712367778707,True,21,12,3.597
200,127,150,2,2,TGSA,0.7499999999999958,93,-1,-1,5843.3842978367165,78,200,165.55499527659242,0.0,165.55499527659242,True,21,199,3.597
200,127,150,2,2,ZGSA,0.7499999999999958,93,94,99,0.5196575173577429,78,78,165.55499527659242,165.54793377042802,0.007061506164404818,True,21,21,3.597
200,127,100,2,4,GSA,0.500000000170657,13,-1,-1,14.660111110811556,93,97,236.69033889324427,223.45404598763542,13.236292905608849,True,11,7,4.966
200,127,100,2,4,TGSA,0.500000000170657,13,-1,-1,5925.532305538499,93,200,236.69033889324427,0.0,236.69033889324427,True,11,199,4.966
200,127,100,2,4,ZGSA,0.500000000170657,13,66,69,33.16764725534901,93,98,236.69033889324427,233.9631551910872,2.7271837021570775,True,11,11,4.966
200,127,150,2,5,GSA,0.7499999999999986,95,-1,-1,28.878759333807743,75,95,168.9078473510718,152.97480118562288,15.933046165448928,True,21,12,3.446
200,127,150,2,5,TGSA,0.7499999999999986,95,-1,-1,5844.109245052759,75,200,168.9078473510718,0.0,168.9078473510718,True,21,199,3.446
200,127,150,2,5,ZGSA,0.7499999999999986,95,98,92,1.0379627320618852,75,76,168.9078473510718,169.06714181311025,0.15929446203844577,True,21,21,3.446
200,127,150,2,3,GSA,0.7500000000000272,87,-1,-1,26.354566289727735,78,95,164.27914928074284,149.5470623521299,14.732086928612944,True,21,12,3.735
200,127,150,2,3,TGSA,0.7500000000000272,87,-1,-1,5843.278486614858,78,200,164.27914928074284,0.0,164.27914928074284,True,21,199,3.735
200,127,150,2,3,ZGSA,0.7500000000000272,87,93,107,0.805132574410834,78,78,164.27914928074284,164.739434026891,0.4602847461481474,True,21,21,3.735
200,127,150,2,7,GSA,0.7500000000000014,96,-1,-1,27.11399526765193,76,95,167.17504081940274,150.58534415789342,16.589696661509322,True,21,12,3.375
200,127,150,2,7,TGSA,0.7500000000000014,96,-1,-1,5844.189068640024,76,200,167.17504081940274,0.0,167.17504081940274,True,21,199,3.375
200,127,150,2,7,ZGSA,0.7500000000000014,96,95,101,1.0072067038526598,76,77,167.17504081940274,166.49920824342865,0.6758325759740842,True,21,21,3.375
200,127,150,2,8,GSA,0.7499999999999999,96,-1,-1,27.250229281626247,76,95,166.6261409588064,150.7716015977404,15.854539361065974,True,21,12,3.412
200,127,150,2,8,TGSA,0.7499999999999999,96,-1,-1,5844.278640779752,76,200,166.6261409588064,0.0,166.6261409588064,True,21,199,3.412
200,127,150,2,8,ZGSA,0.7499999999999999,96,95,100,0.5837464980396021,76,77,166.6261409588064,166.48326010842356,0.1428808503828236,True,21,21,3.412
200,127,150,2,6,GSA,0.7499999999999952,91,-1,-1,25.83874120043599,76,95,164.61703928576293,148.8382101585699,15.778829127193035,True,21,12,3.653
200,127,150,2,6,TGSA,0.7499999999999952,91,-1,-1,5842.763232962349,76,200,164.61703928576293,0.0,164.61703928576293,True,21,199,3.653
200,127,150,2,6,ZGSA,0.7499999999999952,91,93,99,0.907015718995666,76,78,164.61703928576293,164.62510883370317,0.008069547940237953,True,21,21,3.653
200,127,150,2,0,GSA,0.7500000000000031,93,-1,-1,26.125591946598433,78,95,164.40600213249837,149.23401149239055,15.171990640107822,True,21,12,4.526
200,127,150,2,0,TGSA,0.7500000000000031,93,-1,-1,5843.568672301729,78,200,164.40600213249837,0.0,164.40600213249837,True,21,199,4.526
200,127,150,2,0,ZGSA,0.7500000000000031,93,93,101,0.5569035008997361,78,78,164.40600213249837,164.67291809245177,0.2669159599533941,True,21,21,4.526
200,127,150,2,4,GSA,0.75,95,-1,-1,26.78398715417768,77,95,166.60044444224246,150.13416118878098,16.466283253461484,True,21,12,4.351
200,127,150,2,4,TGSA,0.75,95,-1,-1,5844.05432847291,77,200,166.60044444224246,0.0,166.60044444224246,True,21,199,4.351
200,127,150,2,4,ZGSA,0.75,95,95,96,0.7346966998630649,77,78,166.60044444224246,166.3882269926387,0.2122174496037701,True,21,21,4.351
200,127,100,2,5,GSA,0.4999999992336745,12,-1,-1,13.512954312284556,95,97,235.60138035801694,222.35906523817243,13.242315119844505,True,11,7,5.393
200,127,100,2,5,TGSA,0.4999999992336745,12,-1,-1,5924.464805687249,95,200,235.60138035801694,0.0,235.60138035801694,True,11,199,5.393
200,127,100,2,5,ZGSA,0.4999999992336745,12,90,20,31.008348698846447,95,100,235.60138035801694,262.34603720356466,26.744656845547723,True,11,11,5.393
200,127,150,2,9,GSA,0.7500000000000256,93,-1,-1,27.723051766614503,77,95,166.25299710969693,151.41672806731503,14.8362690423819,True,21,12,3.967
200,127,150,2,9,TGSA,0.7500000000000256,93,-1,-1,5843.319021841985,77,200,166.25299710969693,0.0,166.25299710969693,True,21,199,3.967
200,127,150,2,9,ZGSA,0.7500000000000256,93,95,105,1.630624411644206,77,77,166.25299710969693,166.53101853965495,0.2780214299580166,True,21,21,3.967
200,127,100,2,9,GSA,0.49999999875691514,12,-1,-1,13.468092040016927,97,97,235.58483095320082,222.16038674290058,13.424444210300237,True,11,7,5.183
200,127,100,2,9,TGSA,0.49999999875691514,12,-1,-1,5925.187635772207,97,200,235.58483095320082,0.0,235.58483095320082,True,11,199,5.183
200,127,100,2,9,ZGSA,0.49999999875691514,12,81,38,31.354233156636894,97,99,235.58483095320082,251.5258628392428,15.94103188604197,True,11,11,5.183
200,127,100,2,6,GSA,0.5000000011625142,11,-1,-1,12.740420055690578,95,97,235.64449180218156,223.060402178976,12.584089623205557,True,11,7,5.705
200,127,100,2,6,TGSA,0.5000000011625142,11,-1,-1,5924.865373771877,95,200,235.64449180218156,0.0,235.64449180218156,True,11,199,5.705
200,127,100,2,6,ZGSA,0.5000000011625142,11,48,105,28.200113862336593,95,97,235.64449180218156,212.22387159301076,23.420620209170806,True,11,11,5.705
200,127,100,2,8,GSA,0.4999999998763448,14,-1,-1,14.326414686839605,94,97,232.84145097462573,218.8666374744758,13.974813500149935,True,11,7,5.465
200,127,100,2,8,TGSA,0.4999999998763448,14,-1,-1,5922.178114217684,94,200,232.84145097462573,0.0,232.84145097462573,True,11,199,5.465
200,127,100,2,8,ZGSA,0.4999999998763448,14,66,68,30.769487431945265,94,98,232.84145097462573,233.51159578430668,0.6701448096809486,True,11,11,5.465
200,127,100,2,7,GSA,0.49999999732895745,10,-1,-1,11.717841046352415,96,97,233.8280495735645,222.777533844821,11.050515728743505,True,10,7,5.676
200,127,100,2,7,TGSA,0.49999999732895745,10,-1,-1,5923.299887312407,96,200,233.8280495735645,0.0,233.8280495735645,True,10,199,5.676
200,127,100,2,7,ZGSA,0.49999999732895745,10,48,104,31.168799707082727,96,97,233.8280495735645,211.8975901704615,21.930459403102986,True,10,11,5.676
160,13,80,2,0,GSA,0.49999999999984046,25,-1,-1,16.12661026943612,72,76,133.39613781965153,118.17771725395427,15.218420565697258,True,16,10,0.617
160,13,80,2,0,TGSA,0.49999999999984046,25,-1,-1,3767.62263314978,72,160,133.39613781965153,0.0,133.39613781965153,True,16,159,0.617
160,13,80,2,0,ZGSA,0.49999999999984046,25,65,30,30.25956117568952,72,79,133.39613781965153,118.97793078025043,14.418207039401096,True,16,16,0.617
160,13,80,2,2,GSA,0.4999999999999655,21,-1,-1,15.814482454882011,73,76,135.93027501217728,120.51517581904623,15.415099193131041,True,16,9,0.604
160,13,80,2,2,TGSA,0.4999999999999655,21,-1,-1,3771.121480096334,73,160,135.93027501217728,0.0,135.93027501217728,True,16,159,0.604
160,13,80,2,2,ZGSA,0.4999999999999655,21,79,2,31.421934196069117,73,80,135.93027501217728,127.83938772906174,8.090887283115535,True,16,16,0.604
160,13,80,2,1,GSA,0.49999999999998496,21,-1,-1,15.759890572854303,73,76,135.94477669234084,120.39578062181732,15.548996070523515,True,16,9,0.601
160,13,80,2,1,TGSA,0.49999999999998496,21,-1,-1,3771.4324500911134,73,160,135.94477669234084,0.0,135.94477669234084,True,16,159,0.601
160,13,80,2,1,ZGSA,0.49999999999998496,21,67,26,31.046542688818654,73,79,135.94477669234084,120.23936789056606,15.70540880177478,True,16,16,0.601
160,13,80,2,3,GSA,0.4999999999999597,24,-1,-1,16.174490330055534,72,76,133.89261144450364,118.86280583831031,15.029805606193335,True,16,10,0.72
160,13,80,2,3,TGSA,0.4999999999999597,24,-1,-1,3768.4465086217774,72,160,133.89261144450364,0.0,133.89261144450364,True,16,159,0.72
160,13,80,2,3,ZGSA,0.4999999999999597,24,79,2,30.307585761589337,72,80,133.89261144450364,127.83938772906286,6.0532237154407795,True,16,16,0.72
160,13,80,2,4,GSA,0.5000000000000645,22,-1,-1,16.003553142352967,73,76,135.67408410011464,120.00666945911449,15.66741464100015,True,16,9,0.678
160,13,80,2,4,TGSA,0.5000000000000645,22,-1,-1,3770.3310705099316,73,160,135.67408410011464,0.0,135.67408410011464,True,16,159,0.678
160,13,80,2,4,ZGSA,0.5000000000000645,22,56,49,29.85995607726114,73,78,135.67408410011464,113.57339874027872,22.10068535983592,True,16,16,0.678
160,13,80,2,6,GSA,0.4999999999999304,24,-1,-1,15.804097219799825,73,76,133.26622908136522,118.13836049093399,15.127868590431234,True,16,10,0.589
160,13,80,2,6,TGSA,0.4999999999999304,24,-1,-1,3768.366914222702,73,160,133.26622908136522,0.0,133.26622908136522,True,16,159,0.589
160,13,80,2,6,ZGSA,0.4999999999999304,24,69,22,29.95021889284149,73,79,133.26622908136522,121.49605158740866,11.770177493956567,True,16,16,0.589
160,13,80,2,5,GSA,0.49999999999994554,23,-1,-1,15.3267497702697,72,76,132.10232822103137,117.8403381999412,14.26199002109017,True,16,10,0.827
160,13,80,2,5,TGSA,0.49999999999994554,23,-1,-1,3767.079897223168,72,160,132.10232822103137,0.0,132.10232822103137,True,16,159,0.827
160,13,80,2,5,ZGSA,0.49999999999994554,23,50,60,28.549818969190703,72,77,132.10232822103137,109.52049674681177,22.581831474219598,True,16,16,0.827
160,13,80,2,7,GSA,0.4999999999998355,21,-1,-1,15.271343036279077,70,76,133.45365466236774,119.32730255751142,14.126352104856323,True,16,10,0.653
160,13,80,2,7,TGSA,0.4999999999998355,21,-1,-1,3767.9959811550816,70,160,133.45365466236774,0.0,133.45365466236774,True,16,159,0.653
160,13,80,2,7,ZGSA,0.4999999999998355,21,63,34,30.068777798876688,70,79,133.45365466236774,117.71341793175412,15.740236730613617,True,16,16,0.653
160,13,80,2,8,GSA,0.4999999999999773,21,-1,-1,15.556820060519115,71,76,134.47946125810034,119.95165518676933,14.527806071331014,True,16,9,0.695
160,13,80,2,8,TGSA,0.4999999999999773,21,-1,-1,3769.0827369198105,71,160,134.47946125810034,0.0,134.47946125810034,True,16,159,0.695
160,13,80,2,8,ZGSA,0.4999999999999773,21,79,2,30.128242993222557,71,80,134.47946125810034,127.83938772905944,6.6400735290409045,True,16,16,0.695
160,13,80,2,9,GSA,0.5000000000001928,22,-1,-1,15.873858404379057,72,76,135.00619879162423,119.73395167015829,15.272247121465938,True,16,9,0.651
160,13,80,2,9,TGSA,0.5000000000001928,22,-1,-1,3769.302496380964,72,160,135.00619879162423,0.0,135.00619879162423,True,16,159,0.651
160,13,80,2,9,ZGSA,0.5000000000001928,22,63,35,30.176362066537372,72,78,135.00619879162423,118.02280068687196,16.98339810475227,True,16,16,0.651
160,13,120,2,0,GSA,0.75,90,-1,-1,15.764916553078564,57,74,89.74803781844588,82.06407998526831,7.683957833177573,True,29,16,0.618
160,13,120,2,0,TGSA,0.75,90,-1,-1,3714.213734511389,57,160,89.74803781844588,0.0,89.74803781844588,True,29,159,0.618
160,13,120,2,0,ZGSA,0.75,90,90,61,0.8123577628252558,57,56,89.74803781844588,90.16945689396744,0.42141907552155544,True,29,29,0.618
160,13,120,2,1,GSA,0.75,86,-1,-1,16.3281458993917,56,74,89.83113423873655,82.77654103872428,7.0545932000122775,True,29,16,0.656
160,13,120,2,1,TGSA,0.75,86,-1,-1,3714.213734511389,56,160,89.83113423873655,0.0,89.83113423873655,True,29,159,0.656
160,13,120,2,1,ZGSA,0.75,86,91,59,1.2936404913400708,56,56,89.83113423873655,90.62842532581107,0.7972910870745125,True,29,29,0.656
160,13,120,2,2,GSA,0.75,91,-1,-1,16.02102893985846,54,74,89.90342482734346,82.38805120957107,7.515373617772383,True,29,16,0.683
160,13,120,2,2,TGSA,0.75,91,-1,-1,3714.213734511389,54,160,89.90342482734346,0.0,89.90342482734346,True,29,159,0.683
160,13,120,2,2,ZGSA,0.75,91,91,59,1.1216093629475878,54,56,89.90342482734346,90.62842532581107,0.7250004984676082,True,29,29,0.683
160,13,120,2,3,GSA,0.75,89,-1,-1,15.497056962027457,56,74,89.96902611322096,81.72524904928167,8.24377706393929,True,29,17,0.737
160,13,120,2,3,TGSA,0.75,89,-1,-1,3714.213734511389,56,160,89.96902611322096,0.0,89.96902611322096,True,29,159,0.737
160,13,120,2,3,ZGSA,0.75,89,89,63,0.8449064942254907,56,57,89.96902611322096,89.69949996481996,0.269526148400999,True,29,29,0.737
160,13,120,2,4,GSA,0.75,89,-1,-1,15.896218327834191,55,74,90.13588746903869,82.23017111914726,7.905716349891435,True,29,16,0.646
160,13,120,2,4,TGSA,0.75,89,-1,-1,3714.213734511389,55,160,90.13588746903869,0.0,90.13588746903869,True,29,159,0.646
160,13,120,2,4,ZGSA,0.75,89,90,61,1.372089485854806,55,56,90.13588746903869,90.16945689396744,0.03356942492874282,True,29,29,0.646
160,13,120,2,5,GSA,0.75,90,-1,-1,16.190490908626167,55,74,90.6067647255015,82.60241335809776,8.004351367403743,True,29,16,0.722
160,13,120,2,5,TGSA,0.75,90,-1,-1,3714.213734511389,55,160,90.6067647255015,0.0,90.6067647255015,True,29,159,0.722
160,13,120,2,5,ZGSA,0.75,90,90,61,0.9333655645793808,55,56,90.6067647255015,90.16945689396744,0.4373078315340706,True,29,29,0.722
160,13,120,2,7,GSA,0.75,88,-1,-1,17.1636651517898,54,74,92.50006671130501,83.82359150965922,8.676475201645786,True,29,16,0.57
160,13,120,2,7,TGSA,0.75,88,-1,-1,3714.213734511389,54,160,92.50006671130501,0.0,92.50006671130501,True,29,159,0.57
160,13,120,2,7,ZGSA,0.75,88,93,55,1.3050087561841028,54,55,92.50006671130501,91.54831572971432,0.9517509815906919,True,29,29,0.57
160,13,120,2,6,GSA,0.75,86,-1,-1,15.53742052184817,57,74,89.52972893769152,81.77630722781447,7.7534217098770455,True,29,17,0.676
160,13,120,2,6,TGSA,0.75,86,-1,-1,3714.213734511389,57,160,89.52972893769152,0.0,89.52972893769152,True,29,159,0.676
160,13,120,2,6,ZGSA,0.75,86,89,63,1.0125000600930925,57,57,89.52972893769152,89.69949996481996,0.16977102712844783,True,29,29,0.676
160,13,120,2,9,GSA,0.75,88,-1,-1,16.3414864774778,56,74,90.67844875914449,82.79341629906516,7.88503246007933,True,29,16,0.608
160,13,120,2,9,TGSA,0.75,88,-1,-1,3714.213734511389,56,160,90.67844875914449,0.0,90.67844875914449,True,29,159,0.608
160,13,120,2,9,ZGSA,0.75,88,92,57,0.794615994795425,56,55,90.67844875914449,91.09096112339179,0.41251236424730564,True,29,29,0.608
160,13,120,2,8,GSA,0.75,89,-1,-1,15.955913548518353,55,74,89.73016628309193,82.30568302170084,7.424483261391089,True,29,16,0.768
160,13,120,2,8,TGSA,0.75,89,-1,-1,3714.213734511389,55,160,89.73016628309193,0.0,89.73016628309193,True,29,159,0.768
160,13,120,2,8,ZGSA,0.75,89,90,61,0.8717041507034793,55,56,89.73016628309193,90.16945689396744,0.4392906108755028,True,29,29,0.768
160,31,80,2,1,GSA,0.4999999999996622,16,-1,-1,14.262492745262005,71,77,155.8322994423109,142.6742538727989,13.158045569512012,True,12,7,1.202
160,31,80,2,1,TGSA,0.4999999999996622,16,-1,-1,3790.9415460875575,71,160,155.8322994423109,0.0,155.8322994423109,True,12,159,1.202
160,31,80,2,1,ZGSA,0.4999999999996622,16,41,78,29.024518155496395,71,77,155.8322994423109,129.91080543939802,25.92149400291288,True,12,12,1.202
160,31,80,2,0,GSA,0.49999999999890643,17,-1,-1,13.830426211328415,73,77,151.712772386648,140.00445032164208,11.708322065005916,True,12,8,1.402
160,31,80,2,0,TGSA,0.49999999999890643,17,-1,-1,3786.5880928460206,73,160,151.712772386648,0.0,151.712772386648,True,12,159,1.402
160,31,80,2,0,ZGSA,0.49999999999890643,17,70,20,27.2846125634711,73,80,151.712772386648,154.49060085638752,2.777828469739518,True,12,12,1.402
160,31,80,2,2,GSA,0.5000000000014669,14,-1,-1,11.70259211306064,78,77,149.5801126843631,138.6586866071966,10.921426077166473,True,12,8,1.332
160,31,80,2,2,TGSA,0.5000000000014669,14,-1,-1,3785.651417262963,78,160,149.5801126843631,0.0,149.5801126843631,True,12,159,1.332
160,31,80,2,2,ZGSA,0.5000000000014669,14,69,23,24.21518781893812,78,79,149.5801126843631,154.08381609132084,4.503703406957754,True,12,12,1.332
200,1031,150,2,4,GSA,0.7499999999996506,72,-1,-1,26.87635647097889,84,96,203.16146097538197,183.9643434110423,19.197117564339663,True,15,9,6.765
200,1031,150,2,4,TGSA,0.7499999999996506,72,-1,-1,5884.653275172605,84,200,203.16146097538197,0.0,203.16146097538197,True,15,199,6.765
200,1031,150,2,4,ZGSA,0.7499999999996506,72,78,117,1.2826080416080003,84,84,203.16146097538197,201.87885293377397,1.2826080416080003,True,15,15,6.765
200,1031,150,2,3,GSA,0.750000000000092,72,-1,-1,25.69721350510899,84,96,199.2767412420151,182.19029829472154,17.086442947293563,True,15,9,6.998
200,1031,150,2,3,TGSA,0.750000000000092,72,-1,-1,5882.481738941544,84,200,199.2767412420151,0.0,199.2767412420151,True,15,199,6.998
200,1031,150,2,3,ZGSA,0.750000000000092,72,76,120,1.14191446081864,84,84,199.2767412420151,199.4557198267808,0.1789785847657015,True,15,15,6.998
200,1031,150,2,0,GSA,0.7500000000000484,72,-1,-1,24.67333992924182,82,96,197.08344129180466,180.62674541875901,16.456695873045646,True,15,9,7.223
200,1031,150,2,0,TGSA,0.7500000000000484,72,-1,-1,5880.439552503372,82,200,197.08344129180466,0.0,197.08344129180466,True,15,199,7.223
200,1031,150,2,0,ZGSA,0.7500000000000484,72,74,126,1.5457932948272628,82,85,197.08344129180466,197.08336209771957,7.919408508882952e-05,True,15,15,7.223
160,31,80,2,3,GSA,0.4999999999998651,16,-1,-1,12.33052142986044,74,77,148.6026351592549,137.3152136456459,11.28742151360899,True,12,8,1.465
160,31,80,2,3,TGSA,0.4999999999998651,16,-1,-1,3783.8417971249055,74,160,148.6026351592549,0.0,148.6026351592549,True,12,159,1.465
160,31,80,2,3,ZGSA,0.4999999999998651,16,73,14,24.957218522828676,74,80,148.6026351592549,157.050094424703,8.447459265448089,True,12,12,1.465
200,1031,150,2,5,GSA,0.7500000000003582,74,-1,-1,24.378003167994507,85,96,197.14150696878053,180.17443030529006,16.967076663490474,True,15,9,7.291
200,1031,150,2,5,TGSA,0.7500000000003582,74,-1,-1,5881.614710531891,85,200,197.14150696878053,0.0,197.14150696878053,True,15,199,7.291
200,1031,150,2,5,ZGSA,0.7500000000003582,74,74,126,0.8845134268385095,85,85,197.14150696878053,197.08336209751914,0.05814487126139056,True,15,15,7.291
200,1031,150,2,6,GSA,0.749999999999173,72,-1,-1,23.739845624596626,83,96,195.5406289847532,179.19237374347506,16.34825524127814,True,15,9,7.33
200,1031,150,2,6,TGSA,0.749999999999173,72,-1,-1,5880.031189574504,83,200,195.5406289847532,0.0,195.5406289847532,True,15,199,7.33
200,1031,150,2,6,ZGSA,0.749999999999173,72,73,123,0.8336213221485878,83,85,195.5406289847532,195.82658011735427,0.2859511326010704,True,15,15,7.33
160,31,80,2,4,GSA,0.5000000000048818,13,-1,-1,11.42207913257441,74,77,150.12764972661859,139.75587202210642,10.37177770451217,True,12,8,1.329
160,31,80,2,4,TGSA,0.5000000000048818,13,-1,-1,3786.025717785848,74,160,150.12764972661859,0.0,150.12764972661859,True,12,159,1.329
160,31,80,2,4,ZGSA,0.5000000000048818,13,41,79,24.90409698743052,74,77,150.12764972661859,130.16710785741824,19.96054186920034,True,12,12,1.329
200,1031,150,2,2,GSA,0.7500000000000218,71,-1,-1,23.093902288274123,87,96,194.33356554391528,178.1847021387993,16.148863405115975,True,15,10,8.038
200,1031,150,2,2,TGSA,0.7500000000000218,71,-1,-1,5879.231787528599,87,200,194.33356554391528,0.0,194.33356554391528,True,15,199,8.038
200,1031,150,2,2,ZGSA,0.7500000000000218,71,72,121,0.679433843187951,87,86,194.33356554391528,194.54309140266264,0.2095258587473552,True,15,15,8.038
160,31,120,2,0,GSA,0.7499999999999999,77,-1,-1,16.31565336987076,60,75,103.26321615549386,94.41005265426125,8.853163501232615,True,23,13,0.982
160,31,120,2,0,TGSA,0.7499999999999999,77,-1,-1,3731.289202161538,60,160,103.26321615549386,0.0,103.26321615549386,True,23,159,0.982
160,31,120,2,0,ZGSA,0.7499999999999999,77,78,78,0.618724878481828,60,61,103.26321615549386,103.60624551851224,0.34302936301837406,True,23,23,0.982
160,31,80,2,5,GSA,0.5000000000000263,17,-1,-1,11.931412812214159,77,77,146.55380766793996,135.012021431148,11.54178623679195,True,12,8,1.54
160,31,80,2,5,TGSA,0.5000000000000263,17,-1,-1,3782.5211883998804,77,160,146.55380766793996,0.0,146.55380766793996,True,12,159,1.54
160,31,80,2,5,ZGSA,0.5000000000000263,17,72,17,23.38904567859592,77,79,146.55380766793996,156.63954569911792,10.085738031177954,True,12,12,1.54
200,1031,150,2,1,GSA,0.7500000000000243,74,-1,-1,24.53518366736165,83,96,197.81119533186347,180.41515588982887,17.396039442034606,True,15,9,8.401
200,1031,150,2,1,TGSA,0.7500000000000243,74,-1,-1,5881.661997836112,83,200,197.81119533186347,0.0,197.81119533186347,True,15,199,8.401
200,1031,150,2,1,ZGSA,0.7500000000000243,74,75,118,0.8234711064806675,83,85,197.81119533186347,198.16331096384027,0.35211563197680107,True,15,15,8.401
200,1031,150,2,7,GSA,0.7500000000001837,70,-1,-1,24.232026910614252,85,96,198.06958365673358,179.95086427381105,18.118719382922535,True,15,9,7.64
200,1031,150,2,7,TGSA,0.7500000000001837,70,-1,-1,5881.303102153536,85,200,198.06958365673358,0.0,198.06958365673358,True,15,199,7.64
200,1031,150,2,7,ZGSA,0.7500000000001837,70,74,121,1.2766413268710721,85,85,198.06958365673358,197.0132419306851,1.0563417260484869,True,15,15,7.64
160,31,80,2,6,GSA,0.4999999999991806,14,-1,-1,11.972843083679273,75,77,150.95635979688313,139.50368364923523,11.452676147647907,True,12,8,1.49
160,31,80,2,6,TGSA,0.4999999999991806,14,-1,-1,3786.554184527676,75,160,150.95635979688313,0.0,150.95635979688313,True,12,159,1.49
160,31,80,2,6,ZGSA,0.4999999999991806,14,70,20,25.345683378367156,75,80,150.95635979688313,154.4906008563174,3.5342410594342653,True,12,12,1.49
160,31,80,2,7,GSA,0.5000000000003834,15,-1,-1,11.986765616468283,74,77,149.30536476569998,137.80819171531195,11.497173050388028,True,12,8,1.453
160,31,80,2,7,TGSA,0.5000000000003834,15,-1,-1,3785.190670476105,74,160,149.30536476569998,0.0,149.30536476569998,True,12,159,1.453
160,31,80,2,7,ZGSA,0.5000000000003834,15,48,65,23.613893008412347,74,78,149.30536476569998,136.14317264830623,13.162192117393744,True,12,12,1.453
160,31,80,2,8,GSA,0.4999999999984468,15,-1,-1,12.13857378001553,76,77,148.81547469819486,138.25426342743523,10.561211270759628,True,12,8,1.349
160,31,80,2,8,TGSA,0.4999999999984468,15,-1,-1,3784.515300243443,76,160,148.81547469819486,0.0,148.81547469819486,True,12,159,1.349
160,31,80,2,8,ZGSA,0.4999999999984468,15,46,68,25.29041798548829,76,78,148.81547469819486,134.15338837636284,14.662086321832021,True,12,12,1.349
160,31,80,2,9,GSA,0.49999999999722455,12,-1,-1,11.032560429513225,76,77,151.46911573538674,140.75344315685038,10.715672578536356,True,12,8,1.366
160,31,80,2,9,TGSA,0.49999999999722455,12,-1,-1,3787.093182090996,76,160,151.46911573538674,0.0,151.46911573538674,True,12,159,1.366
160,31,80,2,9,ZGSA,0.49999999999722455,12,40,80,25.392786495287396,76,77,151.46911573538674,129.0642037210641,22.404912014322633,True,12,12,1.366
200,1031,150,2,8,GSA,0.7500000000001145,73,-1,-1,22.119878383261522,87,96,194.39797923962348,176.65791412266813,17.74006511695535,True,15,10,7.993
200,1031,150,2,8,TGSA,0.7500000000001145,73,-1,-1,5879.841427214091,87,200,194.39797923962348,0.0,194.39797923962348,True,15,199,7.993
200,1031,150,2,8,ZGSA,0.7500000000001145,73,71,129,1.3203293100167173,87,86,194.39797923962348,193.47691708879395,0.9210621508295276,True,15,15,7.993
160,31,120,2,1,GSA,0.7499999999999998,78,-1,-1,15.709969283315736,61,75,103.88430680101094,93.59182081489331,10.292485986117626,True,23,13,1.16
160,31,120,2,1,TGSA,0.7499999999999998,78,-1,-1,3731.4397078745797,61,160,103.88430680101094,0.0,103.88430680101094,True,23,159,1.16
160,31,120,2,1,ZGSA,0.7499999999999998,78,78,73,0.6109851999046576,61,61,103.88430680101094,103.50877480691241,0.3755319940985231,True,23,23,1.16
160,31,120,2,2,GSA,0.75,80,-1,-1,17.36954493351137,59,75,105.59831392025458,95.81473027716632,9.783583643088264,True,23,13,0.995
160,31,120,2,2,TGSA,0.75,80,-1,-1,3731.6831117314946,59,160,105.59831392025458,0.0,105.59831392025458,True,23,159,0.995
160,31,120,2,2,ZGSA,0.75,80,81,72,0.4399796374711258,59,60,105.59831392025458,105.48607394192578,0.11223997832880173,True,23,23,0.995
200,1031,150,2,9,GSA,0.749999999999974,68,-1,-1,23.30354712181493,85,96,195.0761719209913,178.51174807914393,16.564423841847372,True,15,9,8.222
200,1031,150,2,9,TGSA,0.749999999999974,68,-1,-1,5879.93878735093,85,200,195.0761719209913,0.0,195.0761719209913,True,15,199,8.222
200,1031,150,2,9,ZGSA,0.749999999999974,68,73,127,1.0366803278935919,85,85,195.0761719209913,195.87405644418016,0.7978845231888556,True,15,15,8.222
160,31,120,2,4,GSA,0.7500000000000004,79,-1,-1,17.948182098381018,59,75,105.89800274205089,96.58051835874309,9.3174843833078,True,23,13,1.059
160,31,120,2,4,TGSA,0.7500000000000004,79,-1,-1,3731.7125127540644,59,160,105.89800274205089,0.0,105.89800274205089,True,23,159,1.059
160,31,120,2,4,ZGSA,0.7500000000000004,79,82,71,0.6294911585877045,59,60,105.89800274205089,106.125294299789,0.22729155773811272,True,23,23,1.059
160,31,120,2,3,GSA,0.75,76,-1,-1,17.891580792612892,59,75,105.61771034377314,96.5065619487674,9.111148395005742,True,23,13,1.362
160,31,120,2,3,TGSA,0.75,76,-1,-1,3731.2178305392717,59,160,105.61771034377314,0.0,105.61771034377314,True,23,159,1.362
160,31,120,2,3,ZGSA,0.75,76,82,70,1.0471313060132275,59,60,105.61771034377314,106.10508130518642,0.4873709614132764,True,23,23,1.362
160,31,120,2,5,GSA,0.7499999999999998,79,-1,-1,17.238465221905095,58,75,104.42901889475746,95.64064003546551,8.788378859291953,True,23,13,0.965
160,31,120,2,5,TGSA,0.7499999999999998,79,-1,-1,3731.4928015147,58,160,104.42901889475746,0.0,104.42901889475746,True,23,159,0.965
160,31,120,2,5,ZGSA,0.7499999999999998,79,80,80,0.7820389858858476,58,60,104.42901889475746,104.91593558102792,0.4869166862704617,True,23,23,0.965
160,31,120,2,6,GSA,0.7500000000000001,79,-1,-1,17.62976940946148,59,75,104.91069503720698,96.16034090886006,8.750354128346913,True,23,13,1.1
160,31,120,2,6,TGSA,0.7500000000000001,79,-1,-1,3731.6248468139825,59,160,104.91069503720698,0.0,104.91069503720698,True,23,159,1.1
160,31,120,2,6,ZGSA,0.7500000000000001,79,81,76,0.7244175181271402,59,60,104.91069503720698,105.54419740781898,0.6335023706120069,True,23,23,1.1
160,31,120,2,8,GSA,0.7500000000000001,77,-1,-1,16.70263351754261,61,75,104.26391382117743,94.92898855286919,9.33492526830824,True,23,13,1.37
160,31,120,2,8,TGSA,0.7500000000000001,77,-1,-1,3731.458492487693,61,160,104.26391382117743,0.0,104.26391382117743,True,23,159,1.37
160,31,120,2,8,ZGSA,0.7500000000000001,77,80,75,0.6768879421128418,61,60,104.26391382117743,104.87452660526318,0.6106127840857596,True,23,23,1.37
160,31,120,2,7,GSA,0.75,81,-1,-1,16.82014861505582,61,75,104.09420253453203,95.0850632919938,9.009139242538225,True,23,13,1.392
160,31,120,2,7,TGSA,0.75,81,-1,-1,3731.6827453626,61,160,104.09420253453203,0.0,104.09420253453203,True,23,159,1.392
160,31,120,2,7,ZGSA,0.75,81,79,81,0.7732049639687375,61,61,104.09420253453203,104.2720789167495,0.1778763822174767,True,23,23,1.392
200,1031,100,2,1,GSA,0.5000000154502507,8,-1,-1,5.794589829533599,95,97,257.45916684764774,252.00942600167656,5.449740845971178,True,7,6,12.684
200,1031,100,2,1,TGSA,0.5000000154502507,8,-1,-1,5946.835555138106,95,200,257.45916684764774,0.0,257.45916684764774,True,7,199,12.684
200,1031,100,2,1,ZGSA,0.5000000154502507,8,27,147,9.547415033334488,95,97,257.45916684764774,253.01305779440645,4.446109053241287,True,7,7,12.684
160,31,120,2,9,GSA,0.7500000000000001,76,-1,-1,16.64852083000872,59,75,104.27525390210751,94.8571201391768,9.418133762930708,True,23,13,1.399
160,31,120,2,9,TGSA,0.7500000000000001,76,-1,-1,3731.333917434961,59,160,104.27525390210751,0.0,104.27525390210751,True,23,159,1.399
160,31,120,2,9,ZGSA,0.7500000000000001,76,79,80,0.4050917319357694,59,61,104.27525390210751,104.26946271639993,0.005791185707579416,True,23,23,1.399
200,1031,100,2,0,GSA,0.49999999777007176,8,-1,-1,4.795355349019037,97,97,249.88224870157887,245.50985445867923,4.372394242899645,True,7,6,13.778
200,1031,100,2,0,TGSA,0.49999999777007176,8,-1,-1,5939.623354608453,97,200,249.88224870157887,0.0,249.88224870157887,True,7,199,13.778
200,1031,100,2,0,ZGSA,0.49999999777007176,8,25,150,8.950968077992485,97,97,249.88224870157887,249.3146196424923,0.5676290590865847,True,7,7,13.778
160,127,120,2,0,GSA,0.7499999999999999,70,-1,-1,17.943839970726593,65,76,128.24432182405894,115.03753175019683,13.20679007386211,True,17,10,1.498
160,127,120,2,0,TGSA,0.7499999999999999,70,-1,-1,3756.8822407315733,65,160,128.24432182405894,0.0,128.24432182405894,True,17,159,1.498
160,127,120,2,0,ZGSA,0.7499999999999999,70,70,78,1.081753105946163,65,65,128.24432182405894,127.249743679179,0.994578144879938,True,17,17,1.498
160,127,80,2,1,GSA,0.5000000000020198,9,-1,-1,6.919480841787298,75,77,168.20122917225254,161.96272172221592,6.2385074500366215,True,9,6,2.933
160,127,80,2,1,TGSA,0.5000000000020198,9,-1,-1,3803.7496965580312,75,160,168.20122917225254,0.0,168.20122917225254,True,9,159,2.933
160,127,80,2,1,ZGSA,0.5000000000020198,9,43,75,14.332603533445685,75,78,168.20122917225254,175.01601267366635,6.814783501413814,True,9,9,2.933
160,127,120,2,2,GSA,0.7499999999999969,59,-1,-1,16.379323869225935,64,76,124.19993367462317,112.77782553106918,11.422108143553984,True,17,10,1.876
160,127,120,2,2,TGSA,0.7499999999999969,59,-1,-1,3754.5576246922437,64,160,124.19993367462317,0.0,124.19993367462317,True,17,159,1.876
160,127,120,2,2,ZGSA,0.7499999999999969,59,66,88,0.7546825252114644,64,66,124.19993367462317,123.97166342513978,0.22827024948338703,True,17,17,1.876
160,127,120,2,1,GSA,0.7500000000000002,66,-1,-1,18.260279562063175,65,76,126.80689670744214,115.49007439157072,11.31682231587142,True,17,10,1.935
160,127,120,2,1,TGSA,0.7500000000000002,66,-1,-1,3756.7619614375944,65,160,126.80689670744214,0.0,126.80689670744214,True,17,159,1.935
160,127,120,2,1,ZGSA,0.7500000000000002,66,70,81,0.7607003708494915,65,64,126.80689670744214,127.37859843344555,0.5717017260034112,True,17,17,1.935
160,127,120,2,3,GSA,0.749999999999999,64,-1,-1,16.658868163035336,65,76,124.7206723912005,113.18573656459519,11.534935826605306,True,17,10,2.049
160,127,120,2,3,TGSA,0.749999999999999,64,-1,-1,3754.8222051062653,65,160,124.7206723912005,0.0,124.7206723912005,True,17,159,2.049
160,127,120,2,3,ZGSA,0.749999999999999,64,67,83,0.8476445651167808,65,66,124.7206723912005,124.70372517563683,0.01694721556366119,True,17,17,2.049
160,127,80,2,0,GSA,0.49999999999947864,11,-1,-1,6.694329059009675,74,77,162.3675142818877,156.90173893168844,5.465775350199266,True,9,7,3.534
160,127,80,2,0,TGSA,0.49999999999947864,11,-1,-1,3798.0218606457665,74,160,162.3675142818877,0.0,162.3675142818877,True,9,159,3.534
160,127,80,2,0,ZGSA,0.49999999999947864,11,28,104,12.484549786032865,74,77,162.3675142818877,156.65648449792096,5.711029783966751,True,9,9,3.534
160,127,80,2,4,GSA,0.5000000000237578,9,-1,-1,6.593951829863208,77,77,166.93278647113868,160.43184907963777,6.500937391500912,True,9,6,3.239
160,127,80,2,4,TGSA,0.5000000000237578,9,-1,-1,3803.1226752292746,77,160,166.93278647113868,0.0,166.93278647113868,True,9,159,3.239
160,127,80,2,4,ZGSA,0.5000000000237578,9,43,75,14.110417986373825,77,78,166.93278647113868,175.0160126672219,8.083226196083217,True,9,9,3.239
160,127,80,2,8,GSA,0.4999999999922512,10,-1,-1,8.054257393643969,78,77,172.45956743153124,164.4222549006397,8.03731253089154,True,9,6,2.73
160,127,80,2,8,TGSA,0.4999999999922512,10,-1,-1,3808.5377321214396,78,160,172.45956743153124,0.0,172.45956743153124,True,9,159,2.73
160,127,80,2,8,ZGSA,0.4999999999922512,10,46,68,15.676572782850656,78,78,172.45956743153124,178.24570671949516,5.78613928796392,True,9,9,2.73
160,127,120,2,4,GSA,0.750000000000001,62,-1,-1,16.137726776347826,67,76,122.85241259074634,112.42528705314066,10.427125537605676,True,17,10,2.315
160,127,120,2,4,TGSA,0.750000000000001,62,-1,-1,3753.9985315885942,67,160,122.85241259074634,0.0,122.85241259074634,True,17,159,2.315
160,127,120,2,4,ZGSA,0.750000000000001,62,65,87,0.97644253797705,67,66,122.85241259074634,123.04260448797228,0.19019189722594376,True,17,17,2.315
160,127,80,2,2,GSA,0.5000000000037295,11,-1,-1,6.438903036084099,78,77,162.29455818454272,155.90574886854816,6.388809315994564,True,9,7,3.767
160,127,80,2,2,TGSA,0.5000000000037295,11,-1,-1,3798.4673454408216,78,160,162.29455818454272,0.0,162.29455818454272,True,9,159,3.767
160,127,80,2,2,ZGSA,0.5000000000037295,11,26,109,10.637838360595929,78,77,162.29455818454272,154.47941695501694,7.8151412295257785,True,9,9,3.767
160,127,80,2,6,GSA,0.5000000000041535,11,-1,-1,7.0625840341147565,72,77,163.72742583212755,158.33768618526787,5.389739646859681,True,9,7,3.374
160,127,80,2,6,TGSA,0.5000000000041535,11,-1,-1,3799.272179083984,72,160,163.72742583212755,0.0,163.72742583212755,True,9,159,3.374
160,127,80,2,6,ZGSA,0.5000000000041535,11,37,87,12.30102865502397,72,78,163.72742583212755,167.76643613680756,4.039010304680005,True,9,9,3.374
160,127,80,2,7,GSA,0.500000000019441,10,-1,-1,7.019239881565753,76,77,166.90744491108254,160.01239028189974,6.895054629182795,True,9,6,3.362
160,127,80,2,7,TGSA,0.500000000019441,10,-1,-1,3802.769487247234,76,160,166.90744491108254,0.0,166.90744491108254,True,9,159,3.362
160,127,80,2,7,ZGSA,0.500000000019441,10,30,101,12.113696773096763,76,77,166.90744491108254,159.3082033153218,7.599241595760731,True,9,9,3.362
200,1031,100,2,2,GSA,0.49999999666554784,8,-1,-1,4.519990101102135,99,97,247.80561786666627,243.71872582625133,4.086892040414938,True,7,6,14.507
200,1031,100,2,2,TGSA,0.49999999666554784,8,-1,-1,5937.718511492571,99,200,247.80561786666627,0.0,247.80561786666627,True,7,199,14.507
200,1031,100,2,2,ZGSA,0.49999999666554784,8,27,146,8.644565645969195,99,97,247.80561786666627,252.75893719884095,4.9533193321746865,True,7,7,14.507
160,127,80,2,3,GSA,0.4999999999963605,9,-1,-1,5.155913494874831,78,77,158.50604184980904,153.66915372181836,4.836888127990676,True,9,7,3.988
160,127,80,2,3,TGSA,0.4999999999963605,9,-1,-1,3794.723428460153,78,160,158.50604184980904,0.0,158.50604184980904,True,9,159,3.988
160,127,80,2,3,ZGSA,0.4999999999963605,9,25,110,9.757025894376952,78,77,158.50604184980904,153.06105953525852,5.444982314550515,True,9,9,3.988
160,127,80,2,5,GSA,0.5000000000020937,10,-1,-1,5.504168878939964,76,77,158.43360806984506,153.01519804523926,5.418410024605805,True,9,7,4.09
160,127,80,2,5,TGSA,0.5000000000020937,10,-1,-1,3794.3892947060863,76,160,158.43360806984506,0.0,158.43360806984506,True,9,159,4.09
160,127,80,2,5,ZGSA,0.5000000000020937,10,27,107,8.483107209474575,76,77,158.43360806984506,155.68682944452564,2.746778625319422,True,9,9,4.09
160,127,80,2,9,GSA,0.500000000011006,10,-1,-1,6.092414705477424,77,77,162.11906101346685,156.06349715005373,6.055563863413113,True,9,7,3.691
160,127,80,2,9,TGSA,0.500000000011006,10,-1,-1,3798.213208212875,77,160,162.11906101346685,0.0,162.11906101346685,True,9,159,3.691
160,127,80,2,9,ZGSA,0.500000000011006,10,39,83,10.353047574610997,77,78,162.11906101346685,170.18349832461718,8.064437311150328,True,9,9,3.691
160,127,120,2,5,GSA,0.7500000000000001,65,-1,-1,17.55637272754288,63,76,125.02326859025614,114.48341192817851,10.539856662077625,True,17,10,2.186
160,127,120,2,5,TGSA,0.7500000000000001,65,-1,-1,3755.119520029832,63,160,125.02326859025614,0.0,125.02326859025614,True,17,159,2.186
160,127,120,2,5,ZGSA,0.7500000000000001,65,68,85,1.1315247937833277,63,65,125.02326859025614,125.69281660097425,0.6695480107181169,True,17,17,2.186
200,1031,100,2,6,GSA,0.5000000325273779,8,-1,-1,5.515755938750864,94,97,254.58296066981217,250.1957288186327,4.387231851179479,True,7,6,13.867
200,1031,100,2,6,TGSA,0.5000000325273779,8,-1,-1,5943.902206798025,94,200,254.58296066981217,0.0,254.58296066981217,True,7,199,13.867
200,1031,100,2,6,ZGSA,0.5000000325273779,8,31,139,9.377186017721328,94,97,254.58296066981217,259.9394496464271,5.356488976614912,True,7,7,13.867
160,127,120,2,6,GSA,0.7500000000000029,64,-1,-1,16.31158757463575,65,76,123.19744652803816,112.67898473000179,10.51846179803637,True,17,10,2.163
160,127,120,2,6,TGSA,0.7500000000000029,64,-1,-1,3754.6405349629686,65,160,123.19744652803816,0.0,123.19744652803816,True,17,159,2.163
160,127,120,2,6,ZGSA,0.7500000000000029,64,66,86,0.8372632769665671,65,66,123.19744652803816,123.9117093840778,0.7142628560396389,True,17,17,2.163
200,1031,100,2,5,GSA,0.4999999889024435,9,-1,-1,5.692388662103525,100,97,252.0396680953452,248.34806726444225,3.6916008309029564,True,7,6,14.006
200,1031,100,2,5,TGSA,0.4999999889024435,9,-1,-1,5942.010994044874,100,200,252.0396680953452,0.0,252.0396680953452,True,7,199,14.006
200,1031,100,2,5,ZGSA,0.4999999889024435,9,28,144,8.273497611891514,100,97,252.0396680953452,254.48094154514223,2.4412734497970234,True,7,7,14.006
200,1031,100,2,8,GSA,0.49999998751572194,9,-1,-1,5.3647403795131865,96,97,251.5721236850828,246.38634368935988,5.185779995722925,True,7,6,14.098
200,1031,100,2,8,TGSA,0.49999998751572194,9,-1,-1,5941.269603128056,96,200,251.5721236850828,0.0,251.5721236850828,True,7,199,14.098
200,1031,100,2,8,ZGSA,0.49999998751572194,9,28,144,8.534454957900607,96,97,251.5721236850828,254.48094215719982,2.9088184721170194,True,7,7,14.098
200,1031,100,2,3,GSA,0.4999999988871417,8,-1,-1,4.330755514549438,96,97,245.63853969642398,242.4878378143622,3.1507018820617816,True,7,6,14.931
200,1031,100,2,3,TGSA,0.4999999988871417,8,-1,-1,5935.2690890801505,96,200,245.63853969642398,0.0,245.63853969642398,True,7,199,14.931
200,1031,100,2,3,ZGSA,0.4999999988871417,8,23,154,6.7291606135162,96,97,245.63853969642398,245.86990906899712,0.23136937257314116,True,7,7,14.931
200,1031,100,2,4,GSA,0.5000000037227935,8,-1,-1,5.021338462694295,99,97,251.63988409092832,246.97977241933557,4.660111671592745,True,7,6,14.716
200,1031,100,2,4,TGSA,0.5000000037227935,8,-1,-1,5941.561378354234,99,200,251.63988409092832,0.0,251.63988409092832,True,7,199,14.716
200,1031,100,2,4,ZGSA,0.5000000037227935,8,22,157,8.200933601450984,99,97,251.63988409092832,244.35336004283425,7.286524048094066,True,7,7,14.716
200,1031,100,2,7,GSA,0.4999999959727773,8,-1,-1,4.915309329258022,97,97,251.08309979325475,246.290102644409,4.792997148845757,True,7,6,14.447
200,1031,100,2,7,TGSA,0.4999999959727773,8,-1,-1,5940.653812323173,97,200,251.08309979325475,0.0,251.08309979325475,True,7,199,14.447
200,1031,100,2,7,ZGSA,0.4999999959727773,8,23,154,9.643259567319902,97,97,251.08309979325475,245.86991030511598,5.213189488138767,True,7,7,14.447
160,127,120,2,7,GSA,0.7500000000000002,65,-1,-1,16.660407970513944,65,76,123.59594068091359,113.18798344967426,10.407957231239322,True,17,10,2.204
160,127,120,2,7,TGSA,0.7500000000000002,65,-1,-1,3755.39373456079,65,160,123.59594068091359,0.0,123.59594068091359,True,17,159,2.204
160,127,120,2,7,ZGSA,0.7500000000000002,65,66,90,0.8023296958722881,65,66,123.59594068091359,124.01537312848905,0.41943244757545983,True,17,17,2.204
200,1031,100,2,9,GSA,0.49999999126171385,8,-1,-1,5.38624588740857,95,97,253.01773316080178,247.88747502400912,5.130258136792662,True,7,6,14.383
200,1031,100,2,9,TGSA,0.49999999126171385,8,-1,-1,5942.390648959664,95,200,253.01773316080178,0.0,253.01773316080178,True,7,199,14.383
200,1031,100,2,9,ZGSA,0.49999999126171385,8,29,142,10.265180830206575,95,97,253.01773316080178,256.202830442194,3.185097281392217,True,7,7,14.383
160,127,120,2,8,GSA,0.7500000000000006,59,-1,-1,16.690338959494184,66,76,124.0236931441236,113.23165875078803,10.79203439333557,True,17,10,2.262
160,127,120,2,8,TGSA,0.7500000000000006,59,-1,-1,3754.0284329697547,66,160,124.0236931441236,0.0,124.0236931441236,True,17,159,2.262
160,127,120,2,8,ZGSA,0.7500000000000006,59,66,86,1.3099478853471425,66,66,124.0236931441236,123.91170938407893,0.11198376004466581,True,17,17,2.262
160,127,120,2,9,GSA,0.7500000000000002,61,-1,-1,16.20632052176775,67,76,122.11018730262415,112.52537904443092,9.584808258193235,True,17,10,2.397
160,127,120,2,9,TGSA,0.7500000000000002,61,-1,-1,3753.5118699001664,67,160,122.11018730262415,0.0,122.11018730262415,True,17,159,2.397
160,127,120,2,9,ZGSA,0.7500000000000002,61,65,87,1.1261136631924842,67,66,122.11018730262415,123.04260448797251,0.9324171853483563,True,17,17,2.397
120,13,60,2,0,GSA,0.5000000000000028,17,-1,-1,7.676370140534054,55,57,88.09032783939622,80.48451384099108,7.605813998405139,True,12,8,0.32
120,13,60,2,0,TGSA,0.5000000000000028,17,-1,-1,2127.956684754581,55,120,88.09032783939622,0.0,88.09032783939622,True,12,119,0.32
120,13,60,2,0,ZGSA,0.5000000000000028,17,51,19,12.556504958565448,55,59,88.09032783939622,90.59481608186753,2.504488242471311,True,12,12,0.32
120,13,60,2,1,GSA,0.4999999999999818,15,-1,-1,6.901274831737808,57,57,86.52055467216645,79.62484208425451,6.8957125879119445,True,12,8,0.453
120,13,60,2,1,TGSA,0.4999999999999818,15,-1,-1,2126.8737897752453,57,120,86.52055467216645,0.0,86.52055467216645,True,12,119,0.453
120,13,60,2,1,ZGSA,0.4999999999999818,15,37,46,12.337490768687097,57,58,86.52055467216645,81.4545181010521,5.066036571114353,True,12,12,0.453
120,13,60,2,2,GSA,0.4999999999999908,13,-1,-1,7.185878639947049,53,57,88.24730494718767,81.6211458998606,6.626159047327079,True,12,8,0.356
120,13,60,2,2,TGSA,0.4999999999999908,13,-1,-1,2128.0218437040307,53,120,88.24730494718767,0.0,88.24730494718767,True,12,119,0.356
120,13,60,2,2,ZGSA,0.4999999999999908,13,40,40,14.147869703922993,53,58,88.24730494718767,83.33744714786889,4.909857799318786,True,12,12,0.356
120,13,60,2,3,GSA,0.4999999999999422,15,-1,-1,7.424524629717094,53,57,87.55424907397745,80.81785162377263,6.736397450204819,True,12,8,0.489
120,13,60,2,3,TGSA,0.4999999999999422,15,-1,-1,2127.482547201367,53,120,87.55424907397745,0.0,87.55424907397745,True,12,119,0.489
120,13,60,2,3,ZGSA,0.4999999999999422,15,58,4,13.086190571731628,53,60,87.55424907397745,94.6965175151948,7.142268441217354,True,12,12,0.489
120,13,60,2,4,GSA,0.5000000000000008,16,-1,-1,7.04963202130714,54,57,86.18103534991575,79.5251510515706,6.655884298345143,True,12,8,0.447
120,13,60,2,4,TGSA,0.5000000000000008,16,-1,-1,2126.1328338175135,54,120,86.18103534991575,0.0,86.18103534991575,True,12,119,0.447
120,13,60,2,4,ZGSA,0.5000000000000008,16,49,23,12.678606638150598,54,59,86.18103534991575,89.3211455771329,3.14011022721715,True,12,12,0.447
120,13,60,2,6,GSA,0.5000000000000026,15,-1,-1,8.381335124595168,56,57,91.02565427326411,82.99937955166473,8.026274721599378,True,12,8,0.293
120,13,60,2,6,TGSA,0.5000000000000026,15,-1,-1,2131.272795410988,56,120,91.02565427326411,0.0,91.02565427326411,True,12,119,0.293
120,13,60,2,6,ZGSA,0.5000000000000026,15,30,61,16.093292007406212,56,57,91.02565427326411,77.23608179683696,13.789572476427153,True,12,12,0.293
120,13,60,2,5,GSA,0.49999999999999906,17,-1,-1,7.187546190372004,55,57,86.08910184029178,79.48201994891173,6.607081891380048,True,12,8,0.422
120,13,60,2,5,TGSA,0.49999999999999906,17,-1,-1,2126.117514500067,55,120,86.08910184029178,0.0,86.08910184029178,True,12,119,0.422
120,13,60,2,5,ZGSA,0.49999999999999906,17,35,50,13.644080971282534,55,58,86.08910184029178,80.1959141331918,5.893187707099969,True,12,12,0.422
120,13,60,2,7,GSA,0.49999999999999556,17,-1,-1,7.9489142422730446,54,57,87.8170112694273,81.0434549428449,6.773556326582394,True,12,8,0.414
120,13,60,2,7,TGSA,0.49999999999999556,17,-1,-1,2127.3796795305766,54,120,87.8170112694273,0.0,87.8170112694273,True,12,119,0.414
120,13,60,2,7,ZGSA,0.49999999999999556,17,54,12,14.89791900603285,54,60,87.8170112694273,92.1527660862994,4.335754816872097,True,12,12,0.414
120,13,90,2,0,GSA,0.75,58,-1,-1,9.47430377450889,45,55,63.789053254407065,58.251454741397765,5.5375985130093,True,22,13,0.214
120,13,90,2,0,TGSA,0.75,58,-1,-1,2098.675385695694,45,120,63.789053254407065,0.0,63.789053254407065,True,22,119,0.214
120,13,90,2,0,ZGSA,0.75,58,60,52,0.6067039850136204,45,46,63.789053254407065,63.64868040338721,0.14037285101985475,True,22,22,0.214
120,13,60,2,8,GSA,0.500000000000001,17,-1,-1,8.213785498125297,55,57,87.96804709995914,81.58666035518817,6.381386744770964,True,12,8,0.325
120,13,60,2,8,TGSA,0.500000000000001,17,-1,-1,2127.250994792782,55,120,87.96804709995914,0.0,87.96804709995914,True,12,119,0.325
120,13,60,2,8,ZGSA,0.500000000000001,17,49,23,15.653919433459762,55,59,87.96804709995914,89.32114557713288,1.353098477173745,True,12,12,0.325
120,13,60,2,9,GSA,0.5000000000000003,16,-1,-1,7.628329188343287,55,57,87.88689374424334,80.77401014321822,7.112883601025118,True,12,8,0.307
120,13,60,2,9,TGSA,0.5000000000000003,16,-1,-1,2127.493441122143,55,120,87.88689374424334,0.0,87.88689374424334,True,12,119,0.307
120,13,60,2,9,ZGSA,0.5000000000000003,16,57,7,14.21187247837804,55,60,87.88689374424334,94.40580306617044,6.518909321927097,True,12,12,0.307
120,13,90,2,1,GSA,0.75,57,-1,-1,8.765223007688363,45,55,63.14629699402654,57.30094013263709,5.845356861389455,True,22,14,0.294
120,13,90,2,1,TGSA,0.75,57,-1,-1,2098.4603202765556,45,120,63.14629699402654,0.0,63.14629699402654,True,22,119,0.294
120,13,90,2,1,ZGSA,0.75,57,58,59,0.4654021875789951,45,46,63.14629699402654,62.77742162658587,0.3688753674406726,True,22,22,0.294
120,13,90,2,4,GSA,0.75,59,-1,-1,10.287146119146598,43,55,64.89342323165543,59.32263553055984,5.57078770109559,True,22,13,0.195
120,13,90,2,4,TGSA,0.75,59,-1,-1,2098.607097928191,43,120,64.89342323165543,0.0,64.89342323165543,True,22,119,0.195
120,13,90,2,4,ZGSA,0.75,59,62,56,0.47201385237075044,43,44,64.89342323165543,64.69608063985245,0.19734259180297897,True,22,22,0.195
120,13,90,2,3,GSA,0.75,60,-1,-1,9.656449999207325,46,55,63.58000597164219,58.49262983503776,5.087376136604426,True,22,13,0.202
120,13,90,2,3,TGSA,0.75,60,-1,-1,2098.665025964596,46,120,63.58000597164219,0.0,63.58000597164219,True,22,119,0.202
120,13,90,2,3,ZGSA,0.75,60,60,60,0.5451239122309239,46,45,63.58000597164219,63.749069366583,0.1690633949408138,True,22,22,0.202
120,13,90,2,2,GSA,0.75,53,-1,-1,9.630880026254403,45,55,63.04818747653235,58.45877329664036,4.589414179891989,True,22,13,0.199
120,13,90,2,2,TGSA,0.75,53,-1,-1,2098.231820078834,45,120,63.04818747653235,0.0,63.04818747653235,True,22,119,0.199
120,13,90,2,2,ZGSA,0.75,53,60,57,0.9273646339582413,45,45,63.04818747653235,63.73247133363998,0.68428385710763,True,22,22,0.199
120,13,90,2,6,GSA,0.75,55,-1,-1,9.11935922504314,47,55,63.03609499005526,57.78068131381558,5.255413676239684,True,22,13,0.193
120,13,90,2,6,TGSA,0.75,55,-1,-1,2098.490609987632,47,120,63.03609499005526,0.0,63.03609499005526,True,22,119,0.193
120,13,90,2,6,ZGSA,0.75,55,59,55,0.2525326834888233,47,46,63.03609499005526,63.21448360356653,0.17838861351126667,True,22,22,0.193
120,13,90,2,5,GSA,0.75,53,-1,-1,8.889722971911766,46,55,62.18031443878338,57.46959771983035,4.71071671895303,True,22,14,0.215
120,13,90,2,5,TGSA,0.75,53,-1,-1,2098.097531871277,46,120,62.18031443878338,0.0,62.18031443878338,True,22,119,0.215
120,13,90,2,5,ZGSA,0.75,53,58,55,0.7382006242408039,46,46,62.18031443878338,62.715993827754296,0.5356793889709195,True,22,22,0.215
120,13,90,2,8,GSA,0.75,60,-1,-1,9.109142608637491,45,55,63.435055463568816,57.766841069897794,5.668214393671022,True,22,13,0.253
120,13,90,2,8,TGSA,0.75,60,-1,-1,2098.689372621715,45,120,63.435055463568816,0.0,63.435055463568816,True,22,119,0.253
120,13,90,2,8,ZGSA,0.75,60,59,58,0.24258250456522035,45,46,63.435055463568816,63.25377700214039,0.18127846142842685,True,22,22,0.253
120,13,90,2,7,GSA,0.75,56,-1,-1,9.143053519618839,47,55,63.65306140081871,57.81277949631086,5.840281904507847,True,22,13,0.261
120,13,90,2,7,TGSA,0.75,56,-1,-1,2098.4230981744467,47,120,63.65306140081871,0.0,63.65306140081871,True,22,119,0.261
120,13,90,2,7,ZGSA,0.75,56,59,61,0.47080779070942214,47,46,63.65306140081871,63.26931981659478,0.3837415842239267,True,22,22,0.261
120,13,90,2,9,GSA,0.75,60,-1,-1,9.59339204360332,45,55,63.86788469005113,58.40913643104002,5.458748259011109,True,22,13,0.263
120,13,90,2,9,TGSA,0.75,60,-1,-1,2098.6586156203816,45,120,63.86788469005113,0.0,63.86788469005113,True,22,119,0.263
120,13,90,2,9,ZGSA,0.75,60,60,60,0.39354147098303116,45,45,63.86788469005113,63.749069366583,0.11881532346812662,True,22,22,0.263
160,1031,120,2,0,GSA,0.7500000000000288,46,-1,-1,14.811042930347071,68,77,145.7178078755976,136.44804613719683,9.269761738400774,True,12,8,3.871
160,1031,120,2,0,TGSA,0.7500000000000288,46,-1,-1,3779.2058877722407,68,160,145.7178078755976,0.0,145.7178078755976,True,12,159,3.871
160,1031,120,2,0,ZGSA,0.7500000000000288,46,50,103,1.9511369188929706,68,71,145.7178078755976,146.27288450901654,0.5550766334189348,True,12,12,3.871
120,31,60,2,0,GSA,0.4999999999999982,11,-1,-1,5.046732467282109,57,57,96.73710095092645,91.71051961404771,5.026581336878735,True,9,7,0.629
120,31,60,2,0,TGSA,0.4999999999999982,11,-1,-1,2136.9093311290403,57,120,96.73710095092645,0.0,96.73710095092645,True,9,119,0.629
120,31,60,2,0,ZGSA,0.4999999999999982,11,33,54,9.541335490483348,57,58,96.73710095092645,98.9327906368203,2.1956896858938535,True,9,9,0.629
160,1031,120,2,1,GSA,0.7499999999999919,46,-1,-1,13.115149239921095,71,76,143.22559921207966,133.57014196053467,9.655457251544988,True,12,8,4.033
160,1031,120,2,1,TGSA,0.7499999999999919,46,-1,-1,3777.227606425403,71,160,143.22559921207966,0.0,143.22559921207966,True,12,159,4.033
160,1031,120,2,1,ZGSA,0.7499999999999919,46,47,107,1.3193372516027324,71,71,143.22559921207966,142.85886001373424,0.3667391983454138,True,12,12,4.033
120,31,60,2,1,GSA,0.5000000000000187,12,-1,-1,4.329697335260491,57,57,93.42754694149578,89.11620842945955,4.3113385120362295,True,9,7,0.671
120,31,60,2,1,TGSA,0.5000000000000187,12,-1,-1,2133.7781745556545,57,120,93.42754694149578,0.0,93.42754694149578,True,9,119,0.671
120,31,60,2,1,ZGSA,0.5000000000000187,12,32,57,6.005186189476525,57,58,93.42754694149578,98.35274205145737,4.925195109961592,True,9,9,0.671
120,31,60,2,2,GSA,0.5000000000000028,10,-1,-1,3.836377474834748,56,57,92.37543152992347,88.60536669872343,3.7700648312000453,True,9,7,0.838
120,31,60,2,2,TGSA,0.5000000000000028,10,-1,-1,2132.6118751923414,56,120,92.37543152992347,0.0,92.37543152992347,True,9,119,0.838
120,31,60,2,2,ZGSA,0.5000000000000028,10,30,61,5.912068868992797,56,58,92.37543152992347,96.64315566924446,4.26772413932099,True,9,9,0.838
160,1031,120,2,2,GSA,0.7499999999999833,42,-1,-1,13.183464688791801,70,76,142.8405926292724,133.68814137190054,9.152451257371865,True,12,8,4.248
160,1031,120,2,2,TGSA,0.7499999999999833,42,-1,-1,3776.596732380217,70,160,142.8405926292724,0.0,142.8405926292724,True,12,159,4.248
160,1031,120,2,2,ZGSA,0.7499999999999833,42,47,113,1.1646367373123923,70,71,142.8405926292724,142.98613141097422,0.14553878170181633,True,12,12,4.248
160,1031,120,2,3,GSA,0.7500000000000383,45,-1,-1,13.33010803429196,71,76,145.1986620237912,133.9414344235239,11.2572276002673,True,12,8,4.162
160,1031,120,2,3,TGSA,0.7500000000000383,45,-1,-1,3779.1074074127123,71,160,145.1986620237912,0.0,145.1986620237912,True,12,159,4.162
160,1031,120,2,3,ZGSA,0.7500000000000383,45,48,105,1.2778071879561992,71,71,145.1986620237912,143.9655271962106,1.2331348275806135,True,12,12,4.162
160,1031,120,2,5,GSA,0.7500000000000012,45,-1,-1,12.603607048678157,71,76,142.44302732725305,132.68656908303532,9.756458244217725,True,12,8,3.956
160,1031,120,2,5,TGSA,0.7500000000000012,45,-1,-1,3776.23291366606,71,160,142.44302732725305,0.0,142.44302732725305,True,12,159,3.956
160,1031,120,2,5,ZGSA,0.7500000000000012,45,47,102,1.055801179434468,71,72,142.44302732725305,142.59240844584363,0.14938111859058267,True,12,12,3.956
160,1031,120,2,8,GSA,0.7500000000000023,44,-1,-1,14.012768644245298,71,77,145.87984092672173,135.10512143005218,10.774719496669547,True,12,8,3.899
160,1031,120,2,8,TGSA,0.7500000000000023,44,-1,-1,3780.08393528669,71,160,145.87984092672173,0.0,145.87984092672173,True,12,159,3.899
160,1031,120,2,8,ZGSA,0.7500000000000023,44,50,99,0.891564681677,71,71,145.87984092672173,146.04873591065297,0.16889498393123858,True,12,12,3.899
160,1031,120,2,4,GSA,0.7500000000000004,45,-1,-1,11.766207940519195,72,76,141.15891668245743,131.20365223311907,9.955264449338358,True,12,8,4.269
160,1031,120,2,4,TGSA,0.7500000000000004,45,-1,-1,3775.9352524955966,72,160,141.15891668245743,0.0,141.15891668245743,True,12,159,4.269
160,1031,120,2,4,ZGSA,0.7500000000000004,45,46,106,0.89412407487211,72,72,141.15891668245743,141.632329129332,0.47341244687456197,True,12,12,4.269
120,31,60,2,3,GSA,0.5000000000000107,10,-1,-1,4.319184436172762,56,57,94.14680297994562,89.99773765259894,4.149065327346676,True,9,7,0.845
120,31,60,2,3,TGSA,0.5000000000000107,10,-1,-1,2134.3125593191185,56,120,94.14680297994562,0.0,94.14680297994562,True,9,119,0.845
120,31,60,2,3,ZGSA,0.5000000000000107,10,32,57,7.116662239703338,56,58,94.14680297994562,98.35274205145866,4.205939071513043,True,9,9,0.845
160,1031,120,2,7,GSA,0.7499999999999973,45,-1,-1,12.190067394510606,72,76,140.81461287811655,131.95718015261474,8.857432725501809,True,12,8,3.968
160,1031,120,2,7,TGSA,0.7499999999999973,45,-1,-1,3775.760754531428,72,160,140.81461287811655,0.0,140.81461287811655,True,12,159,3.968
160,1031,120,2,7,ZGSA,0.7499999999999973,45,46,105,0.9226169368883745,72,72,140.81461287811655,141.57918192992526,0.7645690518087065,True,12,12,3.968
120,31,60,2,4,GSA,0.500000000000004,13,-1,-1,4.164862479154031,56,57,92.18750704918799,88.40488268915989,3.7826243600280947,True,9,7,0.932
120,31,60,2,4,TGSA,0.500000000000004,13,-1,-1,2132.1245025669264,56,120,92.18750704918799,0.0,92.18750704918799,True,9,119,0.932
120,31,60,2,4,ZGSA,0.500000000000004,13,30,61,5.897882114960879,56,58,92.18750704918799,96.64315566924425,4.455648620056266,True,9,9,0.932
160,1031,120,2,9,GSA,0.7499999999999687,43,-1,-1,11.570451126524503,72,76,140.729013825168,130.85564011983413,9.873373705333876,True,12,8,4.234
160,1031,120,2,9,TGSA,0.7499999999999687,43,-1,-1,3775.4804665806605,72,160,140.729013825168,0.0,140.729013825168,True,12,159,4.234
160,1031,120,2,9,ZGSA,0.7499999999999687,43,45,107,0.36910289161789933,72,72,140.729013825168,140.49984674942792,0.22916707574009365,True,12,12,4.234
120,31,90,2,0,GSA,0.75,44,-1,-1,8.499336677160343,49,56,70.8402396330674,65.33305062800139,5.50718900506601,True,17,11,0.467
120,31,90,2,0,TGSA,0.75,44,-1,-1,2108.4379810611654,49,120,70.8402396330674,0.0,70.8402396330674,True,17,119,0.467
120,31,90,2,0,ZGSA,0.75,44,49,65,0.6281921391370631,49,49,70.8402396330674,71.3056338880161,0.46539425494870557,True,17,17,0.467
120,31,60,2,5,GSA,0.5000000000000067,11,-1,-1,4.086298525976698,56,57,92.89363656266875,88.83402396498278,4.05961259768597,True,9,7,0.898
120,31,60,2,5,TGSA,0.5000000000000067,11,-1,-1,2133.090799335562,56,120,92.89363656266875,0.0,92.89363656266875,True,9,119,0.898
120,31,60,2,5,ZGSA,0.5000000000000067,11,25,71,6.231537434834593,56,58,92.89363656266875,92.36553826721263,0.5280982954561182,True,9,9,0.898
120,31,60,2,7,GSA,0.49999999999998757,11,-1,-1,4.682415094438539,56,57,95.17586174847324,90.61939060163766,4.556471146835577,True,9,7,0.823
120,31,60,2,7,TGSA,0.49999999999998757,11,-1,-1,2135.510240237136,56,120,95.17586174847324,0.0,95.17586174847324,True,9,119,0.823
120,31,60,2,7,ZGSA,0.49999999999998757,11,37,46,9.212006865491205,56,59,95.17586174847324,102.31484243919908,7.138980690725845,True,9,9,0.823
120,31,90,2,1,GSA,0.75,46,-1,-1,8.949192398545712,50,56,72.05117395423783,65.99274085117864,6.058433103059187,True,17,11,0.507
120,31,90,2,1,TGSA,0.75,46,-1,-1,2109.692603926348,50,120,72.05117395423783,0.0,72.05117395423783,True,17,119,0.507
120,31,90,2,1,ZGSA,0.75,46,50,65,0.3449197381918374,50,49,72.05117395423783,71.95264798291288,0.09852597132494623,True,17,17,0.507
160,1031,120,2,6,GSA,0.7500000000000099,45,-1,-1,13.392968047827168,71,76,144.21481083770192,134.0500108105485,10.164800027153404,True,12,8,4.627
160,1031,120,2,6,TGSA,0.7500000000000099,45,-1,-1,3778.396914170564,71,160,144.21481083770192,0.0,144.21481083770192,True,12,159,4.627
160,1031,120,2,6,ZGSA,0.7500000000000099,45,48,106,0.8225233594729815,71,71,144.21481083770192,144.00762407581533,0.20718676188658947,True,12,12,4.627
120,31,90,2,3,GSA,0.75,49,-1,-1,8.44035379685588,51,56,71.79363201687049,65.24655527433508,6.54707674253541,True,17,11,0.476
120,31,90,2,3,TGSA,0.75,49,-1,-1,2109.311237614229,51,120,71.79363201687049,0.0,71.79363201687049,True,17,119,0.476
120,31,90,2,3,ZGSA,0.75,49,49,67,0.5987026044611596,51,49,71.79363201687049,71.35005575124782,0.44357626562266717,True,17,17,0.476
120,31,90,2,4,GSA,0.75,45,-1,-1,8.693326001806582,49,56,71.1469071421754,65.61752597117956,5.529381170995833,True,17,11,0.498
120,31,90,2,4,TGSA,0.75,45,-1,-1,2108.7369370246333,49,120,71.1469071421754,0.0,71.1469071421754,True,17,119,0.498
120,31,90,2,4,ZGSA,0.75,45,49,71,0.44127800377658133,49,49,71.1469071421754,71.39010747385858,0.2432003316831839,True,17,17,0.498
120,31,60,2,8,GSA,0.5000000000000253,9,-1,-1,4.1904838021117286,54,57,93.52012859897992,90.63945517339639,2.880673425583538,True,9,7,0.895
120,31,60,2,8,TGSA,0.5000000000000253,9,-1,-1,2133.717681746618,54,120,93.52012859897992,0.0,93.52012859897992,True,9,119,0.895
120,31,60,2,8,ZGSA,0.5000000000000253,9,21,79,8.339261360953763,54,57,93.52012859897992,88.94812060365983,4.572007995320092,True,9,9,0.895
120,31,90,2,2,GSA,0.75,45,-1,-1,8.547440194636081,50,56,71.09847658822197,65.40359195603054,5.694884632191432,True,17,11,0.633
120,31,90,2,2,TGSA,0.75,45,-1,-1,2109.2054877450078,50,120,71.09847658822197,0.0,71.09847658822197,True,17,119,0.633
120,31,90,2,2,ZGSA,0.75,45,49,66,0.3511469946586807,50,49,71.09847658822197,71.32991167352388,0.2314350853019107,True,17,17,0.633
120,31,90,2,5,GSA,0.75,49,-1,-1,8.56301075001798,51,56,71.9692400649445,65.42642537314124,6.542814691803258,True,17,11,0.524
120,31,90,2,5,TGSA,0.75,49,-1,-1,2109.728020730596,51,120,71.9692400649445,0.0,71.9692400649445,True,17,119,0.524
120,31,90,2,5,ZGSA,0.75,49,50,61,0.4957926901561205,51,49,71.9692400649445,71.83418944109758,0.13505062384692224,True,17,17,0.524
120,31,60,2,6,GSA,0.4999999999999991,9,-1,-1,3.384023319670934,54,57,90.16959493079472,87.74055668246369,2.4290382483310253,True,9,7,1.259
120,31,60,2,6,TGSA,0.4999999999999991,9,-1,-1,2129.996322990577,54,120,90.16959493079472,0.0,90.16959493079472,True,9,119,1.259
120,31,60,2,6,ZGSA,0.4999999999999991,9,21,78,5.657828804650311,54,58,90.16959493079472,88.7741847087395,1.3954102220552187,True,9,9,1.259
120,31,60,2,9,GSA,0.5000000000000001,11,-1,-1,4.007819270168316,54,57,91.88912570903537,88.59302408821908,3.2961016208162874,True,9,7,1.12
120,31,60,2,9,TGSA,0.5000000000000001,11,-1,-1,2131.7228819718616,54,120,91.88912570903537,0.0,91.88912570903537,True,9,119,1.12
120,31,60,2,9,ZGSA,0.5000000000000001,11,29,63,5.621213676559236,54,58,91.88912570903537,95.78800975337379,3.8988840443384163,True,9,9,1.12
120,31,90,2,7,GSA,0.75,49,-1,-1,8.528795847289523,48,56,70.96502899507223,65.37625098134096,5.588778013731272,True,17,11,0.521
120,31,90,2,7,TGSA,0.75,49,-1,-1,2108.7501525232033,48,120,70.96502899507223,0.0,70.96502899507223,True,17,119,0.521
120,31,90,2,7,ZGSA,0.75,49,49,66,0.48650771281216976,48,49,70.96502899507223,71.32991167352388,0.3648826784516501,True,17,17,0.521
120,31,90,2,6,GSA,0.75,50,-1,-1,8.332240588781275,50,56,71.31471794096484,65.08801282900362,6.226705111961223,True,17,11,0.752
120,31,90,2,6,TGSA,0.75,50,-1,-1,2109.1496216268824,50,120,71.31471794096484,0.0,71.31471794096484,True,17,119,0.752
120,31,90,2,6,ZGSA,0.75,50,49,65,0.34930990896944536,50,49,71.31471794096484,71.3056338880161,0.009084052948736598,True,17,17,0.752
120,31,90,2,9,GSA,0.75,48,-1,-1,9.03593411764232,49,56,72.23165152504615,66.11834126968742,6.113310255358726,True,17,11,0.597
120,31,90,2,9,TGSA,0.75,48,-1,-1,2109.22911215749,49,120,72.23165152504615,0.0,72.23165152504615,True,17,119,0.597
120,31,90,2,9,ZGSA,0.75,48,50,67,0.41857037527226026,49,49,72.23165152504615,71.98762646319074,0.24402506185541029,True,17,17,0.597
120,31,90,2,8,GSA,0.75,50,-1,-1,9.250328512832265,49,56,73.67928081985714,66.4243506337281,7.2549301861290445,True,17,11,0.579
120,31,90,2,8,TGSA,0.75,50,-1,-1,2109.9441675928174,49,120,73.67928081985714,0.0,73.67928081985714,True,17,119,0.579
120,31,90,2,8,ZGSA,0.75,50,52,60,0.6581754101904309,49,49,73.67928081985714,73.11380113039928,0.5654796894578595,True,17,17,0.579
120,127,90,2,0,GSA,0.7499999999999984,34,-1,-1,7.30800515689873,52,57,81.42123927297808,76.57761479935562,4.843624473622469,True,12,9,0.861
120,127,90,2,0,TGSA,0.7499999999999984,34,-1,-1,2120.78564077221,52,120,81.42123927297808,0.0,81.42123927297808,True,12,119,0.861
120,127,90,2,0,ZGSA,0.7499999999999984,34,37,78,0.8207795990995805,52,53,81.42123927297808,82.07706038780913,0.655821114831042,True,12,12,0.861
160,1031,80,2,0,GSA,0.49999999998963723,1,-1,-1,2.6622433932783736,78,77,175.51660926294136,173.4104249950401,2.1061842679012557,True,6,6,7.935
160,1031,80,2,0,TGSA,0.49999999998963723,1,-1,-1,3811.6549613225784,78,160,175.51660926294136,0.0,175.51660926294136,True,6,159,7.935
160,1031,80,2,0,ZGSA,0.49999999998963723,1,5,150,2.8737741909934584,78,77,175.51660926294136,173.22002941175532,2.2965798511860385,True,6,6,7.935
120,127,90,2,2,GSA,0.7499999999999996,33,-1,-1,8.108986639809267,53,57,84.55352709369791,77.91171707446286,6.641810019235052,True,12,9,0.881
120,127,90,2,2,TGSA,0.7499999999999996,33,-1,-1,2123.0287838518047,53,120,84.55352709369791,0.0,84.55352709369791,True,12,119,0.881
120,127,90,2,2,ZGSA,0.7499999999999996,33,40,70,0.8414146982259112,53,52,84.55352709369791,84.30333071523211,0.25019637846580167,True,12,12,0.881
120,127,90,2,1,GSA,0.75,36,-1,-1,7.849553494887736,51,57,82.71384181137843,77.47960927074884,5.234232540629591,True,12,9,0.92
120,127,90,2,1,TGSA,0.75,36,-1,-1,2121.653719116424,51,120,82.71384181137843,0.0,82.71384181137843,True,12,119,0.92
120,127,90,2,1,ZGSA,0.75,36,38,79,0.7735067601790462,51,53,82.71384181137843,82.93636942699578,0.22252761561735213,True,12,12,0.92
160,1031,80,2,2,GSA,0.49999999997567673,0,-1,-1,2.0073131404241735,76,77,169.94703381954383,168.20047896607085,1.7465548534729862,True,6,6,8.109
160,1031,80,2,2,TGSA,0.49999999997567673,0,-1,-1,3805.9314049965515,76,160,169.94703381954383,0.0,169.94703381954383,True,6,159,8.109
160,1031,80,2,2,ZGSA,0.49999999997567673,0,2,156,2.1531269445821977,76,77,169.94703381954383,168.0592452375116,1.8877885820322433,True,6,6,8.109
120,127,90,2,3,GSA,0.7500000000000006,32,-1,-1,7.171503823653168,51,57,82.38397774203708,76.3444136842538,6.039564057783281,True,12,9,0.958
120,127,90,2,3,TGSA,0.7500000000000006,32,-1,-1,2121.071476775619,51,120,82.38397774203708,0.0,82.38397774203708,True,12,119,0.958
120,127,90,2,3,ZGSA,0.7500000000000006,32,37,75,0.9631889217173111,51,53,82.38397774203708,81.95855428907922,0.4254234529578582,True,12,12,0.958
160,1031,80,2,1,GSA,0.5000000000308106,0,-1,-1,1.4601493885245986,75,77,163.71793330006685,162.69695326596323,1.0209800341036157,True,6,6,8.399
160,1031,80,2,1,TGSA,0.5000000000308106,0,-1,-1,3799.5802465567135,75,160,163.71793330006685,0.0,163.71793330006685,True,6,159,8.399
160,1031,80,2,1,ZGSA,0.5000000000308106,0,0,147,2.690990424917672,75,78,163.71793330006685,163.55798767015563,0.15994562991122052,True,6,6,8.399
160,1031,80,2,4,GSA,0.49999999999489975,0,-1,-1,2.4641289163585043,79,77,167.64251209286553,168.37367605239234,0.7311639595268105,True,6,6,8.246
160,1031,80,2,4,TGSA,0.49999999999489975,0,-1,-1,3803.903477673575,79,160,167.64251209286553,0.0,167.64251209286553,True,6,159,8.246
160,1031,80,2,4,ZGSA,0.49999999999489975,0,3,144,2.1926885266888405,79,78,167.64251209286553,168.79105024856722,1.1485381557016865,True,6,6,8.246
120,127,60,2,7,GSA,0.49999999999997674,3,-1,-1,0.5547032308175801,56,57,97.42006046211367,97.34272583261348,0.07733462950018577,True,6,6,1.787
120,127,60,2,7,TGSA,0.49999999999997674,3,-1,-1,2137.7885329389173,56,120,97.42006046211367,0.0,97.42006046211367,True,6,119,1.787
120,127,60,2,7,ZGSA,0.49999999999997674,3,5,109,0.7939844599487884,56,57,97.42006046211367,97.82735405684551,0.4072935947318399,True,6,6,1.787
120,127,60,2,2,GSA,0.5000000000000095,5,-1,-1,0.9897193420987982,57,57,97.865489816485,97.2632919226967,0.6021978937883006,True,6,6,2.1
120,127,60,2,2,TGSA,0.5000000000000095,5,-1,-1,2138.1570708607433,57,120,97.865489816485,0.0,97.865489816485,True,6,119,2.1
120,127,60,2,2,ZGSA,0.5000000000000095,5,5,105,0.980122605071351,57,58,97.865489816485,97.45319189125873,0.4122979252262695,True,6,6,2.1
160,1031,80,2,5,GSA,0.49999999998416145,1,-1,-1,0.9406240947482161,76,77,166.28341441388847,165.50359646475874,0.7798179491297219,True,6,6,8.135
160,1031,80,2,5,TGSA,0.49999999998416145,1,-1,-1,3802.484509478153,76,160,166.28341441388847,0.0,166.28341441388847,True,6,159,8.135
160,1031,80,2,5,ZGSA,0.49999999998416145,1,1,149,1.3824210071486362,76,78,166.28341441388847,165.70570945793907,0.5777049559494003,True,6,6,8.135
120,127,60,2,5,GSA,0.4999999999999814,3,-1,-1,1.5368003657653588,56,57,99.64907902809986,100.02382345585146,0.3747444277515939,True,7,6,1.989
120,127,60,2,5,TGSA,0.4999999999999814,3,-1,-1,2140.050824072839,56,120,99.64907902809986,0.0,99.64907902809986,True,7,119,1.989
120,127,60,2,5,ZGSA,0.4999999999999814,3,7,106,1.7228095070377805,56,57,99.64907902809986,100.28697428291153,0.6378952548116672,True,7,6,1.989
120,127,60,2,3,GSA,0.49999999999999706,2,-1,-1,0.9040568217970986,56,57,95.6618196953496,94.96225536756279,0.6995643277868169,True,6,6,2.064
120,127,60,2,3,TGSA,0.49999999999999706,2,-1,-1,2135.8122687440805,56,120,95.6618196953496,0.0,95.6618196953496,True,6,119,2.064
120,127,60,2,3,ZGSA,0.49999999999999706,2,3,109,0.6713832457412607,56,58,95.6618196953496,95.16638972425237,0.49542997109723785,True,6,6,2.064
120,127,60,2,4,GSA,0.4999999999996537,3,-1,-1,1.1750704681670285,59,57,97.87077866726194,96.92890114099079,0.9418775262711563,True,7,6,2.185
120,127,60,2,4,TGSA,0.4999999999996537,3,-1,-1,2138.379606500233,59,120,97.87077866726194,0.0,97.87077866726194,True,7,119,2.185
120,127,60,2,4,ZGSA,0.4999999999996537,3,4,112,1.389920492276687,59,57,97.87077866726194,96.69842776895716,1.172350898304785,True,7,6,2.185
120,127,60,2,0,GSA,0.5000000000000173,0,-1,-1,0.876737977373196,57,57,95.93961928784496,95.14067173381024,0.7989475540347257,True,7,6,2.365
120,127,60,2,0,TGSA,0.5000000000000173,0,-1,-1,2136.3611395787348,57,120,95.93961928784496,0.0,95.93961928784496,True,7,119,2.365
120,127,60,2,0,ZGSA,0.5000000000000173,0,3,109,0.8773608300550784,57,58,95.93961928784496,95.16638972424929,0.7732295635956774,True,7,6,2.365
120,127,60,2,1,GSA,0.4999999999999127,0,-1,-1,0.6894538322663948,57,57,94.94490266736359,94.57175953928183,0.37314312808176453,True,7,6,2.461
120,127,60,2,1,TGSA,0.4999999999999127,0,-1,-1,2135.2758491662976,57,120,94.94490266736359,0.0,94.94490266736359,True,7,119,2.461
120,127,60,2,1,ZGSA,0.4999999999999127,0,2,116,0.9165700924430382,57,57,94.94490266736359,94.30522619361375,0.6396764737498444,True,7,7,2.461
160,1031,80,2,3,GSA,0.500000000380476,0,-1,-1,1.5064398596732929,77,77,170.43565661815956,169.27604246736738,1.15961415079218,True,6,6,8.619
160,1031,80,2,3,TGSA,0.500000000380476,0,-1,-1,3806.4740842882447,77,160,170.43565661815956,0.0,170.43565661815956,True,6,159,8.619
160,1031,80,2,3,ZGSA,0.500000000380476,0,3,151,1.1215838249210606,77,77,170.43565661815956,169.6038582227441,0.8317983954154613,True,6,6,8.619
120,127,60,2,9,GSA,0.5000000000000347,4,-1,-1,0.9756713238729162,57,57,100.6456827409195,99.90807802350731,0.7376047174121823,True,6,6,1.999
120,127,60,2,9,TGSA,0.5000000000000347,4,-1,-1,2141.1225173272223,57,120,100.6456827409195,0.0,100.6456827409195,True,6,119,1.999
120,127,60,2,9,ZGSA,0.5000000000000347,4,7,106,0.7287253550847481,57,57,100.6456827409195,100.28697428290307,0.35870845801642304,True,6,6,1.999
120,127,60,2,6,GSA,0.49999999999964573,0,-1,-1,0.9408066187058495,58,57,95.64431342014218,94.71557249406517,0.9287409260770119,True,7,6,2.321
120,127,60,2,6,TGSA,0.49999999999964573,0,-1,-1,2136.0022107438836,58,120,95.64431342014218,0.0,95.64431342014218,True,7,119,2.321
120,127,60,2,6,ZGSA,0.49999999999964573,0,3,109,0.7086213019390257,58,58,95.64431342014218,95.16638972430525,0.4779236958369353,True,7,6,2.321
120,127,60,2,8,GSA,0.5000000000000906,0,-1,-1,0.6350594293856453,59,57,95.66949735098295,95.13143571552449,0.5380616354584618,True,7,6,2.262
120,127,60,2,8,TGSA,0.5000000000000906,0,-1,-1,2136.153031646664,59,120,95.66949735098295,0.0,95.66949735098295,True,7,119,2.262
120,127,60,2,8,ZGSA,0.5000000000000906,0,3,109,0.7999836342286528,59,58,95.66949735098295,95.16638972423821,0.5031076267447361,True,7,6,2.262
160,1031,80,2,6,GSA,0.4999999999905242,0,-1,-1,2.3556199888050458,78,77,165.51098478724663,164.44493999795094,1.0660447892956881,True,6,6,8.604
160,1031,80,2,6,TGSA,0.4999999999905242,0,-1,-1,3801.776165746383,78,160,165.51098478724663,0.0,165.51098478724663,True,6,159,8.604
160,1031,80,2,6,ZGSA,0.4999999999905242,0,1,146,1.3769806388284955,78,78,165.51098478724663,165.29081339789207,0.2201713893545616,True,6,6,8.604
120,127,90,2,6,GSA,0.7500000000000001,36,-1,-1,7.376017936534723,52,57,82.68295444483168,76.6908958244394,5.992058620392285,True,12,9,1.064
120,127,90,2,6,TGSA,0.7500000000000001,36,-1,-1,2122.197437445058,52,120,82.68295444483168,0.0,82.68295444483168,True,12,119,1.064
120,127,90,2,6,ZGSA,0.7500000000000001,36,39,70,0.783177167518005,52,53,82.68295444483168,83.41928391543098,0.7363294705993013,True,12,12,1.064
120,127,90,2,8,GSA,0.7500000000000001,41,-1,-1,7.802057680200832,53,57,84.39043996251499,77.40050098264751,6.989938979867475,True,12,9,1.042
120,127,90,2,8,TGSA,0.7500000000000001,41,-1,-1,2123.4492570200027,53,120,84.39043996251499,0.0,84.39043996251499,True,12,119,1.042
120,127,90,2,8,ZGSA,0.7500000000000001,41,40,70,0.706813092128634,53,52,84.39043996251499,84.30333071523211,0.08710924728288205,True,12,12,1.042
160,1031,80,2,8,GSA,0.4999999999977213,0,-1,-1,1.7280736965662982,81,77,164.19821368185978,164.80300484003905,0.6047911581792675,True,6,6,8.714
160,1031,80,2,8,TGSA,0.4999999999977213,0,-1,-1,3800.5093362330563,81,160,164.19821368185978,0.0,164.19821368185978,True,6,159,8.714
160,1031,80,2,8,ZGSA,0.4999999999977213,0,1,147,1.476127173209676,81,78,164.19821368185978,165.44090955138188,1.2426958695220947,True,6,6,8.714
120,127,90,2,9,GSA,0.7499999999999999,32,-1,-1,7.609290512900181,53,57,83.25588623417096,77.0794309929552,6.176455241215763,True,12,9,1.066
120,127,90,2,9,TGSA,0.7499999999999999,32,-1,-1,2122.6015649235264,53,120,83.25588623417096,0.0,83.25588623417096,True,12,119,1.066
120,127,90,2,9,ZGSA,0.7499999999999999,32,38,80,0.583258959556133,53,52,83.25588623417096,82.95293919549373,0.3029470386772317,True,12,12,1.066
120,127,90,2,7,GSA,0.7500000000000006,36,-1,-1,7.031159334735317,53,57,81.82065030442799,76.1020004767125,5.718649827715481,True,12,9,1.226
120,127,90,2,7,TGSA,0.7500000000000006,36,-1,-1,2121.040728271773,53,120,81.82065030442799,0.0,81.82065030442799,True,12,119,1.226
120,127,90,2,7,ZGSA,0.7500000000000006,36,37,75,0.5343906279375545,53,53,81.82065030442799,81.95855428907922,0.13790398465123133,True,12,12,1.226
120,127,90,2,4,GSA,0.75,42,-1,-1,8.333603613112572,53,57,84.7897455018036,78.27670467489862,6.5130408269049695,True,12,8,1.387
120,127,90,2,4,TGSA,0.75,42,-1,-1,2123.4153727836583,53,120,84.7897455018036,0.0,84.7897455018036,True,12,119,1.387
120,127,90,2,4,ZGSA,0.75,42,40,79,0.44744722935561043,53,52,84.7897455018036,84.61217642371199,0.17756907809160793,True,12,12,1.387
160,1031,80,2,7,GSA,0.49999999996937283,0,-1,-1,1.008343743594338,77,77,166.94314149976836,167.112472375078,0.1693308753096403,True,6,6,9.074
160,1031,80,2,7,TGSA,0.49999999996937283,0,-1,-1,3803.185320030646,77,160,166.94314149976836,0.0,166.94314149976836,True,6,159,9.074
160,1031,80,2,7,ZGSA,0.49999999996937283,0,2,149,1.4837857037259425,77,77,166.94314149976836,167.566668133484,0.6235266337156418,True,6,6,9.074
120,127,90,2,5,GSA,0.75,36,-1,-1,6.69383196620489,52,57,80.42938481372607,75.51934411288744,4.9100407008386355,True,12,9,1.583
120,127,90,2,5,TGSA,0.75,36,-1,-1,2119.8724916152482,52,120,80.42938481372607,0.0,80.42938481372607,True,12,119,1.583
120,127,90,2,5,ZGSA,0.75,36,35,81,0.5756659444814041,52,53,80.42938481372607,80.49463731126083,0.06525249753475748,True,12,12,1.583
160,1031,80,2,9,GSA,0.4999999999736819,1,-1,-1,1.207441385381216,79,77,168.5076439907771,167.46472403693326,1.0429199538438354,True,6,6,8.977
160,1031,80,2,9,TGSA,0.4999999999736819,1,-1,-1,3804.7868485976805,79,160,168.5076439907771,0.0,168.5076439907771,True,6,159,8.977
160,1031,80,2,9,ZGSA,0.4999999999736819,1,2,151,0.8724911272045404,79,77,168.5076439907771,167.7664422828181,0.741201707958993,True,6,6,8.977
120,1031,90,2,0,GSA,0.7499999999999983,24,-1,-1,5.994481902238931,54,57,97.9089254641263,92.79717566152328,5.111749802603015,True,9,7,1.407
120,1031,90,2,0,TGSA,0.7499999999999983,24,-1,-1,2137.7163377153715,54,120,97.9089254641263,0.0,97.9089254641263,True,9,119,1.407
120,1031,90,2,0,ZGSA,0.7499999999999983,24,27,84,1.267346951059352,54,55,97.9089254641263,97.32878902203858,0.5801364420877206,True,9,9,1.407
120,1031,90,2,1,GSA,0.750000000000001,21,-1,-1,5.1257343273228635,56,57,95.49017801493517,90.98364658633137,4.506531428603793,True,9,7,1.423
120,1031,90,2,1,TGSA,0.750000000000001,21,-1,-1,2135.292959273095,56,120,95.49017801493517,0.0,95.49017801493517,True,9,119,1.423
120,1031,90,2,1,ZGSA,0.750000000000001,21,25,87,0.6409113214802602,56,56,95.49017801493517,95.26161117253147,0.22856684240369418,True,9,9,1.423
120,1031,90,2,4,GSA,0.7499999999999943,18,-1,-1,4.073597573037134,56,57,92.16263261931556,88.63943626029136,3.5231963590241975,True,9,7,1.395
120,1031,90,2,4,TGSA,0.7499999999999943,18,-1,-1,2132.0523604334394,56,120,92.16263261931556,0.0,92.16263261931556,True,9,119,1.395
120,1031,90,2,4,ZGSA,0.7499999999999943,18,21,99,0.9674667857479307,56,56,92.16263261931556,91.36979182977427,0.7928407895412874,True,9,9,1.395
120,1031,90,2,2,GSA,0.7499999999999967,15,-1,-1,4.209294080084852,57,57,92.53253763208129,88.81459159183531,3.7179460402459767,True,9,7,1.477
120,1031,90,2,2,TGSA,0.7499999999999967,15,-1,-1,2132.5970060413065,57,120,92.53253763208129,0.0,92.53253763208129,True,9,119,1.477
120,1031,90,2,2,ZGSA,0.7499999999999967,15,22,92,0.9843518515003993,57,56,92.53253763208129,92.23456351908598,0.2979741129953055,True,9,9,1.477
120,1031,90,2,3,GSA,0.7499999999999836,17,-1,-1,4.005979406541474,54,57,92.22832557145512,88.48526684068385,3.743058730771267,True,9,7,1.453
120,1031,90,2,3,TGSA,0.7499999999999836,17,-1,-1,2132.2385995268687,54,120,92.22832557145512,0.0,92.22832557145512,True,9,119,1.453
120,1031,90,2,3,ZGSA,0.7499999999999836,17,22,89,0.9006307474873125,54,56,92.22832557145512,92.04023280239022,0.18809276906489458,True,9,9,1.453
120,1031,90,2,6,GSA,0.7499999999999996,15,-1,-1,3.5532841688022927,57,57,90.59184948588535,87.39026640659056,3.2015830792947924,True,9,7,1.355
120,1031,90,2,6,TGSA,0.7499999999999996,15,-1,-1,2130.824047252912,57,120,90.59184948588535,0.0,90.59184948588535,True,9,119,1.355
120,1031,90,2,6,ZGSA,0.7499999999999996,15,21,92,0.6618079644605501,57,56,90.59184948588535,91.14349643443893,0.5516469485535822,True,9,9,1.355
120,1031,90,2,5,GSA,0.7499999999999997,14,-1,-1,3.319563275596348,56,57,89.79138874527419,86.68176855452408,3.109620190750107,True,9,7,1.464
120,1031,90,2,5,TGSA,0.7499999999999997,14,-1,-1,2130.062504888185,56,120,89.79138874527419,0.0,89.79138874527419,True,9,119,1.464
120,1031,90,2,5,ZGSA,0.7499999999999997,14,19,101,0.7143506794070333,56,56,89.79138874527419,89.32561777950204,0.46577096577215116,True,9,9,1.464
120,1031,90,2,7,GSA,0.7500000000000001,21,-1,-1,4.371001653107793,58,57,93.66893743437276,89.31751756285108,4.351419871521685,True,9,7,1.331
120,1031,90,2,7,TGSA,0.7500000000000001,21,-1,-1,2133.9855886375026,58,120,93.66893743437276,0.0,93.66893743437276,True,9,119,1.331
120,1031,90,2,7,ZGSA,0.7500000000000001,21,23,91,0.6949666126691483,58,56,93.66893743437276,93.27610944046984,0.39282799390292666,True,9,9,1.331
120,1031,90,2,9,GSA,0.7499999999999998,20,-1,-1,3.6973974961119715,59,57,91.2142416896571,87.738993467486,3.4752482221711034,True,9,7,1.304
120,1031,90,2,9,TGSA,0.7499999999999998,20,-1,-1,2131.7272678204304,59,120,91.2142416896571,0.0,91.2142416896571,True,9,119,1.304
120,1031,90,2,9,ZGSA,0.7499999999999998,20,21,89,1.0652108822460207,59,56,91.2142416896571,90.9228311813641,0.29141050829299786,True,9,9,1.304
120,1031,90,2,8,GSA,0.7500000000000003,19,-1,-1,5.0261996298325755,55,57,95.44296193684383,90.7688454452622,4.6741164915816285,True,9,7,1.28
120,1031,90,2,8,TGSA,0.7500000000000003,19,-1,-1,2135.029489156685,55,120,95.44296193684383,0.0,95.44296193684383,True,9,119,1.28
120,1031,90,2,8,ZGSA,0.7500000000000003,19,24,93,1.023391431735135,55,56,95.44296193684383,94.44352646140152,0.9994354754423114,True,9,9,1.28
120,1031,60,2,0,GSA,0.4999999999999245,0,-1,-1,0.7774969644589191,57,57,101.59549972915036,100.95096772404835,0.6445320051020076,True,6,6,2.874
120,1031,60,2,0,TGSA,0.4999999999999245,0,-1,-1,2141.966206918258,57,120,101.59549972915036,0.0,101.59549972915036,True,6,119,2.874
120,1031,60,2,0,ZGSA,0.4999999999999245,0,0,77,12.643121648972048,57,65,101.59549972915036,108.13812124754267,6.542621518392309,True,6,5,2.874
120,1031,60,2,7,GSA,0.5000000000001421,0,-1,-1,0.8834763072950693,55,57,96.81710586925449,96.58198942386541,0.23511644538908172,True,6,6,2.659
120,1031,60,2,7,TGSA,0.5000000000001421,0,-1,-1,2137.023012298235,55,120,96.81710586925449,0.0,96.81710586925449,True,6,119,2.659
120,1031,60,2,7,ZGSA,0.5000000000001421,0,0,72,14.415368418130797,55,67,96.81710586925449,104.45193811889337,7.634832249638876,True,6,5,2.659
120,1031,60,2,4,GSA,0.5000000000000066,0,-1,-1,1.9015569479454228,59,57,97.77668959163091,96.75303048709746,1.0236591045334507,True,6,6,2.658
120,1031,60,2,4,TGSA,0.5000000000000066,0,-1,-1,2138.3061298211364,59,120,97.77668959163091,0.0,97.77668959163091,True,6,119,2.658
120,1031,60,2,4,ZGSA,0.5000000000000066,0,0,72,13.668683196741725,59,67,97.77668959163091,104.45193811891662,6.675248527285703,True,6,5,2.658
120,1031,60,2,1,GSA,0.5000000000000258,0,-1,-1,0.9184087410716799,58,57,95.30142297742724,94.58439984108276,0.7170231363444799,True,7,6,2.765
120,1031,60,2,1,TGSA,0.5000000000000258,0,-1,-1,2135.7013559402853,58,120,95.30142297742724,0.0,95.30142297742724,True,7,119,2.765
120,1031,60,2,1,ZGSA,0.5000000000000258,0,0,69,15.230635229859189,58,68,95.30142297742724,102.03090453531556,6.72948155788832,True,7,5,2.765
120,1031,60,2,9,GSA,0.49999999999971945,0,-1,-1,0.9300664879201008,57,57,100.71466258156447,100.88266989982029,0.1680073182558175,True,6,6,2.561
120,1031,60,2,9,TGSA,0.49999999999971945,0,-1,-1,2141.089030847089,57,120,100.71466258156447,0.0,100.71466258156447,True,6,119,2.561
120,1031,60,2,9,ZGSA,0.49999999999971945,0,0,77,12.888308678445249,57,65,100.71466258156447,108.13812124757918,7.42345866601471,True,6,5,2.561
120,1031,60,2,6,GSA,0.5000000000000114,0,-1,-1,0.8968346805969531,57,57,96.17289378458499,95.61491780106545,0.5579759835195404,True,7,6,2.67
120,1031,60,2,6,TGSA,0.5000000000000114,0,-1,-1,2136.545010669126,57,120,96.17289378458499,0.0,96.17289378458499,True,7,119,2.67
120,1031,60,2,6,ZGSA,0.5000000000000114,0,0,70,15.232785755129022,57,68,96.17289378458499,102.85468416803252,6.6817903834475345,True,7,5,2.67
120,1031,60,2,2,GSA,0.500000000000014,0,-1,-1,1.5027683713013005,58,57,97.50376470626158,98.10261692284719,0.5988522165856125,True,6,6,2.805
120,1031,60,2,2,TGSA,0.500000000000014,0,-1,-1,2138.070104121578,58,120,97.50376470626158,0.0,97.50376470626158,True,6,119,2.805
120,1031,60,2,2,ZGSA,0.500000000000014,0,0,74,12.87954266554749,58,66,97.50376470626158,105.97597217448077,8.472207468219196,True,6,5,2.805
120,1031,60,2,8,GSA,0.49999999999996425,0,-1,-1,1.3874027317700843,57,57,96.74419276406442,96.43617804629493,0.3080147177694954,True,6,6,2.625
120,1031,60,2,8,TGSA,0.49999999999996425,0,-1,-1,2137.221139453729,57,120,96.74419276406442,0.0,96.74419276406442,True,6,119,2.625
120,1031,60,2,8,ZGSA,0.49999999999996425,0,0,72,13.84228800211487,57,67,96.74419276406442,104.45193811892402,7.707745354859597,True,6,5,2.625
120,1031,60,2,3,GSA,0.4999999999998304,0,-1,-1,1.0755266374754058,60,57,96.65341710416388,97.7010700364324,1.0476529322685195,True,6,6,2.807
120,1031,60,2,3,TGSA,0.4999999999998304,0,-1,-1,2137.2251787986183,60,120,96.65341710416388,0.0,96.65341710416388,True,6,119,2.807
120,1031,60,2,3,ZGSA,0.4999999999998304,0,0,74,14.457031990534261,60,66,96.65341710416388,105.97597217451258,9.322555070348699,True,6,5,2.807
120,1031,60,2,5,GSA,0.5000000000000111,0,-1,-1,0.7367347298771563,59,57,95.85213030242964,95.53757376284256,0.3145565395870875,True,7,6,2.802
120,1031,60,2,5,TGSA,0.5000000000000111,0,-1,-1,2136.417860644421,59,120,95.85213030242964,0.0,95.85213030242964,True,7,119,2.802
120,1031,60,2,5,ZGSA,0.5000000000000111,0,0,71,15.102358160405231,59,67,95.85213030242964,103.6569281266864,7.804797824256752,True,7,5,2.802
